run_id,group,case_id,p_ref,q_ref,s_va,angle_deg,vrms,thd_pct,i1_rms_a,ih_rms_a,irms_a,dc_a,peak_a,p_w,q1_var,p_error_w,q_error_var,pq_tolerance,saturation_fraction,periodicity_rms_a,pll_error_deg,thd_pass,guard_pass,combined_pass,ctl_design_hz,ctl_k3,ctl_k5,ctl_res_width_hz,wave_file,wave_index,solver_substeps,solver_cycles
baseline_0000,baseline,M000,262.50000000000006,-454.66333698683025,525.0,-59.99999999999999,207.0,6.715370031364247,2.5362446234935088,0.17031821136817007,2.5419569438180036,-8.526512829121202e-16,3.7263877752549397,263.61903579800963,-454.01847196804226,1.1190357980095769,0.6448650187879821,10.5,0.0,7.10035983916911e-14,-0.28157540620486543,False,True,False,500.0,0.0,0.0,5.0,data/baseline.npz,0,4,40
baseline_0001,baseline,M001,262.50000000000006,-454.66333698683025,525.0,-59.99999999999999,230.0,7.275649112054802,2.2826201621550966,0.16607543355942117,2.288653722940131,-8.526512829121202e-16,3.3666808510971094,263.6190369966526,-454.01847154093707,1.1190369966525395,0.6448654458931742,10.5,0.0,7.876769307479008e-14,-0.2815754062048695,False,True,False,500.0,0.0,0.0,5.0,data/baseline.npz,1,4,40
baseline_0002,baseline,M002,262.50000000000006,-454.66333698683025,525.0,-59.99999999999999,253.0,7.802126284990804,2.075109239186635,0.16190264339285312,2.0814155818877316,-1.1990408665951691e-15,3.072125061764455,263.61903814602294,-454.01847112628775,1.1190381460228878,0.6448658605424953,10.5,0.0,8.644821916028635e-14,-0.2815754062048703,False,True,False,500.0,0.0,0.0,5.0,data/baseline.npz,2,4,40
baseline_0003,baseline,M003,454.6633369868303,-262.49999999999994,525.0,-29.999999999999996,207.0,6.714766891874648,2.5362445636893445,0.17030291025958272,2.5419558589632243,2.842170943040401e-16,3.726411449974615,455.31000556477665,-261.3820092457992,0.6466685779463432,1.1179907542007186,10.5,0.0,6.895190731940843e-14,-0.28157540620486543,False,True,False,500.0,0.0,0.0,5.0,data/baseline.npz,3,4,40
baseline_0004,baseline,M004,454.6633369868303,-262.49999999999994,525.0,-29.999999999999996,230.0,7.274700032450874,2.282620103134503,0.16605376538345587,2.288652091823288,5.684341886080802e-16,3.3667007311336627,455.3100051437032,-261.382008045518,0.64666815687292,1.1179919544819654,10.5,0.0,7.644107130424241e-14,-0.2815754062048695,False,True,False,500.0,0.0,0.0,5.0,data/baseline.npz,4,4,40
baseline_0005,baseline,M005,454.6633369868303,-262.49999999999994,525.0,-29.999999999999996,253.0,7.800724214438633,2.0751091810056415,0.16187354435874626,2.08141326061451,-2.842170943040401e-16,3.072142162633115,455.31000473628274,-261.3820068942657,0.6466677494524333,1.1179931057342287,10.5,0.0,8.356933876959514e-14,-0.2815754062048703,False,True,False,500.0,0.0,0.0,5.0,data/baseline.npz,5,4,40
baseline_0006,baseline,M006,525.0,0.0,525.0,0.0,207.0,6.71384192039527,2.536244555904244,0.17027945019804194,2.541954279535499,4.973799150320702e-16,3.7264164326816185,525.0010344586904,1.2915300898592283,0.0010344586903556774,1.2915300898592283,10.5,0.0,6.894513862848451e-14,-0.28157540620486543,False,True,False,500.0,0.0,0.0,5.0,data/baseline.npz,6,4,40
baseline_0007,baseline,M007,525.0,0.0,525.0,0.0,230.0,7.273298748844893,2.2826200950900417,0.16602177881706612,2.2886497632155804,6.927791673660977e-16,3.3667018070318506,525.0010332582477,1.2915296711010877,0.0010332582477303731,1.2915296711010877,10.5,0.0,7.65096972475241e-14,-0.2815754062048695,False,True,False,500.0,0.0,0.0,5.0,data/baseline.npz,7,4,40
baseline_0008,baseline,M008,525.0,0.0,525.0,0.0,253.0,7.798701375382504,2.0751091727999293,0.16183156759983658,2.0814099882726422,0.0,3.0721383561282734,525.0010321069124,1.2915292664846532,0.0010321069123619964,1.2915292664846532,10.5,0.0,8.364930894675651e-14,-0.2815754062048703,False,True,False,500.0,0.0,0.0,5.0,data/baseline.npz,8,4,40
baseline_0009,baseline,M009,454.6633369868303,262.49999999999994,525.0,29.999999999999996,207.0,6.712853047529975,2.536244608020642,0.17025437346232836,2.541952651808997,1.1546319456101628e-15,3.7263739630286996,454.0184818488739,263.6190124021172,-0.6448551379564265,1.1190124021172778,10.5,0.0,6.951738005162623e-14,-0.28157540620486543,False,True,False,500.0,0.0,0.0,5.0,data/baseline.npz,9,4,40
baseline_0010,baseline,M010,454.6633369868303,262.49999999999994,525.0,29.999999999999996,230.0,7.271839108551169,2.2826201461829836,0.16598846448980206,2.2886473977358075,9.059419880941278e-16,3.366659730225023,454.01848226968866,263.6190112030142,-0.6448547171416408,1.1190112030142814,10.5,0.0,7.696806495631384e-14,-0.2815754062048695,False,True,False,500.0,0.0,0.0,5.0,data/baseline.npz,10,4,40
baseline_0011,baseline,M011,454.6633369868303,262.49999999999994,525.0,29.999999999999996,253.0,7.796627672640037,2.075109222912354,0.1617885399110902,2.081406693224661,-3.552713678800501e-17,3.0720948678413413,454.01848267672045,263.6190100533913,-0.6448543101098494,1.1190100533913778,10.5,0.0,8.43855313108871e-14,-0.2815754062048703,False,True,False,500.0,0.0,0.0,5.0,data/baseline.npz,11,4,40
baseline_0012,baseline,M012,262.50000000000006,454.66333698683025,525.0,59.99999999999999,207.0,6.71212192107562,2.5362446679534667,0.1702358343298162,2.5419514699514485,2.2382096176443156e-15,3.7263953051192376,261.38203623969036,455.3100149545165,-1.1179637603096921,0.6466779676862302,10.5,0.0,7.029965170045572e-14,-0.28157540620486543,False,True,False,500.0,0.0,0.0,5.0,data/baseline.npz,12,4,40
baseline_0013,baseline,M013,262.50000000000006,454.66333698683025,525.0,59.99999999999999,230.0,7.270773264391571,2.282620205357313,0.1659641396187195,2.288645692666947,1.6697754290362353e-15,3.366678279681653,261.3820374363148,455.3100153812124,-1.1179625636852393,0.6466783943821497,10.5,0.0,7.793029253898507e-14,-0.2815754062048695,False,True,False,500.0,0.0,0.0,5.0,data/baseline.npz,13,4,40
baseline_0014,baseline,M014,262.50000000000006,454.66333698683025,525.0,59.99999999999999,253.0,7.795124047957809,2.075109281273074,0.16175734260592184,2.0814043266571973,1.5187850976872141e-15,3.0721112913004416,261.382038582883,455.31001579523945,-1.1179614171170442,0.6466788084092059,10.5,0.0,8.555225295050306e-14,-0.2815754062048703,False,True,False,500.0,0.0,0.0,5.0,data/baseline.npz,14,4,40
baseline_0015,baseline,M015,350.00000000000006,-606.217782649107,700.0,-59.99999999999999,207.0,5.3219203249446805,3.381659494278064,0.17996922394640577,3.386445039747579,-7.815970093361102e-16,4.92401883662955,351.49204390287576,-605.3579639577888,1.4920439028757073,0.8598186913181962,14.0,0.0,7.105403349865944e-14,-0.28157540620486543,False,True,False,500.0,0.0,0.0,5.0,data/baseline.npz,15,4,40
baseline_0016,baseline,M016,350.00000000000006,-606.217782649107,700.0,-59.99999999999999,230.0,5.807883647499425,3.043493546032069,0.17676256397269693,3.048622318845097,-1.2434497875801752e-15,4.44515079025736,351.4920452151215,-605.3579635101668,1.4920452151214363,0.8598191389402245,14.0,0.0,7.882167141937667e-14,-0.2815754062048695,False,True,False,500.0,0.0,0.0,5.0,data/baseline.npz,16,4,40
baseline_0017,baseline,M017,350.00000000000006,-606.217782649107,700.0,-59.99999999999999,253.0,6.272278050570989,2.7668123156007214,0.17354216157191898,2.772249503613031,-1.5987211554602255e-15,4.053185652987579,351.49204649276203,-605.3579630685193,1.4920464927619719,0.8598195805876685,14.0,0.0,8.673512366441336e-14,-0.2815754062048703,False,True,False,500.0,0.0,0.0,5.0,data/baseline.npz,17,4,40
baseline_0018,baseline,M018,606.2177826491071,-349.99999999999994,700.0,-29.999999999999996,207.0,5.32171210042128,3.3816594330130405,0.17996217924169264,3.3864446041420546,1.2434497875801754e-16,4.924057486412628,607.0800087438506,-348.5093494915364,0.8622260947435052,1.4906505084635455,14.0,0.0,7.023958262784546e-14,-0.28157540620486543,False,True,False,500.0,0.0,0.0,5.0,data/baseline.npz,18,4,40
baseline_0019,baseline,M019,606.2177826491071,-349.99999999999994,700.0,-29.999999999999996,230.0,5.807520669797701,3.0434934851981423,0.17675151323682856,3.048621617363534,3.1974423109204507e-16,4.445181660978796,607.0800083009483,-348.5093481778985,0.8622256518411859,1.4906518221014267,14.0,0.0,7.81831503058865e-14,-0.2815754062048695,False,True,False,500.0,0.0,0.0,5.0,data/baseline.npz,19,4,40
baseline_0020,baseline,M020,606.2177826491071,-349.99999999999994,700.0,-29.999999999999996,253.0,6.271708476641409,2.7668122552592025,0.17352639874584475,2.7722484566602437,-3.1974423109204507e-16,4.0532106478513175,607.0800078649919,-348.50934689862333,0.8622252158847914,1.4906531013766084,14.0,0.0,8.486762139688925e-14,-0.2815754062048703,False,True,False,500.0,0.0,0.0,5.0,data/baseline.npz,20,4,40
baseline_0021,baseline,M021,700.0,0.0,700.0,0.0,207.0,5.321333690073601,3.3816594263943216,0.17994938234027072,3.3864439174364964,1.2079226507921704e-15,4.924066475140601,700.00138310907,1.7220414403257747,0.0013831090700477944,1.7220414403257747,14.0,0.0,6.982685360642165e-14,-0.28157540620486543,False,True,False,500.0,0.0,0.0,5.0,data/baseline.npz,21,4,40
baseline_0022,baseline,M022,700.0,0.0,700.0,0.0,230.0,5.8069269929583145,3.0434934780374774,0.17673344430508411,3.0486205626280927,9.592326932761353e-16,4.445189615483023,700.0013817951465,1.722040999203504,0.0013817951464716316,1.722040999203504,14.0,0.0,7.732951046339109e-14,-0.2815754062048695,False,True,False,500.0,0.0,0.0,5.0,data/baseline.npz,22,4,40
baseline_0023,baseline,M023,700.0,0.0,700.0,0.0,253.0,6.2708293102654356,2.7668122476995944,0.17350207338876006,2.772246926563958,1.7763568394002506e-16,4.05321668929168,700.0013805155872,1.722040565405458,0.0013805155872432806,1.722040565405458,14.0,0.0,8.462371115142717e-14,-0.2815754062048703,False,True,False,500.0,0.0,0.0,5.0,data/baseline.npz,23,4,40
baseline_0024,baseline,M024,606.2177826491071,349.99999999999994,700.0,29.999999999999996,207.0,5.320888686445541,3.3816594811177763,0.17993433674490875,3.386443172554732,2.291500322826323e-15,4.924014063230645,605.3579744746494,351.492020364929,-0.8598081744577257,1.492020364929033,14.0,0.0,6.990113640753195e-14,-0.28157540620486543,False,True,False,500.0,0.0,0.0,5.0,data/baseline.npz,24,4,40
baseline_0025,baseline,M025,606.2177826491071,349.99999999999994,700.0,29.999999999999996,230.0,5.806269817725144,3.043493531804275,0.17671344634156863,3.0486194570089786,1.5276668818842154e-15,4.445141987599685,605.3579749174378,351.49201905188653,-0.8598077316693207,1.4920190518865866,14.0,0.0,7.768192543180457e-14,-0.2815754062048695,False,True,False,500.0,0.0,0.0,5.0,data/baseline.npz,25,4,40
baseline_0026,baseline,M026,606.2177826491071,349.99999999999994,700.0,29.999999999999996,253.0,6.269891143380322,2.7668123005925254,0.17347611938880808,2.772245355100996,4.440892098500626e-16,4.053171946520279,605.3579753532256,351.492017773449,-0.8598072958815237,1.4920177734490494,14.0,0.0,8.523819807436398e-14,-0.2815754062048703,False,True,False,500.0,0.0,0.0,5.0,data/baseline.npz,26,4,40
baseline_0027,baseline,M027,350.00000000000006,606.217782649107,700.0,59.99999999999999,207.0,5.32054695652094,3.3816595424859273,0.17992278386763494,3.3864426199618207,3.232969447708456e-15,4.924047950579064,348.50937782802407,607.0800186060922,-1.4906221719759856,0.8622359569851596,14.0,0.0,7.049491842756546e-14,-0.28157540620486543,False,True,False,500.0,0.0,0.0,5.0,data/baseline.npz,27,4,40
baseline_0028,baseline,M028,350.00000000000006,606.217782649107,700.0,59.99999999999999,230.0,5.805779531552056,3.0434935927629025,0.17669852805272687,3.0486186531289676,2.8244073746463984e-15,4.44516971320318,348.5093791392658,607.0800190535457,-1.490620860734282,0.8622364044387041,14.0,0.0,7.863476948403937e-14,-0.2815754062048695,False,True,False,500.0,0.0,0.0,5.0,data/baseline.npz,28,4,40
baseline_0029,baseline,M029,350.00000000000006,606.217782649107,700.0,59.99999999999999,253.0,6.269203298789729,2.766812361081643,0.17345709181225233,2.772244224843367,2.1316282072803005e-15,4.053195201799268,348.5093804154833,607.0800194949395,-1.4906195845167645,0.8622368458325127,14.0,0.0,8.600635005146769e-14,-0.2815754062048703,False,True,False,500.0,0.0,0.0,5.0,data/baseline.npz,29,4,40
baseline_0030,baseline,M030,437.5000000000001,-757.7722283113837,875.0,-59.99999999999999,207.0,4.390478668667005,4.2270743647110365,0.1855887982913294,4.231146584885409,-1.2612133559741778e-15,6.1206034012276325,439.36505182307667,-756.697455970602,1.8650518230765556,1.074772340781692,17.5,0.0,7.096094382122731e-14,-0.28157540620486543,True,True,True,500.0,0.0,0.0,5.0,data/baseline.npz,30,4,40
baseline_0031,baseline,M031,437.5000000000001,-757.7722283113837,875.0,-59.99999999999999,230.0,4.8137157999543145,3.804366929533748,0.18313141197520286,3.8087721325883535,-8.704148513061227e-16,5.522391232340729,439.3650531979685,-756.6974555163943,1.8650531979683933,1.0747727949894852,17.5,0.0,7.91372595262945e-14,-0.2815754062048695,True,True,True,500.0,0.0,0.0,5.0,data/baseline.npz,31,4,40
baseline_0032,baseline,M032,437.5000000000001,-757.7722283113837,875.0,-59.99999999999999,253.0,5.222222261179353,3.4585153916206175,0.18061136068752617,3.463228169180206,-2.0605739337042904e-15,5.032829419850095,439.3650545474443,-756.6974550650066,1.8650545474441742,1.0747732463771626,17.5,0.0,8.679046398654598e-14,-0.2815754062048703,False,True,False,500.0,0.0,0.0,5.0,data/baseline.npz,32,4,40
baseline_0033,baseline,M033,757.7722283113839,-437.49999999999994,875.0,-29.999999999999996,207.0,4.390416679368677,4.2270743028828575,0.18558617524307622,4.231146407978706,4.618527782440651e-16,6.120663141369246,758.8500119474319,-435.6366899216453,1.077783636048025,1.8633100783546297,17.5,0.0,7.06050524855961e-14,-0.28157540620486543,True,True,True,500.0,0.0,0.0,5.0,data/baseline.npz,33,4,40
baseline_0034,baseline,M034,757.7722283113839,-437.49999999999994,875.0,-29.999999999999996,230.0,4.813574462133206,3.8043668679177394,0.18312603199994523,3.8087718122904857,6.750155989720952e-16,5.522439319111962,758.8500114970861,-435.6366885455624,1.0777831857022875,1.8633114544375644,17.5,0.0,7.864171282000527e-14,-0.2815754062048695,True,True,True,500.0,0.0,0.0,5.0,data/baseline.npz,34,4,40
baseline_0035,baseline,M035,757.7722283113839,-437.49999999999994,875.0,-29.999999999999996,253.0,5.221972827338855,3.4585153302810343,0.18060273077662428,3.4632276578072307,-2.842170943040401e-16,5.032868453802111,758.8500110503728,-435.63668719467245,1.077782738988958,1.8633128053274959,17.5,0.0,8.636686851059897e-14,-0.2815754062048703,False,True,False,500.0,0.0,0.0,5.0,data/baseline.npz,35,4,40
baseline_0036,baseline,M036,875.0,0.0,875.0,0.0,207.0,4.390242972344182,4.227074297775922,0.1855788322938746,4.231146080691459,1.7763568394002505e-15,6.120670845412145,875.0017319439337,2.1525528158765117,0.001731943933691582,2.1525528158765117,17.5,0.0,7.029076119770061e-14,-0.28157540620486543,True,True,True,500.0,0.0,0.0,5.0,data/baseline.npz,36,4,40
baseline_0037,baseline,M037,875.0,0.0,875.0,0.0,230.0,4.81328866707831,3.804366862009239,0.1831151590231734,3.808771283523291,9.947598300641404e-16,5.522447904528305,875.0017305675432,2.1525523669806796,0.0017305675431771306,2.1525523669806796,17.5,0.0,7.82940462358555e-14,-0.2815754062048695,True,True,True,500.0,0.0,0.0,5.0,data/baseline.npz,37,4,40
baseline_0038,baseline,M038,875.0,0.0,875.0,0.0,253.0,5.221535992034775,3.4585153237541957,0.18058762241986334,3.4632268633502874,3.552713678800501e-16,5.032877001781476,875.0017292163204,2.1525519220244638,0.0017292163204274402,2.1525519220244638,17.5,0.0,8.570409932181472e-14,-0.2815754062048703,False,True,False,500.0,0.0,0.0,5.0,data/baseline.npz,38,4,40
baseline_0039,baseline,M039,757.7722283113839,437.49999999999994,875.0,29.999999999999996,207.0,4.390001859056395,4.227074354560681,0.18556864274891,4.231145690407023,2.415845301584341e-15,6.120603059875221,756.6974670757903,439.36502851270984,-1.0747612355935416,1.8650285127098982,17.5,0.0,7.022925620234004e-14,-0.28157540620486543,True,True,True,500.0,0.0,0.0,5.0,data/baseline.npz,39,4,40
baseline_0040,baseline,M040,757.7722283113839,437.49999999999994,875.0,29.999999999999996,230.0,4.812937242019798,3.8043669177941424,0.183101792209595,3.8087706965245385,2.2382096176443156e-15,5.522388212619451,756.6974675260637,439.3650271369648,-1.0747607853201089,1.8650271369648408,17.5,0.0,7.838534120691223e-14,-0.2815754062048695,True,True,True,500.0,0.0,0.0,5.0,data/baseline.npz,40,4,40
baseline_0041,baseline,M041,757.7722283113839,437.49999999999994,875.0,29.999999999999996,253.0,5.2210362987468635,3.4585153786593126,0.18057034331754523,3.4632260171292724,9.414691248821328e-16,5.032823240255486,756.6974679726808,439.365025786559,-1.0747603387030722,1.8650257865590447,17.5,0.0,8.586576315574442e-14,-0.2815754062048703,False,True,False,500.0,0.0,0.0,5.0,data/baseline.npz,41,4,40
baseline_0042,baseline,M042,437.5000000000001,757.7722283113837,875.0,59.99999999999999,207.0,4.389804723349208,4.227074416474214,0.18556031239387105,4.231145386839546,3.783640067922533e-15,6.120655196950754,435.6367192306524,758.8500222343904,-1.863280769347739,1.0777939230066522,17.5,0.0,7.052202030505996e-14,-0.28157540620486543,True,True,True,500.0,0.0,0.0,5.0,data/baseline.npz,42,4,40
baseline_0043,baseline,M043,437.5000000000001,757.7722283113837,875.0,59.99999999999999,230.0,4.81266428362436,3.804366979514019,0.18309141084107006,3.8087702590436656,2.7888802378583933e-15,5.522430571539734,435.63672060498817,758.8500226884961,-1.8632793950119435,1.0777943771123546,17.5,0.0,7.884146776767135e-14,-0.2815754062048695,True,True,True,500.0,0.0,0.0,5.0,data/baseline.npz,43,4,40
baseline_0044,baseline,M044,437.5000000000001,757.7722283113837,875.0,59.99999999999999,253.0,5.220660775772514,3.4585154401226603,0.18055735900651987,3.4632254014787462,2.3980817331903383e-15,5.032858250926397,435.6367219536597,758.8500231397463,-1.8632780463404401,1.0777948283625847,17.5,0.0,8.625427482760232e-14,-0.2815754062048703,False,True,False,500.0,0.0,0.0,5.0,data/baseline.npz,44,4,40
sentinel_baseline_0000,sentinel_baseline,S000,989.9494936611666,-989.9494936611665,1400.0,-45.0,207.0,2.851384101022049,6.763318939543435,0.19284820094355454,6.766068127897056,3.552713678800501e-16,9.708546784610542,992.3868105254998,-987.5161141488718,2.4373168643331837,2.433379512294664,28.0,0.0,6.982483479649091e-14,-0.28157540620486543,True,True,True,500.0,0.0,0.0,5.0,data/sentinel_baseline.npz,0,4,40
sentinel_baseline_0001,sentinel_baseline,S001,989.9494936611666,-989.9494936611665,1400.0,-45.0,230.0,3.14915222639987,6.086987043608986,0.19168848800448401,6.090004801689879,6.750155989720952e-16,8.751912728823617,992.3868112280081,-987.5161127972415,2.437317566841557,2.433380863924981,28.0,0.0,7.882932602957111e-14,-0.2815754062048695,True,True,True,500.0,0.0,0.0,5.0,data/sentinel_baseline.npz,1,4,40
sentinel_baseline_0002,sentinel_baseline,S002,989.9494936611666,-989.9494936611665,1400.0,-45.0,253.0,3.441256829992825,5.533624583308686,0.19042623391927216,5.536900302177089,-7.105427357601002e-16,7.969161819377044,992.3868119245496,-987.5161114550873,2.4373182633830766,2.433382206079159,28.0,0.0,8.61429905079783e-14,-0.2815754062048703,True,True,True,500.0,0.0,0.0,5.0,data/sentinel_baseline.npz,2,4,40
sentinel_baseline_0003,sentinel_baseline,S003,1400.0,0.0,1400.0,0.0,207.0,2.85138929963132,6.763318913641255,0.19284855180350796,6.766068111522944,2.9132252166164106e-15,9.708553273692948,1400.0027788046077,3.4440869705304515,0.0027788046077148465,3.4440869705304515,28.0,0.0,7.108591339088583e-14,-0.28157540620486543,True,True,True,500.0,0.0,0.0,5.0,data/sentinel_baseline.npz,3,4,40
sentinel_baseline_0004,sentinel_baseline,S004,1400.0,0.0,1400.0,0.0,230.0,3.1491238347266215,6.0869870159543416,0.1916867589361329,6.090004719195432,2.771116669464391e-15,8.751917923280178,1400.0027773514862,3.4440865135574086,0.002777351486201951,3.4440865135574086,28.0,0.0,7.938827213048952e-14,-0.2815754062048695,True,True,True,500.0,0.0,0.0,5.0,data/sentinel_baseline.npz,4,4,40
sentinel_baseline_0005,sentinel_baseline,S005,1400.0,0.0,1400.0,0.0,253.0,3.441180452759914,5.533624554253274,0.1904220064900866,5.536900127383951,9.947598300641404e-16,7.9691657315743045,1400.0027759091788,3.444086059500012,0.0027759091788084334,3.444086059500012,28.0,0.0,8.69282104470611e-14,-0.2815754062048703,True,True,True,500.0,0.0,0.0,5.0,data/sentinel_baseline.npz,5,4,40
sentinel_baseline_0006,sentinel_baseline,S006,989.9494936611666,989.9494936611665,1400.0,45.0,207.0,2.851260116956434,6.763319011374144,0.19283981755384316,6.76606795981883,5.186961971048731e-15,9.70854411141409,987.5161438662029,992.3868019303641,-2.4333497949636467,2.437308269197615,28.0,0.0,7.040076949769613e-14,-0.28157540620486543,True,True,True,500.0,0.0,0.0,5.0,data/sentinel_baseline.npz,6,4,40
sentinel_baseline_0007,sentinel_baseline,S007,989.9494936611666,989.9494936611665,1400.0,45.0,230.0,3.148961677718215,6.086987112216469,0.19167689149134326,6.090004504430137,4.831690603168682e-15,8.751909539703007,987.5161452176972,992.3868012278721,-2.433348443469413,2.4373075667056128,28.0,0.0,7.81124698957897e-14,-0.2815754062048695,True,True,True,500.0,0.0,0.0,5.0,data/sentinel_baseline.npz,7,4,40
sentinel_baseline_0008,sentinel_baseline,S008,989.9494936611666,989.9494936611665,1400.0,45.0,253.0,3.4409717451646644,5.533624649259552,0.19041046066448847,5.536899824927616,2.9842794901924207e-15,7.969157922648427,987.5161465596658,992.3868005313883,-2.4333471015007717,2.437306870221846,28.0,0.0,8.550198755669933e-14,-0.2815754062048703,True,True,True,500.0,0.0,0.0,5.0,data/sentinel_baseline.npz,8,4,40
sentinel_baseline_0009,sentinel_baseline,S009,1979.8989873223331,-1979.898987322333,2800.0,-45.0,207.0,1.4516355576029651,13.526637899668223,0.19635748549978282,13.528064161323732,3.552713678800501e-16,19.27372032810384,1984.7736147261808,-1975.0322406936666,4.874627403847626,4.866746628666306,56.0,0.0,7.111408538641668e-14,-0.28157540620486543,True,True,True,500.0,0.0,0.0,5.0,data/sentinel_baseline.npz,9,4,40
sentinel_baseline_0010,sentinel_baseline,S010,1979.8989873223331,-1979.898987322333,2800.0,-45.0,230.0,1.6109913504912148,12.173974107548554,0.19612166988364726,12.175554831684517,-1.0658141036401502e-15,17.360748131784746,1984.7736154172546,-1975.0322392971998,4.874628094921491,4.86674802513312,56.0,0.0,7.962343393322477e-14,-0.2815754062048695,True,True,True,500.0,0.0,0.0,5.0,data/sentinel_baseline.npz,10,4,40
sentinel_baseline_0011,sentinel_baseline,S011,1979.8989873223331,-1979.898987322333,2800.0,-45.0,253.0,1.7696114142239892,11.067249186757268,0.19584730484946822,11.068982906449028,-2.842170943040401e-15,15.795578675377605,1984.7736161149298,-1975.0322379062575,4.874628792596695,4.866749416075436,56.0,0.0,8.739293468131472e-14,-0.2815754062048703,True,True,True,500.0,0.0,0.0,5.0,data/sentinel_baseline.npz,11,4,40
sentinel_baseline_0012,sentinel_baseline,S012,2800.0,0.0,2800.0,0.0,207.0,1.4516849132019494,13.526637891295831,0.19636416153139988,13.528064249581123,5.4711790653527716e-15,19.27373532461455,2800.0055708494724,6.888178225704895,0.0055708494724058255,6.888178225704895,56.0,0.0,7.131367314454932e-14,-0.28157540620486543,True,True,True,500.0,0.0,0.0,5.0,data/sentinel_baseline.npz,12,4,40
sentinel_baseline_0013,sentinel_baseline,S013,2800.0,0.0,2800.0,0.0,230.0,1.6110388101432054,12.173974095741425,0.1961274474191747,12.175554912546824,5.755396159656812e-15,17.360761533377612,2800.005569372983,6.888177727956913,0.00556937298279081,6.888177727956913,56.0,0.0,8.019789083917162e-14,-0.2815754062048695,True,True,True,500.0,0.0,0.0,5.0,data/sentinel_baseline.npz,13,4,40
sentinel_baseline_0014,sentinel_baseline,S014,2800.0,0.0,2800.0,0.0,253.0,1.769655788931423,11.067249172102795,0.1958522156495821,11.068982978151892,2.4868995751603505e-15,15.795590715127885,2800.0055678956605,6.88817723900861,0.005567895660533395,6.88817723900861,56.0,0.0,8.798994032378599e-14,-0.2815754062048703,True,True,True,500.0,0.0,0.0,5.0,data/sentinel_baseline.npz,14,4,40
sentinel_baseline_0015,sentinel_baseline,S015,1979.8989873223331,1979.898987322333,2800.0,45.0,207.0,1.451603460222307,13.526638002169133,0.19635314529123266,13.52806420029147,1.1013412404281553e-14,19.273717543339103,1975.0322753369599,1984.773610185714,-4.866711985373286,4.8746228633810915,56.0,0.0,7.19443729445825e-14,-0.28157540620486543,True,True,True,500.0,0.0,0.0,5.0,data/sentinel_baseline.npz,15,4,40
sentinel_baseline_0016,sentinel_baseline,S016,1979.8989873223331,1979.898987322333,2800.0,45.0,230.0,1.6109550862304398,12.17397420410476,0.19611725663740734,12.175554856385297,9.237055564881303e-15,17.3607453734048,1975.0322767333785,1984.773609494589,-4.866710588954675,4.874622172256068,56.0,0.0,7.947992887303902e-14,-0.2815754062048695,True,True,True,500.0,0.0,0.0,5.0,data/sentinel_baseline.npz,16,4,40
sentinel_baseline_0017,sentinel_baseline,S017,1979.8989873223331,1979.898987322333,2800.0,45.0,253.0,1.7695687443546753,11.067249278381775,0.19584258409006222,11.068982913522168,6.892264536872972e-15,15.795575888866669,1975.032278124257,1984.7736087968576,-4.866709198076251,4.874621474524702,56.0,0.0,8.72331759366247e-14,-0.2815754062048703,True,True,True,500.0,0.0,0.0,5.0,data/sentinel_baseline.npz,17,4,40
sentinel_baseline_0018,sentinel_baseline,S018,3959.7979746446663,-3959.797974644666,5600.0,-45.0,207.0,0.7281919574378584,27.05327582225198,0.19699977876111957,27.053994031225315,3.268496584496461e-15,38.40324140020931,3969.547223484378,-3950.0644941096593,9.749248839711527,9.733480535006493,112.0,0.0,7.287422102550375e-14,-0.28157540620486543,True,True,True,500.0,0.0,0.0,5.0,data/sentinel_baseline.npz,18,4,40
sentinel_baseline_0019,sentinel_baseline,S019,3959.7979746446663,-3959.797974644666,5600.0,-45.0,230.0,0.8089277699313743,24.347948237617487,0.1969573147026045,24.34874586110158,-1.7053025658242404e-15,34.57734569639766,3969.547224122433,-3950.064492682852,9.749249477766625,9.73348196181405,112.0,0.0,8.195882496641318e-14,-0.2815754062048695,True,True,True,500.0,0.0,0.0,5.0,data/sentinel_baseline.npz,19,4,40
sentinel_baseline_0020,sentinel_baseline,S020,3959.7979746446663,-3959.797974644666,5600.0,-45.0,253.0,0.8896005548006147,22.134498395675156,0.19690862053025937,22.13537529771954,-1.9895196601282807e-15,31.447066509500353,3969.5472247680577,-3950.0644912596817,9.749250123391448,9.733483384984083,112.0,0.0,8.948575432275742e-14,-0.2815754062048703,True,True,True,500.0,0.0,0.0,5.0,data/sentinel_baseline.npz,20,4,40
sentinel_baseline_0021,sentinel_baseline,S021,5600.0,0.0,5600.0,0.0,207.0,0.7282418478535936,27.053275846501407,0.19701327592949175,27.053994153754797,1.0516032489249483e-14,38.40327130909531,5600.011154916563,13.77636122325534,0.011154916563100414,13.77636122325534,112.0,0.0,7.314869060050926e-14,-0.28157540620486543,True,True,True,500.0,0.0,0.0,5.0,data/sentinel_baseline.npz,21,4,40
sentinel_baseline_0022,sentinel_baseline,S022,5600.0,0.0,5600.0,0.0,230.0,0.8089775960062277,24.347948255496256,0.19696944647415388,24.348745977067843,1.3216094885137864e-14,34.57737263828997,5600.0111534562775,13.776360666052037,0.011153456277497753,13.776360666052037,112.0,0.0,8.164831629244794e-14,-0.2815754062048695,True,True,True,500.0,0.0,0.0,5.0,data/sentinel_baseline.npz,22,4,40
sentinel_baseline_0023,sentinel_baseline,S023,5600.0,0.0,5600.0,0.0,253.0,0.8896502692697983,22.134498408299166,0.19691962469095275,22.13537540814975,5.115907697472721e-15,31.447091017028164,5600.011151993173,13.776360116882287,0.011151993173371011,13.776360116882287,112.0,0.0,8.834210160845239e-14,-0.2815754062048703,True,True,True,500.0,0.0,0.0,5.0,data/sentinel_baseline.npz,23,4,40
sentinel_baseline_0024,sentinel_baseline,S024,3959.7979746446663,3959.797974644666,5600.0,45.0,207.0,0.7281635055411954,27.05327598142415,0.19699208275007232,27.05399413429857,2.657429831742775e-14,38.4032368427469,3950.06453795179,3969.5472263396305,-9.73343669287624,9.749251694964642,112.0,0.0,7.299568624736302e-14,-0.28157540620486543,True,True,True,500.0,0.0,0.0,5.0,data/sentinel_baseline.npz,24,4,40
sentinel_baseline_0025,sentinel_baseline,S025,3959.7979746446663,3959.797974644666,5600.0,45.0,230.0,0.8088990426237561,24.347948385690902,0.19695032139038002,24.34874595251191,1.8616219676914626e-14,34.57734139434351,3950.064539378573,3969.5472257015554,-9.733435266093238,9.749251056889534,112.0,0.0,8.020857008603433e-14,-0.2815754062048695,True,True,True,500.0,0.0,0.0,5.0,data/sentinel_baseline.npz,25,4,40
sentinel_baseline_0026,sentinel_baseline,S026,3959.7979746446663,3959.797974644666,5600.0,45.0,253.0,0.8895714022032095,22.13449853460503,0.19690216898493482,22.135375379116258,1.3784529073745943e-14,31.44706239451067,3950.064540801711,3969.547225055907,-9.733433842955492,9.749250411241064,112.0,0.0,8.781313763912352e-14,-0.2815754062048703,True,True,True,500.0,0.0,0.0,5.0,data/sentinel_baseline.npz,26,4,40
sentinel_baseline_0027,sentinel_baseline,S027,4949.747468305833,-4949.747468305833,7000.0,-45.0,207.0,0.5827333593323093,33.8165947839678,0.19706057879641006,33.81716975269082,-5.115907697472721e-15,47.967979443778844,4961.934027945764,-4937.580620859378,12.186559639931147,12.166847446454994,140.0,0.0,7.61137014479459e-14,-0.28157540620486543,True,True,True,500.0,0.0,0.0,5.0,data/sentinel_baseline.npz,27,4,40
sentinel_baseline_0028,sentinel_baseline,S028,4949.747468305833,-4949.747468305833,7000.0,-45.0,230.0,0.6474012463440424,30.434935303092992,0.19703615047622697,30.435573977522676,2.1316282072803005e-15,43.18561061836027,4961.934028568543,-4937.5806194255065,12.186560262710373,12.166848880326143,140.0,0.0,8.468600282456443e-14,-0.2815754062048695,True,True,True,500.0,0.0,0.0,5.0,data/sentinel_baseline.npz,28,4,40
sentinel_baseline_0029,sentinel_baseline,S029,4949.747468305833,-4949.747468305833,7000.0,-45.0,253.0,0.7120382695694717,27.668123000586395,0.19700762423572835,27.66882531240067,-9.521272659185343e-15,39.27276333819944,4961.934029198041,-4937.580617994697,12.186560892208036,12.166850311135931,140.0,0.0,8.943094099509982e-14,-0.2815754062048703,True,True,True,500.0,0.0,0.0,5.0,data/sentinel_baseline.npz,29,4,40
sentinel_baseline_0030,sentinel_baseline,S030,7000.0,0.0,7000.0,0.0,207.0,0.5827829718443743,33.816594823965914,0.1970773562916794,33.81716989050039,1.7053025658242404e-14,47.968016726411165,7000.013946921268,17.220452810172517,0.013946921268143342,17.220452810172517,140.0,0.0,7.516645428302416e-14,-0.28157540620486543,True,True,True,500.0,0.0,0.0,5.0,data/sentinel_baseline.npz,30,4,40
sentinel_baseline_0031,sentinel_baseline,S031,7000.0,0.0,7000.0,0.0,230.0,0.6474509035571608,30.434935335239626,0.19705126382504656,30.435574107550043,1.4779288903810084e-14,43.18564419958818,7000.0139454668415,17.220452237044917,0.01394546684150555,17.220452237044917,140.0,0.0,8.491190470994592e-14,-0.2815754062048695,True,True,True,500.0,0.0,0.0,5.0,data/sentinel_baseline.npz,31,4,40
sentinel_baseline_0032,sentinel_baseline,S032,7000.0,0.0,7000.0,0.0,253.0,0.7120878699005864,27.668123026271385,0.19702134789924955,27.66882543580565,5.115907697472721e-15,39.272793887691364,7000.013944009777,17.220451670935837,0.013944009777333122,17.220451670935837,140.0,0.0,9.029531852558656e-14,-0.2815754062048703,True,True,True,500.0,0.0,0.0,5.0,data/sentinel_baseline.npz,32,4,40
sentinel_baseline_0033,sentinel_baseline,S033,4949.747468305833,4949.747468305833,7000.0,45.0,207.0,0.5827047684927606,33.8165949706275,0.1970509114357295,33.81716988299169,2.9984903449076226e-14,47.96797396853435,4937.580669217459,4961.9340343342665,-12.16679908837341,12.186566028433845,140.0,0.0,7.58714498991769e-14,-0.28157540620486543,True,True,True,500.0,0.0,0.0,5.0,data/sentinel_baseline.npz,33,4,40
sentinel_baseline_0034,sentinel_baseline,S034,4949.747468305833,4949.747468305833,7000.0,45.0,230.0,0.6473725197507807,30.434935476042725,0.19702740867578206,30.435574093837555,2.0747847884194925e-14,43.185605491996185,4937.580670651311,4961.934033711483,-12.16679765452136,12.186565405650072,140.0,0.0,8.05319982257575e-14,-0.2815754062048695,True,True,True,500.0,0.0,0.0,5.0,data/sentinel_baseline.npz,34,4,40
sentinel_baseline_0035,sentinel_baseline,S035,4949.747468305833,4949.747468305833,7000.0,45.0,253.0,0.8892987194778215,27.65508875397051,0.24593635015951476,27.65618329154131,2.5153212845907547e-14,39.33588460362026,4932.50728332237,4962.328778984399,-17.240184983462314,12.581310678566297,140.0,0.090625,9.206387571000045e-14,-0.2815754062048703,True,False,False,500.0,0.0,0.0,5.0,data/sentinel_baseline.npz,35,4,40
doe_0000,doe,T000,424.26406871192853,-424.2640687119285,600.0,-45.0,230.0,6.569754496221611,2.6087087218690983,0.1713857585483204,2.6143324768238556,6.217248937900876e-16,3.82915065112539,425.3086370104611,-423.22118393248127,1.0445682985325675,1.0428847794472063,12.0,0.0,7.797464836867165e-14,-0.2815754062048695,False,True,False,500.0,0.0,0.0,5.0,data/doe.npz,0,4,40
doe_0001,doe,T001,600.0,0.0,600.0,0.0,230.0,6.568443972605752,2.6087086875929546,0.17135156855304204,2.614330201443559,1.2256862191861727e-15,3.829143343167215,600.0011825877914,1.4760345172816682,0.001182587791390688,1.4760345172816682,12.0,0.0,7.691041299679766e-14,-0.2815754062048695,False,True,False,500.0,0.0,0.0,5.0,data/doe.npz,1,4,40
doe_0002,doe,T002,424.26406871192853,424.2640687119285,600.0,45.0,230.0,6.5670111612160635,2.6087087734824923,0.17131419631821793,2.614327837886349,1.4743761767022078e-15,3.8291331981057883,423.2212123571054,425.30862547244163,-1.0428563548231295,1.04455676051316,12.0,0.0,7.682689600712655e-14,-0.2815754062048695,False,True,False,500.0,0.0,0.0,5.0,data/doe.npz,2,4,40
doe_0003,doe,T003,565.685424949238,-565.6854249492379,800.0,-44.99999999999999,230.0,5.196968557984563,3.4782783022110193,0.18076502972510594,3.4829723116716345,2.6645352591003756e-16,5.060858362453719,567.0781806929836,-564.2949159895622,1.3927557437455107,1.3905089596756852,16.0,0.0,7.847828777040919e-14,-0.2815754062048695,False,True,False,500.0,0.0,0.0,5.0,data/doe.npz,3,4,40
doe_0004,doe,T004,800.0,0.0,800.0,0.0,230.0,5.196451854126041,3.478278268800196,0.18074705559073093,3.4829713453813143,1.2256862191861727e-15,5.060856641851348,800.0015810756578,1.9680474928623353,0.001581075657782094,1.9680474928623353,16.0,0.0,7.789009061334461e-14,-0.2815754062048695,False,True,False,500.0,0.0,0.0,5.0,data/doe.npz,4,4,40
doe_0005,doe,T005,565.685424949238,565.6854249492379,800.0,44.99999999999999,230.0,5.1958051911997964,3.4782783582597365,0.18072456750283847,3.4829702676712384,2.5579538487363606e-15,5.06084954401802,564.2949457321587,567.078169282598,-1.3904792170793598,1.3927443333600422,16.0,0.0,7.73196046305313e-14,-0.2815754062048695,False,True,False,500.0,0.0,0.0,5.0,data/doe.npz,5,4,40
doe_0006,doe,T006,707.1067811865476,-707.1067811865474,1000.0,-45.0,230.0,4.282355449371043,4.347847882656329,0.18619030073329684,4.351832792178103,-2.486899575160351e-16,6.291568054683286,708.8477242533087,-705.3686482031557,1.7409430667611332,1.738132983391779,20.0,0.0,7.829667702502131e-14,-0.2815754062048695,True,True,True,500.0,0.0,0.0,5.0,data/doe.npz,6,4,40
doe_0007,doe,T007,1000.0,0.0,1000.0,0.0,230.0,4.282134034182497,4.347847850864561,0.1861806725763436,4.351832348300322,1.5987211554602255e-15,6.291569425523844,1000.0019797606001,2.460060494166582,0.0019797606000793166,2.460060494166582,20.0,0.0,7.888203135543642e-14,-0.2815754062048695,True,True,True,500.0,0.0,0.0,5.0,data/doe.npz,7,4,40
doe_0008,doe,T008,707.1067811865476,707.1067811865474,1000.0,45.0,230.0,4.281779875277014,4.347847942932757,0.18616527822814039,4.3518317815277,3.3750779948604757e-15,6.291562600009231,705.3686789498657,708.8477132155106,-1.7381022366818115,1.7409320289631296,20.0,0.0,7.777526703652731e-14,-0.2815754062048695,True,True,True,500.0,0.0,0.0,5.0,data/doe.npz,8,4,40
doe_0009,doe,T000,424.26406871192853,-424.2640687119285,600.0,-45.0,230.0,6.313933620422035,2.6087087204334214,0.1647121369583273,2.6139034609192744,-2.7533531010703883e-15,3.854296854637546,425.30863668477383,-423.22118379164056,1.0445679728453001,1.0428849202879178,12.0,0.0,7.83937993778573e-14,-0.2815754062048695,False,True,False,500.0,0.0,2.0,5.0,data/doe.npz,9,4,40
doe_0010,doe,T001,600.0,0.0,600.0,0.0,230.0,6.31278083214154,2.6087086881556467,0.16468206203230068,2.6139015337051754,4.618527782440651e-15,3.8543068899485284,600.0011827180228,1.4760341872165381,0.0011827180228465295,1.4760341872165381,12.0,0.0,7.735662916269489e-14,-0.2815754062048695,False,True,False,500.0,0.0,2.0,5.0,data/doe.npz,10,4,40
doe_0011,doe,T002,424.26406871192853,424.2640687119285,600.0,45.0,230.0,6.311497008763924,2.6087087749184024,0.16464857629633697,2.6138995107934018,1.3322676295501878e-15,3.854264771323577,423.22121249811113,425.30862579804034,-1.0428562138174016,1.0445570861118654,12.0,0.0,7.698242715269391e-14,-0.2815754062048695,False,True,False,500.0,0.0,2.0,5.0,data/doe.npz,11,4,40
doe_0012,doe,T003,565.685424949238,-565.6854249492379,800.0,-44.99999999999999,230.0,4.97580646693725,3.4782783008302505,0.1730723966307867,3.4825815407131975,-3.3573144264664732e-15,5.087543071645705,567.0781803611366,-564.2949158728155,1.39275541189852,1.3905090764224042,16.0,0.0,7.831443563915593e-14,-0.2815754062048695,True,True,True,500.0,0.0,2.0,5.0,data/doe.npz,12,4,40
doe_0013,doe,T004,800.0,0.0,800.0,0.0,230.0,4.975347248847642,3.4782782694567573,0.17305642218668216,3.4825807154119253,4.7961634663806766e-15,5.087557478970185,800.0015812274482,1.9680471754841509,0.0015812274482414068,1.9680471754841509,16.0,0.0,7.824243446286388e-14,-0.2815754062048695,True,True,True,500.0,0.0,2.0,5.0,data/doe.npz,13,4,40
doe_0014,doe,T005,565.685424949238,565.6854249492379,800.0,44.99999999999999,230.0,4.974750974828654,3.4782783596408513,0.17303568660348737,3.482579775032316,2.0961010704922954e-15,5.087526869029967,564.2949458490045,567.0781696144585,-1.390479100233506,1.3927446652205617,16.0,0.0,7.743837125054556e-14,-0.2815754062048695,True,True,True,500.0,0.0,2.0,5.0,data/doe.npz,14,4,40
doe_0015,doe,T006,707.1067811865476,-707.1067811865474,1000.0,-45.0,230.0,4.09373123743524,4.347847881335116,0.17798920687438194,4.351489630073153,-3.3573144264664732e-15,6.318940345409415,708.8477239255834,-705.3686481016862,1.7409427390358587,1.7381330848612606,20.0,0.0,7.882673887672694e-14,-0.2815754062048695,True,True,True,500.0,0.0,2.0,5.0,data/doe.npz,15,4,40
doe_0016,doe,T007,1000.0,0.0,1000.0,0.0,230.0,4.093534189901479,4.34784785155594,0.17798063832833932,4.351489249650459,4.547473508864641e-15,6.318959563949099,1000.0019799203651,2.4600601905291977,0.0019799203651018615,2.4600601905291977,20.0,0.0,7.916030147321105e-14,-0.2815754062048695,True,True,True,500.0,0.0,2.0,5.0,data/doe.npz,16,4,40
doe_0017,doe,T008,707.1067811865476,707.1067811865474,1000.0,45.0,230.0,4.093198111648362,4.347847944254288,0.1779660299515586,4.35148874461124,3.677058657558518e-15,6.318931095581875,705.3686790513996,708.8477135432747,-1.738102135147983,1.740932356727285,20.0,0.0,7.772499773834582e-14,-0.2815754062048695,True,True,True,500.0,0.0,2.0,5.0,data/doe.npz,17,4,40
doe_0018,doe,T000,424.26406871192853,-424.2640687119285,600.0,-45.0,230.0,6.142703142268636,2.6087087190383222,0.1602452324570029,2.613625785160534,5.684341886080802e-16,3.876958129215745,425.3086363288112,-423.22118369445593,1.0445676168826594,1.0428850174725426,12.0,0.0,7.85109068937284e-14,-0.2815754062048695,False,True,False,500.0,0.0,5.0,5.0,data/doe.npz,18,4,40
doe_0019,doe,T001,600.0,0.0,600.0,0.0,230.0,6.141648490755467,2.6087086889457374,0.1602177178228426,2.6136240682668843,5.861977570020827e-16,3.876969991405927,600.001182900533,1.4760338665907264,0.0011829005329673237,1.4760338665907264,12.0,0.0,7.776938450734919e-14,-0.2815754062048695,False,True,False,500.0,0.0,5.0,5.0,data/doe.npz,19,4,40
doe_0020,doe,T002,424.26406871192853,424.2640687119285,600.0,45.0,230.0,6.140457770192207,2.6087087763133963,0.160186660756822,2.613622251787863,1.3500311979441904e-15,3.8769142806440855,423.221212595416,425.3086261538492,-1.042856116512553,1.0445574419207446,12.0,0.0,7.741885359530381e-14,-0.2815754062048695,False,True,False,500.0,0.0,5.0,5.0,data/doe.npz,20,4,40
doe_0021,doe,T003,565.685424949238,-565.6854249492379,800.0,-44.99999999999999,230.0,4.829174277272945,3.4782782994311363,0.16797212092809524,3.4823318013885003,-1.7763568394002505e-17,5.111521761023083,567.0781799885567,-564.2949157910208,1.392755039318672,1.390509158217128,16.0,0.0,7.901468990914569e-14,-0.2815754062048695,True,True,True,500.0,0.0,5.0,5.0,data/doe.npz,21,4,40
doe_0022,doe,T004,800.0,0.0,800.0,0.0,230.0,4.8287493988246935,3.478278270345895,0.16795734106877735,3.4823310593180508,9.237055564881303e-16,5.111545245881639,800.0015814327413,1.9680468540087164,0.0015814327413181672,1.9680468540087164,16.0,0.0,7.865686931103281e-14,-0.2815754062048695,True,True,True,500.0,0.0,5.0,5.0,data/doe.npz,22,4,40
doe_0023,doe,T005,565.685424949238,565.6854249492379,800.0,44.99999999999999,230.0,4.828183527408509,3.4782783610399965,0.16793766286514777,3.482330200727989,2.415845301584341e-15,5.111500002555866,564.2949459308606,567.0781699869873,-1.3904790183773912,1.3927450377493642,16.0,0.0,7.795011400877397e-14,-0.2815754062048695,True,True,True,500.0,0.0,5.0,5.0,data/doe.npz,23,4,40
doe_0024,doe,T006,707.1067811865476,-707.1067811865474,1000.0,-45.0,230.0,3.969284340824926,4.347847879945665,0.1725784450615718,4.351271674545385,-3.552713678800501e-17,6.3435934020258395,708.8477235475533,-705.3686480285193,1.7409423610057502,1.7381331580281767,20.0,0.0,7.932907159622329e-14,-0.2815754062048695,True,True,True,500.0,0.0,5.0,5.0,data/doe.npz,24,4,40
doe_0025,doe,T007,1000.0,0.0,1000.0,0.0,230.0,3.9691010403425273,4.347847852488724,0.17257047434564016,4.351271330782229,1.8118839761882555e-15,6.3436173713598105,1000.0019801356912,2.4600598713243893,0.0019801356911557377,2.4600598713243893,20.0,0.0,7.942075917564834e-14,-0.2815754062048695,True,True,True,500.0,0.0,5.0,5.0,data/doe.npz,25,4,40
doe_0026,doe,T008,707.1067811865476,707.1067811865474,1000.0,45.0,230.0,3.9687752972098775,4.347847945643814,0.17255631522695883,4.351270862147389,3.197442310920451e-15,6.343580754751759,705.3686791246053,708.8477139212905,-1.7381020619422998,1.740932734743069,20.0,0.0,7.844006582174636e-14,-0.2815754062048695,True,True,True,500.0,0.0,5.0,5.0,data/doe.npz,26,4,40
doe_0027,doe,T000,424.26406871192853,-424.2640687119285,600.0,-45.0,230.0,5.362677452904065,2.6087087299587934,0.1398966348734402,2.6124571457562524,7.425171588693046e-15,3.770491375926746,425.30863568369153,-423.22118790362,1.044566971763004,1.042880808308496,12.0,0.0,7.798804955289423e-14,-0.2815754062048695,False,True,False,500.0,2.0,0.0,5.0,data/doe.npz,27,4,40
doe_0028,doe,T001,600.0,0.0,600.0,0.0,230.0,5.361426726338035,2.608708703907877,0.13986400566362348,2.6124553726166573,1.9895196601282807e-15,3.7704784373454485,600.0011863356463,1.4760363825018405,0.0011863356462527008,1.4760363825018405,12.0,0.0,7.731352041565306e-14,-0.2815754062048695,False,True,False,500.0,2.0,0.0,5.0,data/doe.npz,28,4,40
doe_0029,doe,T002,424.26406871192853,424.2640687119285,600.0,45.0,230.0,5.3600784287436944,2.6087087653950625,0.13982883580268668,2.6124535513107574,-1.2434497875801754e-16,3.7704878093403114,423.2212083870692,425.3086267988491,-1.042860324859305,1.044558086920631,12.0,0.0,7.704822139765536e-14,-0.2815754062048695,False,True,False,500.0,2.0,0.0,5.0,data/doe.npz,29,4,40
doe_0030,doe,T003,565.685424949238,-565.6854249492379,800.0,-44.99999999999999,230.0,4.283108774015499,3.4782783106284905,0.14897844350720696,3.4814673339438995,4.938272013532696e-15,5.000486951808145,567.078179336389,-564.2949200975515,1.3927543871509442,1.3905048516863872,16.0,0.0,7.85861512537939e-14,-0.2815754062048695,True,True,True,500.0,2.0,0.0,5.0,data/doe.npz,30,4,40
doe_0031,doe,T004,800.0,0.0,800.0,0.0,230.0,4.282595701670693,3.47827828562758,0.14896059635243178,3.4814665451638294,2.184918912462308e-15,5.000478851899362,800.0015849411903,1.968049434857961,0.0015849411903445798,1.968049434857961,16.0,0.0,7.803494666095066e-14,-0.2815754062048695,True,True,True,500.0,2.0,0.0,5.0,data/doe.npz,31,4,40
doe_0032,doe,T005,565.685424949238,565.6854249492379,800.0,44.99999999999999,230.0,4.281976757941617,3.4782783498435887,0.14893907051681768,3.481465688239272,1.7408297026122454e-15,5.000484714530154,564.294941624701,567.0781706390927,-1.3904833245370583,1.3927456898547916,16.0,0.0,7.70064744935463e-14,-0.2815754062048695,True,True,True,500.0,2.0,0.0,5.0,data/doe.npz,32,4,40
doe_0033,doe,T006,707.1067811865476,-707.1067811865474,1000.0,-45.0,230.0,3.5506056389541287,4.347847891292965,0.1543749324013962,4.350587728654181,4.5652370772586434e-15,6.230379084170209,708.8477228966865,-705.3686523826364,1.7409417101389408,1.7381288039110814,20.0,0.0,7.919977375786433e-14,-0.2815754062048695,True,True,True,500.0,2.0,0.0,5.0,data/doe.npz,33,4,40
doe_0034,doe,T007,1000.0,0.0,1000.0,0.0,230.0,3.5503775114881284,4.347847867911577,0.1543650129360487,4.350587353116716,2.5579538487363606e-15,6.230373806055374,1000.0019836765224,2.4600624873750228,0.0019836765223999464,2.4600624873750228,20.0,0.0,7.86811677732655e-14,-0.2815754062048695,True,True,True,500.0,2.0,0.0,5.0,data/doe.npz,34,4,40
doe_0035,doe,T008,707.1067811865476,707.1067811865474,1000.0,45.0,230.0,3.5500398848125605,4.347847934297094,0.15435033579854585,4.350586898528044,3.4283687000424833e-15,6.230376914039126,705.3686747706888,708.8477145721461,-1.7381064158587378,1.7409333855986233,20.0,0.0,7.79084701664376e-14,-0.2815754062048695,True,True,True,500.0,2.0,0.0,5.0,data/doe.npz,35,4,40
doe_0036,doe,T000,424.26406871192853,-424.2640687119285,600.0,-45.0,230.0,5.033904162159657,2.6087087290163202,0.13131989728857482,2.612011903210821,1.0036416142611416e-14,3.7965702012564813,425.30863549096176,-423.2211877899861,1.0445667790332323,1.0428809219423556,12.0,0.0,7.851764851659342e-14,-0.2815754062048695,False,True,False,500.0,2.0,2.0,5.0,data/doe.npz,36,4,40
doe_0037,doe,T001,600.0,0.0,600.0,0.0,230.0,5.032804450312245,2.608708704147449,0.1312912077580157,2.612010436109265,9.254819133275305e-15,3.7965789727575245,600.0011863912812,1.476036165774058,0.0011863912811804767,1.476036165774058,12.0,0.0,7.763904806286846e-14,-0.2815754062048695,False,True,False,500.0,2.0,2.0,5.0,data/doe.npz,37,4,40
doe_0038,doe,T002,424.26406871192853,424.2640687119285,600.0,45.0,230.0,5.031595428492034,2.608708766337842,0.1312596710297258,2.612008913193142,-2.7533531010703883e-15,3.796552070737538,423.22120850081626,425.3086269915657,-1.04286021111227,1.044558279637215,12.0,0.0,7.719208113943188e-14,-0.2815754062048695,False,True,False,500.0,2.0,2.0,5.0,data/doe.npz,38,4,40
doe_0039,doe,T003,565.685424949238,-565.6854249492379,800.0,-44.99999999999999,230.0,4.009219810789195,3.4782783097402192,0.1394518230684884,3.481072685769302,4.476419235288631e-15,5.0283366172183115,567.0781791439126,-564.294920001337,1.3927541946745805,1.3905049479009222,16.0,0.0,7.85777260044534e-14,-0.2815754062048695,True,True,True,500.0,2.0,2.0,5.0,data/doe.npz,39,4,40
doe_0040,doe,T004,800.0,0.0,800.0,0.0,230.0,4.008761270321532,3.4782782859205086,0.13943587279998498,3.4810720228941046,7.904787935331115e-15,5.028347752106906,800.0015850090667,1.9680492306275321,0.001585009066729981,1.9680492306275321,16.0,0.0,7.8510467186112e-14,-0.2815754062048695,True,True,True,500.0,2.0,2.0,5.0,data/doe.npz,40,4,40
doe_0041,doe,T005,565.685424949238,565.6854249492379,800.0,44.99999999999999,230.0,4.008187166242257,3.478278350732171,0.1394159064602297,3.48107128781481,-5.329070518200751e-17,5.028326942401399,564.2949417209851,567.078170831601,-1.390483228252947,1.3927458823631014,16.0,0.0,7.769659054396676e-14,-0.2815754062048695,True,True,True,500.0,2.0,2.0,5.0,data/doe.npz,41,4,40
doe_0042,doe,T006,707.1067811865476,-707.1067811865474,1000.0,-45.0,230.0,3.3208635706217846,4.3478478904546165,0.14438609670015512,4.3502447445723424,2.3625545964023332e-15,6.2590791596943784,708.8477227092433,-705.368652297642,1.7409415226957208,1.7381288889054076,20.0,0.0,7.856689397503187e-14,-0.2815754062048695,True,True,True,500.0,2.0,2.0,5.0,data/doe.npz,42,4,40
doe_0043,doe,T007,1000.0,0.0,1000.0,0.0,230.0,3.320659000604968,4.347847868223883,0.1443772015687876,4.350244426920746,6.323830348264892e-15,6.259091158823898,1000.001983748827,2.4600622946507564,0.0019837488270013637,2.4600622946507564,20.0,0.0,7.92016482314968e-14,-0.2815754062048695,True,True,True,500.0,2.0,2.0,5.0,data/doe.npz,43,4,40
doe_0044,doe,T008,707.1067811865476,707.1067811865474,1000.0,45.0,230.0,3.320336249927787,4.3478479351357056,0.1443631710820476,4.350244027972426,2.4336088699783433e-15,6.259073023911611,705.3686748557299,708.8477147596285,-1.7381063308176863,1.7409335730810653,20.0,0.0,7.783368718758963e-14,-0.2815754062048695,True,True,True,500.0,2.0,2.0,5.0,data/doe.npz,44,4,40
doe_0045,doe,T000,424.26406871192853,-424.2640687119285,600.0,-45.0,230.0,4.828816093307831,2.608708728134902,0.12596974689170418,2.61174838815602,8.72191208145523e-15,3.820437897486635,425.3086352926733,-423.2211877018466,1.0445665807447426,1.042881010081885,12.0,0.0,7.869881196023734e-14,-0.2815754062048695,True,True,True,500.0,2.0,5.0,5.0,data/doe.npz,45,4,40
doe_0046,doe,T001,600.0,0.0,600.0,0.0,230.0,4.8278052447829705,2.6087087044826283,0.1259433756561222,2.611747092678677,3.659295089164516e-15,3.8204503359642654,600.0011864688712,1.4760359631373499,0.0011864688711966664,1.4760359631373499,12.0,0.0,7.786664440046902e-14,-0.2815754062048695,True,True,True,500.0,2.0,5.0,5.0,data/doe.npz,46,4,40
doe_0047,doe,T002,424.26406871192853,424.2640687119285,600.0,45.0,230.0,4.826677818740733,2.608708767219304,0.12591396742291897,2.6117457373402226,-6.750155989720952e-16,3.8204080273664243,423.2212085890416,425.3086271897832,-1.042860122886907,1.0445584778547072,12.0,0.0,7.75735401817609e-14,-0.2815754062048695,True,True,True,500.0,2.0,5.0,5.0,data/doe.npz,47,4,40
doe_0048,doe,T003,565.685424949238,-565.6854249492379,800.0,-44.99999999999999,230.0,3.839394575168105,3.4782783088720506,0.1335448287000824,3.4808410575099566,6.021849685566849e-15,5.053493752150586,567.0781789395385,-564.2949199236333,1.3927539903004345,1.3905050256046252,16.0,0.0,7.902012913685227e-14,-0.2815754062048695,True,True,True,500.0,2.0,5.0,5.0,data/doe.npz,48,4,40
doe_0049,doe,T004,800.0,0.0,800.0,0.0,230.0,3.83896714730412,3.4782782863069337,0.1335299607031359,3.4808404644216955,3.588240815588506e-15,5.053509071939473,800.0015850984356,1.9680490310762946,0.0015850984356120534,1.9680490310762946,16.0,0.0,7.875348655246803e-14,-0.2815754062048695,True,True,True,500.0,2.0,5.0,5.0,data/doe.npz,49,4,40
doe_0050,doe,T005,565.685424949238,565.6854249492379,800.0,44.99999999999999,230.0,3.8384181502545056,3.47827835160043,0.13351086756420413,3.4808397971369454,1.2256862191861727e-15,5.053478096877969,564.2949417987352,567.0781710359581,-1.3904831505028596,1.3927460867201944,16.0,0.0,7.810666735139564e-14,-0.2815754062048695,True,True,True,500.0,2.0,5.0,5.0,data/doe.npz,50,4,40
doe_0051,doe,T006,707.1067811865476,-707.1067811865474,1000.0,-45.0,230.0,3.1788899125027283,4.347847889602624,0.13821329797354057,4.350044245478906,4.067857162226574e-15,6.284831365767215,708.8477225040598,-705.368652226026,1.7409413175122381,1.7381289605214079,20.0,0.0,7.926630224265694e-14,-0.2815754062048695,True,True,True,500.0,2.0,5.0,5.0,data/doe.npz,51,4,40
doe_0052,doe,T007,1000.0,0.0,1000.0,0.0,230.0,3.1786982767611764,4.347847868631774,0.13820496527639575,4.3500439595561335,3.481659405224491e-15,6.284851220510239,1000.001983843124,2.4600620988440376,0.0019838431239804777,2.4600620988440376,20.0,0.0,7.957827820823854e-14,-0.2815754062048695,True,True,True,500.0,2.0,5.0,5.0,data/doe.npz,52,4,40
doe_0053,doe,T008,707.1067811865476,707.1067811865474,1000.0,45.0,230.0,3.1783830784785008,4.347847935987797,0.1381912630754129,4.3500435913633035,2.966515921798418e-15,6.284822152299234,705.3686749273762,708.8477149648136,-1.7381062591713317,1.7409337782661396,20.0,0.0,7.872081885775075e-14,-0.2815754062048695,True,True,True,500.0,2.0,5.0,5.0,data/doe.npz,53,4,40
doe_0054,doe,T000,424.26406871192853,-424.2640687119285,600.0,-45.0,230.0,4.601040769139564,2.608708735004662,0.12002775244566949,2.6114685453300233,5.506706202140776e-16,3.7244321359135473,425.3086344102984,-423.2211908286117,1.0445656983698655,1.0428778833167485,12.0,0.0,7.835332273425413e-14,-0.2815754062048695,True,True,True,500.0,5.0,0.0,5.0,data/doe.npz,54,4,40
doe_0055,doe,T001,600.0,0.0,600.0,0.0,230.0,4.5997714162209835,2.6087087168320777,0.11999463788930712,2.611467005335469,6.394884621840901e-16,3.7244195093988592,600.0011893053572,1.4760375468020563,0.0011893053572293866,1.4760375468020563,12.0,0.0,7.761845133632359e-14,-0.2815754062048695,True,True,True,500.0,5.0,0.0,5.0,data/doe.npz,55,4,40
doe_0056,doe,T002,424.26406871192853,424.2640687119285,600.0,45.0,230.0,4.598434533392677,2.60870876034997,0.11995976451157304,2.6114654465937592,1.5987211554602255e-15,3.7244377044698114,423.2212054627135,425.30862807186134,-1.0428632492150314,1.0445593599328618,12.0,0.0,7.712536733666972e-14,-0.2815754062048695,True,True,True,500.0,5.0,0.0,5.0,data/doe.npz,56,4,40
doe_0057,doe,T003,565.685424949238,-565.6854249492379,800.0,-44.99999999999999,230.0,3.7160694420155163,3.4782783158030477,0.12925523760180901,3.4806791290561794,2.6645352591003756e-16,4.953321525553014,567.0781780253994,-564.2949231022872,1.392753076161398,1.3905018469507695,16.0,0.0,7.87134329957317e-14,-0.2815754062048695,True,True,True,500.0,5.0,0.0,5.0,data/doe.npz,57,4,40
doe_0058,doe,T004,800.0,0.0,800.0,0.0,230.0,3.7155337086800215,3.47827829891236,0.12923660267779077,3.4806784200727363,1.2434497875801752e-15,4.953312577983631,800.0015879937596,1.9680506297872025,0.0015879937595855154,1.9680506297872025,16.0,0.0,7.859931646565839e-14,-0.2815754062048695,True,True,True,500.0,5.0,0.0,5.0,data/doe.npz,58,4,40
doe_0059,doe,T005,565.685424949238,565.6854249492379,800.0,44.99999999999999,230.0,3.7149205113788852,3.4782783446695236,0.12921527566897809,3.480677673860172,2.930988785010413e-15,4.953323665558767,564.294938620276,567.0781719499332,-1.3904863289620835,1.3927470006952944,16.0,0.0,7.733590027271816e-14,-0.2815754062048695,True,True,True,500.0,5.0,0.0,5.0,data/doe.npz,59,4,40
doe_0060,doe,T006,707.1067811865476,-707.1067811865474,1000.0,-45.0,230.0,3.100690233403809,4.347847896565365,0.1348132950920552,4.34993754934865,6.394884621840901e-16,6.18261170601933,708.8477215749475,-705.3686554300776,1.740940388399963,1.738125756469799,20.0,0.0,7.884815564303644e-14,-0.2815754062048695,True,True,True,500.0,5.0,0.0,5.0,data/doe.npz,60,4,40
doe_0061,doe,T007,1000.0,0.0,1000.0,0.0,230.0,3.100443459922386,4.347847881360476,0.13480256528501489,4.349937201415277,1.5631940186722204e-15,6.182605637312756,1000.0019867667819,2.460063705415889,0.0019867667818971313,2.460063705415889,20.0,0.0,7.891047225157402e-14,-0.2815754062048695,True,True,True,500.0,5.0,0.0,5.0,data/doe.npz,61,4,40
doe_0062,doe,T008,707.1067811865476,707.1067811865474,1000.0,45.0,230.0,3.1001144137683285,4.347847929025126,0.1347882603364357,4.3499368055777055,3.0553337637684308e-15,6.182612185476277,705.3686717234301,708.8477158938432,-1.7381094631174392,1.7409347072957644,20.0,0.0,7.793528068182502e-14,-0.2815754062048695,True,True,True,500.0,5.0,0.0,5.0,data/doe.npz,62,4,40
doe_0063,doe,T000,424.26406871192853,-424.2640687119285,600.0,-45.0,230.0,4.187926928369201,2.6087087344264286,0.10925081557176379,2.610995412257562,-1.5276668818842154e-15,3.751984898455517,425.3086343020575,-423.2211907488406,1.0445655901289683,1.0428779630878466,12.0,0.0,7.888422582381368e-14,-0.2815754062048695,True,True,True,500.0,5.0,2.0,5.0,data/doe.npz,63,4,40
doe_0064,doe,T001,600.0,0.0,600.0,0.0,230.0,4.186798143063403,2.608708716917381,0.10922136811783005,2.6109941627198845,5.080380560684716e-15,3.7519938723321222,600.0011893253043,1.4760374138042995,0.0011893253042671859,1.4760374138042995,12.0,0.0,7.754837748532739e-14,-0.2815754062048695,True,True,True,500.0,5.0,2.0,5.0,data/doe.npz,64,4,40
doe_0065,doe,T002,424.26406871192853,424.2640687119285,600.0,45.0,230.0,4.185588260854435,2.6087087609284643,0.10918980765730299,2.6109928866170744,6.217248937900876e-16,3.7519754334439526,423.22120554256884,425.308628180103,-1.0428631693596913,1.0445594681745547,12.0,0.0,7.728428217657761e-14,-0.2815754062048695,True,True,True,500.0,5.0,2.0,5.0,data/doe.npz,65,4,40
doe_0066,doe,T003,565.685424949238,-565.6854249492379,800.0,-44.99999999999999,230.0,3.3816118274354205,3.4782783152675285,0.11762187090020823,3.4802665423661687,-1.936228954946273e-15,4.982715178757439,567.0781779185289,-564.2949230350666,1.392752969290882,1.3905019141712955,16.0,0.0,7.917221971813356e-14,-0.2815754062048695,True,True,True,500.0,5.0,2.0,5.0,data/doe.npz,66,4,40
doe_0067,doe,T004,800.0,0.0,800.0,0.0,230.0,3.381125662670592,3.4782782990324326,0.11760496018768773,3.480265954499622,4.813927034774679e-15,4.982725207594205,800.0015880216794,1.9680505066333802,0.0015880216793675572,1.9680505066333802,16.0,0.0,7.857639114154774e-14,-0.2815754062048695,True,True,True,500.0,5.0,2.0,5.0,data/doe.npz,67,4,40
doe_0068,doe,T005,565.685424949238,565.6854249492379,800.0,44.99999999999999,230.0,3.3805509586602938,3.4782783452052777,0.11758497194371041,3.4802653251160574,2.0961010704922954e-15,4.9827095791915985,564.2949386875478,567.0781720568287,-1.3904862616902847,1.3927471075908215,16.0,0.0,7.774939469013608e-14,-0.2815754062048695,True,True,True,500.0,5.0,2.0,5.0,data/doe.npz,68,4,40
doe_0069,doe,T006,707.1067811865476,-707.1067811865474,1000.0,-45.0,230.0,2.823924085477632,4.3478478960660425,0.12277992393694145,4.349581244822627,-2.806643806252396e-15,6.212950036250634,708.8477214718445,-705.3686553708744,1.7409402852969151,1.7381258156730155,20.0,0.0,7.876528402563872e-14,-0.2815754062048695,True,True,True,500.0,5.0,2.0,5.0,data/doe.npz,69,4,40
doe_0070,doe,T007,1000.0,0.0,1000.0,0.0,230.0,2.8236987210954996,4.347847881493853,0.12277012502491969,4.349580953444332,4.547473508864641e-15,6.212960512291876,1000.0019867977412,2.4600635906033284,0.0019867977412104665,2.4600635906033284,20.0,0.0,7.924499909831927e-14,-0.2815754062048695,True,True,True,500.0,5.0,2.0,5.0,data/doe.npz,70,4,40
doe_0071,doe,T008,707.1067811865476,707.1067811865474,1000.0,45.0,230.0,2.8233812210426277,4.347847929524638,0.12275632196168934,4.349580611669181,3.481659405224491e-15,6.212946060549223,705.3686717826675,708.8477159969746,-1.738109403880003,1.7409348104271203,20.0,0.0,7.803150120950179e-14,-0.2815754062048695,True,True,True,500.0,5.0,2.0,5.0,data/doe.npz,71,4,40
doe_0072,doe,T000,424.26406871192853,-424.2640687119285,600.0,-45.0,230.0,3.934293871825462,2.6087087339146233,0.1026342678521786,2.6107269288164567,4.796163466380677e-16,3.7766753071137646,425.30863419823885,-423.22119068628587,1.0445654863103186,1.042878025642608,12.0,0.0,7.913805703205541e-14,-0.2815754062048695,True,True,True,500.0,5.0,5.0,5.0,data/doe.npz,72,4,40
doe_0073,doe,T001,600.0,0.0,600.0,0.0,230.0,3.9332427994979255,2.6087087170422305,0.10260684777293824,2.610725834090236,9.237055564881303e-16,3.7766865548568673,600.0011893543092,1.4760372961138248,0.0011893543091900938,1.4760372961138248,12.0,0.0,7.814756375473366e-14,-0.2815754062048695,True,True,True,500.0,5.0,5.0,5.0,data/doe.npz,73,4,40
doe_0074,doe,T002,424.26406871192853,424.2640687119285,600.0,45.0,230.0,3.9321017134252325,2.608708761440362,0.10257708190687063,2.610724708708826,1.6342482922482305e-15,3.7766542439862016,423.22120560518437,425.30862828389104,-1.0428631067441643,1.0445595719625658,12.0,0.0,7.793751702434995e-14,-0.2815754062048695,True,True,True,500.0,5.0,5.0,5.0,data/doe.npz,74,4,40
doe_0075,doe,T003,565.685424949238,-565.6854249492379,800.0,-44.99999999999999,230.0,3.1780303363092526,3.4782783147714835,0.11054074002470397,3.480034421544937,3.907985046680551e-16,5.008725237528168,567.0781778124184,-564.2949229799543,1.3927528631803625,1.390501969283605,16.0,0.0,7.915879110466567e-14,-0.2815754062048695,True,True,True,500.0,5.0,5.0,5.0,data/doe.npz,75,4,40
doe_0076,doe,T004,800.0,0.0,800.0,0.0,230.0,3.177570616526902,3.478278299187501,0.11052474919601371,3.4800338979073477,1.2434497875801752e-15,5.0087416127945135,800.0015880576257,1.9680503925887132,0.001588057625667716,1.9680503925887132,16.0,0.0,7.916882430545424e-14,-0.2815754062048695,True,True,True,500.0,5.0,5.0,5.0,data/doe.npz,76,4,40
doe_0077,doe,T005,565.685424949238,565.6854249492379,800.0,44.99999999999999,230.0,3.1770150001870903,3.478278345701417,0.1105054247911934,3.480033330561903,2.149391775674303e-15,5.0087139868194805,564.2949387426934,567.0781721629371,-1.390486206544665,1.392747213699181,16.0,0.0,7.851418074001079e-14,-0.2815754062048695,True,True,True,500.0,5.0,5.0,5.0,data/doe.npz,77,4,40
doe_0078,doe,T006,707.1067811865476,-707.1067811865474,1000.0,-45.0,230.0,2.656268374610687,4.347847895584484,0.11549050862658693,4.349381586921269,2.1316282072803005e-16,6.239687571572737,708.8477213660772,-705.3686553201401,1.7409401795296162,1.7381258664073584,20.0,0.0,7.965268178132608e-14,-0.2815754062048695,True,True,True,500.0,5.0,5.0,5.0,data/doe.npz,78,4,40
doe_0079,doe,T007,1000.0,0.0,1000.0,0.0,230.0,2.6560541012664007,4.3478478816614885,0.1154811919776943,4.349381325397673,1.8829382497642656e-15,6.2397038980402,1000.0019868365698,2.4600634799015757,0.001986836569813022,2.4600634799015757,20.0,0.0,7.97086763408532e-14,-0.2815754062048695,True,True,True,500.0,5.0,5.0,5.0,data/doe.npz,79,4,40
doe_0080,doe,T008,707.1067811865476,707.1067811865474,1000.0,45.0,230.0,2.6557411047995085,4.3478479300062824,0.1154675846513514,4.349381012241431,3.0908609005564358e-15,6.239680491794832,705.3686718334241,708.8477161027472,-1.738109353123491,1.7409349161997625,20.0,0.0,7.893578053802527e-14,-0.2815754062048695,True,True,True,500.0,5.0,5.0,5.0,data/doe.npz,80,4,40
doe_0081,doe,T000,424.26406871192853,-424.2640687119285,600.0,-45.0,230.0,5.317928752448903,2.608708728090444,0.1387292715187658,2.61239488935951,4.440892098500626e-16,3.7987086933778733,425.30863607708966,-423.22118689906455,1.0445673651611287,1.042881812863925,12.0,0.0,7.518449278562663e-14,-0.2815754062048695,False,True,False,650.0,0.0,0.0,5.0,data/doe.npz,81,4,40
doe_0082,doe,T001,600.0,0.0,600.0,0.0,230.0,5.316951823168451,2.6087086996033366,0.1387037847647136,2.6123935075542297,1.1368683772161603e-15,3.7987012618307303,600.001185346659,1.4760359515624961,0.0011853466589855088,1.4760359515624961,12.0,0.0,7.427253214741744e-14,-0.2815754062048695,False,True,False,650.0,0.0,0.0,5.0,data/doe.npz,82,4,40
doe_0083,doe,T002,424.26406871192853,424.2640687119285,600.0,45.0,230.0,5.315854458254875,2.6087087672628897,0.1386751613074301,2.612392055499737,1.9895196601282807e-15,3.7986971212398033,423.2212093915082,425.30862640539743,-1.042859320420348,1.0445576934689598,12.0,0.0,7.440339843102722e-14,-0.2815754062048695,False,True,False,650.0,0.0,0.0,5.0,data/doe.npz,83,4,40
doe_0084,doe,T003,565.685424949238,-565.6854249492379,800.0,-44.99999999999999,230.0,4.192931594765732,3.4782783087098976,0.14584183015978044,3.481334513419158,1.2434497875801754e-16,5.0297164302269515,567.0781797234006,-564.2949190830315,1.3927547741625403,1.3905058662064675,16.0,0.0,7.547266704788908e-14,-0.2815754062048695,True,True,True,650.0,0.0,0.0,5.0,data/doe.npz,84,4,40
doe_0085,doe,T004,800.0,0.0,800.0,0.0,230.0,4.192551103064147,3.478278281312334,0.14582859445080093,3.481333931487711,1.3677947663381929e-15,5.029713794810026,800.0015839497704,1.968048992013296,0.0015839497704064343,1.968048992013296,16.0,0.0,7.488421697629531e-14,-0.2815754062048695,True,True,True,650.0,0.0,0.0,5.0,data/doe.npz,85,4,40
doe_0086,doe,T005,565.685424949238,565.6854249492379,800.0,44.99999999999999,230.0,4.192043976727266,3.478278351762154,0.14581095813885384,3.48133326305736,2.3447910280083307e-15,5.02971039877573,564.2949426392104,567.0781702520832,-1.3904823100276644,1.392745302845242,16.0,0.0,7.477711110080864e-14,-0.2815754062048695,True,True,True,650.0,0.0,0.0,5.0,data/doe.npz,86,4,40
doe_0087,doe,T006,707.1067811865476,-707.1067811865474,1000.0,-45.0,230.0,3.450364162044172,4.347847889385567,0.15001658539555354,4.3504352386348275,5.151434834260726e-16,6.260084492431896,708.8477232863734,-705.3686513690776,1.7409420998258156,1.7381298174698259,20.0,0.0,7.522557132441849e-14,-0.2815754062048695,True,True,True,650.0,0.0,0.0,5.0,data/doe.npz,87,4,40
doe_0088,doe,T007,1000.0,0.0,1000.0,0.0,230.0,3.450205136990183,4.347847863591443,0.15000967033814988,4.35043497424838,2.1316282072803005e-15,6.260084657528017,1000.0019826839718,2.4600620469031513,0.0019826839718461997,2.4600620469031513,20.0,0.0,7.542357144414895e-14,-0.2815754062048695,True,True,True,650.0,0.0,0.0,5.0,data/doe.npz,88,4,40
doe_0089,doe,T008,707.1067811865476,707.1067811865474,1000.0,45.0,230.0,3.4499172739303594,4.347847936204688,0.14999715699535016,4.350434615205616,2.930988785010413e-15,6.260080527590733,705.3686757842702,708.8477141825003,-1.7381054022773696,1.7409329959529032,20.0,0.0,7.497917094743776e-14,-0.2815754062048695,True,True,True,650.0,0.0,0.0,5.0,data/doe.npz,89,4,40
doe_0090,doe,T000,424.26406871192853,-424.2640687119285,600.0,-45.0,230.0,5.125368754020119,2.6087087272649456,0.13370594199063346,2.6121329451883266,-3.2507330161024585e-15,3.817308009772001,425.3086358991345,-423.2211868087254,1.0445671872059847,1.0428819032030674,12.0,0.0,7.500220489058822e-14,-0.2815754062048695,False,True,False,650.0,0.0,2.0,5.0,data/doe.npz,90,4,40
doe_0091,doe,T001,600.0,0.0,600.0,0.0,230.0,5.124485626160354,2.608708699869524,0.1336829023532084,2.6121317385813607,4.316547119742609e-15,3.8173116149018855,600.0011854083493,1.4760357617631044,0.001185408349329009,1.4760357617631044,12.0,0.0,7.454010125602003e-14,-0.2815754062048695,False,True,False,650.0,0.0,2.0,5.0,data/doe.npz,91,4,40
doe_0092,doe,T002,424.26406871192853,424.2640687119285,600.0,45.0,230.0,5.123474668667958,2.608708768088526,0.1336565329123356,2.612130457287253,4.583000645652646e-15,3.817287210014858,423.22120948193066,425.30862658331444,-1.0428592299978732,1.0445578713859618,12.0,0.0,7.437481134345501e-14,-0.2815754062048695,False,True,False,650.0,0.0,2.0,5.0,data/doe.npz,92,4,40
doe_0093,doe,T003,565.685424949238,-565.6854249492379,800.0,-44.99999999999999,230.0,4.031664419569233,3.4782783079130803,0.14023250895372644,3.4811040371921136,-3.2507330161024585e-15,5.049376387951411,567.0781795427029,-564.2949190048002,1.3927545934648151,1.3905059444376775,16.0,0.0,7.551214790414892e-14,-0.2815754062048695,True,True,True,650.0,0.0,2.0,5.0,data/doe.npz,93,4,40
doe_0094,doe,T004,800.0,0.0,800.0,0.0,230.0,4.031316914982798,3.4782782816246436,0.14022042071730725,3.4811035238742316,4.245492846166599e-15,5.0493837532659525,800.0015840220526,1.9680488088409405,0.0015840220526115445,1.9680488088409405,16.0,0.0,7.519506722543357e-14,-0.2815754062048695,True,True,True,650.0,0.0,2.0,5.0,data/doe.npz,94,4,40
doe_0095,doe,T005,565.685424949238,565.6854249492379,800.0,44.99999999999999,230.0,4.030836622048951,3.478278352559137,0.1402037176517546,3.481102921879689,6.0751403907488565e-15,5.049365726766598,564.2949427174867,567.0781704327894,-1.3904822317513208,1.3927454835514936,16.0,0.0,7.485033668198272e-14,-0.2815754062048695,True,True,True,650.0,0.0,2.0,5.0,data/doe.npz,95,4,40
doe_0096,doe,T006,707.1067811865476,-707.1067811865474,1000.0,-45.0,230.0,3.3148856906031634,4.347847888616524,0.14412618750894093,4.3502361043020645,-4.245492846166599e-15,6.280257643373643,708.847723107478,-705.368651298092,1.7409419209304815,1.7381298884554326,20.0,0.0,7.560377122100765e-14,-0.2815754062048695,True,True,True,650.0,0.0,2.0,5.0,data/doe.npz,96,4,40
doe_0097,doe,T007,1000.0,0.0,1000.0,0.0,230.0,3.314740684349356,4.347847863920754,0.14411988203899564,4.350235870553672,4.7606363295926715e-15,6.28026657469577,1000.001982760149,2.4600618701403385,0.0019827601489623703,2.4600618701403385,20.0,0.0,7.557137176245687e-14,-0.2815754062048695,True,True,True,650.0,0.0,2.0,5.0,data/doe.npz,97,4,40
doe_0098,doe,T008,707.1067811865476,707.1067811865474,1000.0,45.0,230.0,3.314461279255058,4.347847936973872,0.1441077363518888,4.350235541049432,7.22977233635902e-15,6.280251004565169,705.3686758552832,708.847714361414,-1.7381053312643644,1.7409331748665409,20.0,0.0,7.494526218936965e-14,-0.2815754062048695,True,True,True,650.0,0.0,2.0,5.0,data/doe.npz,98,4,40
doe_0099,doe,T000,424.26406871192853,-424.2640687119285,600.0,-45.0,230.0,4.98734297773651,2.6087087263458724,0.1301052514730104,2.6119511132795616,3.552713678800501e-17,3.8346737343635513,425.30863568364833,-423.22118672559026,1.044566971719803,1.042881986338216,12.0,0.0,7.538144740687521e-14,-0.2815754062048695,True,True,True,650.0,0.0,5.0,5.0,data/doe.npz,99,4,40
doe_0100,doe,T001,600.0,0.0,600.0,0.0,230.0,4.986523606666423,2.6087087002728557,0.13008387516826678,2.6119500225060253,8.881784197001252e-16,3.834678422928287,600.0011855016356,1.4760355504983802,0.0011855016356321357,1.4760355504983802,12.0,0.0,7.46441231694994e-14,-0.2815754062048695,True,True,True,650.0,0.0,5.0,5.0,data/doe.npz,100,4,40
doe_0101,doe,T002,424.26406871192853,424.2640687119285,600.0,45.0,230.0,4.98557147792894,2.6087087690075603,0.1300590403298721,2.6119488543825313,1.7408297026122454e-15,3.834645021269653,423.22120956513044,425.3086267987237,-1.0428591467980937,1.0445580867952344,12.0,0.0,7.478122731377036e-14,-0.2815754062048695,True,True,True,650.0,0.0,5.0,5.0,data/doe.npz,101,4,40
doe_0102,doe,T003,565.685424949238,-565.6854249492379,800.0,-44.99999999999999,230.0,3.9166650228502973,3.4782783069931047,0.1362325098473884,3.480945196888286,3.1974423109204507e-16,5.06764923736675,567.0781793192417,-564.2949189293853,1.3927543700036722,1.390506019852637,16.0,0.0,7.567138091422489e-14,-0.2815754062048695,True,True,True,650.0,0.0,5.0,5.0,data/doe.npz,102,4,40
doe_0103,doe,T004,800.0,0.0,800.0,0.0,230.0,3.916339080274155,3.4782782820766247,0.13622117168165537,3.480944728157436,1.2789769243681803e-15,5.0676629136164575,800.0015841265284,1.9680485974064876,0.001584126528427987,1.9680485974064876,16.0,0.0,7.534807729604408e-14,-0.2815754062048695,True,True,True,650.0,0.0,5.0,5.0,data/doe.npz,103,4,40
doe_0104,doe,T005,565.685424949238,565.6854249492379,800.0,44.99999999999999,230.0,3.9158762977236963,3.4782783534791406,0.13620507761274372,3.4809441696187715,3.1086244689504383e-15,5.067634818816904,564.2949427929351,567.0781706562266,-1.3904821563029373,1.3927457069886486,16.0,0.0,7.53153754841203e-14,-0.2815754062048695,True,True,True,650.0,0.0,5.0,5.0,data/doe.npz,104,4,40
doe_0105,doe,T006,707.1067811865476,-707.1067811865474,1000.0,-45.0,230.0,3.2185551712385303,4.347847887702299,0.13993788302722757,4.350099358775204,2.1316282072803005e-16,6.29900959064557,708.8477228817059,-705.3686512268742,1.7409416951583125,1.7381299596731878,20.0,0.0,7.592207276621455e-14,-0.2815754062048695,True,True,True,650.0,0.0,5.0,5.0,data/doe.npz,105,4,40
doe_0106,doe,T007,1000.0,0.0,1000.0,0.0,230.0,3.2184187808735762,4.347847864392975,0.1399319522314342,4.350099144522453,1.5631940186722204e-15,6.299024143079062,1000.0019828692768,2.4600616600530416,0.0019828692768442124,2.4600616600530416,20.0,0.0,7.571514466705849e-14,-0.2815754062048695,True,True,True,650.0,0.0,5.0,5.0,data/doe.npz,106,4,40
doe_0107,doe,T008,707.1067811865476,707.1067811865474,1000.0,45.0,230.0,3.2181443551092572,4.347847937888147,0.13992002298188166,4.3500988340985876,3.2862601528904635e-15,6.299000894516845,705.3686759265223,708.8477145871815,-1.738105260025236,1.7409334006340487,20.0,0.0,7.542320965603266e-14,-0.2815754062048695,True,True,True,650.0,0.0,5.0,5.0,data/doe.npz,107,4,40
doe_0108,doe,T000,424.26406871192853,-424.2640687119285,600.0,-45.0,230.0,4.514296620789899,2.6087087326588247,0.11776485016466834,2.61136551154263,1.4015455462867976e-14,3.759319980533704,425.30863500065624,-423.2211894704295,1.044566288727708,1.0428792414989516,12.0,0.0,7.518916545528491e-14,-0.2815754062048695,True,True,True,650.0,2.0,0.0,5.0,data/doe.npz,108,4,40
doe_0109,doe,T001,600.0,0.0,600.0,0.0,230.0,4.51333407002987,2.608708710833357,0.11773973903387891,2.6113643573893444,-6.394884621840901e-16,3.7593116749918316,600.0011879269789,1.4760370055265148,0.0011879269789005775,1.4760370055265148,12.0,0.0,7.41989470255424e-14,-0.2815754062048695,True,True,True,650.0,2.0,0.0,5.0,data/doe.npz,109,4,40
doe_0110,doe,T002,424.26406871192853,424.2640687119285,600.0,45.0,230.0,4.512270657839433,2.6087087626954006,0.11771200004759066,2.611363158634288,3.002043058586423e-15,3.7593161322937707,423.2212068207133,425.3086274815529,-1.0428618912152388,1.044558769624416,12.0,0.0,7.444402810731827e-14,-0.2815754062048695,True,True,True,650.0,2.0,0.0,5.0,data/doe.npz,110,4,40
doe_0111,doe,T003,565.685424949238,-565.6854249492379,800.0,-44.99999999999999,230.0,3.5890671283452633,3.478278313408265,0.12483774357889808,3.4805178738946103,1.1652900866465642e-14,4.989412640176943,567.078178619733,-564.2949217241501,1.3927536704949262,1.3905032250878548,16.0,0.0,7.576165650652787e-14,-0.2815754062048695,True,True,True,650.0,2.0,0.0,5.0,data/doe.npz,111,4,40
doe_0112,doe,T004,800.0,0.0,800.0,0.0,230.0,3.588677959252213,3.47827829284037,0.1248242064566165,3.4805173677093273,3.1974423109204507e-16,4.989408219388741,800.0015865985581,1.9680500767816218,0.001586598558105834,1.9680500767816218,16.0,0.0,7.505624888830181e-14,-0.2815754062048695,True,True,True,650.0,2.0,0.0,5.0,data/doe.npz,112,4,40
doe_0113,doe,T005,565.685424949238,565.6854249492379,800.0,44.99999999999999,230.0,3.5881813534263625,3.478278347064262,0.12480693506962656,3.480516802418138,4.121147867408581e-15,4.989410175069439,564.2949399983584,567.0781713556399,-1.3904849508796815,1.3927464064020114,16.0,0.0,7.473738174094752e-14,-0.2815754062048695,True,True,True,650.0,2.0,0.0,5.0,data/doe.npz,113,4,40
doe_0114,doe,T006,707.1067811865476,-707.1067811865474,1000.0,-45.0,230.0,2.9688118915032,4.347847894167036,0.12907942530650243,4.349763599056058,1.049826892085548e-14,6.219335985535477,708.8477221742598,-705.3686540457811,1.7409409877122926,1.7381271407663235,20.0,0.0,7.555642405855912e-14,-0.2815754062048695,True,True,True,650.0,2.0,0.0,5.0,data/doe.npz,114,4,40
doe_0115,doe,T007,1000.0,0.0,1000.0,0.0,230.0,2.9686421825164824,4.347847875254579,0.12907204605645403,4.349763361009352,7.815970093361102e-16,6.219334182203725,1000.0019853637845,2.460063151318402,0.00198536378445624,2.460063151318402,20.0,0.0,7.538615545275101e-14,-0.2815754062048695,True,True,True,650.0,2.0,0.0,5.0,data/doe.npz,115,4,40
doe_0116,doe,T008,707.1067811865476,707.1067811865474,1000.0,45.0,230.0,2.968362331197162,4.3478479314235585,0.12905988021411194,4.34976305600933,5.950795411990839e-15,6.21933390741069,705.3686731077173,708.8477152945745,-1.738108078830237,1.7409341080270906,20.0,0.0,7.482806555497981e-14,-0.2815754062048695,True,True,True,650.0,2.0,0.0,5.0,data/doe.npz,116,4,40
doe_0117,doe,T000,424.26406871192853,-424.2640687119285,600.0,-45.0,230.0,4.279840321530835,2.6087087321020843,0.11164856818780082,2.6110968340858833,1.5312195955630158e-14,3.7785037504678636,425.3086348886646,-423.2211894014359,1.0445661767360548,1.0428793104925944,12.0,0.0,7.514090216813199e-14,-0.2815754062048695,True,True,True,650.0,2.0,2.0,5.0,data/doe.npz,117,4,40
doe_0118,doe,T001,600.0,0.0,600.0,0.0,230.0,4.278967729125586,2.608708710963438,0.11162580388901358,2.6110958396442285,2.806643806252396e-15,3.778506099757568,600.0011879572127,1.476036877501353,0.0011879572126645144,1.476036877501353,12.0,0.0,7.498718166534861e-14,-0.2815754062048695,True,True,True,650.0,2.0,2.0,5.0,data/doe.npz,118,4,40
doe_0119,doe,T002,424.26406871192853,424.2640687119285,600.0,45.0,230.0,4.277985085309245,2.608708763252305,0.11160017181108887,2.6110947961900726,4.174438572590589e-15,3.7784906539415966,423.221206889768,425.3086275935368,-1.0428618221605461,1.0445588816083387,12.0,0.0,7.445621894761867e-14,-0.2815754062048695,True,True,True,650.0,2.0,2.0,5.0,data/doe.npz,119,4,40
doe_0120,doe,T003,565.685424949238,-565.6854249492379,800.0,-44.99999999999999,230.0,3.397529774941119,3.4782783128794765,0.11817554133539983,3.4802852866103304,1.0196288258157438e-14,5.00966533085787,567.0781785074189,-564.2949216645949,1.392753558180857,1.3905032846430458,16.0,0.0,7.573957254029464e-14,-0.2815754062048695,True,True,True,650.0,2.0,2.0,5.0,data/doe.npz,120,4,40
doe_0121,doe,T004,800.0,0.0,800.0,0.0,230.0,3.3971719105150413,3.4782782930007894,0.11816309313936489,3.4802848439608987,2.966515921798418e-15,5.009670498506049,800.0015866357536,1.9680499552041502,0.0015866357535969655,1.9680499552041502,16.0,0.0,7.549774864686451e-14,-0.2815754062048695,True,True,True,650.0,2.0,2.0,5.0,data/doe.npz,121,4,40
doe_0122,doe,T005,565.685424949238,565.6854249492379,800.0,44.99999999999999,230.0,3.396698910086729,3.478278347593201,0.11814664272248093,3.4802843399228984,6.998845947236987e-15,5.00965819240038,564.294940057947,567.0781714679697,-1.3904848912910666,1.3927465187317694,16.0,0.0,7.474774901744226e-14,-0.2815754062048695,True,True,True,650.0,2.0,2.0,5.0,data/doe.npz,122,4,40
doe_0123,doe,T006,707.1067811865476,-707.1067811865474,1000.0,-45.0,230.0,2.8097542672814906,4.347847893662354,0.1221638417270864,4.349563874019304,9.07718344933528e-15,6.240110816837721,708.8477220641041,-705.368653991917,1.740940877556568,1.738127194630465,20.0,0.0,7.557868357078326e-14,-0.2815754062048695,True,True,True,650.0,2.0,2.0,5.0,data/doe.npz,123,4,40
doe_0124,doe,T007,1000.0,0.0,1000.0,0.0,230.0,2.809598075815566,4.347847875426049,0.12215705024735823,4.349563664870518,3.481659405224491e-15,6.2401174064361165,1000.0019854035081,2.46006303529768,0.0019854035081152688,2.46006303529768,20.0,0.0,7.587935050610451e-14,-0.2815754062048695,True,True,True,650.0,2.0,2.0,5.0,data/doe.npz,124,4,40
doe_0125,doe,T008,707.1067811865476,707.1067811865474,1000.0,45.0,230.0,2.8093247656738636,4.347847931928362,0.12214516872550236,4.349563387508784,8.775202786637238e-15,6.24010602670755,705.368673161602,708.8477154047488,-1.738108024945518,1.740934218201346,20.0,0.0,7.524862547316683e-14,-0.2815754062048695,True,True,True,650.0,2.0,2.0,5.0,data/doe.npz,125,4,40
doe_0126,doe,T000,424.26406871192853,-424.2640687119285,600.0,-45.0,230.0,4.116554565219228,2.608708731498383,0.10738891837976929,2.6109181629225007,1.552535877635819e-14,3.7964631787147463,425.308634757664,-423.2211893362324,1.0445660457354506,1.0428793756960886,12.0,0.0,7.546494022086695e-14,-0.2815754062048695,True,True,True,650.0,2.0,5.0,5.0,data/doe.npz,126,4,40
doe_0127,doe,T001,600.0,0.0,600.0,0.0,230.0,4.115741365710217,2.608708711163368,0.1073677035362366,2.6109172700681036,2.486899575160351e-16,3.7964705590106744,600.001188003538,1.4760367387003674,0.0011880035380045229,1.4760367387003674,12.0,0.0,7.492753270947915e-14,-0.2815754062048695,True,True,True,650.0,2.0,5.0,5.0,data/doe.npz,127,4,40
doe_0128,doe,T002,424.26406871192853,424.2640687119285,600.0,45.0,230.0,4.114811655680414,2.6087087638560407,0.10734345227790482,2.6109163255147063,2.6822988274943782e-15,3.7964424586314487,423.22120695502497,425.30862772449535,-1.0428617569035623,1.0445590125668787,12.0,0.0,7.495501610670255e-14,-0.2815754062048695,True,True,True,650.0,2.0,5.0,5.0,data/doe.npz,128,4,40
doe_0129,doe,T003,565.685424949238,-565.6854249492379,800.0,-44.99999999999999,230.0,3.2647391459809763,3.4782783122835985,0.11355671366728907,3.4801315138285696,1.2345680033831741e-14,5.02856389447645,567.0781783729046,-564.294921605473,1.3927534236665906,1.3905033437649763,16.0,0.0,7.568522225937968e-14,-0.2815754062048695,True,True,True,650.0,2.0,5.0,5.0,data/doe.npz,129,4,40
doe_0130,doe,T004,800.0,0.0,800.0,0.0,230.0,3.2644012783697183,3.4782782932305114,0.11354496106947325,3.4801311111972844,6.572520305780927e-16,5.028573884155344,800.0015866889269,1.968049818225147,0.0015866889268636442,1.968049818225147,16.0,0.0,7.54509544216928e-14,-0.2815754062048695,True,True,True,650.0,2.0,5.0,5.0,data/doe.npz,130,4,40
doe_0131,doe,T005,565.685424949238,565.6854249492379,800.0,44.99999999999999,230.0,3.263942848485677,3.478278348189141,0.11352901739614521,3.480130645860303,3.907985046680551e-15,5.028553003569768,564.2949401170976,567.078171602475,-1.390484832140487,1.3927466532370545,16.0,0.0,7.522248694288561e-14,-0.2815754062048695,True,True,True,650.0,2.0,5.0,5.0,data/doe.npz,131,4,40
doe_0132,doe,T006,707.1067811865476,-707.1067811865474,1000.0,-45.0,230.0,2.699775176638702,4.3478478930756905,0.1173821181352663,4.349432200957713,1.0924594562311541e-14,6.259491989059127,708.8477219291849,-705.3686539362074,1.740940742637349,1.738127250340085,20.0,0.0,7.579516944454607e-14,-0.2815754062048695,True,True,True,650.0,2.0,5.0,5.0,data/doe.npz,132,4,40
doe_0133,doe,T007,1000.0,0.0,1000.0,0.0,230.0,2.6996272471158953,4.34784787566768,0.11737568591467434,4.349432009785385,1.1368683772161603e-15,6.259502943438401,1000.0019854594153,2.460062900454433,0.001985459415323021,2.460062900454433,20.0,0.0,7.609118920093284e-14,-0.2815754062048695,True,True,True,650.0,2.0,5.0,5.0,data/doe.npz,133,4,40
doe_0134,doe,T008,707.1067811865476,707.1067811865474,1000.0,45.0,230.0,2.6993572774485624,4.347847932515086,0.11736394957874284,4.349431749732926,5.3823612233827586e-15,6.259485130286375,705.3686732173301,708.8477155396698,-1.7381079692174808,1.740934353122384,20.0,0.0,7.535188857954211e-14,-0.2815754062048695,True,True,True,650.0,2.0,5.0,5.0,data/doe.npz,134,4,40
doe_0135,doe,T000,424.26406871192853,-424.2640687119285,600.0,-45.0,230.0,3.930947860793167,2.6087087359878804,0.10254698025164007,2.610723497253237,5.151434834260726e-16,3.725551701173374,425.30863397090405,-423.2211915907736,1.044565258975524,1.042877121154845,12.0,0.0,7.536266385077678e-14,-0.2815754062048695,True,True,True,650.0,5.0,0.0,5.0,data/doe.npz,135,4,40
doe_0136,doe,T001,600.0,0.0,600.0,0.0,230.0,3.9299622909891383,2.6087087205290382,0.10252126899853643,2.610722471978844,8.171241461241152e-16,3.7255459972796157,600.0011901551017,1.476037774046414,0.001190155101653545,1.476037774046414,12.0,0.0,7.453741681883917e-14,-0.2815754062048695,True,True,True,650.0,5.0,0.0,5.0,data/doe.npz,136,4,40
doe_0137,doe,T002,424.26406871192853,424.2640687119285,600.0,45.0,230.0,3.9289004321252015,2.608708759366712,0.10249356971964674,2.610721423165476,2.078337502098293e-15,3.725553591004248,423.22120470075816,425.3086285110374,-1.0428640111703658,1.0445597991089244,12.0,0.0,7.462674121538279e-14,-0.2815754062048695,True,True,True,650.0,5.0,0.0,5.0,data/doe.npz,137,4,40
doe_0138,doe,T003,565.685424949238,-565.6854249492379,800.0,-44.99999999999999,230.0,3.156271691853543,3.4782783168014912,0.10978391387708537,3.4800104535155403,2.842170943040401e-16,4.954953500635896,567.0781775625815,-564.2949238929527,1.3927526133434185,1.3905010562851885,16.0,0.0,7.557392497357589e-14,-0.2815754062048695,True,True,True,650.0,5.0,0.0,5.0,data/doe.npz,138,4,40
doe_0139,doe,T004,800.0,0.0,800.0,0.0,230.0,3.1558607594171977,3.478278302769076,0.10976962006041178,3.4800099884740208,1.5099033134902129e-15,4.954950361315389,800.0015888802387,1.9680508608166205,0.001588880238728052,1.9680508608166205,16.0,0.0,7.504410775600554e-14,-0.2815754062048695,True,True,True,650.0,5.0,0.0,5.0,data/doe.npz,139,4,40
doe_0140,doe,T005,565.685424949238,565.6854249492379,800.0,44.99999999999999,230.0,3.155365893301234,3.4782783436712292,0.10975240853028505,3.4800094863845525,2.7000623958883807e-15,4.954953746628825,564.2949378297363,567.0781724126745,-1.3904871195016995,1.3927474634365353,16.0,0.0,7.474463338557713e-14,-0.2815754062048695,True,True,True,650.0,5.0,0.0,5.0,data/doe.npz,140,4,40
doe_0141,doe,T006,707.1067811865476,-707.1067811865474,1000.0,-45.0,230.0,2.6261252513245394,4.347847897605178,0.11417993152819268,4.349346960949477,8.881784197001253e-17,6.18453097339005,708.8477211066894,-705.3686562396997,1.740939920141841,1.7381249468477336,20.0,0.0,7.553269054083824e-14,-0.2815754062048695,True,True,True,650.0,5.0,0.0,5.0,data/doe.npz,141,4,40
doe_0142,doe,T007,1000.0,0.0,1000.0,0.0,230.0,2.6259383865502217,4.347847885292312,0.11417180660870287,4.349346735175044,1.4210854715202005e-15,6.184529862666489,1000.0019876705148,2.460063946131698,0.0019876705148362817,2.460063946131698,20.0,0.0,7.560508263471021e-14,-0.2815754062048695,True,True,True,650.0,5.0,0.0,5.0,data/doe.npz,142,4,40
doe_0143,doe,T008,707.1067811865476,707.1067811865474,1000.0,45.0,230.0,2.625664091847147,4.347847927985575,0.11415988181323745,4.349346464673317,3.517186542012496e-15,6.184530365986676,705.3686709139005,708.8477163620952,-1.7381102726470772,1.7409351755477473,20.0,0.0,7.527853904605853e-14,-0.2815754062048695,True,True,True,650.0,5.0,0.0,5.0,data/doe.npz,143,4,40
doe_0144,doe,T000,424.26406871192853,-424.2640687119285,600.0,-45.0,230.0,3.6482124537785046,2.6087087356387753,0.09517123697638157,2.610444188524768,-1.4210854715202005e-15,3.745472789566828,425.3086339052448,-423.2211915429231,1.0445651933162594,1.0428771690053509,12.0,0.0,7.534264464135872e-14,-0.2815754062048695,True,True,True,650.0,5.0,2.0,5.0,data/doe.npz,144,4,40
doe_0145,doe,T001,600.0,0.0,600.0,0.0,230.0,3.647309794717937,2.608708720582458,0.09514768868146498,2.610443315021046,4.298783551348606e-15,3.745476679802822,600.0011901675858,1.4760376937541644,0.0011901675858325689,1.4760376937541644,12.0,0.0,7.484814562707003e-14,-0.2815754062048695,True,True,True,650.0,5.0,2.0,5.0,data/doe.npz,145,4,40
doe_0146,doe,T002,424.26406871192853,424.2640687119285,600.0,45.0,230.0,3.6463204636724096,2.6087087597159604,0.09512188134313777,2.610442413566976,3.641531520770513e-15,3.7454653463524465,423.2212047486553,425.30862857669655,-1.0428639632732484,1.0445598647680754,12.0,0.0,7.47050106874779e-14,-0.2815754062048695,True,True,True,650.0,5.0,2.0,5.0,data/doe.npz,146,4,40
doe_0147,doe,T003,565.685424949238,-565.6854249492379,800.0,-44.99999999999999,230.0,2.9303027989837407,3.478278316474878,0.10192408686410788,3.4797713690138417,-1.5276668818842154e-15,4.9759608680590235,567.0781774972041,-564.2949238521526,1.3927525479660972,1.3905010970853482,16.0,0.0,7.553425871832376e-14,-0.2815754062048695,True,True,True,650.0,5.0,2.0,5.0,data/doe.npz,147,4,40
doe_0148,doe,T004,800.0,0.0,800.0,0.0,230.0,2.929919872706936,3.478278302843528,0.10191076722306606,3.4797709651530693,4.352074256530614e-15,4.9759664106306625,800.0015888975474,1.9680507857102734,0.0015888975474354083,1.9680507857102734,16.0,0.0,7.535827405533673e-14,-0.2815754062048695,True,True,True,650.0,5.0,2.0,5.0,data/doe.npz,148,4,40
doe_0149,doe,T005,565.685424949238,565.6854249492379,800.0,44.99999999999999,230.0,2.929444403919897,3.478278343997961,0.10189423030100593,3.4797705219023967,5.133671265866724e-15,4.975956368856008,564.2949378705621,567.0781724780644,-1.3904870786759602,1.392747528826476,16.0,0.0,7.494292145896501e-14,-0.2815754062048695,True,True,True,650.0,5.0,2.0,5.0,data/doe.npz,149,4,40
doe_0150,doe,T006,707.1067811865476,-707.1067811865474,1000.0,-45.0,230.0,2.440472602205558,4.347847897296693,0.10610803671909624,4.3491425443143825,-2.5934809855243656e-15,6.206074627064887,708.8477210430001,-705.3686562031144,1.7409398564525418,1.7381249834330674,20.0,0.0,7.548358212876562e-14,-0.2815754062048695,True,True,True,650.0,5.0,2.0,5.0,data/doe.npz,150,4,40
doe_0151,doe,T007,1000.0,0.0,1000.0,0.0,230.0,2.4402977820587,4.3478478853746685,0.10610043551408414,4.349142346767723,4.263256414560601e-15,6.206081145689942,1000.0019876896315,2.4600638752027955,0.0019876896315054182,2.4600638752027955,20.0,0.0,7.614092071291556e-14,-0.2815754062048695,True,True,True,650.0,5.0,2.0,5.0,data/doe.npz,151,4,40
doe_0152,doe,T008,707.1067811865476,707.1067811865474,1000.0,45.0,230.0,2.4400277797193475,4.347847928294156,0.10608869727032955,4.34914210315283,6.483702463810914e-15,6.206071253088798,705.3686709505009,708.8477164257998,-1.738110236046623,1.7409352392523942,20.0,0.0,7.519999502592784e-14,-0.2815754062048695,True,True,True,650.0,5.0,2.0,5.0,data/doe.npz,152,4,40
doe_0153,doe,T000,424.26406871192853,-424.2640687119285,600.0,-45.0,230.0,3.4523679780195082,2.6087087352725913,0.09006222501634864,2.610262918331743,4.440892098500626e-16,3.7639117803910596,425.30863383132385,-423.2211914978065,1.0445651193953154,1.0428772141219724,12.0,0.0,7.532804641349035e-14,-0.2815754062048695,True,True,True,650.0,5.0,5.0,5.0,data/doe.npz,153,4,40
doe_0154,doe,T001,600.0,0.0,600.0,0.0,230.0,3.451517837847088,2.6087087206695707,0.0900400468313828,2.6102621385671747,1.2079226507921704e-15,3.7639187235864364,600.0011901878289,1.4760376095473933,0.0011901878289108936,1.4760376095473933,12.0,0.0,7.48890551369322e-14,-0.2815754062048695,True,True,True,650.0,5.0,5.0,5.0,data/doe.npz,154,4,40
doe_0155,doe,T002,424.26406871192853,424.2640687119285,600.0,45.0,230.0,3.4505733623729826,2.6087087600822025,0.090015409577287,2.610261328173851,1.829647544582258e-15,3.76389682778357,423.2212047938138,425.30862865059515,-1.0428639181147332,1.04455993866668,12.0,0.0,7.519511870913094e-14,-0.2815754062048695,True,True,True,650.0,5.0,5.0,5.0,data/doe.npz,155,4,40
doe_0156,doe,T003,565.685424949238,-565.6854249492379,800.0,-44.99999999999999,230.0,2.774778666271136,3.4782783161181254,0.09651452466918066,3.4796171234556126,-1.7763568394002505e-17,4.995330510337184,567.0781774217211,-564.2949238116812,1.3927524724830391,1.3905011375567256,16.0,0.0,7.602874402624293e-14,-0.2815754062048695,True,True,True,650.0,5.0,5.0,5.0,data/doe.npz,156,4,40
doe_0157,doe,T004,800.0,0.0,800.0,0.0,230.0,2.7744128068355747,3.4782783029499287,0.09650179869442592,3.479616757207975,1.2434497875801752e-15,4.995339264393958,800.0015889222212,1.9680507036864354,0.0015889222212308596,1.9680507036864354,16.0,0.0,7.556333154162778e-14,-0.2815754062048695,True,True,True,650.0,5.0,5.0,5.0,data/doe.npz,157,4,40
doe_0158,doe,T005,565.685424949238,565.6854249492379,800.0,44.99999999999999,230.0,2.7739480043340934,3.4782783443547767,0.09648563271841426,3.479616350176687,2.3980817331903383e-15,4.995322299335781,564.2949379110568,567.0781725535453,-1.390487038181277,1.3927476043073739,16.0,0.0,7.516648147849671e-14,-0.2815754062048695,True,True,True,650.0,5.0,5.0,5.0,data/doe.npz,158,4,40
doe_0159,doe,T006,707.1067811865476,-707.1067811865474,1000.0,-45.0,230.0,2.3131732716183127,4.347847896948512,0.10057325544283188,4.349011032211803,6.217248937900876e-16,6.225926110690874,708.8477209676867,-705.3686561652673,1.7409397811391045,1.7381250212800978,20.0,0.0,7.603060676203131e-14,-0.2815754062048695,True,True,True,650.0,5.0,5.0,5.0,data/doe.npz,159,4,40
doe_0160,doe,T007,1000.0,0.0,1000.0,0.0,230.0,2.313005533900791,4.347847885488724,0.10056596219694272,4.349010851908514,1.6342482922482305e-15,6.225935651831915,1000.0019877160611,2.460063795160117,0.0019877160610803912,2.460063795160117,20.0,0.0,7.601971498259613e-14,-0.2815754062048695,True,True,True,650.0,5.0,5.0,5.0,data/doe.npz,160,4,40
doe_0161,doe,T008,707.1067811865476,707.1067811865474,1000.0,45.0,230.0,2.3127368345502304,4.34784792864239,0.10055428055594177,4.349010624759758,3.4283687000424833e-15,6.225920679738546,705.3686709883632,708.847716501116,-1.7381101981843585,1.74093531456856,20.0,0.0,7.582183848958236e-14,-0.2815754062048695,True,True,True,650.0,5.0,5.0,5.0,data/doe.npz,161,4,40
doe_0162,doe,T000,424.26406871192853,-424.2640687119285,600.0,-45.0,230.0,4.459395495629358,2.6087087317102715,0.1163326396759776,2.6113013127747644,1.4210854715202004e-16,3.77892620035307,425.30863533979425,-423.2211888203219,1.04456662786572,1.0428798916065602,12.0,0.0,7.293064323876646e-14,-0.2815754062048695,True,True,True,800.0,0.0,0.0,5.0,data/doe.npz,162,4,40
doe_0163,doe,T001,600.0,0.0,600.0,0.0,230.0,4.458629043572244,2.6087087077886424,0.11631264410766258,2.6113003981304765,1.0658141036401502e-15,3.77891939026781,600.0011872272313,1.4760367864790032,0.0011872272312984933,1.4760367864790032,12.0,0.0,7.233171469719958e-14,-0.2815754062048695,True,True,True,800.0,0.0,0.0,5.0,data/doe.npz,163,4,40
doe_0164,doe,T002,424.26406871192853,424.2640687119285,600.0,45.0,230.0,4.457742753506502,2.6087087636437336,0.1162895258714176,2.611299424273466,1.9539925233402757e-15,3.7789177475344466,423.2212074707654,425.3086271423988,-1.0428612411631093,1.0445584304703175,12.0,0.0,7.258340981632276e-14,-0.2815754062048695,True,True,True,800.0,0.0,0.0,5.0,data/doe.npz,164,4,40
doe_0165,doe,T003,565.685424949238,-565.6854249492379,800.0,-44.99999999999999,230.0,3.507890835188391,3.478278312438866,0.1220142061443884,3.4804177379181453,2.1316282072803005e-16,5.009565949728602,567.078178956601,-564.294921069526,1.3927540073630098,1.3905038797119005,16.0,0.0,7.335437431772862e-14,-0.2815754062048695,True,True,True,800.0,0.0,0.0,5.0,data/doe.npz,165,4,40
doe_0166,doe,T004,800.0,0.0,800.0,0.0,230.0,3.5075971857595847,3.478278289788905,0.12200399140552225,3.48041735710823,1.794120407794253e-15,5.009563380962797,800.0015858972704,1.9680498527078643,0.001585897270388159,1.9680498527078643,16.0,0.0,7.27421263852726e-14,-0.2815754062048695,True,True,True,800.0,0.0,0.0,5.0,data/doe.npz,166,4,40
doe_0167,doe,T005,565.685424949238,565.6854249492379,800.0,44.99999999999999,230.0,3.5071787246272077,3.478278348033669,0.12198943820555154,3.4804169051109537,2.877698079828406e-15,5.009561415394117,564.2949406529797,567.0781710187769,-1.3904842962583643,1.39274606953893,16.0,0.0,7.283203466978458e-14,-0.2815754062048695,True,True,True,800.0,0.0,0.0,5.0,data/doe.npz,167,4,40
doe_0168,doe,T006,707.1067811865476,-707.1067811865474,1000.0,-45.0,230.0,2.8838579706644243,4.347847893205266,0.1253857580205653,4.349655541847104,4.618527782440651e-16,6.2397512850435195,708.8477225127068,-705.3686533920581,1.740941326159259,1.7381277944892872,20.0,0.0,7.309245773178187e-14,-0.2815754062048695,True,True,True,800.0,0.0,0.0,5.0,data/doe.npz,168,4,40
doe_0169,doe,T007,1000.0,0.0,1000.0,0.0,230.0,2.883739706962087,4.347847872201227,0.12538061548897297,4.349655372468578,2.6645352591003757e-15,6.239751289360978,1000.0019846620588,2.4600629288635973,0.001984662058816866,2.4600629288635973,20.0,0.0,7.326521675885879e-14,-0.2815754062048695,True,True,True,800.0,0.0,0.0,5.0,data/doe.npz,169,4,40
doe_0170,doe,T008,707.1067811865476,707.1067811865474,1000.0,45.0,230.0,2.8834949627334074,4.347847932385435,0.12536997611764264,4.349655125819731,3.0908609005564358e-15,6.23974815515698,705.3686737614536,708.8477149561487,-1.7381074250939719,1.7409337696012699,20.0,0.0,7.314490531035002e-14,-0.2815754062048695,True,True,True,800.0,0.0,0.0,5.0,data/doe.npz,170,4,40
doe_0171,doe,T000,424.26406871192853,-424.2640687119285,600.0,-45.0,230.0,4.311639772370448,2.6087087311879134,0.11247812319919855,2.611132434430773,-1.2789769243681803e-15,3.7929527482096965,425.30863523093933,-423.2211887593872,1.0445665190108002,1.0428799525412842,12.0,0.0,7.290846524384926e-14,-0.2815754062048695,True,True,True,800.0,0.0,2.0,5.0,data/doe.npz,171,4,40
doe_0172,doe,T001,600.0,0.0,600.0,0.0,230.0,4.31093301020263,2.6087087079339764,0.1124596848303563,2.61113161697573,1.8829382497642656e-15,3.7929513922247984,600.0011872609535,1.4760366663739184,0.0011872609535430456,1.4760366663739184,12.0,0.0,7.256270418050166e-14,-0.2815754062048695,True,True,True,800.0,0.0,2.0,5.0,data/doe.npz,172,4,40
doe_0173,doe,T002,424.26406871192853,424.2640687119285,600.0,45.0,230.0,4.3101001584643654,2.608708764166165,0.11243796057819967,2.6111307375688075,7.709388682997087e-15,3.792938062861913,423.22120753174545,425.3086272512322,-1.0428611801830812,1.0445585393037504,12.0,0.0,7.268179071342045e-14,-0.2815754062048695,True,True,True,800.0,0.0,2.0,5.0,data/doe.npz,173,4,40
doe_0174,doe,T003,565.685424949238,-565.6854249492379,800.0,-44.99999999999999,230.0,3.386681017562227,3.478278311931476,0.11779819132816717,3.4802724867380026,-1.1191048088221578e-15,5.0242978057483425,567.0781788460198,-564.2949210152073,1.3927538967817554,1.3905039340306757,16.0,0.0,7.310604639781095e-14,-0.2815754062048695,True,True,True,800.0,0.0,2.0,5.0,data/doe.npz,174,4,40
doe_0175,doe,T004,800.0,0.0,800.0,0.0,230.0,3.386407816808617,3.4782782899601576,0.11778868790156788,3.4802721430368764,2.0961010704922954e-15,5.024302780025902,800.0015859369454,1.9680497360629061,0.0015859369453892214,1.9680497360629061,16.0,0.0,7.304760448866489e-14,-0.2815754062048695,True,True,True,800.0,0.0,2.0,5.0,data/doe.npz,175,4,40
doe_0176,doe,T005,565.685424949238,565.6854249492379,800.0,44.99999999999999,230.0,3.386004500865926,3.478278348541134,0.1177746614342478,3.4802717268068464,8.86402062860725e-15,5.024290340273398,564.2949407073214,567.07817112936,-1.3904842419166243,1.392746180122117,16.0,0.0,7.285261886123427e-14,-0.2815754062048695,True,True,True,800.0,0.0,2.0,5.0,data/doe.npz,176,4,40
doe_0177,doe,T006,707.1067811865476,-707.1067811865474,1000.0,-45.0,230.0,2.7830535885641914,4.347847892711788,0.12100293680342798,4.3495314078131955,-1.5276668818842154e-15,6.254848270144242,708.8477224028699,-705.3686533415272,1.7409412163223124,1.7381278450202444,20.0,0.0,7.303120621727869e-14,-0.2815754062048695,True,True,True,800.0,0.0,2.0,5.0,data/doe.npz,177,4,40
doe_0178,doe,T007,1000.0,0.0,1000.0,0.0,230.0,2.7829440714799922,4.347847872381992,0.12099817460142363,4.349531254859324,2.2382096176443156e-15,6.254854805315872,1000.0019847039142,2.4600628154290987,0.001984703914217789,2.4600628154290987,20.0,0.0,7.338880503017771e-14,-0.2815754062048695,True,True,True,800.0,0.0,2.0,5.0,data/doe.npz,178,4,40
doe_0179,doe,T008,707.1067811865476,707.1067811865474,1000.0,45.0,230.0,2.782703220335313,4.347847932878983,0.12098770444350578,4.349531023936616,1.0889067425523535e-14,6.254843533258099,705.3686738119978,708.8477150659946,-1.7381073745497133,1.7409338794471978,20.0,0.0,7.3300301462086e-14,-0.2815754062048695,True,True,True,800.0,0.0,2.0,5.0,data/doe.npz,179,4,40
doe_0180,doe,T000,424.26406871192853,-424.2640687119285,600.0,-45.0,230.0,4.197453187321982,2.6087087305524994,0.10949932775852271,2.6110058144863086,3.375077994860476e-16,3.8067000460597544,425.3086350898326,-423.2211886939992,1.0445663779040615,1.042880017929292,12.0,0.0,7.326280770189407e-14,-0.2815754062048695,True,True,True,800.0,0.0,5.0,5.0,data/doe.npz,180,4,40
doe_0181,doe,T001,600.0,0.0,600.0,0.0,230.0,4.196790644978007,2.6087087081643197,0.1094820430189668,2.611005067261747,1.3855583347321954e-15,3.8067026882980324,600.0011873142922,1.4760365202963985,0.0011873142922240731,1.4760365202963985,12.0,0.0,7.254432484804149e-14,-0.2815754062048695,True,True,True,800.0,0.0,5.0,5.0,data/doe.npz,181,4,40
doe_0182,doe,T002,424.26406871192853,424.2640687119285,600.0,45.0,230.0,4.195997329286399,2.6087087648015594,0.10946135009993366,2.611004256225228,2.0605739337042904e-15,3.806679904643835,423.22120759717177,425.30862739229474,-1.0428611147567608,1.044558680366265,12.0,0.0,7.287244022195471e-14,-0.2815754062048695,True,True,True,800.0,0.0,5.0,5.0,data/doe.npz,182,4,40
doe_0183,doe,T003,565.685424949238,-565.6854249492379,800.0,-44.99999999999999,230.0,3.2933085801439894,3.478278311295713,0.11455043806718918,3.480164072889056,2.1316282072803005e-16,5.038707005256459,567.0781787004156,-564.294920954225,1.3927537511775654,1.3905039950129776,16.0,0.0,7.319871826684887e-14,-0.2815754062048695,True,True,True,800.0,0.0,5.0,5.0,data/doe.npz,183,4,40
doe_0184,doe,T004,800.0,0.0,800.0,0.0,230.0,3.2930499644118254,3.4782782902181415,0.11454144199817276,3.4801637556359544,1.4743761767022078e-15,5.038713316990537,800.0015859966413,1.9680495899266102,0.0015859966413245274,1.9680495899266102,16.0,0.0,7.307948820424427e-14,-0.2815754062048695,True,True,True,800.0,0.0,5.0,5.0,data/doe.npz,184,4,40
doe_0185,doe,T005,565.685424949238,565.6854249492379,800.0,44.99999999999999,230.0,3.2926572749387493,3.4782783491769242,0.11452778510679341,3.480163365018893,2.4513724383723455e-15,5.038696665764578,564.2949407683228,567.078171274954,-1.390484180915223,1.3927463257160753,16.0,0.0,7.308340418230289e-14,-0.2815754062048695,True,True,True,800.0,0.0,5.0,5.0,data/doe.npz,185,4,40
doe_0186,doe,T006,707.1067811865476,-707.1067811865474,1000.0,-45.0,230.0,2.7055484092411852,4.3478478920794235,0.11763312948038125,4.349438966274065,-7.105427357601002e-17,6.269569493726219,708.847722256053,-705.3686532828721,1.7409410695054248,1.7381279036753767,20.0,0.0,7.347563971297013e-14,-0.2815754062048695,True,True,True,800.0,0.0,5.0,5.0,data/doe.npz,186,4,40
doe_0187,doe,T007,1000.0,0.0,1000.0,0.0,230.0,2.705444751989861,4.347847872651002,0.11762862209513934,4.349438824792503,2.0605739337042904e-15,6.269577367526984,1000.0019847661441,2.4600626700896453,0.001984766144119021,2.4600626700896453,20.0,0.0,7.353166348933382e-14,-0.2815754062048695,True,True,True,800.0,0.0,5.0,5.0,data/doe.npz,187,4,40
doe_0188,doe,T008,707.1067811865476,707.1067811865474,1000.0,45.0,230.0,2.705206146251283,4.347847933511381,0.11761824952700926,4.349438604972408,3.446132268436486e-15,6.269563002502256,705.3686738706657,708.8477152128104,-1.738107315881848,1.7409340262629485,20.0,0.0,7.31427639981358e-14,-0.2815754062048695,True,True,True,800.0,0.0,5.0,5.0,data/doe.npz,188,4,40
doe_0189,doe,T000,424.26406871192853,-424.2640687119285,600.0,-45.0,230.0,3.888635267044801,2.608708734525869,0.10144316786525107,2.6106803704996935,2.0268231537556858e-14,3.7509192081966614,425.3086344792199,-423.22119060322916,1.044565767291374,1.0428781086993126,12.0,0.0,7.303387341433345e-14,-0.2815754062048695,True,True,True,800.0,2.0,0.0,5.0,data/doe.npz,189,4,40
doe_0190,doe,T001,600.0,0.0,600.0,0.0,230.0,3.88786690775862,2.608708715925126,0.1014231228862678,2.6106795730714216,-4.369837824924616e-15,3.7509133690369074,600.0011890970292,1.4760374364404003,0.0011890970291688063,1.4760374364404003,12.0,0.0,7.246327359793469e-14,-0.2815754062048695,True,True,True,800.0,2.0,0.0,5.0,data/doe.npz,190,4,40
doe_0191,doe,T002,424.26406871192853,424.2640687119285,600.0,45.0,230.0,3.88699480275183,2.6087087608285255,0.10140037395233646,2.6106787342297513,7.37188088351104e-15,3.750915521798298,423.221205688191,425.30862800276833,-1.0428630237375387,1.0445592908398567,12.0,0.0,7.242843287849125e-14,-0.2815754062048695,True,True,True,800.0,2.0,0.0,5.0,data/doe.npz,191,4,40
doe_0192,doe,T003,565.685424949238,-565.6854249492379,800.0,-44.99999999999999,230.0,3.0810559573626923,3.4782783153121577,0.10716770124757993,3.479928894704834,1.8260948309034574e-14,4.980995587201574,567.0781780748978,-564.2949228924791,1.3927531256597376,1.3905020567588053,16.0,0.0,7.357861973090148e-14,-0.2815754062048695,True,True,True,800.0,2.0,0.0,5.0,data/doe.npz,192,4,40
doe_0193,doe,T004,800.0,0.0,800.0,0.0,230.0,3.0807506794895403,3.4782782981132914,0.10715708230366244,3.4799285504195283,-3.3395508580724707e-15,4.980993081611166,800.0015878102517,1.9680505165758042,0.0015878102517490333,1.9680505165758042,16.0,0.0,7.301269392026203e-14,-0.2815754062048695,True,True,True,800.0,2.0,0.0,5.0,data/doe.npz,193,4,40
doe_0194,doe,T005,565.685424949238,565.6854249492379,800.0,44.99999999999999,230.0,3.0803364436232057,3.478278345160556,0.10714267547663477,3.479928153760617,8.757439218243234e-15,4.980993235892666,564.2949388301789,567.078171900387,-1.3904861190591191,1.3927469511490926,16.0,0.0,7.288069155355151e-14,-0.2815754062048695,True,True,True,800.0,2.0,0.0,5.0,data/doe.npz,194,4,40
doe_0195,doe,T006,707.1067811865476,-707.1067811865474,1000.0,-45.0,230.0,2.5443635528897732,4.347847896113164,0.11062505720378817,4.349255073915814,1.7426060594516458e-14,6.210906488718174,708.8477216224184,-705.3686552349224,1.7409404358708116,1.7381259516250793,20.0,0.0,7.340981972116582e-14,-0.2815754062048695,True,True,True,800.0,2.0,0.0,5.0,data/doe.npz,195,4,40
doe_0196,doe,T007,1000.0,0.0,1000.0,0.0,230.0,2.544234385811816,4.347847880613011,0.1106194408213465,4.34925491541641,-2.9842794901924207e-15,6.210906241345685,1000.0019865951213,2.460063601066748,0.0019865951212523214,2.460063601066748,20.0,0.0,7.339238691491632e-14,-0.2815754062048695,True,True,True,800.0,2.0,0.0,5.0,data/doe.npz,196,4,40
doe_0197,doe,T008,707.1067811865476,707.1067811865474,1000.0,45.0,230.0,2.54399426917747,4.3478479294776635,0.11060900215846306,4.349254698634954,9.698908343125367e-15,6.210904519209423,705.3686719186742,708.8477158463935,-1.7381092678733694,1.7409346598460615,20.0,0.0,7.286199174709827e-14,-0.2815754062048695,True,True,True,800.0,2.0,0.0,5.0,data/doe.npz,197,4,40
doe_0198,doe,T000,424.26406871192853,-424.2640687119285,600.0,-45.0,230.0,3.715170233693863,2.608708734162341,0.09691797037537127,2.6105084511841445,2.206235194535111e-14,3.7652766805741256,425.3086344069788,-423.22119055729036,1.0445656950502666,1.0428781546381174,12.0,0.0,7.300018320722955e-14,-0.2815754062048695,True,True,True,800.0,2.0,2.0,5.0,data/doe.npz,198,4,40
doe_0199,doe,T001,600.0,0.0,600.0,0.0,230.0,3.714459195350893,2.6087087160046183,0.09689942078155375,2.6105077443965956,-4.547473508864641e-15,3.7652782383234524,600.0011891155182,1.4760373528478894,0.0011891155181729118,1.4760373528478894,12.0,0.0,7.300774864319559e-14,-0.2815754062048695,True,True,True,800.0,2.0,2.0,5.0,data/doe.npz,199,4,40
doe_0200,doe,T002,424.26406871192853,424.2640687119285,600.0,45.0,230.0,3.7136369792704,2.6087087611921382,0.096877973237098,2.610506993497005,1.2008172234345693e-14,3.7652669644632395,423.2212057341647,425.30862807500233,-1.042862977763832,1.0445593630738585,12.0,0.0,7.269307079194007e-14,-0.2815754062048695,True,True,True,800.0,2.0,2.0,5.0,data/doe.npz,200,4,40
doe_0201,doe,T003,565.685424949238,-565.6854249492379,800.0,-44.99999999999999,230.0,2.941291724581876,3.4782783149634517,0.10230631223594593,3.4797825770047655,1.9024781749976684e-14,4.9960816857736114,567.078178002078,-564.2949228519547,1.3927530528399075,1.3905020972832745,16.0,0.0,7.338594390142603e-14,-0.2815754062048695,True,True,True,800.0,2.0,2.0,5.0,data/doe.npz,201,4,40
doe_0202,doe,T004,800.0,0.0,800.0,0.0,230.0,2.9410058461155177,3.47827829821141,0.10229636809456491,3.4797822678222055,-3.446132268436486e-15,4.9960857698141075,800.0015878330165,1.9680504364026146,0.0015878330165151056,1.9680504364026146,16.0,0.0,7.340845713934397e-14,-0.2815754062048695,True,True,True,800.0,2.0,2.0,5.0,data/doe.npz,202,4,40
doe_0203,doe,T005,565.685424949238,565.6854249492379,800.0,44.99999999999999,230.0,2.940604696548215,3.4782783455093393,0.10228241638706718,3.4797819048970293,1.3518075547835907e-14,4.99607640463014,564.2949388707209,567.078171973214,-1.3904860785171422,1.392747023976085,16.0,0.0,7.303543202275739e-14,-0.2815754062048695,True,True,True,800.0,2.0,2.0,5.0,data/doe.npz,203,4,40
doe_0204,doe,T006,707.1067811865476,-707.1067811865474,1000.0,-45.0,230.0,2.429128750830529,4.347847895776911,0.10561482327869712,4.349130522430393,1.6697754290362355e-14,6.226360302288276,708.8477215505405,-705.3686551975123,1.7409403639929906,1.7381259890350975,20.0,0.0,7.32990942710467e-14,-0.2815754062048695,True,True,True,800.0,2.0,2.0,5.0,data/doe.npz,204,4,40
doe_0205,doe,T007,1000.0,0.0,1000.0,0.0,230.0,2.429008002236635,4.347847880717921,0.10560957294771424,4.349130379718931,-2.1316282072803005e-15,6.226365796043204,1000.0019866194407,2.4600635237663924,0.0019866194406858995,2.4600635237663924,20.0,0.0,7.379313579564475e-14,-0.2815754062048695,True,True,True,800.0,2.0,2.0,5.0,data/doe.npz,205,4,40
doe_0206,doe,T008,707.1067811865476,707.1067811865474,1000.0,45.0,230.0,2.4287705316571815,4.347847929813975,0.10559924928058864,4.349130177972299,1.5436540934388176e-14,6.22635672009904,705.3686719560952,708.8477159182794,-1.7381092304523236,1.7409347317319543,20.0,0.0,7.318505295711718e-14,-0.2815754062048695,True,True,True,800.0,2.0,2.0,5.0,data/doe.npz,206,4,40
doe_0207,doe,T000,424.26406871192853,-424.2640687119285,600.0,-45.0,230.0,3.5827186907716504,2.6087087337274633,0.09346269539104626,2.6103824539935157,2.2151169787321124e-14,3.779286457889017,425.30863431515724,-423.22119050776314,1.0445656032287047,1.0428782041653335,12.0,0.0,7.305923319510635e-14,-0.2815754062048695,True,True,True,800.0,2.0,5.0,5.0,data/doe.npz,207,4,40
doe_0208,doe,T001,600.0,0.0,600.0,0.0,230.0,3.5820494135204703,2.6087087161329587,0.09344523526669804,2.6103818112849426,-4.050093593832571e-15,3.7792885942430585,600.0011891452825,1.47603725285644,0.0011891452825238957,1.47603725285644,12.0,0.0,7.274905948706684e-14,-0.2815754062048695,True,True,True,800.0,2.0,5.0,5.0,data/doe.npz,208,4,40
doe_0209,doe,T002,424.26406871192853,424.2640687119285,600.0,45.0,230.0,3.5812631684666014,2.608708761627041,0.09342472605271042,2.610381122615171,7.034373084024992e-15,3.7792711734168445,423.22120578372625,425.3086281667977,-1.0428629282022825,1.0445594548692156,12.0,0.0,7.276688549868824e-14,-0.2815754062048695,True,True,True,800.0,2.0,5.0,5.0,data/doe.npz,209,4,40
doe_0210,doe,T003,565.685424949238,-565.6854249492379,800.0,-44.99999999999999,230.0,2.834933116122917,3.4782783145329352,0.09860686380961622,3.479675778036553,1.945110739143274e-14,5.010724826206233,567.0781779079346,-564.2949228061832,1.3927529586965193,1.3905021430547322,16.0,0.0,7.340778223143891e-14,-0.2815754062048695,True,True,True,800.0,2.0,5.0,5.0,data/doe.npz,210,4,40
doe_0211,doe,T004,800.0,0.0,800.0,0.0,230.0,2.834660903555923,3.4782782983586373,0.09859739504044253,3.4796754934622283,-2.771116669464391e-15,5.010729958415856,800.0015878671225,1.968050337430485,0.0015878671224527352,1.968050337430485,16.0,0.0,7.325153632061861e-14,-0.2815754062048695,True,True,True,800.0,2.0,5.0,5.0,data/doe.npz,211,4,40
doe_0212,doe,T005,565.685424949238,565.6854249492379,800.0,44.99999999999999,230.0,2.834268487056576,3.4782783459398985,0.09858374705108726,3.4796751542432056,8.419931418757188e-15,5.010716691520035,564.2949389165111,567.0781720673532,-1.3904860327269262,1.3927471181152669,16.0,0.0,7.309879248302502e-14,-0.2815754062048695,True,True,True,800.0,2.0,5.0,5.0,data/doe.npz,212,4,40
doe_0213,doe,T006,707.1067811865476,-707.1067811865474,1000.0,-45.0,230.0,2.3416179275561237,4.3478478953517055,0.10180998578042715,4.349039790329012,1.8189894035458565e-14,6.241313943288523,708.8477214560922,-705.3686551537787,1.7409402695446943,1.7381260327687187,20.0,0.0,7.374323901217248e-14,-0.2815754062048695,True,True,True,800.0,2.0,5.0,5.0,data/doe.npz,213,4,40
doe_0214,doe,T007,1000.0,0.0,1000.0,0.0,230.0,2.341502840267628,4.347847880872464,0.10180498162114462,4.349039658542928,-1.8829382497642656e-15,6.241320519367689,1000.0019866552261,2.4600634260241234,0.0019866552261191828,2.4600634260241234,20.0,0.0,7.34355613485565e-14,-0.2815754062048695,True,True,True,800.0,2.0,5.0,5.0,data/doe.npz,214,4,40
doe_0215,doe,T008,707.1067811865476,707.1067811865474,1000.0,45.0,230.0,2.341266517395363,4.347847930239226,0.1017947078179583,4.349039467254415,9.894307595459396e-15,6.2413086152936605,705.3686719998406,708.8477160127309,-1.7381091867069927,1.7409348261834339,20.0,0.0,7.318695259141254e-14,-0.2815754062048695,True,True,True,800.0,2.0,5.0,5.0,data/doe.npz,215,4,40
doe_0216,doe,T000,424.26406871192853,-424.2640687119285,600.0,-45.0,230.0,3.429365832222785,2.608708736830922,0.08946216608309025,2.6102422827410696,2.6645352591003756e-16,3.7251529857925982,425.3086336344415,-423.2211922037882,1.0445649225129614,1.0428765081402958,12.0,0.0,7.319633687432617e-14,-0.2815754062048695,True,True,True,800.0,5.0,0.0,5.0,data/doe.npz,216,4,40
doe_0217,doe,T001,600.0,0.0,600.0,0.0,230.0,3.4285743267450544,2.608708723450709,0.08944151755178964,2.6102415617176304,9.947598300641404e-16,3.7251498401767758,600.0011908266089,1.4760379688165401,0.001190826608876705,1.4760379688165401,12.0,0.0,7.253041094439975e-14,-0.2815754062048695,True,True,True,800.0,5.0,0.0,5.0,data/doe.npz,217,4,40
doe_0218,doe,T002,424.26406871192853,424.2640687119285,600.0,45.0,230.0,3.4276997999120074,2.6087087585236493,0.08941870489620214,2.6102408151465992,1.900701818158268e-15,3.7251532137661516,423.22120408788555,425.3086288473519,-1.042864624042977,1.04456013542341,12.0,0.0,7.262351803862957e-14,-0.2815754062048695,True,True,True,800.0,5.0,0.0,5.0,data/doe.npz,218,4,40
doe_0219,doe,T003,565.685424949238,-565.6854249492379,800.0,-44.99999999999999,230.0,2.7410937745054804,3.4782783176513687,0.09534287042511563,3.479584815138966,1.2434497875801754e-16,4.954761099008853,567.0781772096734,-564.2949245247227,1.3927522604353726,1.3905004245152668,16.0,0.0,7.348354407780665e-14,-0.2815754062048695,True,True,True,800.0,5.0,0.0,5.0,data/doe.npz,219,4,40
doe_0220,doe,T004,800.0,0.0,800.0,0.0,230.0,2.7407687437145603,3.4782783057989795,0.09533156462474278,3.4795844934303424,1.5987211554602255e-15,4.954760146411176,800.0015895766348,1.9680510573852594,0.0015895766348421603,1.9680510573852594,16.0,0.0,7.309711939121651e-14,-0.2815754062048695,True,True,True,800.0,5.0,0.0,5.0,data/doe.npz,220,4,40
doe_0221,doe,T005,565.685424949238,565.6854249492379,800.0,44.99999999999999,230.0,2.7403547491840956,3.4782783428214117,0.09531716575734842,3.4795841358890915,2.575717417130363e-15,4.954760567393996,564.2949371980468,567.0781727655221,-1.3904877511912446,1.3927478162842135,16.0,0.0,7.295302275874974e-14,-0.2815754062048695,True,True,True,800.0,5.0,0.0,5.0,data/doe.npz,221,4,40
doe_0222,doe,T006,707.1067811865476,-707.1067811865474,1000.0,-45.0,230.0,2.275539002925716,4.347847898474069,0.09893697471766352,4.348973483682579,2.486899575160351e-16,6.184439514739123,708.8477207483727,-705.3686568831052,1.7409395618251438,1.7381243034421914,20.0,0.0,7.33456508850378e-14,-0.2815754062048695,True,True,True,800.0,5.0,0.0,5.0,data/doe.npz,222,4,40
doe_0223,doe,T007,1000.0,0.0,1000.0,0.0,230.0,2.275394478629325,4.347847888374636,0.09893069079127817,4.34897333047386,2.2026824808563106e-15,6.184440292111688,1000.001988378957,2.4600641472092417,0.001988378956980341,2.4600641472092417,20.0,0.0,7.334248541644854e-14,-0.2815754062048695,True,True,True,800.0,5.0,0.0,5.0,data/doe.npz,223,4,40
doe_0224,doe,T008,707.1067811865476,707.1067811865474,1000.0,45.0,230.0,2.275158445894365,4.3478479271168045,0.09892042932844104,4.348973135638138,3.1441516057384434e-15,6.184438525305055,705.3686702705506,708.8477167203955,-1.7381109159969128,1.7409355338480736,20.0,0.0,7.311029096102995e-14,-0.2815754062048695,True,True,True,800.0,5.0,0.0,5.0,data/doe.npz,224,4,40
doe_0225,doe,T000,424.26406871192853,-424.2640687119285,600.0,-45.0,230.0,3.225941347808282,2.608708736596813,0.08415541377776363,2.610065790427583,3.730349362740526e-16,3.739901328633311,425.3086335902198,-423.2211921718915,1.0445648782912826,1.042876540036957,12.0,0.0,7.322153361775783e-14,-0.2815754062048695,True,True,True,800.0,5.0,2.0,5.0,data/doe.npz,225,4,40
doe_0226,doe,T001,600.0,0.0,600.0,0.0,230.0,3.2252025394856156,2.6087087234877133,0.08413613999770853,2.6100651559201182,1.1368683772161603e-15,3.7399041138095037,600.0011908352524,1.47603791497731,0.0011908352523732901,1.47603791497731,12.0,0.0,7.267244284724782e-14,-0.2815754062048695,True,True,True,800.0,5.0,2.0,5.0,data/doe.npz,226,4,40
doe_0227,doe,T002,424.26406871192853,424.2640687119285,600.0,45.0,230.0,3.22437242006142,2.608708758757833,0.08411448573711418,2.6100644931939327,6.732392421326949e-15,3.7398955396427174,423.2212041198093,425.3086288915708,-1.0428645921192583,1.0445601796423034,12.0,0.0,7.285061929876134e-14,-0.2815754062048695,True,True,True,800.0,5.0,2.0,5.0,data/doe.npz,227,4,40
doe_0228,doe,T003,565.685424949238,-565.6854249492379,800.0,-44.99999999999999,230.0,2.5800342584988405,3.4782783174295533,0.08974077219561952,3.4794358215359926,-3.907985046680551e-16,4.970240962651878,567.0781771652786,-564.2949244970087,1.3927522160405488,1.3905004522292757,16.0,0.0,7.312211295056046e-14,-0.2815754062048695,True,True,True,800.0,5.0,2.0,5.0,data/doe.npz,228,4,40
doe_0229,doe,T004,800.0,0.0,800.0,0.0,230.0,2.579726468280462,3.478278305849516,0.0897300660964572,3.479435533752374,1.4921397450962103e-15,4.970245427238882,800.0015895883838,1.968051006379976,0.0015895883838084046,1.968051006379976,16.0,0.0,7.310869894171168e-14,-0.2815754062048695,True,True,True,800.0,5.0,2.0,5.0,data/doe.npz,229,4,40
doe_0230,doe,T005,565.685424949238,565.6854249492379,800.0,44.99999999999999,230.0,2.5793227422794844,3.4782783430432898,0.08971602434189759,3.4794352087538507,7.531752999057062e-15,4.970237496529798,564.2949372257749,567.0781728099231,-1.3904877234631385,1.3927478606851764,16.0,0.0,7.318006358581073e-14,-0.2815754062048695,True,True,True,800.0,5.0,2.0,5.0,data/doe.npz,230,4,40
doe_0231,doe,T006,707.1067811865476,-707.1067811865474,1000.0,-45.0,230.0,2.143902520298809,4.347847898261954,0.09321362066959685,4.348847046592016,-4.973799150320702e-16,6.200291133712239,708.8477207047513,-705.3686568577766,1.7409395182037315,1.738124328770823,20.0,0.0,7.361212348377917e-14,-0.2815754062048695,True,True,True,800.0,5.0,2.0,5.0,data/doe.npz,231,4,40
doe_0232,doe,T007,1000.0,0.0,1000.0,0.0,230.0,2.1437654404565523,4.3478478884302065,0.09320766043578672,4.348846908845776,1.6697754290362353e-15,6.200296686807751,1000.0019883918582,2.4600640984396245,0.001988391858162686,2.4600640984396245,20.0,0.0,7.348852477424681e-14,-0.2815754062048695,True,True,True,800.0,5.0,2.0,5.0,data/doe.npz,232,4,40
doe_0233,doe,T008,707.1067811865476,707.1067811865474,1000.0,45.0,230.0,2.1435305181925615,4.347847927328969,0.0931974472068992,4.348846728690745,8.952838470577262e-15,6.200288523180408,705.3686702958876,708.8477167640245,-1.738110890659982,1.740935577477103,20.0,0.0,7.334349351665714e-14,-0.2815754062048695,True,True,True,800.0,5.0,2.0,5.0,data/doe.npz,233,4,40
doe_0234,doe,T000,424.26406871192853,-424.2640687119285,600.0,-45.0,230.0,3.0707041315757015,2.6087087363221544,0.08010572694702067,2.609938356623677,6.572520305780927e-16,3.7541500182533887,425.3086335351415,-423.221192137683,1.0445648232129656,1.042876574245497,12.0,0.0,7.333345012958467e-14,-0.2815754062048695,True,True,True,800.0,5.0,5.0,5.0,data/doe.npz,234,4,40
doe_0235,doe,T001,600.0,0.0,600.0,0.0,230.0,3.0700026225638304,2.6087087235507975,0.0800874262280609,2.6099377821839664,1.2434497875801752e-15,3.7541528343870385,600.0011908499172,1.4760378518160306,0.0011908499171795484,1.4760378518160306,12.0,0.0,7.252997976969525e-14,-0.2815754062048695,True,True,True,800.0,5.0,5.0,5.0,data/doe.npz,235,4,40
doe_0236,doe,T002,424.26406871192853,424.2640687119285,600.0,45.0,230.0,3.0692030834933046,2.608708759032533,0.08006656967158642,2.6099371776966427,2.220446049250313e-15,3.7541387263950687,423.2212041540463,425.30862894663426,-1.0428645578822398,1.0445602347057843,12.0,0.0,7.293900296294686e-14,-0.2815754062048695,True,True,True,800.0,5.0,5.0,5.0,data/doe.npz,236,4,40
doe_0237,doe,T003,565.685424949238,-565.6854249492379,800.0,-44.99999999999999,230.0,2.457716398758278,3.4782783171604357,0.08548621659530549,3.4793286895147895,1.9539925233402755e-16,4.985117425465215,567.0781771090025,-564.2949244658107,1.3927521597644272,1.3905004834272177,16.0,0.0,7.329171961971482e-14,-0.2815754062048695,True,True,True,800.0,5.0,5.0,5.0,data/doe.npz,237,4,40
doe_0238,doe,T004,800.0,0.0,800.0,0.0,230.0,2.457420344424503,3.4782783059256785,0.08547591872552159,3.4793284251860506,2.255973186038318e-15,4.985122470075236,800.0015896060534,1.9680509445033452,0.0015896060533577838,1.9680509445033452,16.0,0.0,7.313265263300491e-14,-0.2815754062048695,True,True,True,800.0,5.0,5.0,5.0,data/doe.npz,238,4,40
doe_0239,doe,T005,565.685424949238,565.6854249492379,800.0,44.99999999999999,230.0,2.4570226752625848,3.4782783433124482,0.08546208760393463,3.4793281227112374,2.415845301584341e-15,4.985111130188589,564.2949372569876,567.0781728661976,-1.3904876922504172,1.3927479169597063,16.0,0.0,7.31322384323839e-14,-0.2815754062048695,True,True,True,800.0,5.0,5.0,5.0,data/doe.npz,239,4,40
doe_0240,doe,T006,707.1067811865476,-707.1067811865474,1000.0,-45.0,230.0,2.0442202642758587,4.347847897997967,0.0888795877907664,4.348756311188443,6.394884621840901e-16,6.215476616258031,708.8477206485042,-705.3686568282225,1.7409394619566,1.738124358324967,20.0,0.0,7.353166726509026e-14,-0.2815754062048695,True,True,True,800.0,5.0,5.0,5.0,data/doe.npz,240,4,40
doe_0241,doe,T007,1000.0,0.0,1000.0,0.0,230.0,2.0440880645137263,4.347847888511415,0.0888738397522739,4.348756184053269,2.0961010704922954e-15,6.215482854509081,1000.0019884106855,2.4600640377497,0.0019884106854988204,2.4600640377497,20.0,0.0,7.352953811520355e-14,-0.2815754062048695,True,True,True,800.0,5.0,5.0,5.0,data/doe.npz,241,4,40
doe_0242,doe,T008,707.1067811865476,707.1067811865474,1000.0,45.0,230.0,2.043852857130118,4.347847927592997,0.0888636140917821,4.348756013994052,3.641531520770513e-15,6.215472271243872,705.3686703254515,708.8477168202751,-1.738110861096061,1.740935633727645,20.0,0.0,7.346412306426123e-14,-0.2815754062048695,True,True,True,800.0,5.0,5.0,5.0,data/doe.npz,242,4,40
improved_0000,improved,M000,262.50000000000006,-454.66333698683025,525.0,-59.99999999999999,207.0,3.1354165141464274,2.5362446181071596,0.07952183259528188,2.5374909863613633,-7.371880883511039e-16,3.6515298241597254,263.6190283986642,-454.0184749750649,1.1190283986641703,0.6448620117653263,10.5,0.0,6.643133160496273e-14,-0.28157540620486543,True,True,True,800.0,5.0,5.0,5.0,data/improved.npz,0,4,40
improved_0001,improved,M001,262.50000000000006,-454.66333698683025,525.0,-59.99999999999999,230.0,3.3842362489772038,2.2826201568980866,0.07724925877620537,2.283926933364651,-6.927791673660977e-16,3.292222338581707,263.6190289181591,-454.01847483344073,1.1190289181590174,0.6448621533895107,10.5,0.0,7.378758556925612e-14,-0.2815754062048695,True,True,True,800.0,5.0,5.0,5.0,data/improved.npz,1,4,40
improved_0002,improved,M002,262.50000000000006,-454.66333698683025,525.0,-59.99999999999999,253.0,3.6181897821593827,2.075109234073683,0.07508139027589981,2.0764670842976507,-8.08242361927114e-16,2.9981026004761504,263.6190294249882,-454.01847469420306,1.1190294249881276,0.644862292627181,10.5,0.0,8.108404055754736e-14,-0.2815754062048703,True,True,True,800.0,5.0,5.0,5.0,data/improved.npz,2,4,40
improved_0003,improved,M003,454.6633369868303,-262.49999999999994,525.0,-29.999999999999996,207.0,3.1351016073353186,2.536244594050482,0.07951384503403179,2.5374907119918513,1.4210854715202004e-16,3.651509901676712,455.3100085616966,-261.3820166487018,0.646671574866275,1.1179833512981645,10.5,0.0,6.53122019043412e-14,-0.28157540620486543,True,True,True,800.0,5.0,5.0,5.0,data/improved.npz,3,4,40
improved_0004,improved,M004,454.6633369868303,-262.49999999999994,525.0,-29.999999999999996,230.0,3.3837497562552263,2.28262013299512,0.07723815318645509,2.283926533868823,5.329070518200751e-17,3.2922007731889322,455.3100084225605,-261.382016128672,0.6466714357301839,1.117983871327965,10.5,0.0,7.255247959086091e-14,-0.2815754062048695,True,True,True,800.0,5.0,5.0,5.0,data/improved.npz,4,4,40
improved_0005,improved,M005,454.6633369868303,-262.49999999999994,525.0,-29.999999999999996,253.0,3.6174854695063137,2.075109210348151,0.07506677416073158,2.076466532140976,-1.4210854715202004e-16,2.9980799890003373,455.31000828632574,-261.38201562121753,0.6466712994954378,1.1179843787824097,10.5,0.0,7.945062951150939e-14,-0.2815754062048703,True,True,True,800.0,5.0,5.0,5.0,data/improved.npz,5,4,40
improved_0006,improved,M006,525.0,0.0,525.0,0.0,207.0,3.134609583164152,2.5362445917062066,0.07950136602410526,2.5374903186191182,1.5454304502782179e-15,3.651520047960353,525.001041862356,1.291533082894291,0.0010418623560326523,1.291533082894291,10.5,0.0,6.51989396432253e-14,-0.28157540620486543,True,True,True,800.0,5.0,5.0,5.0,data/improved.npz,6,4,40
improved_0007,improved,M007,525.0,0.0,525.0,0.0,230.0,3.3830230152314087,2.2826201302727673,0.07722156435743288,2.2839259701924552,1.1546319456101628e-15,3.292217383151332,525.0010413422461,1.2915329446825619,0.0010413422461397204,1.2915329446825619,10.5,0.0,7.241178038321498e-14,-0.2815754062048695,True,True,True,800.0,5.0,5.0,5.0,data/improved.npz,7,4,40
improved_0008,improved,M008,525.0,0.0,525.0,0.0,253.0,3.616461611683723,2.0751092073315527,0.07504552788366001,2.0764657611494353,4.796163466380677e-16,2.9981005083483443,525.0010408347232,1.2915328095711305,0.0010408347231987136,1.2915328095711305,10.5,0.0,7.919850698424167e-14,-0.2815754062048703,True,True,True,800.0,5.0,5.0,5.0,data/improved.npz,8,4,40
improved_0009,improved,M009,454.6633369868303,262.49999999999994,525.0,29.999999999999996,207.0,3.1340664472262714,2.5362446134561853,0.07948759144991394,2.537489908806565,1.5987211554602255e-15,3.651529886658866,454.0184788524005,263.61901980357436,-0.6448581344297963,1.1190198035744174,10.5,0.0,6.547860200092463e-14,-0.28157540620486543,True,True,True,800.0,5.0,5.0,5.0,data/improved.npz,9,4,40
improved_0010,improved,M010,454.6633369868303,262.49999999999994,525.0,29.999999999999996,230.0,3.3822486549196937,2.2826201514989886,0.07720388937100041,2.283925393855889,1.2256862191861727e-15,3.2922195878330247,454.0184789915149,263.6190192838513,-0.6448579953154194,1.119019283851344,10.5,0.0,7.284209686520887e-14,-0.2815754062048695,True,True,True,800.0,5.0,5.0,5.0,data/improved.npz,10,4,40
improved_0011,improved,M011,454.6633369868303,262.49999999999994,525.0,29.999999999999996,253.0,3.615394897036486,2.0751092280946564,0.07502339314046742,2.0764649820385888,3.552713678800501e-16,2.9980961047397052,454.018479127702,263.6190187768242,-0.6448578591283081,1.119018776824248,10.5,0.0,8.00372684368168e-14,-0.2815754062048703,True,True,True,800.0,5.0,5.0,5.0,data/improved.npz,11,4,40
improved_0012,improved,M012,262.50000000000006,454.66333698683025,525.0,59.99999999999999,207.0,3.1336483849745114,2.5362446375673984,0.07947698912413342,2.537489600791627,2.2026824808563106e-15,3.6514883279970416,261.3820288427826,455.31001194820476,-1.1179711572174824,0.6466749613745151,10.5,0.0,6.608983034904124e-14,-0.28157540620486543,True,True,True,800.0,5.0,5.0,5.0,data/improved.npz,12,4,40
improved_0013,improved,M013,262.50000000000006,454.66333698683025,525.0,59.99999999999999,230.0,3.3816658675738585,2.2826201754679807,0.07719058736015522,2.283924968191466,1.5987211554602255e-15,3.2921736759365743,261.38202936175674,455.3100120898052,-1.117970638243321,0.6466751029749389,10.5,0.0,7.347472235331156e-14,-0.2815754062048695,True,True,True,800.0,5.0,5.0,5.0,data/improved.npz,13,4,40
improved_0014,improved,M014,262.50000000000006,454.66333698683025,525.0,59.99999999999999,253.0,3.6146037180978774,2.075109251898447,0.07500697617371431,2.0764644127363026,1.4566126083082053e-15,2.998046188155487,261.3820298678562,455.3100122289812,-1.1179701321438529,0.6466752421509341,10.5,0.0,8.063214329504283e-14,-0.2815754062048703,True,True,True,800.0,5.0,5.0,5.0,data/improved.npz,14,4,40
improved_0015,improved,M015,350.00000000000006,-606.217782649107,700.0,-59.99999999999999,207.0,2.5138255185043192,3.3816594887009965,0.08500901917588834,3.382727832823584,-7.815970093361102e-16,4.848415622238139,351.49203624834263,-605.3579670673313,1.492036248342572,0.859815581775706,14.0,0.0,6.64491576730091e-14,-0.28157540620486543,True,True,True,800.0,5.0,5.0,5.0,data/improved.npz,15,4,40
improved_0016,improved,M016,350.00000000000006,-606.217782649107,700.0,-59.99999999999999,230.0,2.7313693017812524,3.0434935404854286,0.08312904826651436,3.044628623693873,-6.572520305780927e-16,4.369771849453502,351.4920367962429,-605.3579669232803,1.4920367962428713,0.8598157258267065,14.0,0.0,7.382137469363958e-14,-0.2815754062048695,True,True,True,800.0,5.0,5.0,5.0,data/improved.npz,16,4,40
improved_0017,improved,M017,350.00000000000006,-606.217782649107,700.0,-59.99999999999999,253.0,2.938425703807374,2.766812310112575,0.08130072409645449,2.76800654096751,-9.414691248821328e-16,3.978056627737658,351.4920373356063,-605.3579667798964,1.4920373356062555,0.8598158692105926,14.0,0.0,8.116987015375065e-14,-0.2815754062048703,True,True,True,800.0,5.0,5.0,5.0,data/improved.npz,17,4,40
improved_0018,improved,M018,606.2177826491071,-349.99999999999994,700.0,-29.999999999999996,207.0,2.513710710171321,3.381659464425559,0.08500513613878741,3.382727710932703,7.105427357601002e-17,4.848404720912682,607.0800118455744,-348.5093571490131,0.8622291964672968,1.4906428509868306,14.0,0.0,6.591226716425428e-14,-0.28157540620486543,True,True,True,800.0,5.0,5.0,5.0,data/improved.npz,18,4,40
improved_0019,improved,M019,606.2177826491071,-349.99999999999994,700.0,-29.999999999999996,230.0,2.7311702030010205,3.043493516260112,0.08312298804636421,3.044628433978128,3.730349362740526e-16,4.369757960188329,607.0800117034399,-348.509356600678,0.862229054332829,1.4906433993219252,14.0,0.0,7.351770703066165e-14,-0.2815754062048695,True,True,True,800.0,5.0,5.0,5.0,data/improved.npz,19,4,40
improved_0020,improved,M020,606.2177826491071,-349.99999999999994,700.0,-29.999999999999996,253.0,2.938117541949242,2.7668122859632422,0.08129219712669285,2.7680062663586256,-1.5987211554602254e-16,3.9780405673258334,607.080011562378,-348.5093560607978,0.8622289132708829,1.4906439392021298,14.0,0.0,8.020374415539349e-14,-0.2815754062048703,True,True,True,800.0,5.0,5.0,5.0,data/improved.npz,20,4,40
improved_0021,improved,M021,700.0,0.0,700.0,0.0,207.0,2.513495111381188,3.3816594634276695,0.08499784529681378,3.382727526671572,1.5276668818842154e-15,4.84838645468599,700.0013907673733,1.722044539056331,0.0013907673733228876,1.722044539056331,14.0,0.0,6.549510640985297e-14,-0.28157540620486543,True,True,True,800.0,5.0,5.0,5.0,data/improved.npz,21,4,40
improved_0022,improved,M022,700.0,0.0,700.0,0.0,230.0,2.730838822174109,3.0434935146989,0.08311290244974884,3.044628157028084,1.5987211554602255e-15,4.369750968922867,700.0013902189389,1.7220443976262578,0.0013902189389227715,1.7220443976262578,14.0,0.0,7.285559166148347e-14,-0.2815754062048695,True,True,True,800.0,5.0,5.0,5.0,data/improved.npz,22,4,40
improved_0023,improved,M023,700.0,0.0,700.0,0.0,253.0,2.9376370905284865,2.7668122839542177,0.08127890387873744,2.7680058739360263,4.618527782440651e-16,3.978042176541121,700.0013896789521,1.7220442574199692,0.0013896789521368191,1.7220442574199692,14.0,0.0,8.003179822891e-14,-0.2815754062048703,True,True,True,800.0,5.0,5.0,5.0,data/improved.npz,23,4,40
improved_0024,improved,M024,606.2177826491071,349.99999999999994,700.0,29.999999999999996,207.0,2.5132274299433424,3.381659486734297,0.08498879380788758,3.382727322489426,2.6290081223123707e-15,4.848419609040693,605.3579713732273,351.49202802174136,-0.8598112758797924,1.4920280217414188,14.0,0.0,6.583951592733406e-14,-0.28157540620486543,True,True,True,800.0,5.0,5.0,5.0,data/improved.npz,24,4,40
improved_0025,improved,M025,606.2177826491071,349.99999999999994,700.0,29.999999999999996,230.0,2.7304574523002767,3.043493537398535,0.0831012961021756,3.0446278628567915,1.758593271006248e-15,4.3697746549982295,605.357971515366,351.4920274735616,-0.8598111337411183,1.4920274735616772,14.0,0.0,7.316470394519527e-14,-0.2815754062048695,True,True,True,800.0,5.0,5.0,5.0,data/improved.npz,25,4,40
improved_0026,improved,M026,606.2177826491071,349.99999999999994,700.0,29.999999999999996,253.0,2.937109676718305,2.7668123061370364,0.08126431198018379,2.7680054676335955,9.414691248821328e-16,3.9780578460679332,605.3579716564255,351.4920269338993,-0.8598109926815596,1.4920269338993535,14.0,0.0,8.025788714805773e-14,-0.2815754062048703,True,True,True,800.0,5.0,5.0,5.0,data/improved.npz,26,4,40
improved_0027,improved,M027,350.00000000000006,606.217782649107,700.0,59.99999999999999,207.0,2.513007664874838,3.3816595110522982,0.08498136271271323,3.3827271600667683,2.504663143554353e-15,4.848388796750828,348.50937017457227,607.0800154970191,-1.4906298254277885,0.8622328479120824,14.0,0.0,6.623528500289691e-14,-0.28157540620486543,True,True,True,800.0,5.0,5.0,5.0,data/improved.npz,27,4,40
improved_0028,improved,M028,350.00000000000006,606.217782649107,700.0,59.99999999999999,230.0,2.7301574342256725,3.0434935616757564,0.08309216573427036,3.0446276378942287,2.415845301584341e-15,4.369738976255629,348.50937072221495,607.0800156410883,-1.4906292777851036,0.8622329919812728,14.0,0.0,7.359986267352602e-14,-0.2815754062048695,True,True,True,800.0,5.0,5.0,5.0,data/improved.npz,28,4,40
improved_0029,improved,M029,350.00000000000006,606.217782649107,700.0,59.99999999999999,253.0,2.936706504344718,2.766812330348348,0.0812531576683516,2.7680051643544115,1.8829382497642656e-15,3.9780177690714087,348.5093712612135,607.0800157844811,-1.4906287387865405,0.8622331353741401,14.0,0.0,8.07499542032746e-14,-0.2815754062048703,True,True,True,800.0,5.0,5.0,5.0,data/improved.npz,29,4,40
improved_0030,improved,M030,437.5000000000001,-757.7722283113837,875.0,-59.99999999999999,207.0,2.093387251929566,4.227074359184511,0.08848903576475194,4.22800052132958,-9.059419880941278e-16,6.044669127661914,439.36504405244443,-756.6974591596534,1.8650440524443184,1.0747691517303792,17.5,0.0,6.649219707286446e-14,-0.28157540620486543,True,True,True,800.0,5.0,5.0,5.0,data/improved.npz,30,4,40
improved_0031,improved,M031,437.5000000000001,-757.7722283113837,875.0,-59.99999999999999,230.0,2.2850927216744976,3.804366923955925,0.08693331168510882,3.8053600848622753,-1.403321903126198e-15,5.446593066023165,439.3650446157289,-756.6974590160672,1.8650446157287774,1.0747692953165142,17.5,0.0,7.41416471272112e-14,-0.2815754062048695,True,True,True,800.0,5.0,5.0,5.0,data/improved.npz,31,4,40
improved_0032,improved,M032,437.5000000000001,-757.7722283113837,875.0,-59.99999999999999,253.0,2.4690830603551945,3.4585153860287683,0.08539361753621438,3.459569471069752,-1.2256862191861727e-15,4.957186533510494,439.36504517278775,-756.6974588723338,1.8650451727876316,1.0747694390499873,17.5,0.0,8.116615955505428e-14,-0.2815754062048703,True,True,True,800.0,5.0,5.0,5.0,data/improved.npz,32,4,40
improved_0033,improved,M033,757.7722283113839,-437.49999999999994,875.0,-29.999999999999996,207.0,2.093353172991218,4.227074334912815,0.08848759471459482,4.228000466830572,7.105427357601002e-16,6.044667710095659,758.8500151301309,-435.6366976947829,1.0777868187470858,1.8633023052170188,17.5,0.0,6.605003178443852e-14,-0.28157540620486543,True,True,True,800.0,5.0,5.0,5.0,data/improved.npz,33,4,40
improved_0034,improved,M034,757.7722283113839,-437.49999999999994,875.0,-29.999999999999996,230.0,2.2850119482061304,3.804366899665893,0.0869302382109648,3.8053599903077164,1.4210854715202004e-16,5.446587534069874,758.8500149881002,-435.63669713113825,1.0777866767163005,1.8633028688616946,17.5,0.0,7.368599140540034e-14,-0.2815754062048695,True,True,True,800.0,5.0,5.0,5.0,data/improved.npz,34,4,40
improved_0035,improved,M035,757.7722283113839,-437.49999999999994,875.0,-29.999999999999996,253.0,2.4689408063063425,3.4585153617493365,0.08538869705860279,3.459569325292332,-7.638334409421077e-16,4.957177842175298,758.850014846255,-435.6366965736459,1.0777865348711657,1.8633034263540367,17.5,0.0,8.088294513674447e-14,-0.2815754062048703,True,True,True,800.0,5.0,5.0,5.0,data/improved.npz,35,4,40
improved_0036,improved,M036,875.0,0.0,875.0,0.0,207.0,2.0932499015692834,4.227074335368806,0.08848322936436796,4.228000375827077,1.9895196601282807e-15,6.044619213337631,875.0017397178608,2.152555996133276,0.001739717860800738,2.152555996133276,17.5,0.0,6.579853762496483e-14,-0.28157540620486543,True,True,True,800.0,5.0,5.0,5.0,data/improved.npz,36,4,40
improved_0037,improved,M037,875.0,0.0,875.0,0.0,230.0,2.2848441041245797,3.8043668993793713,0.08692385279973666,3.8053598440775076,1.4921397450962103e-15,5.446553835650079,875.0017391541196,2.1525558546729293,0.001739154119604791,2.1525558546729293,17.5,0.0,7.328172842189434e-14,-0.2815754062048695,True,True,True,800.0,5.0,5.0,5.0,data/improved.npz,37,4,40
improved_0038,improved,M038,875.0,0.0,875.0,0.0,253.0,2.4686885778830527,3.4585153608668358,0.08537997367805042,3.459569109037153,4.618527782440651e-16,4.95715599548899,875.0017385965194,2.152555713520493,0.0017385965194307573,2.152555713520493,17.5,0.0,8.045243406725656e-14,-0.2815754062048703,True,True,True,800.0,5.0,5.0,5.0,data/improved.npz,38,4,40
improved_0039,improved,M039,757.7722283113839,437.49999999999994,875.0,29.999999999999996,207.0,2.093094286862307,4.227074360120121,0.08847665193309569,4.228000262830221,2.877698079828406e-15,6.04467487249304,756.6974638933549,439.36503628551606,-1.0747644180289626,1.865036285516112,17.5,0.0,6.621916245873398e-14,-0.28157540620486543,True,True,True,800.0,5.0,5.0,5.0,data/improved.npz,39,4,40
improved_0040,improved,M040,757.7722283113839,437.49999999999994,875.0,29.999999999999996,230.0,2.284625220986315,3.804366923411843,0.0869155262311281,3.8053596778367007,2.0605739337042904e-15,5.4465981955726415,756.6974640353943,439.365035721964,-1.074764275989537,1.865035721964034,17.5,0.0,7.339061884734417e-14,-0.2815754062048695,True,True,True,800.0,5.0,5.0,5.0,data/improved.npz,40,4,40
improved_0041,improved,M041,757.7722283113839,437.49999999999994,875.0,29.999999999999996,253.0,2.4683873001480094,3.458515384298531,0.08536955451969007,3.4595688752677924,1.2434497875801752e-15,4.957190875472443,756.6974641772468,439.3650351646005,-1.0747641341370127,1.865035164600556,17.5,0.0,8.059672964637602e-14,-0.2815754062048703,True,True,True,800.0,5.0,5.0,5.0,data/improved.npz,41,4,40
improved_0042,improved,M042,437.5000000000001,757.7722283113837,875.0,59.99999999999999,207.0,2.0929548685709083,4.227074384426585,0.08847075912696996,4.228000163752379,3.304023721284466e-15,6.044653899496376,435.6367114605242,758.850019045746,-1.8632885394758887,1.0777907343622246,17.5,0.0,6.620334248009195e-14,-0.28157540620486543,True,True,True,800.0,5.0,5.0,5.0,data/improved.npz,42,4,40
improved_0043,improved,M043,437.5000000000001,757.7722283113837,875.0,59.99999999999999,230.0,2.2844415726789045,3.804366947744421,0.08690854013152909,3.8053595425511473,3.3217872896784686e-15,5.446571919890976,435.6367120236606,758.8500191893557,-1.8632879763395067,1.0777908779720065,17.5,0.0,7.379551180711259e-14,-0.2815754062048695,True,True,True,800.0,5.0,5.0,5.0,data/improved.npz,43,4,40
improved_0044,improved,M044,437.5000000000001,757.7722283113837,875.0,59.99999999999999,253.0,2.468146003399232,3.4585154086289642,0.0853612098350224,3.45956869363485,2.0605739337042904e-15,4.957159875073185,435.63671258051016,758.8500193331129,-1.86328741948995,1.0777910217291264,17.5,0.0,8.086811058867672e-14,-0.2815754062048703,True,True,True,800.0,5.0,5.0,5.0,data/improved.npz,44,4,40
sentinel_improved_0000,sentinel_improved,S000,989.9494936611666,-989.9494936611665,1400.0,-45.0,207.0,1.3838275521284182,6.763318955823557,0.09359267114901042,6.763966911173656,5.684341886080802e-16,9.63211818277354,992.3868073698546,-987.5161220977283,2.437313708688066,2.433371563438186,28.0,0.0,6.59940848788175e-14,-0.28157540620486543,True,True,True,800.0,5.0,5.0,5.0,data/sentinel_improved.npz,0,4,40
sentinel_improved_0001,sentinel_improved,S001,989.9494936611666,-989.9494936611665,1400.0,-45.0,230.0,1.5229398779185574,6.086987059640765,0.09270115329501145,6.087693180778014,-2.486899575160351e-16,8.675532234233971,992.3868076834609,-987.5161215867893,2.437314022294345,2.433372074377189,28.0,0.0,7.367084865380557e-14,-0.2815754062048695,True,True,True,800.0,5.0,5.0,5.0,data/sentinel_improved.npz,1,4,40
sentinel_improved_0002,sentinel_improved,S002,989.9494936611666,-989.9494936611665,1400.0,-45.0,253.0,1.6584656266984572,5.533624599125611,0.09177326188702856,5.534385739225114,-1.6342482922482305e-15,7.892836715781826,992.3868079946249,-987.5161210776022,2.437314333458289,2.433372583564278,28.0,0.0,8.099382411095178e-14,-0.2815754062048703,True,True,True,800.0,5.0,5.0,5.0,data/sentinel_improved.npz,2,4,40
sentinel_improved_0003,sentinel_improved,S003,1400.0,0.0,1400.0,0.0,207.0,1.3838364660238167,6.763318951620788,0.09359327396602816,6.763966914691779,2.9487523534044156e-15,9.632127857474993,1400.0027866580651,3.44409035650408,0.0027866580651334516,3.44409035650408,28.0,0.0,6.6448729064891e-14,-0.28157540620486543,True,True,True,800.0,5.0,5.0,5.0,data/sentinel_improved.npz,3,4,40
sentinel_improved_0004,sentinel_improved,S004,1400.0,0.0,1400.0,0.0,230.0,1.5229254740793776,6.086987053921504,0.09270027644808441,6.0876931611238785,2.771116669464391e-15,8.675541639180674,1400.0027860748478,3.4440902177666906,0.0027860748477905872,3.4440902177666906,28.0,0.0,7.424201772010505e-14,-0.2815754062048695,True,True,True,800.0,5.0,5.0,5.0,data/sentinel_improved.npz,4,4,40
sentinel_improved_0005,sentinel_improved,S005,1400.0,0.0,1400.0,0.0,253.0,1.6584193116059238,5.533624592179135,0.09177069886847332,5.5343856892757985,9.237055564881303e-16,7.892845986289449,1400.0027854945627,3.44409007871236,0.0027854945626586414,3.44409007871236,28.0,0.0,8.104853260332837e-14,-0.2815754062048703,True,True,True,800.0,5.0,5.0,5.0,data/sentinel_improved.npz,5,4,40
sentinel_improved_0006,sentinel_improved,S006,989.9494936611666,989.9494936611665,1400.0,45.0,207.0,1.3837410036828235,6.763318995095463,0.09358681814500501,6.763966868253468,5.613287612504792e-15,9.63211569425035,987.51613591757,992.3868050862078,-2.4333577435966163,2.4373114250413437,28.0,0.0,6.658035926530676e-14,-0.28157540620486543,True,True,True,800.0,5.0,5.0,5.0,data/sentinel_improved.npz,6,4,40
sentinel_improved_0007,sentinel_improved,S007,989.9494936611666,989.9494936611665,1400.0,45.0,230.0,1.5228074014685062,6.086987096186382,0.09269309002715913,6.087693093412537,5.790923296444816e-15,8.675529487086687,987.5161364284862,992.3868047726334,-2.4333572326803505,2.4373111114668973,28.0,0.0,7.365033283085511e-14,-0.2815754062048695,True,True,True,800.0,5.0,5.0,5.0,data/sentinel_improved.npz,7,4,40
sentinel_improved_0008,sentinel_improved,S008,989.9494936611666,989.9494936611665,1400.0,45.0,253.0,1.6582706439770172,5.533624633444549,0.09176247284429177,5.534385593671278,3.3395508580724707e-15,7.892833570781779,987.5161369376384,992.3868044615135,-2.4333567235281635,2.4373108003470634,28.0,0.0,8.098248640008967e-14,-0.2815754062048703,True,True,True,800.0,5.0,5.0,5.0,data/sentinel_improved.npz,8,4,40
sentinel_improved_0009,sentinel_improved,S009,1979.8989873223331,-1979.898987322333,2800.0,-45.0,207.0,0.7148584869208328,13.526637917636377,0.09669631914927505,13.52698484088777,1.4210854715202004e-16,19.197144859405483,1984.773611874436,-1975.032248832501,4.874624552102887,4.86673848983196,56.0,0.0,6.707206867609255e-14,-0.28157540620486543,True,True,True,800.0,5.0,5.0,5.0,data/sentinel_improved.npz,9,4,40
sentinel_improved_0010,sentinel_improved,S010,1979.8989873223331,-1979.898987322333,2800.0,-45.0,230.0,0.7923090775482959,12.173974125271542,0.09645550209290718,12.174357475020665,-4.263256414560601e-16,17.284186396866044,1984.7736121948803,-1975.0322483144425,4.8746248725472014,4.866739007890374,56.0,0.0,7.464921169012923e-14,-0.2815754062048695,True,True,True,800.0,5.0,5.0,5.0,data/sentinel_improved.npz,10,4,40
sentinel_improved_0011,sentinel_improved,S011,1979.8989873223331,-1979.898987322333,2800.0,-45.0,253.0,0.8690871392432058,11.06724920424914,0.09618403950212531,11.067668310834371,-1.7763568394002505e-15,15.719031070235038,1984.7736125155807,-1975.0322477973368,4.874625193247539,4.866739524996092,56.0,0.0,8.157329361926931e-14,-0.2815754062048703,True,True,True,800.0,5.0,5.0,5.0,data/sentinel_improved.npz,11,4,40
sentinel_improved_0012,sentinel_improved,S012,2800.0,0.0,2800.0,0.0,207.0,0.7149022632217336,13.526637928887641,0.09670224069142717,13.526984894167335,7.389644451905042e-15,19.197160654116384,2800.0055786218077,6.888181962594046,0.00557862180767188,6.888181962594046,56.0,0.0,6.713453346639529e-14,-0.28157540620486543,True,True,True,800.0,5.0,5.0,5.0,data/sentinel_improved.npz,12,4,40
sentinel_improved_0013,sentinel_improved,S013,2800.0,0.0,2800.0,0.0,230.0,0.7923510087057377,12.173974133419094,0.09646060684572179,12.17435752317614,7.247535904753022e-15,17.2842010738207,2800.0055780287985,6.88818182327316,0.005578028798481682,6.88818182327316,56.0,0.0,7.530192776048176e-14,-0.2815754062048695,True,True,True,800.0,5.0,5.0,5.0,data/sentinel_improved.npz,13,4,40
sentinel_improved_0014,sentinel_improved,S014,2800.0,0.0,2800.0,0.0,253.0,0.869126237502972,11.067249209855797,0.0961883666526971,11.067668353457,2.7000623958883807e-15,15.719044908428598,2800.0055774362622,6.888181684888118,0.00557743626222873,6.888181684888118,56.0,0.0,8.204105670450078e-14,-0.2815754062048703,True,True,True,800.0,5.0,5.0,5.0,data/sentinel_improved.npz,14,4,40
sentinel_improved_0015,sentinel_improved,S015,1979.8989873223331,1979.898987322333,2800.0,45.0,207.0,0.7148431622382936,13.526637984201699,0.0966942467107936,13.526984892060202,1.0516032489249483e-14,19.197141583265957,1975.0322671981778,1984.7736130376159,-4.866720124155336,4.874625715282946,56.0,0.0,6.736377364136607e-14,-0.28157540620486543,True,True,True,800.0,5.0,5.0,5.0,data/sentinel_improved.npz,15,4,40
sentinel_improved_0016,sentinel_improved,S016,1979.8989873223331,1979.898987322333,2800.0,45.0,230.0,0.7922900046688235,12.17397418638268,0.0964531806496727,12.174357516909541,9.379164112033323e-15,17.284183321310124,1975.0322677162255,1984.773612717167,-4.866719606107608,4.874625394834084,56.0,0.0,7.404026359734742e-14,-0.2815754062048695,True,True,True,800.0,5.0,5.0,5.0,data/sentinel_improved.npz,16,4,40
sentinel_improved_0017,sentinel_improved,S017,1979.8989873223331,1979.898987322333,2800.0,45.0,253.0,0.8690624647694809,11.06724926089104,0.09618130920888183,11.06766834263517,7.034373084024992e-15,15.719028127800799,1975.03226823332,1984.773612396472,-4.866719089013031,4.874625074138976,56.0,0.0,8.176903290767987e-14,-0.2815754062048703,True,True,True,800.0,5.0,5.0,5.0,data/sentinel_improved.npz,17,4,40
sentinel_improved_0018,sentinel_improved,S018,3959.7979746446663,-3959.797974644666,5600.0,-45.0,207.0,0.3600054833027895,27.05327584148249,0.09739327644236581,27.053452225335292,2.2737367544323206e-15,38.32660588805122,3969.547220892217,-3950.064502358088,9.749246247550673,9.733472286578035,112.0,0.0,6.963534170993225e-14,-0.28157540620486543,True,True,True,800.0,5.0,5.0,5.0,data/sentinel_improved.npz,18,4,40
sentinel_improved_0019,sentinel_improved,S019,3959.7979746446663,-3959.797974644666,5600.0,-45.0,230.0,0.3998108683269113,24.34794825669405,0.09734574334487556,24.348144004125764,-1.1368683772161603e-15,34.500717132830644,3969.5472212062136,-3950.064501833794,9.749246561547352,9.733472810871717,112.0,0.0,7.627419443210596e-14,-0.2815754062048695,True,True,True,800.0,5.0,5.0,5.0,data/sentinel_improved.npz,19,4,40
sentinel_improved_0020,sentinel_improved,S020,3959.7979746446663,-3959.797974644666,5600.0,-45.0,253.0,0.43954558781645986,22.134498414600458,0.09729121116668057,22.134713444452636,-5.542233338928782e-15,31.370444923019864,3969.5472215214745,-3950.0645013103976,9.749246876808229,9.733473334268183,112.0,0.0,8.340805124427756e-14,-0.2815754062048703,True,True,True,800.0,5.0,5.0,5.0,data/sentinel_improved.npz,20,4,40
sentinel_improved_0021,sentinel_improved,S021,5600.0,0.0,5600.0,0.0,207.0,0.3600508420808194,27.053275883582323,0.09740554762928538,27.053452311571476,1.5347723092418165e-14,38.326635210166586,5600.011162582498,13.776365222083886,0.011162582498400297,13.776365222083886,112.0,0.0,6.931726236748111e-14,-0.28157540620486543,True,True,True,800.0,5.0,5.0,5.0,data/sentinel_improved.npz,21,4,40
sentinel_improved_0022,sentinel_improved,S022,5600.0,0.0,5600.0,0.0,230.0,0.39985622633330437,24.347948292645047,0.09735678723255468,24.34814408418761,1.6484591469634323e-14,34.50074378452545,5600.011161989681,13.776365073589629,0.011161989680658735,13.776365073589629,112.0,0.0,7.892465996250347e-14,-0.2815754062048695,True,True,True,800.0,5.0,5.0,5.0,data/sentinel_improved.npz,22,4,40
sentinel_improved_0023,sentinel_improved,S023,5600.0,0.0,5600.0,0.0,253.0,0.4395908490087987,22.134498445513515,0.0973012296404722,22.134713519334912,7.531752999057062e-15,31.37046943732395,5600.011161396599,13.776364926664346,0.011161396599163709,13.776364926664346,112.0,0.0,8.266106734295112e-14,-0.2815754062048703,True,True,True,800.0,5.0,5.0,5.0,data/sentinel_improved.npz,23,4,40
sentinel_improved_0024,sentinel_improved,S024,3959.7979746446663,3959.797974644666,5600.0,45.0,207.0,0.35999438813834983,27.053275962193847,0.09739027527147902,27.053452335181667,2.1032064978498965e-14,38.3265998666455,3950.06452970332,3969.5472289318936,-9.733444941346079,9.749254287227814,112.0,0.0,6.969951434277182e-14,-0.28157540620486543,True,True,True,800.0,5.0,5.0,5.0,data/sentinel_improved.npz,24,4,40
sentinel_improved_0025,sentinel_improved,S025,3959.7979746446663,3959.797974644666,5600.0,45.0,230.0,0.399799594839662,24.34794836661461,0.09734299892149531,24.348144102975052,2.0463630789890885e-14,34.50071162613703,3950.064530227602,3969.547228617895,-9.73344441706422,9.749253973229315,112.0,0.0,7.595073324513765e-14,-0.2815754062048695,True,True,True,800.0,5.0,5.0,5.0,data/sentinel_improved.npz,25,4,40
sentinel_improved_0026,sentinel_improved,S026,3959.7979746446663,3959.797974644666,5600.0,45.0,253.0,0.4395340105808787,22.134498515680143,0.09728864904793401,22.134713534118156,1.5063505998114125e-14,31.370439828804763,3950.0645307509963,3969.5472283026384,-9.733443893670028,9.749253657972531,112.0,0.0,8.231317614074201e-14,-0.2815754062048703,True,True,True,800.0,5.0,5.0,5.0,data/sentinel_improved.npz,26,4,40
sentinel_improved_0027,sentinel_improved,S027,4949.747468305833,-4949.747468305833,7000.0,-45.0,207.0,0.28821003111934396,33.81659480348011,0.09746281840661246,33.81673616240692,-3.694822225952521e-15,47.8913319341161,4961.934025413439,-4937.580629130369,12.18655710760595,12.166839175463792,140.0,0.0,7.21992955369441e-14,-0.28157540620486543,True,True,True,800.0,5.0,5.0,5.0,data/sentinel_improved.npz,27,4,40
sentinel_improved_0028,sentinel_improved,S028,4949.747468305833,-4949.747468305833,7000.0,-45.0,230.0,0.3201395465900411,30.434935322478193,0.09743426394635396,30.435092272138576,-1.4210854715202004e-16,43.10896850439307,4961.9340257247595,-4937.580628604293,12.186557418926895,12.166839701539175,140.0,0.0,7.995514745434351e-14,-0.2815754062048695,True,True,True,800.0,5.0,5.0,5.0,data/sentinel_improved.npz,28,4,40
sentinel_improved_0029,sentinel_improved,S029,4949.747468305833,-4949.747468305833,7000.0,-45.0,253.0,0.35203688893323587,27.668123019845943,0.09740199950528612,27.668295522231972,-1.2505552149377763e-14,39.19612676477891,4961.9340260373165,-4937.580628079014,12.186557731483845,12.16684022681875,140.0,0.0,8.570434785720946e-14,-0.2815754062048703,True,True,True,800.0,5.0,5.0,5.0,data/sentinel_improved.npz,29,4,40
sentinel_improved_0030,sentinel_improved,S030,7000.0,0.0,7000.0,0.0,207.0,0.2882551408946639,33.81659486091992,0.0974780731621224,33.81673626373596,1.7621459846850484e-14,47.89136820049695,7000.013954560789,17.220456867410782,0.013954560788988601,17.220456867410782,140.0,0.0,6.921554519527581e-14,-0.28157540620486543,True,True,True,800.0,5.0,5.0,5.0,data/sentinel_improved.npz,30,4,40
sentinel_improved_0031,sentinel_improved,S031,7000.0,0.0,7000.0,0.0,230.0,0.3201847218947679,30.434935372251633,0.09744801318049623,30.435092365864026,1.4779288903810084e-14,43.109001361280775,7000.013953968613,17.220456715733437,0.013953968613350298,17.220456715733437,140.0,0.0,7.97259498706783e-14,-0.2815754062048695,True,True,True,800.0,5.0,5.0,5.0,data/sentinel_improved.npz,31,4,40
sentinel_improved_0032,sentinel_improved,S032,7000.0,0.0,7000.0,0.0,253.0,0.35208210702430914,27.66812306334004,0.09741451065548644,27.6682956097163,7.958078640513123e-15,39.19615687001616,7000.013953376136,17.220456565518607,0.013953376135759754,17.220456565518607,140.0,0.0,8.464066076589535e-14,-0.2815754062048703,True,True,True,800.0,5.0,5.0,5.0,data/sentinel_improved.npz,32,4,40
sentinel_improved_0033,sentinel_improved,S033,4949.747468305833,4949.747468305833,7000.0,45.0,207.0,0.28819891610599635,33.81659495111536,0.09745906011306955,33.81673629918407,2.7142732506035826e-14,47.891324518045415,4937.580660946401,4961.934036866703,-12.166807359431914,12.18656856087,140.0,0.0,6.945189073360934e-14,-0.28157540620486543,True,True,True,800.0,5.0,5.0,5.0,data/sentinel_improved.npz,33,4,40
sentinel_improved_0034,sentinel_improved,S034,4949.747468305833,4949.747468305833,7000.0,45.0,230.0,0.32012838016273554,30.4349354566577,0.09743086588097236,30.435092395395937,2.5011104298755527e-14,43.10896174308186,4937.58066147247,4961.934036555379,-12.166806833362898,12.186568249546326,140.0,0.0,7.680691877809643e-14,-0.2815754062048695,True,True,True,800.0,5.0,5.0,5.0,data/sentinel_improved.npz,34,4,40
sentinel_improved_0035,sentinel_improved,S035,4949.747468305833,4949.747468305833,7000.0,45.0,253.0,0.624573608078882,27.658471011336104,0.17274751033495356,27.65901167598134,2.4300561562995426e-14,39.24797390674647,4933.61300452327,4962.436179599884,-16.134463782562307,12.688711294051245,140.0,0.090625,8.491125792836819e-14,-0.2815754062048703,True,False,False,800.0,5.0,5.0,5.0,data/sentinel_improved.npz,35,4,40
holdout_baseline_0000,holdout_baseline,H000,954.0810161559097,673.5634898710491,1167.8862788287051,35.221382017007855,207.00863874907344,4.7365338672628345,5.641757250280258,0.2672237428682808,5.64809068161289,0.009583115583907826,8.201692726889483,952.2384302838379,675.9247255335786,-1.8425858720717088,2.3612356625294524,23.357725576574104,0.0,8.735969600132128e-05,-0.28152597194823387,True,True,True,500.0,0.0,0.0,5.0,data/holdout_baseline.npz,0,4,40
holdout_baseline_0001,holdout_baseline,H001,271.31526878724765,-920.7594951890297,959.9010485762859,-73.58161859895466,233.3694321921617,3.5460421391983203,4.113263168704404,0.14585804525838225,4.115852687777342,0.005826396343507146,5.948428079914284,273.6285902464775,-920.0960535211849,2.313321459229826,0.663441667844836,19.198020971525718,0.0,0.00012973307633832898,-0.2815741711403079,True,True,True,500.0,0.0,0.0,5.0,data/holdout_baseline.npz,1,4,40
holdout_baseline_0002,holdout_baseline,H002,1104.6145878634097,-464.9822104902568,1198.4914867420027,-22.828425610992284,214.13849008038787,3.010624656689205,5.596862034770533,0.16850050841967884,5.599400425717585,-0.004976933107690833,8.04160514131219,1105.8760580619005,-462.2689585199387,1.2614701984907697,2.71325197031814,23.969829734840054,0.0,0.00018111246905169647,-0.28151756712484166,True,True,True,500.0,0.0,0.0,5.0,data/holdout_baseline.npz,2,4,40
holdout_baseline_0003,holdout_baseline,H003,483.45137647076166,-71.48880543504295,488.70838207872345,-8.411472570433487,239.08727945867622,9.290476026254982,2.0440944919252724,0.189906108726316,2.0529144971052116,0.008413642483556956,3.086595485408631,483.2953554024458,-70.3175310348016,-0.1560210683158516,1.1712744002413444,10.0,0.0,7.43623610667683e-05,-0.28150572866345897,False,True,False,500.0,0.0,0.0,5.0,data/holdout_baseline.npz,3,4,40
holdout_baseline_0004,holdout_baseline,H004,259.26995376334906,776.911613830005,819.0314796321275,71.54518025388523,215.1010676055312,3.7779449887458143,3.8077126676007484,0.14385328991146204,3.8104443372530112,0.010785866561362116,5.513593390772848,257.29092788673887,777.563661754759,-1.9790258766101942,0.6520479247540152,16.38062959264255,0.0,5.449533683054669e-05,-0.2815634350477781,True,True,True,500.0,0.0,0.0,5.0,data/holdout_baseline.npz,4,4,40
holdout_baseline_0005,holdout_baseline,H005,350.91649385933124,-519.857050856973,627.2110800904553,-55.979666881368075,212.09619313178428,6.325905312328663,2.957275689850312,0.187074459964445,2.9632315382128818,-0.016154933177347796,4.351346134557014,352.02730556008106,-519.0179004143472,1.1108117007498208,0.8391504426258507,12.544221601809106,0.0,0.00017884152251363883,-0.28155860457344667,False,True,False,500.0,0.0,0.0,5.0,data/holdout_baseline.npz,5,4,40
holdout_baseline_0006,holdout_baseline,H006,430.9691810587853,776.2356165754946,887.8491805835147,60.96078673634182,218.52408863559756,3.3684751169101537,4.062926354662357,0.13685866327518628,4.065232454521469,-0.0037209176688365454,5.869723411425667,428.85666548815294,777.2992528616127,-2.112515570632354,1.063636286118026,17.756983611670293,0.0,7.403287911694725e-05,-0.2815273822443081,True,True,True,500.0,0.0,0.0,5.0,data/holdout_baseline.npz,6,4,40
holdout_baseline_0007,holdout_baseline,H007,857.203542757857,-639.7288639970619,1069.6031662011817,-36.73388823632569,247.33426732797642,4.335616053263829,4.324611769634583,0.18749856212561394,4.3286782300020255,0.005437049127866444,6.267046346457583,858.803324642557,-637.6382530266633,1.5997818846999508,2.090610970398643,21.392063324023635,0.0,0.00012535528637560052,-0.281571652084729,True,True,True,500.0,0.0,0.0,5.0,data/holdout_baseline.npz,7,4,40
holdout_baseline_0008,holdout_baseline,H008,807.761201612931,-82.44391564916104,811.957608535527,-5.827697125862301,229.41620794310114,5.637058352692477,3.539338317574934,0.1995145662609032,3.544977677454809,0.012027598221002371,5.162708276483285,808.322514508286,-80.45624417781536,0.5613128953549449,1.9876714713456778,16.23915217071054,0.0,0.0001831947739700339,-0.28151139645305767,False,True,False,500.0,0.0,0.0,5.0,data/holdout_baseline.npz,8,4,40
holdout_baseline_0009,holdout_baseline,H009,457.13765479967475,195.2650787282344,497.094846489571,23.129616119357067,230.9303357334465,5.960531118688115,2.152587599051989,0.12830565369851515,2.1564150334383703,-0.005455432139774157,3.165044504489863,456.67077462159386,196.37688516874033,-0.4668801780808849,1.1118064405059158,10.0,0.0,0.00019522410953129996,-0.2815745222745544,False,True,False,500.0,0.0,0.0,5.0,data/holdout_baseline.npz,9,4,40
holdout_baseline_0010,holdout_baseline,H010,564.7764109805593,-818.5703543502626,994.4997835199342,-55.39608531385038,231.42722559088185,3.6505067889799285,4.297225706965525,0.15687051617056724,4.300113267395096,0.01472732401876959,6.19905535213159,567.0120105887222,-817.1791290796859,2.235599608162943,1.3912252705766832,19.889995670398687,0.0,6.23393006642371e-05,-0.28150488439320215,True,True,True,500.0,0.0,0.0,5.0,data/holdout_baseline.npz,10,4,40
holdout_baseline_0011,holdout_baseline,H011,745.4689691088435,-173.13963868498243,765.3112558875429,-13.075468704540683,243.02124526146036,7.387699644964692,3.149139807217925,0.23264899035728043,3.1577266273221016,0.0052871026695966,4.643054824505856,745.6173471426297,-171.29774053429088,0.14837803378622993,1.8418981506915486,15.306225117750857,0.0,0.0001431120158478083,-0.2815410805874444,False,True,False,500.0,0.0,0.0,5.0,data/holdout_baseline.npz,11,4,40
holdout_baseline_0012,holdout_baseline,H012,918.1988874397257,-188.8091971232926,937.4103209448317,-11.619760098069762,252.80869825499659,4.381345870428835,3.7080575101386697,0.16246282459358688,3.7116482221191522,-0.01574149682158934,5.423338387951638,918.6544028180459,-186.57570195569346,0.4555153783202286,2.2334951675991306,18.748206418896636,0.0,6.8795222951163e-05,-0.28156906814233373,True,True,True,500.0,0.0,0.0,5.0,data/holdout_baseline.npz,12,4,40
holdout_baseline_0013,holdout_baseline,H013,357.0429378108318,-1131.529780671819,1186.52404273483,-72.48742876502314,251.13037867780403,3.7725071332560867,4.724756529135162,0.17824177709060665,4.728124394425955,-0.00784520487480469,6.823277142212783,359.48962967497476,-1130.6550807443107,2.446691864142963,0.8746999275083454,23.730480854696598,0.0,0.0001224244750154798,-0.2815252658152828,True,True,True,500.0,0.0,0.0,5.0,data/holdout_baseline.npz,13,4,40
holdout_baseline_0014,holdout_baseline,H014,362.73512256660297,817.3125473468826,894.1904546538499,66.06765988382045,218.44117272059398,3.631968925465643,4.093532299067886,0.14867582105604493,4.096232188659091,0.0025864640959992256,5.922708569265501,360.5187452584532,818.2083648574667,-2.216377308149788,0.8958175105840382,17.883809093076998,0.0,0.00016695602420087482,-0.2815093505607327,True,True,True,500.0,0.0,0.0,5.0,data/holdout_baseline.npz,14,4,40
holdout_baseline_0015,holdout_baseline,H015,206.6975636406975,-703.0926031041223,732.8458851318816,-73.61753858446001,215.3167534411755,6.0802309198572395,3.4036012120246597,0.2069468132821591,3.409892350482582,-0.006002154982910355,4.968884691863135,208.47049665592968,-702.5889108049283,1.7729330152321836,0.5036922991939718,14.656917702637632,0.0,0.0001549707041040761,-0.2815640718603819,False,True,False,500.0,0.0,0.0,5.0,data/holdout_baseline.npz,15,4,40
holdout_baseline_0016,holdout_baseline,H016,764.2503844476068,-472.70852587895257,898.627843195929,-31.737857273587196,233.2185847138172,4.950877502365798,3.853097139197906,0.19076211940884932,3.857822294860021,-0.006709765846098304,5.623851503613466,765.3978110885832,-470.82669273203385,1.1474266409763914,1.8818331469187228,17.97255686391858,0.0,7.523652679020623e-05,-0.2815152442297942,True,True,True,500.0,0.0,0.0,5.0,data/holdout_baseline.npz,16,4,40
holdout_baseline_0017,holdout_baseline,H017,963.2784725961731,82.74779892366598,966.8260515697369,4.9097839315127345,239.06071167893373,2.6616073772144992,4.044245492365231,0.10764193637745784,4.045682774104418,0.006349556006182197,5.8107529596738505,962.9646468474665,85.12097129451442,-0.313825748706563,2.3731723708484367,19.33652103139474,0.0,0.00011135708817260203,-0.28155423872061297,True,True,True,500.0,0.0,0.0,5.0,data/holdout_baseline.npz,17,4,40
holdout_baseline_0018,holdout_baseline,H018,258.08017659616206,452.78599206059545,521.1722672573857,60.31760851377005,213.31826235817297,8.076814363476968,2.443222680367261,0.19733456037962993,2.451184858201121,-0.005399765952540197,3.6298012179771892,256.8074119599694,453.4296949668655,-1.2727646361926759,0.6437029062700503,10.423445345147714,0.0,0.00013540369997845465,-0.2815612795201027,False,True,False,500.0,0.0,0.0,5.0,data/holdout_baseline.npz,18,4,40
holdout_baseline_0019,holdout_baseline,H019,940.2090570928821,489.8742854082693,1060.1744604279754,27.52072954155517,228.8417810744671,5.258169205543909,4.632808212355099,0.24360089477396504,4.639224959187318,0.012187746845800191,6.766746321730178,939.076936480283,492.1700645042541,-1.1321206125990102,2.2957790959848126,21.20348920855951,0.0,0.00014843606557326245,-0.28157437737561314,False,True,False,500.0,0.0,0.0,5.0,data/holdout_baseline.npz,19,4,40
holdout_baseline_0020,holdout_baseline,H020,494.1476228169421,-750.1031751042688,898.2408621506484,-56.62419197772855,208.40437263689805,3.970190792437705,4.310096071596625,0.17111903737974843,4.3135001335212415,0.00855574104835501,6.2443105797276885,495.8885518760115,-748.8797416615079,1.7409290590694013,1.2234334427608928,17.964817243012966,0.0,0.00011278587440289881,-0.2815639406509017,True,True,True,500.0,0.0,0.0,5.0,data/holdout_baseline.npz,20,4,40
holdout_baseline_0021,holdout_baseline,H021,389.1772403061133,1082.815458868159,1150.629498290455,70.2309365105865,233.8180992023814,5.02999535577795,4.921162278958143,0.2475342340818909,4.92738668912276,-0.004739022847725387,7.156285027109109,386.85599449606525,1083.7881631435084,-2.321245810048026,0.9727042753493151,23.012589965809102,0.0,9.580167095187534e-05,-0.2815281709629953,False,True,False,500.0,0.0,0.0,5.0,data/holdout_baseline.npz,21,4,40
holdout_baseline_0022,holdout_baseline,H022,479.38402906931975,134.23995720882257,497.82468142726805,15.643623967594156,229.35793917149357,6.010597186893973,2.1705012993912334,0.13046009004270662,2.1744396465346982,-0.00959384713482903,3.197199099550436,479.03862965388237,135.4149702791759,-0.3453994154373845,1.175013070353316,10.0,0.0,7.57122246201573e-05,-0.2815746789163289,False,True,False,500.0,0.0,0.0,5.0,data/holdout_baseline.npz,22,4,40
holdout_baseline_0023,holdout_baseline,H023,342.93991626835503,-536.1107579823258,636.4138048428321,-57.393721318141495,244.57609982358053,5.295208870223387,2.602070565413407,0.13778507138924256,2.6057171302347677,0.0021723977646616534,3.7822451572499354,344.41895386654085,-535.2604656706908,1.479037598185812,0.8502923116350303,12.728276096856641,0.0,0.0001551040805181205,-0.28154487647147136,False,True,False,500.0,0.0,0.0,5.0,data/holdout_baseline.npz,23,4,40
holdout_baseline_0024,holdout_baseline,H024,619.900322537164,-979.7449115571557,1159.386260744804,-57.67780650488974,208.73254719791836,4.19284592234067,5.554479586831937,0.23289077086372778,5.559366815617004,-0.00868357690874717,8.045387563217375,622.197965459689,-978.2214126035285,2.2976429225250286,1.5234989536271542,23.187725214896084,0.0,0.00012135184347132542,-0.28156763150769665,True,True,True,500.0,0.0,0.0,5.0,data/holdout_baseline.npz,24,4,40
holdout_baseline_0025,holdout_baseline,H025,150.68618245098165,-680.3907422648226,696.8772400798629,-77.51226619696786,225.92425515759203,7.547843513211728,3.0845230575557516,0.23281497351324182,3.0933208875607088,-0.012122985401294644,4.553343444321314,152.19335450351042,-680.0089585422751,1.507172052528773,0.3817837225475387,13.937544801597257,0.0,0.00014282258133857664,-0.28156692845096537,False,True,False,500.0,0.0,0.0,5.0,data/holdout_baseline.npz,25,4,40
holdout_baseline_0026,holdout_baseline,H026,546.0856573135363,-187.61744883480975,577.4165326961461,-18.96107127424435,228.7087969268065,6.9778290682378925,2.524741036856427,0.17617211396749852,2.530925465836974,-0.015158453002576185,3.718059632055793,546.7593414236036,-186.29141794478488,0.6736841100672564,1.3260308900248674,11.548330653922921,0.0,6.882943629592613e-05,-0.2815148316841939,False,True,False,500.0,0.0,0.0,5.0,data/holdout_baseline.npz,26,4,40
holdout_baseline_0027,holdout_baseline,H027,902.3344035329368,-213.53501236193102,927.2564787067012,-13.31396284791701,218.38556864803832,4.940302223580858,4.245899612587417,0.2097602729716672,4.2510854706982935,0.007672739841970326,6.155280389521964,902.7085782163344,-211.30251927671762,0.3741746833976549,2.232493085213406,18.545129574134023,0.0,8.445318636242689e-05,-0.28156608681518286,True,True,True,500.0,0.0,0.0,5.0,data/holdout_baseline.npz,27,4,40
holdout_baseline_0028,holdout_baseline,H028,396.70976382643255,928.115967028963,1009.3452753985284,66.85641409520127,244.50425297337847,4.963310544338055,4.128055059134743,0.20488819202611525,4.133136887940225,-0.0016194461730711573,6.004007120722443,394.30041682568924,929.0704013141406,-2.4093470007433098,0.9544342851775127,20.186905507970568,0.0,4.039951231475959e-05,-0.28156676820380555,True,True,True,500.0,0.0,0.0,5.0,data/holdout_baseline.npz,28,4,40
holdout_baseline_0029,holdout_baseline,H029,366.8950098768019,405.3471458582097,546.73417391626,47.850565744905225,232.69765895433787,5.131170799192628,2.3496230608645425,0.12056317239017743,2.3527201062444796,-0.005258748857495173,3.4132923815082696,366.0625669490222,406.25819012848734,-0.8324429277797094,0.9110442702776709,10.934683478325201,0.0,0.00012980690642928143,-0.28154210270245195,False,True,False,500.0,0.0,0.0,5.0,data/holdout_baseline.npz,29,4,40
holdout_baseline_0030,holdout_baseline,H030,457.631242897045,-147.32917278221362,480.7621445457052,-17.845372283936303,248.17976202662703,6.645743770752692,1.9371736837690463,0.12873959941774185,1.9414468948637837,0.0005203484478801102,2.8480522196665965,457.9041084447634,-146.22401415256286,0.2728655477183679,1.1051586296507594,10.0,0.0,0.00011009945949829791,-0.2815656382493947,False,True,False,500.0,0.0,0.0,5.0,data/holdout_baseline.npz,30,4,40
holdout_baseline_0031,holdout_baseline,H031,975.7307507052578,517.3680988458364,1104.4094564857733,27.934169395310562,229.5676739727939,5.228407924461454,4.81084088672504,0.25153038615476364,4.817419689665409,0.008206553499133023,7.010605958277555,974.4895158534025,519.7780541042182,-1.2412348518553245,2.409955258381842,22.088189129715467,0.0,9.676112689557341e-05,-0.2815751196915662,False,True,False,500.0,0.0,0.0,5.0,data/holdout_baseline.npz,31,4,40
holdout_baseline_0032,holdout_baseline,H032,485.19193332961197,62.203238104367834,489.1630147494752,7.305660093995954,236.9319880031845,7.02730510162244,2.0645628932360442,0.1450831335225804,2.069709118818841,-0.015058867873467819,3.0662040655495897,485.03667812565203,63.39462698441828,-0.15525520395993908,1.1913888800504466,10.0,0.0,2.999869560567277e-05,-0.2815722372645239,False,True,False,500.0,0.0,0.0,5.0,data/holdout_baseline.npz,32,4,40
holdout_baseline_0033,holdout_baseline,H033,240.7731167859557,670.5496319563086,712.4664923233685,70.24839550211493,220.7305272784906,3.5066038282626453,3.2278217591483993,0.11318692137579243,3.2298325888984283,-0.013148106403080834,4.657932980005933,238.96353531408712,671.1466226753946,-1.8095814718685688,0.5969907190859658,14.24932984646737,0.0,8.405244536109213e-06,-0.2815169246345292,True,True,True,500.0,0.0,0.0,5.0,data/holdout_baseline.npz,33,4,40
holdout_baseline_0034,holdout_baseline,H034,893.6735261857176,108.71899814738762,900.2622906483344,6.936179461100963,238.27740963872316,4.064624847982476,3.778284616161788,0.15357309533601135,3.781427136170834,-0.01309187402163449,5.472983214598265,893.5136377466265,110.89917658312795,-0.15988843909110528,2.1801784357403307,18.005245812966688,0.0,4.480179658949816e-05,-0.2815707672999617,True,True,True,500.0,0.0,0.0,5.0,data/holdout_baseline.npz,34,4,40
holdout_baseline_0035,holdout_baseline,H035,196.75850871412354,-944.3676107933285,964.6471350016571,-78.23082394855018,219.11902019224428,3.5576068152527305,4.402403889694036,0.15662022081470633,4.405213776406715,-0.014751369450957928,6.369193210662753,199.00145674970824,-943.8835352199984,2.2429480355847033,0.4840755733300739,19.292942700033144,0.0,0.00014650717195906245,-0.2815648573005032,True,True,True,500.0,0.0,0.0,5.0,data/holdout_baseline.npz,35,4,40
holdout_baseline_0036,holdout_baseline,H036,635.5731489711915,827.3256309093102,1043.2741381116684,52.46758957561897,225.59312452526473,3.4926510644036144,4.624605543988044,0.161521334756567,4.627425830776195,0.0016897300229872414,6.6707639179250675,633.4208418424148,828.8894454427171,-2.1523071287766697,1.5638145334069122,20.86548276223337,0.0,0.0001400847674354618,-0.28156287381700934,True,True,True,500.0,0.0,0.0,5.0,data/holdout_baseline.npz,36,4,40
holdout_baseline_0037,holdout_baseline,H037,749.3974937905327,-121.37393403802747,759.1628518067773,-9.199852871472402,238.85330678278157,3.997177133247561,3.1782820925365662,0.12704156503297373,3.1808204963680495,0.0008457442620630751,4.624059766464225,749.5072896195738,-119.52969305998344,0.1097958290411043,1.8442409780440272,15.183257036135547,0.0,6.586686450548323e-05,-0.28150907348214604,True,True,True,500.0,0.0,0.0,5.0,data/holdout_baseline.npz,37,4,40
holdout_baseline_0038,holdout_baseline,H038,568.9195735160943,-833.0146933279805,1008.7531712118896,-55.668305773983725,224.02023406044276,4.826170609268702,4.502952272482951,0.21732015912396932,4.508220324356634,0.015592597671578829,6.542847202242688,571.2644622796818,-831.6071918244387,2.3448887635875053,1.4075015035417664,20.17506342423779,0.0,6.542908805750287e-05,-0.28152108217527233,True,True,True,500.0,0.0,0.0,5.0,data/holdout_baseline.npz,38,4,40
holdout_baseline_0039,holdout_baseline,H039,713.9441716071094,156.9991999405956,731.0027557771234,12.402173550197887,240.05929885302547,5.05766956108704,3.0449608419815535,0.15400405765192066,3.0488535540128927,-0.0011012657040317287,4.432239350400054,713.6746444045109,158.7636887911437,-0.2695272025985105,1.764488850548105,14.620055115542469,0.0,6.965442600928366e-05,-0.28153718755825075,False,True,False,500.0,0.0,0.0,5.0,data/holdout_baseline.npz,39,4,40
holdout_baseline_0040,holdout_baseline,H040,224.6026168439419,-679.6694479968339,715.8190372108495,-71.71341768134887,208.44707254940795,6.533681124676212,3.434080959301314,0.22437189944396976,3.4414209971407397,0.01111931192898961,5.042162786096396,226.54837262186606,-679.1208748224807,1.9457557779241768,0.5485731743532369,14.31638074421699,0.0,0.00012024420643776419,-0.28152288469786035,False,True,False,500.0,0.0,0.0,5.0,data/holdout_baseline.npz,40,4,40
holdout_baseline_0041,holdout_baseline,H041,248.89814576711186,-742.33400666826,782.9495925169505,-71.4641448411563,233.75642152622208,6.525239935425975,3.3494809929360776,0.21856167138056742,3.35663907509876,-0.015148782062021837,4.936122711228472,250.46826630406864,-741.7382909029784,1.5701205369567788,0.595715765281625,15.65899185033901,0.0,0.00012470506603673982,-0.28153992136091105,False,True,False,500.0,0.0,0.0,5.0,data/holdout_baseline.npz,41,4,40
holdout_baseline_0042,holdout_baseline,H042,216.86193959756764,-600.7740772384544,638.7163632847803,-70.15189438917211,212.59980141404222,3.809841913055552,3.0042361630389487,0.1144566485066298,3.0064281226123954,-0.008648328269743927,4.3606203828387615,218.28001143500404,-600.2243749049964,1.4180718374364005,0.5497023334580717,12.774327265695606,0.0,0.00013077101522698912,-0.2815564881814476,True,True,True,500.0,0.0,0.0,5.0,data/holdout_baseline.npz,42,4,40
holdout_baseline_0043,holdout_baseline,H043,390.6664097650257,-671.9208508743782,777.2373341254545,-59.82553982126286,248.1171287166253,3.67028010859011,3.132552580794307,0.11497345426401959,3.1346976345059914,-0.01496999909418804,4.54797986830271,392.3011585113436,-670.9605854259036,1.6347487463178823,0.9602654484746154,15.54474668250909,0.0,1.3127701907657209e-05,-0.28157431202663435,True,True,True,500.0,0.0,0.0,5.0,data/holdout_baseline.npz,43,4,40
holdout_baseline_0044,holdout_baseline,H044,769.8347474891129,535.1933988522351,937.5913356130345,34.807241538135614,228.60323978682132,4.921718081530364,4.101387813966564,0.20185874563367534,4.106359030894335,0.007429258690284719,5.984771194518557,768.5308721621067,537.0835758863157,-1.303875327006267,1.8901770340805797,18.75182671226069,0.0,0.00015554146734822496,-0.28155353021684176,True,True,True,500.0,0.0,0.0,5.0,data/holdout_baseline.npz,44,4,40
holdout_baseline_0045,holdout_baseline,H045,370.9451971327085,680.9959585164189,775.4713629732049,61.42243541323688,214.35268645964132,5.591920736116501,3.6178046618700512,0.20230476907930087,3.623474360500249,0.011254229749216407,5.294182794233087,369.58339717247895,681.9267674757623,-1.3617999602295185,0.9308089593433806,15.509427259464099,0.0,0.00011113962620285542,-0.28152761163508655,False,True,False,500.0,0.0,0.0,5.0,data/holdout_baseline.npz,45,4,40
holdout_baseline_0046,holdout_baseline,H046,404.69965236158833,297.73710614295123,502.42332051365753,36.34187813408655,214.77232375864463,4.377343780135667,2.3393055005113146,0.10239944382500356,2.3415489616478076,-0.003955093180909106,3.384619613630988,404.0097524618897,298.7330641886375,-0.6898998996986165,0.9959580456862795,10.04846641027315,0.0,0.00015118859916904437,-0.2815412837786008,True,True,True,500.0,0.0,0.0,5.0,data/holdout_baseline.npz,46,4,40
holdout_baseline_0047,holdout_baseline,H047,973.9630900638754,640.6565538814898,1165.780820239413,33.336246814650416,241.44434301172151,3.658364517544298,4.828338867216854,0.1766382359050617,4.831591266060604,-0.01462187994031428,6.966891317728117,972.2821509911722,643.05788220138,-1.6809390727031541,2.40132831989024,23.315616404788262,0.0,8.963095572427074e-05,-0.2815720279105759,True,True,True,500.0,0.0,0.0,5.0,data/holdout_baseline.npz,47,4,40
holdout_baseline_0048,holdout_baseline,H048,328.1043985922108,446.09389448761743,553.7619155148591,53.66532323404226,234.9972264876211,9.473929935029204,2.356358597557425,0.22323976255062725,2.366935877134927,0.011116936586288161,3.5412679338029696,326.6599960163874,446.8804022528236,-1.4444025758234034,0.7865077652061814,11.075238310297182,0.0,0.00011810475709609901,-0.2815393294929069,False,True,False,500.0,0.0,0.0,5.0,data/holdout_baseline.npz,48,4,40
holdout_baseline_0049,holdout_baseline,H049,480.8266369290298,133.64609475591934,499.0546397179263,15.533307963739544,213.10783756161433,8.863358428537268,2.3417828770002127,0.2075606100066409,2.350983535356539,0.009607689365520908,3.4668226430848246,480.3717630591926,134.8313001850807,-0.454873869837229,1.185205429161357,10.0,0.0,7.152205299502049e-06,-0.2815576568953893,False,True,False,500.0,0.0,0.0,5.0,data/holdout_baseline.npz,49,4,40
holdout_baseline_0050,holdout_baseline,H050,536.7908597395494,-326.28023542208035,628.1745132739889,-31.29269568083007,240.00223439003742,4.89350214036086,2.6172879068504242,0.12807703974113147,2.620453217481166,0.013240784461817246,3.831192207659191,537.513339792376,-324.9410119095806,0.7224800528265405,1.339223512499757,12.563490265479777,0.0,0.000160094369489975,-0.2815210150828339,True,True,True,500.0,0.0,0.0,5.0,data/holdout_baseline.npz,50,4,40
holdout_baseline_0051,holdout_baseline,H051,1091.7551534497359,-439.9259141726435,1177.0574009132658,-21.94711355070528,247.95078445367892,2.4018997571525205,4.747123391009657,0.11402114520039143,4.748506197802884,0.011366657356555905,6.812705851253028,1092.855371391754,-437.22939405299525,1.100217942018162,2.6965201196482553,23.541148018265318,0.0,6.1629701394769815e-06,-0.28157248084262754,True,True,True,500.0,0.0,0.0,5.0,data/holdout_baseline.npz,51,4,40
holdout_baseline_0052,holdout_baseline,H052,1079.9772271051881,-82.55640604195052,1083.1280493295217,-4.371344312885199,230.9726345866142,3.880100933620169,4.689553011183565,0.18195939016954626,4.693095369962858,0.01127658392948529,6.802648198197943,1080.401610420816,-79.90545920087617,0.42438331562789244,2.650946841074358,21.662560986590435,0.0,0.0001496155945529433,-0.2815662014751557,True,True,True,500.0,0.0,0.0,5.0,data/holdout_baseline.npz,52,4,40
holdout_baseline_0053,holdout_baseline,H053,296.2304116220342,-984.7456250065158,1028.3367166153473,-73.25770319181473,240.87149391801768,3.9823099363368892,4.269293832572513,0.1700165125059532,4.2727021885892675,-0.014353625492394322,6.166065717912017,298.704270942923,-984.0255305160805,2.4738593208888346,0.7200944904352582,20.566734332306947,0.0,0.00013898300074566928,-0.2815617836974981,True,True,True,500.0,0.0,0.0,5.0,data/holdout_baseline.npz,53,4,40
holdout_baseline_0054,holdout_baseline,H054,296.94981384773064,1025.7898182650329,1067.9063363424768,73.85511204920516,241.98873436817755,4.563251229960888,4.413071055646787,0.20137951922584996,4.4176725436417685,-0.00896701496448065,6.413875716320008,294.4934073678258,1026.520085127849,-2.4564064799048424,0.7302668628160518,21.358126726849537,0.0,3.279928722794767e-06,-0.28157253104952734,True,True,True,500.0,0.0,0.0,5.0,data/holdout_baseline.npz,54,4,40
holdout_baseline_0055,holdout_baseline,H055,336.991032508726,-574.1583393090644,665.7482666815138,-59.59002828821771,239.08002309619795,5.756530903919463,2.784646522563869,0.1602990376363078,2.7892614279744166,0.005047769081575542,4.0844627785751975,338.2909135989528,-573.3243227713809,1.2998810902267905,0.8340165376835103,13.314965333630276,0.0,0.0002334289227802314,-0.28156706698775935,False,True,False,500.0,0.0,0.0,5.0,data/holdout_baseline.npz,55,4,40
holdout_baseline_0056,holdout_baseline,H056,255.47134005020888,925.9330974909597,960.5299092772971,74.57545118145882,216.57723052278374,4.61712500485185,4.435173106704429,0.20477748651811484,4.439898492889848,0.002062866115027546,6.4404469379090585,253.26918759390202,926.5826060170605,-2.2021524563068624,0.6495085261008171,19.21059818554594,0.0,0.00013465896050692493,-0.28156235696224635,True,True,True,500.0,0.0,0.0,5.0,data/holdout_baseline.npz,56,4,40
holdout_baseline_0057,holdout_baseline,H057,197.8387319223239,-877.8664793404275,899.883169860505,-77.29981512013858,240.51629940218157,5.360173085346312,3.741528712511109,0.20055241502852486,3.746918658547982,-0.011722041740557021,5.457551269934794,200.33051907828442,-877.3910230810988,2.4917871559605373,0.4754562593287801,17.9976633972101,0.0,9.437289441059166e-05,-0.2815122795604725,False,True,False,500.0,0.0,0.0,5.0,data/holdout_baseline.npz,57,4,40
holdout_baseline_0058,holdout_baseline,H058,279.7092871514029,482.34911482508744,557.5822395766309,59.89099566687753,241.53501512231713,7.874645654712453,2.3084313951228426,0.18178079254805898,2.315599092618919,-0.009968508942994392,3.4421555456274855,278.53628493214933,483.0333929913771,-1.1730022192535898,0.6842781662896869,11.151644791532616,0.0,0.00013461809416835934,-0.28157495495137985,False,True,False,500.0,0.0,0.0,5.0,data/holdout_baseline.npz,58,4,40
holdout_baseline_0059,holdout_baseline,H059,955.2200576171371,-440.92404289291545,1052.0738425011432,-24.7777734941662,228.50214865135837,3.9051577081196,4.604216668560043,0.17980192213079996,4.607728532194451,-0.004262124879804787,6.634060016591655,956.384732516456,-438.56597731404145,1.1646748993189249,2.3580655788740046,21.041476850022864,0.0,0.00022686361994880128,-0.28153635374102537,True,True,True,500.0,0.0,0.0,5.0,data/holdout_baseline.npz,59,4,40
holdout_baseline_0060,holdout_baseline,H060,567.5588488397624,-359.289057476,671.7229143912754,-32.335562185133874,234.14911287470346,4.864191531603558,2.868797307546518,0.13954379569254863,2.872200849512666,-0.008199741581354392,4.178406221037782,568.4359567768101,-357.88703821676836,0.8771079370477537,1.402019259231622,13.434458287825507,0.0,4.568776999967927e-06,-0.28157369553286293,True,True,True,500.0,0.0,0.0,5.0,data/holdout_baseline.npz,60,4,40
holdout_baseline_0061,holdout_baseline,H061,779.0985263273307,287.4365095427221,830.4301660847357,20.25076955806361,226.10757060768154,3.981198456746666,3.6726610448663117,0.14621592483975357,3.6755889765095207,0.01160619429197462,5.313760646587888,778.2618584501699,289.34650403754165,-0.8366678771607212,1.909994494819557,16.608603321694712,0.0,8.742169938577934e-05,-0.2815074365617218,True,True,True,500.0,0.0,0.0,5.0,data/holdout_baseline.npz,61,4,40
holdout_baseline_0062,holdout_baseline,H062,989.1186026605693,482.37244556794354,1100.4720743264663,25.997523073476497,243.54603655511653,5.499534348648251,4.518579234996847,0.24850081709953895,4.525423158911232,0.011908461381667656,6.595601336118398,987.9134553592356,484.80631260355614,-1.2051473013336818,2.433867035612593,22.009441486529326,0.0,0.000132727637352078,-0.2815729177573889,False,True,False,500.0,0.0,0.0,5.0,data/holdout_baseline.npz,62,4,40
holdout_baseline_0063,holdout_baseline,H063,539.0941002280945,35.345657378212955,540.2515750983396,3.751223703640817,230.65638253214902,4.900195260109501,2.3422943850231253,0.11477699843271419,2.345124259852388,-0.009535374483052816,3.4170997172435214,539.1837457119666,36.68496209643749,0.08964548387211835,1.3393047182245326,10.805031501966791,0.0,5.680101315477054e-05,-0.2815385865777607,True,True,True,500.0,0.0,0.0,5.0,data/holdout_baseline.npz,63,4,40
holdout_baseline_0064,holdout_baseline,H064,1039.9124231844921,594.3791488422635,1197.7914762060614,29.750840243032215,239.27615217947346,2.7402901023262674,5.0058682010828885,0.13717531084977236,5.007747922494333,0.0023439716283762024,7.215443166003296,1038.441020394529,596.9347061098589,-1.471402789963122,2.555557267595418,23.955829524121228,0.0,5.5314983957899424e-05,-0.28152523016502656,True,True,True,500.0,0.0,0.0,5.0,data/holdout_baseline.npz,64,4,40
holdout_baseline_0065,holdout_baseline,H065,704.678570103297,949.9432423166162,1182.778107163737,53.43156075600544,247.68026175528072,4.586713800267944,4.775420019869646,0.21903484907211926,4.780442908127721,0.004343222712656676,6.937933336494283,702.2019110610704,951.6782231856947,-2.476659042226629,1.7349808690785267,23.655562143274743,0.0,0.00013161699057474022,-0.281568675828183,True,True,True,500.0,0.0,0.0,5.0,data/holdout_baseline.npz,65,4,40
holdout_baseline_0066,holdout_baseline,H066,681.3225691214463,916.5475610933017,1142.0419759975234,53.37445315547262,223.06364970166072,4.323477748254528,5.11988199484572,0.22135695878404477,5.124670022851154,-0.007095357183446183,7.425361018116809,679.4850682664821,918.2311283462724,-1.8375008549642189,1.6835672529706471,22.840839519950467,0.0,0.00015513902142255673,-0.2815068442417041,True,True,True,500.0,0.0,0.0,5.0,data/holdout_baseline.npz,66,4,40
holdout_baseline_0067,holdout_baseline,H067,638.1477063078135,386.27933322245843,745.9518874168161,31.187079831625333,233.3190202514847,4.038289187896661,3.197152223923431,0.12911025257929754,3.199788620285848,0.013910217437439965,4.617482199793643,637.1524268738032,387.8390847741266,-0.9952794340102855,1.559751551668171,14.919037748336322,0.0,0.00015783699735973406,-0.2815741091686958,True,True,True,500.0,0.0,0.0,5.0,data/holdout_baseline.npz,67,4,40
holdout_baseline_0068,holdout_baseline,H068,1129.663308544306,-357.2725751276648,1184.813438314075,-17.550321967293655,244.7196793033261,3.169869363219818,4.841502510162636,0.15346930478916387,4.843937232917782,0.005316240949900646,7.01141762728093,1130.3536322463694,-354.5002598804267,0.6903237020635515,2.7723152472381116,23.696268766281502,0.0,0.00011220197066786457,-0.2815220667769775,True,True,True,500.0,0.0,0.0,5.0,data/holdout_baseline.npz,68,4,40
holdout_baseline_0069,holdout_baseline,H069,232.01605203076738,-488.69367337218733,540.9740795952666,-64.60313475579505,220.34918583285034,8.919419384429501,2.455062493273915,0.2189773199249318,2.464816624556368,0.006076238146461756,3.6707729181020836,232.98534205505675,-488.11789429059337,0.9692900242893643,0.5757790815939643,10.819481591905333,0.0,0.00010240215267925089,-0.28156219330093446,False,True,False,500.0,0.0,0.0,5.0,data/holdout_baseline.npz,69,4,40
holdout_baseline_0070,holdout_baseline,H070,312.1095945694692,479.68978380039954,572.2889896763631,56.95000663880933,235.55224299848857,9.264257456953267,2.429644388655697,0.22508851145348205,2.440052963091465,-0.004626659459419278,3.6524839452340525,311.0362809682712,480.46298707106433,-1.073313601197981,0.7732032706647942,11.445779793527263,0.0,0.00010668363014190091,-0.2815729266074739,False,True,False,500.0,0.0,0.0,5.0,data/holdout_baseline.npz,70,4,40
holdout_baseline_0071,holdout_baseline,H071,562.4680622765983,740.7556251864905,930.1017241821562,52.78999317173677,214.16248435688252,5.282097889576246,4.342880803403413,0.2293952152633836,4.348960794648627,0.01483919490852923,6.322162503787889,560.3092153601472,742.1246044654786,-2.1588469164511253,1.3689792789880357,18.602034483643124,0.0,0.00014279824259135976,-0.28152763241706974,False,True,False,500.0,0.0,0.0,5.0,data/holdout_baseline.npz,71,4,40
holdout_improved_0000,holdout_improved,H000,954.0810161559097,673.5634898710491,1167.8862788287051,35.221382017007855,207.00863874907344,2.2848772275397984,5.64175900158899,0.1289072666599835,5.643241048203527,0.010233993251097999,8.089758090277178,952.3551868731458,675.9279137441432,-1.7258292827638115,2.364423873094097,23.357725576574104,0.0,0.0002095267273265767,-0.28152597194823387,True,True,True,800.0,5.0,5.0,5.0,data/holdout_improved.npz,0,4,40
holdout_improved_0001,holdout_improved,H001,271.31526878724765,-920.7594951890297,959.9010485762859,-73.58161859895466,233.3694321921617,1.7536931175387622,4.113260981831509,0.07213397474478649,4.1138985189057,0.006405217914909382,5.880183535676708,273.61097410158493,-920.0948656732202,2.295705314337283,0.6646295158095654,19.198020971525718,0.0,9.186889054522496e-05,-0.2815741711403079,True,True,True,800.0,5.0,5.0,5.0,data/holdout_improved.npz,1,4,40
holdout_improved_0002,holdout_improved,H002,1104.6145878634097,-464.9822104902568,1198.4914867420027,-22.828425610992284,214.13849008038787,1.4932368604883313,5.59681179568844,0.08357365674537866,5.597438503241062,-0.005208409264498428,7.979009096829409,1105.7835191299005,-462.2621436738667,1.1689312664907447,2.7200668163901014,23.969829734840054,0.0,0.0003392288557732767,-0.28151756712484166,True,True,True,800.0,5.0,5.0,5.0,data/holdout_improved.npz,2,4,40
holdout_improved_0003,holdout_improved,H003,483.45137647076166,-71.48880543504295,488.70838207872345,-8.411472570433487,239.08727945867622,4.402889870581284,2.0440622707214997,0.08999781066597068,2.046064635172624,0.009465203693584136,2.984080914277653,483.497488227993,-70.29986805854776,0.0461117572313583,1.1889373764951898,10.0,0.0,0.00017321991863890505,-0.28150572866345897,True,True,True,800.0,5.0,5.0,5.0,data/holdout_improved.npz,3,4,40
holdout_improved_0004,holdout_improved,H004,259.26995376334906,776.911613830005,819.0314796321275,71.54518025388523,215.1010676055312,1.8147745320006095,3.8077864104582546,0.0691027380099766,3.8084310599810483,0.011593784326457558,5.450072319097558,257.3323879150864,777.5770313307521,-1.9375658482626932,0.6654175007471395,16.38062959264255,0.0,2.701524560419364e-06,-0.2815634350477781,True,True,True,800.0,5.0,5.0,5.0,data/holdout_improved.npz,4,4,40
holdout_improved_0005,holdout_improved,H005,350.91649385933124,-519.857050856973,627.2110800904553,-55.979666881368075,212.09619313178428,3.052855581406903,2.957204200995785,0.09027917350369923,2.958634187980231,-0.017441365606160737,4.270553858917567,352.13821704663553,-518.9868740704055,1.221723187304292,0.8701767865675265,12.544221601809106,0.0,0.00014601798915989082,-0.28155860457344667,True,True,True,800.0,5.0,5.0,5.0,data/holdout_improved.npz,5,4,40
holdout_improved_0006,holdout_improved,H006,430.9691810587853,776.2356165754946,887.8491805835147,60.96078673634182,218.52408863559756,1.6128517247647844,4.062891699109991,0.06552841884442075,4.063421976436875,-0.003872640595415362,5.804125938828826,428.98298416001023,777.2821836905242,-1.986196898775063,1.0465671150295748,17.756983611670293,0.0,0.0003118709518982526,-0.2815273822443081,True,True,True,800.0,5.0,5.0,5.0,data/holdout_improved.npz,6,4,40
holdout_improved_0007,holdout_improved,H007,857.203542757857,-639.7288639970619,1069.6031662011817,-36.73388823632569,247.33426732797642,2.054064512404967,4.324559729312083,0.0888292467175558,4.325476199640826,0.005847072654573413,6.190459391904631,858.7855872791088,-637.6303728986297,1.5820445212517598,2.0984910984321914,21.392063324023635,0.0,0.00026606692413785703,-0.281571652084729,True,True,True,800.0,5.0,5.0,5.0,data/holdout_improved.npz,7,4,40
holdout_improved_0008,holdout_improved,H008,807.761201612931,-82.44391564916104,811.957608535527,-5.827697125862301,229.41620794310114,2.7032270455226213,3.539302257803754,0.09567537585574384,3.5406194213627313,0.013086602191467876,5.089583762295676,808.111838625638,-80.43545669972097,0.3506370127070113,2.008458949440069,16.23915217071054,0.0,0.0002888107631638429,-0.28151139645305767,True,True,True,800.0,5.0,5.0,5.0,data/holdout_improved.npz,8,4,40
holdout_improved_0009,holdout_improved,H009,457.13765479967475,195.2650787282344,497.094846489571,23.129616119357067,230.9303357334465,2.754466139669695,2.152619906382343,0.05929318643709112,2.1534445647256946,-0.0059008032184583925,3.102826540100521,456.66884621893956,196.38693044584218,-0.4688085807351854,1.1218517176077683,10.0,0.0,0.00011993120185798539,-0.2815745222745544,True,True,True,800.0,5.0,5.0,5.0,data/holdout_improved.npz,9,4,40
holdout_improved_0010,holdout_improved,H010,564.7764109805593,-818.5703543502626,994.4997835199342,-55.39608531385038,231.42722559088185,1.7495358700044004,4.297305829990186,0.07518290693946862,4.2979922268541575,0.01572293750527395,6.144713004349122,566.9118148591169,-817.1861954618429,2.1354038785576677,1.3841588884197336,19.889995670398687,0.0,0.00024758753370404104,-0.28150488439320215,True,True,True,800.0,5.0,5.0,5.0,data/holdout_improved.npz,10,4,40
holdout_improved_0011,holdout_improved,H011,745.4689691088435,-173.13963868498243,765.3112558875429,-13.075468704540683,243.02124526146036,3.507198542761313,3.149147368147758,0.11044685060508443,3.151089876414688,0.005913015689524972,4.54579645283577,745.7912500963076,-171.29869335804747,0.32228098746418254,1.840945326934957,15.306225117750857,0.0,0.00030296587173757176,-0.2815410805874444,True,True,True,800.0,5.0,5.0,5.0,data/holdout_improved.npz,11,4,40
holdout_improved_0012,holdout_improved,H012,918.1988874397257,-188.8091971232926,937.4103209448317,-11.619760098069762,252.80869825499659,2.0882023266928,3.7080525999959306,0.07743164066810787,3.708899555169705,-0.016913977450539706,5.334501605685576,918.6676165561931,-186.5668914938968,0.4687291164674434,2.242305629395787,18.748206418896636,0.0,0.0002984983368738934,-0.28156906814233373,True,True,True,800.0,5.0,5.0,5.0,data/holdout_improved.npz,12,4,40
holdout_improved_0013,holdout_improved,H013,357.0429378108318,-1131.529780671819,1186.52404273483,-72.48742876502314,251.13037867780403,1.8091201914748187,4.724759387662455,0.08547657608080347,4.72554068552272,-0.008399370439467084,6.754309585693088,359.7028014490832,-1130.654840210184,2.6598636382514087,0.8749404616351057,23.730480854696598,0.0,0.00024434562779937377,-0.2815252658152828,True,True,True,800.0,5.0,5.0,5.0,data/holdout_improved.npz,13,4,40
holdout_improved_0014,holdout_improved,H014,362.73512256660297,817.3125473468826,894.1904546538499,66.06765988382045,218.44117272059398,1.7357737238784583,4.0936088656009675,0.07105578704746063,4.094226465714378,0.002755046947866031,5.850639670017352,360.64617811813184,818.2241333728932,-2.088944448471125,0.9115860260105819,17.883809093076998,0.0,0.00039813863241258815,-0.2815093505607327,True,True,True,800.0,5.0,5.0,5.0,data/holdout_improved.npz,14,4,40
holdout_improved_0015,holdout_improved,H015,206.6975636406975,-703.0926031041223,732.8458851318816,-73.61753858446001,215.3167534411755,2.9228217945381654,3.4036847082620407,0.09948363847044571,3.405144942464337,-0.006492617715996935,4.893414137342838,208.44932434449532,-702.6048586081397,1.751760703797828,0.4877444959826107,14.656917702637632,0.0,7.573983206001084e-05,-0.2815640718603819,True,True,True,800.0,5.0,5.0,5.0,data/holdout_improved.npz,15,4,40
holdout_improved_0016,holdout_improved,H016,764.2503844476068,-472.70852587895257,898.627843195929,-31.737857273587196,233.2185847138172,2.3503975019020866,3.8531783610779438,0.09056500794260774,3.854249498087363,-0.007319618442423721,5.532780958826881,765.4351295381031,-470.83739801902067,1.1847450904962216,1.871127859931903,17.97255686391858,0.0,0.00013515790119209041,-0.2815152442297942,True,True,True,800.0,5.0,5.0,5.0,data/holdout_improved.npz,16,4,40
holdout_improved_0017,holdout_improved,H017,963.2784725961731,82.74779892366598,966.8260515697369,4.9097839315127345,239.06071167893373,1.3048379089568942,4.044227608797674,0.052770614964092966,4.044577586882527,0.006767587249832658,5.764620562009411,963.0200223501429,85.12494302391245,-0.2584502460301792,2.3771441002464684,19.33652103139474,0.0,0.00019588140290094613,-0.28155423872061297,True,True,True,800.0,5.0,5.0,5.0,data/holdout_improved.npz,17,4,40
holdout_improved_0018,holdout_improved,H018,258.08017659616206,452.78599206059545,521.1722672573857,60.31760851377005,213.31826235817297,3.8848354471061426,2.4432149089034416,0.09491487883006296,2.445065078806475,-0.005935534957693216,3.539880025644717,256.89578168630817,453.4320723158142,-1.1843949098538928,0.6460802552187488,10.423445345147714,0.0,0.00019841568880336446,-0.2815612795201027,True,True,True,800.0,5.0,5.0,5.0,data/holdout_improved.npz,18,4,40
holdout_improved_0019,holdout_improved,H019,940.2090570928821,489.8742854082693,1060.1744604279754,27.52072954155517,228.8417810744671,2.5763150064631053,4.632784255960202,0.11935511600336281,4.634340725123729,0.01319390692962667,6.660027287513324,939.0324515399393,492.1728352915425,-1.1766055529427604,2.2985498832732105,21.20348920855951,0.0,0.00022094704667454312,-0.28157437737561314,True,True,True,800.0,5.0,5.0,5.0,data/holdout_improved.npz,19,4,40
holdout_improved_0020,holdout_improved,H020,494.1476228169421,-750.1031751042688,898.2408621506484,-56.62419197772855,208.40437263689805,1.9123687483867575,4.310148798952819,0.08242593864014089,4.310946681121856,0.009178550544982969,6.17047897259734,495.9500431992188,-748.8954011670203,1.8024203822766935,1.2077739372484757,17.964817243012966,0.0,0.0002939585736826022,-0.2815639406509017,True,True,True,800.0,5.0,5.0,5.0,data/holdout_improved.npz,20,4,40
holdout_improved_0021,holdout_improved,H021,389.1772403061133,1082.815458868159,1150.629498290455,70.2309365105865,233.8180992023814,2.421114328231215,4.9210344245946525,0.11914386955105166,4.922479965172955,-0.005333169897649484,7.0557984693053974,386.65809061737986,1083.7618906859107,-2.519149688733421,0.9464318177515452,23.012589965809102,0.0,0.00030671457298287537,-0.2815281709629953,True,True,True,800.0,5.0,5.0,5.0,data/holdout_improved.npz,21,4,40
holdout_improved_0022,holdout_improved,H022,479.38402906931975,134.23995720882257,497.82468142726805,15.643623967594156,229.35793917149357,2.81148898766054,2.170554376181913,0.06102489725753841,2.17143709452661,-0.010425174587052534,3.1346443093352914,479.0519251852627,135.42691828304226,-0.33210388405706226,1.1869610742196812,10.0,0.0,0.0002177486464272292,-0.2815746789163289,True,True,True,800.0,5.0,5.0,5.0,data/holdout_improved.npz,22,4,40
holdout_improved_0023,holdout_improved,H023,342.93991626835503,-536.1107579823258,636.4138048428321,-57.393721318141495,244.57609982358053,2.555039835920334,2.602003946048802,0.06648223735376592,2.602854484111076,0.00243422126369083,3.730344188727935,344.31821521837134,-535.2429052775307,1.3782989500163012,0.8678527047951548,12.728276096856641,0.0,6.930313942928337e-05,-0.28154487647147136,True,True,True,800.0,5.0,5.0,5.0,data/holdout_improved.npz,23,4,40
holdout_improved_0024,holdout_improved,H024,619.900322537164,-979.7449115571557,1159.386260744804,-57.67780650488974,208.73254719791836,2.040072790405414,5.554456067932528,0.11331494689691396,5.5556199811942815,-0.009404959225031711,7.948508959103936,622.2688085219809,-978.2196603980145,2.368485984816857,1.5252511591411348,23.187725214896084,0.0,0.00029114271171948444,-0.28156763150769665,True,True,True,800.0,5.0,5.0,5.0,data/holdout_improved.npz,24,4,40
holdout_improved_0025,holdout_improved,H025,150.68618245098165,-680.3907422648226,696.8772400798629,-77.51226619696786,225.92425515759203,3.6088992909248288,3.084535650117281,0.11131778520540613,3.0865730092501824,-0.013349475361093743,4.4610876548404725,152.28963752654087,-680.0136072226712,1.603455075559225,0.3771350421513944,13.937544801597257,0.0,0.00019486757166529625,-0.28156692845096537,True,True,True,800.0,5.0,5.0,5.0,data/holdout_improved.npz,25,4,40
holdout_improved_0026,holdout_improved,H026,546.0856573135363,-187.61744883480975,577.4165326961461,-18.96107127424435,228.7087969268065,3.27538069559188,2.524639837940834,0.0826915658851362,2.526048493301827,-0.016635208601349306,3.650133201960928,546.6173054059778,-186.26041120338667,0.5316480924415146,1.3570376314230828,11.548330653922921,0.0,0.00023745411407300758,-0.2815148316841939,True,True,True,800.0,5.0,5.0,5.0,data/holdout_improved.npz,26,4,40
holdout_improved_0027,holdout_improved,H027,902.3344035329368,-213.53501236193102,927.2564787067012,-13.31396284791701,218.38556864803832,2.3922359158539663,4.245949277976079,0.10157312359668592,4.2471727667217865,0.008391971762033067,6.0824384867513785,902.8054950431092,-211.31856266146724,0.471091510172414,2.2164497004637838,18.545129574134023,0.0,0.00026616387769291496,-0.28156608681518286,True,True,True,800.0,5.0,5.0,5.0,data/holdout_improved.npz,27,4,40
holdout_improved_0028,holdout_improved,H028,396.70976382643255,928.115967028963,1009.3452753985284,66.85641409520127,244.50425297337847,2.3734244453026903,4.128164517301931,0.09797886579595584,4.129327512896347,-0.0018258141868445499,5.916978335664465,394.3873537562782,929.0928095437065,-2.322410070154376,0.9768425147434527,20.186905507970568,0.0,0.00033223282778265147,-0.28156676820380555,True,True,True,800.0,5.0,5.0,5.0,data/holdout_improved.npz,28,4,40
holdout_improved_0029,holdout_improved,H029,366.8950098768019,405.3471458582097,546.73417391626,47.850565744905225,232.69765895433787,2.501328576561618,2.349501129220281,0.058768743151824794,2.350243230695862,-0.005805759378951692,3.3687641541352913,365.95309999738834,406.2391100505351,-0.9419098794135721,0.8919641923254176,10.934683478325201,0.0,8.21567732872515e-05,-0.28154210270245195,True,True,True,800.0,5.0,5.0,5.0,data/holdout_improved.npz,29,4,40
holdout_improved_0030,holdout_improved,H030,457.631242897045,-147.32917278221362,480.7621445457052,-17.845372283936303,248.17976202662703,3.104871984205889,1.9371402320262852,0.060145724358965084,1.9380738241732827,0.0005866838768284133,2.7882550048375814,457.9657125905522,-146.18669221061813,0.3344696935071738,1.1424805715954847,10.0,0.0,8.975969360976446e-05,-0.2815656382493947,True,True,True,800.0,5.0,5.0,5.0,data/holdout_improved.npz,30,4,40
holdout_improved_0031,holdout_improved,H031,975.7307507052578,517.3680988458364,1104.4094564857733,27.934169395310562,229.5676739727939,2.4955290310269733,4.810860829636856,0.12005642864589283,4.812367472575407,0.008760707449367935,6.905320935265966,974.4691904938492,519.7827011040762,-1.2615602114086641,2.4146022582398246,22.088189129715467,0.0,0.0002608292361584114,-0.2815751196915662,True,True,True,800.0,5.0,5.0,5.0,data/holdout_improved.npz,31,4,40
holdout_improved_0032,holdout_improved,H032,485.19193332961197,62.203238104367834,489.1630147494752,7.305660093995954,236.9319880031845,3.2594424254279635,2.064565596403304,0.06729332694995915,2.0657277006094033,-0.01647395144190657,2.999632545576888,485.03357140905837,63.38640457453125,-0.15836192055360243,1.183166470163414,10.0,0.0,0.00013303947940502503,-0.2815722372645239,True,True,True,800.0,5.0,5.0,5.0,data/holdout_improved.npz,32,4,40
holdout_improved_0033,holdout_improved,H033,240.7731167859557,670.5496319563086,712.4664923233685,70.24839550211493,220.7305272784906,1.723809978064477,3.227849829525164,0.05564199743829199,3.2283606106963543,-0.0141649403149321,4.618224221730732,239.05314513548373,671.157681298725,-1.7199716504719618,0.6080493424163933,14.24932984646737,0.0,0.00027778929458907136,-0.2815169246345292,True,True,True,800.0,5.0,5.0,5.0,data/holdout_improved.npz,33,4,40
holdout_improved_0034,holdout_improved,H034,893.6735261857176,108.71899814738762,900.2622906483344,6.936179461100963,238.27740963872316,1.9541396388302914,3.778257218506489,0.07383242196380212,3.779004266304308,-0.013925861900905083,5.40873233950134,893.4588424362039,110.92715149835375,-0.2146837495137106,2.2081533509661284,18.005245812966688,0.0,0.00010177731131390627,-0.2815707672999617,True,True,True,800.0,5.0,5.0,5.0,data/holdout_improved.npz,34,4,40
holdout_improved_0035,holdout_improved,H035,196.75850871412354,-944.3676107933285,964.6471350016571,-78.23082394855018,219.11902019224428,1.71152533478963,4.402435341786494,0.07534879622240828,4.403108283083892,-0.015725530153072587,6.301197935212161,199.06148453324747,-943.8894259552915,2.3029758191239296,0.4781848380370093,19.292942700033144,0.0,0.00024686504465643944,-0.2815648573005032,True,True,True,800.0,5.0,5.0,5.0,data/holdout_improved.npz,35,4,40
holdout_improved_0036,holdout_improved,H036,635.5731489711915,827.3256309093102,1043.2741381116684,52.46758957561897,225.59312452526473,1.687701057813404,4.624597835098386,0.07804938658257123,4.625256945278371,0.001800271169045118,6.601554804502432,633.4729428415448,828.9041354246821,-2.100206129646722,1.578504515371833,20.86548276223337,0.0,0.00027642013223104527,-0.28156287381700934,True,True,True,800.0,5.0,5.0,5.0,data/holdout_improved.npz,36,4,40
holdout_improved_0037,holdout_improved,H037,749.3974937905327,-121.37393403802747,759.1628518067773,-9.199852871472402,238.85330678278157,1.8930167442169084,3.1783037046730946,0.060165821311528,3.178873427416735,0.0008595069234701569,4.551529159803854,749.6196139051727,-119.51416519156088,0.22212011464000625,1.8597688464665936,15.183257036135547,0.0,0.00029410757222610975,-0.28150907348214604,True,True,True,800.0,5.0,5.0,5.0,data/holdout_improved.npz,37,4,40
holdout_improved_0038,holdout_improved,H038,568.9195735160943,-833.0146933279805,1008.7531712118896,-55.668305773983725,224.02023406044276,2.3199108383306175,4.503024669718414,0.10446615736549898,4.504267184389485,0.016684034556899582,6.459743532054105,571.1112102929922,-831.6265129877427,2.1916367768978944,1.3881803402377955,20.17506342423779,0.0,0.0002807713254087624,-0.28152108217527233,True,True,True,800.0,5.0,5.0,5.0,data/holdout_improved.npz,38,4,40
holdout_improved_0039,holdout_improved,H039,713.9441716071094,156.9991999405956,731.0027557771234,12.402173550197887,240.05929885302547,2.4101210366960104,3.045231852142453,0.07339377348465281,3.046116749062745,-0.001208376349509166,4.366411025789626,713.6539036491167,158.7478930333001,-0.29026795799268257,1.7486930927045137,14.620055115542469,0.0,0.00025830434934553704,-0.28153718755825075,True,True,True,800.0,5.0,5.0,5.0,data/holdout_improved.npz,39,4,40
holdout_improved_0040,holdout_improved,H040,224.6026168439419,-679.6694479968339,715.8190372108495,-71.71341768134887,208.44707254940795,3.127555311065126,3.4340858607459226,0.10740293472429567,3.4357867306347782,0.012218377749648983,4.953284834669686,226.39097251701318,-679.1169398864874,1.788355673071294,0.55250811034648,14.31638074421699,0.0,0.00020871192832638293,-0.28152288469786035,True,True,True,800.0,5.0,5.0,5.0,data/holdout_improved.npz,40,4,40
holdout_improved_0041,holdout_improved,H041,248.89814576711186,-742.33400666826,782.9495925169505,-71.4641448411563,233.75642152622208,3.1836223998720383,3.3495254797859086,0.10663624346388553,3.3512640601711774,-0.01659064172432707,4.8380516046793725,250.6281815962989,-741.7468351722094,1.7300358291870452,0.5871714960505869,15.65899185033901,0.0,0.00015025400303782843,-0.28153992136091105,True,True,True,800.0,5.0,5.0,5.0,data/holdout_improved.npz,41,4,40
holdout_improved_0042,holdout_improved,H042,216.86193959756764,-600.7740772384544,638.7163632847803,-70.15189438917211,212.59980141404222,1.7538357007045708,3.00439635108928,0.05269217579606924,3.00487290478565,-0.009339042294826605,4.302723952535315,218.32594754031643,-600.2576111197559,1.4640079427487933,0.5164661186985313,12.774327265695606,0.0,0.00021261929788966898,-0.2815564881814476,True,True,True,800.0,5.0,5.0,5.0,data/holdout_improved.npz,42,4,40
holdout_improved_0043,holdout_improved,H043,390.6664097650257,-671.9208508743782,777.2373341254545,-59.82553982126286,248.1171287166253,1.8056720802327615,3.132509797651921,0.05656285482675652,3.1330627676776857,-0.016268716055851673,4.496688456990448,392.32600910937936,-670.9368313238622,1.6595993443536372,0.9840195505159954,15.54474668250909,0.0,0.00025208986807778857,-0.28157431202663435,True,True,True,800.0,5.0,5.0,5.0,data/holdout_improved.npz,43,4,40
holdout_improved_0044,holdout_improved,H044,769.8347474891129,535.1933988522351,937.5913356130345,34.807241538135614,228.60323978682132,2.3451927965311965,4.101407253728446,0.0961859074708475,4.102542897146471,0.008041127005419178,5.888430333531391,768.537453811328,537.0860055589384,-1.2972936777849782,1.8926067067033046,18.75182671226069,0.0,0.00034868803472330756,-0.28155353021684176,True,True,True,800.0,5.0,5.0,5.0,data/holdout_improved.npz,44,4,40
holdout_improved_0045,holdout_improved,H045,370.9451971327085,680.9959585164189,775.4713629732049,61.42243541323688,214.35268645964132,2.670098249933527,3.617745810988181,0.0965973675862389,3.6190555977086096,0.012010412498568233,5.206177512604509,369.3933905669655,681.9102162708988,-1.551806565742993,0.9142577544798769,15.509427259464099,0.0,0.00019663609983892652,-0.28152761163508655,True,True,True,800.0,5.0,5.0,5.0,data/holdout_improved.npz,45,4,40
holdout_improved_0046,holdout_improved,H046,404.69965236158833,297.73710614295123,502.42332051365753,36.34187813408655,214.77232375864463,2.1362395136354304,2.3393920097479457,0.04997501649106564,2.3399298562861546,-0.004380863522053708,3.348612441655631,403.9912752893877,298.73975139558655,-0.7083770722006193,1.0026452526353182,10.04846641027315,0.0,0.000279432360066182,-0.2815412837786008,True,True,True,800.0,5.0,5.0,5.0,data/holdout_improved.npz,46,4,40
holdout_improved_0047,holdout_improved,H047,973.9630900638754,640.6565538814898,1165.780820239413,33.336246814650416,241.44434301172151,1.780220091224323,4.828406984147435,0.08595627121787104,4.829198033287468,-0.0157024669786896,6.904276684608294,972.3592269222482,643.0567104075362,-1.60386314162713,2.4001565260464304,23.315616404788262,0.0,0.00018455817971789034,-0.2815720279105759,True,True,True,800.0,5.0,5.0,5.0,data/holdout_improved.npz,47,4,40
holdout_improved_0048,holdout_improved,H048,328.1043985922108,446.09389448761743,553.7619155148591,53.66532323404226,234.9972264876211,4.467101743855898,2.356375608694535,0.10526169590778861,2.358757162624905,0.012218139505170455,3.433508637297614,326.8635223869255,446.8845855303832,-1.2408762052853035,0.7906910427657863,11.075238310297182,0.0,0.000140223799573237,-0.2815393294929069,True,True,True,800.0,5.0,5.0,5.0,data/holdout_improved.npz,48,4,40
holdout_improved_0049,holdout_improved,H049,480.8266369290298,133.64609475591934,499.0546397179263,15.533307963739544,213.10783756161433,4.246344083039036,2.3418213938030767,0.09944179419109923,2.3439561925939882,0.010603642596061889,3.3912561959087233,480.45578751400467,134.84256844015536,-0.370849415025134,1.1964736842360253,10.0,0.0,0.00020434195663035333,-0.2815576568953893,True,True,True,800.0,5.0,5.0,5.0,data/holdout_improved.npz,49,4,40
holdout_improved_0050,holdout_improved,H050,536.7908597395494,-326.28023542208035,628.1745132739889,-31.29269568083007,240.00223439003742,2.2636903012561227,2.6173082877295726,0.05924775386330702,2.6180175850023,0.014249793514206566,3.7722731202623474,537.5591504824492,-324.9565109065342,0.7682907428998078,1.3237245155461324,12.563490265479777,0.0,0.0002156000392205846,-0.2815210150828339,True,True,True,800.0,5.0,5.0,5.0,data/holdout_improved.npz,50,4,40
holdout_improved_0051,holdout_improved,H051,1091.7551534497359,-439.9259141726435,1177.0574009132658,-21.94711355070528,247.95078445367892,1.1748002276563485,4.747262344243292,0.0557708488276143,4.747605030984815,0.01194744097027865,6.767036699026532,1092.8690116468706,-437.2447845842119,1.113858197134732,2.681129588431588,23.541148018265318,0.0,0.0001956297080605902,-0.28157248084262754,True,True,True,800.0,5.0,5.0,5.0,data/holdout_improved.npz,51,4,40
holdout_improved_0052,holdout_improved,H052,1079.9772271051881,-82.55640604195052,1083.1280493295217,-4.371344312885199,230.9726345866142,1.8929939987449356,4.689426305061025,0.08877055853037158,4.690282393321364,0.012220146776472375,6.716533769573568,1080.2607525425105,-79.89678158602743,0.2835254373223961,2.659624455923094,21.662560986590435,0.0,0.00019013515244021878,-0.2815662014751557,True,True,True,800.0,5.0,5.0,5.0,data/holdout_improved.npz,52,4,40
holdout_improved_0053,holdout_improved,H053,296.2304116220342,-984.7456250065158,1028.3367166153473,-73.25770319181473,240.87149391801768,1.9360938255791156,4.269386314555887,0.0826593248262363,4.270214862243272,-0.015518393590138934,6.111622882920922,298.6936786815269,-984.0434301360764,2.4632670594926935,0.7021948704393708,20.566734332306947,0.0,6.476468227407692e-05,-0.2815617836974981,True,True,True,800.0,5.0,5.0,5.0,data/holdout_improved.npz,53,4,40
holdout_improved_0054,holdout_improved,H054,296.94981384773064,1025.7898182650329,1067.9063363424768,73.85511204920516,241.98873436817755,2.208063959330892,4.413085412860331,0.09744374849585788,4.414171756732104,-0.009683461528840046,6.324812410456907,294.44880611094334,1026.5295742261394,-2.501007736787301,0.739755961106539,21.358126726849537,0.0,0.0001417668771583389,-0.28157253104952734,True,True,True,800.0,5.0,5.0,5.0,data/holdout_improved.npz,54,4,40
holdout_improved_0055,holdout_improved,H055,336.991032508726,-574.1583393090644,665.7482666815138,-59.59002828821771,239.08002309619795,2.754265667886276,2.78465230094655,0.07669672229497604,2.7857142478076704,0.005472872187551303,4.010486045068323,338.3439840891573,-573.3371364495652,1.352951580431295,0.8212028594992944,13.314965333630276,0.0,0.00024940309015081773,-0.28156706698775935,True,True,True,800.0,5.0,5.0,5.0,data/holdout_improved.npz,55,4,40
holdout_improved_0056,holdout_improved,H056,255.47134005020888,925.9330974909597,960.5299092772971,74.57545118145882,216.57723052278374,2.1954591026896946,4.435228718821795,0.09737363263248063,4.436298062301362,0.0022354577952863864,6.352579760903188,253.222152002442,926.5992562547074,-2.249188047766893,0.6661587637477169,19.21059818554594,0.0,0.00014573739793174854,-0.28156235696224635,True,True,True,800.0,5.0,5.0,5.0,data/holdout_improved.npz,56,4,40
holdout_improved_0057,holdout_improved,H057,197.8387319223239,-877.8664793404275,899.883169860505,-77.29981512013858,240.51629940218157,2.664216371301876,3.7413985387505924,0.09967895238504246,3.7427477267500895,-0.012599213379423215,5.375271394934645,200.1240183073611,-877.3594029855038,2.2852863850372103,0.5070763549236972,17.9976633972101,0.0,9.3924012595956e-05,-0.2815122795604725,True,True,True,800.0,5.0,5.0,5.0,data/holdout_improved.npz,57,4,40
holdout_improved_0058,holdout_improved,H058,279.7092871514029,482.34911482508744,557.5822395766309,59.89099566687753,241.53501512231713,3.7130677610878933,2.3084928935754587,0.0857159053983554,2.3101100191248913,-0.01102659477925342,3.353343832706187,278.5205712348173,483.04516156798417,-1.188715916585636,0.6960467428967263,11.151644791532616,0.0,4.6717033330070766e-05,-0.28157495495137985,True,True,True,800.0,5.0,5.0,5.0,data/holdout_improved.npz,58,4,40
holdout_improved_0059,holdout_improved,H059,955.2200576171371,-440.92404289291545,1052.0738425011432,-24.7777734941662,228.50214865135837,1.8884683208971884,4.604285199665617,0.08695046739944304,4.605108791212021,-0.004399338353781026,6.5723075910521,956.3430479879835,-438.57654695480664,1.1229903708464235,2.347495938108807,21.041476850022864,0.0,0.0002708770304217756,-0.28153635374102537,True,True,True,800.0,5.0,5.0,5.0,data/holdout_improved.npz,59,4,40
holdout_improved_0060,holdout_improved,H060,567.5588488397624,-359.289057476,671.7229143912754,-32.335562185133874,234.14911287470346,2.2139157635558915,2.868814988713946,0.06351314726239221,2.8695312074557884,-0.008713314563063878,4.118635856590342,568.4274963407075,-357.9162261341566,0.8686475009451442,1.37283134184338,13.434458287825507,0.0,0.0003310702237381249,-0.28157369553286293,True,True,True,800.0,5.0,5.0,5.0,data/holdout_improved.npz,60,4,40
holdout_improved_0061,holdout_improved,H061,779.0985263273307,287.4365095427221,830.4301660847357,20.25076955806361,226.10757060768154,1.983208375176222,3.6727471068092297,0.07283822822128302,3.6734906370183293,0.012470277970404276,5.257655532671551,778.330302650612,289.3653408726492,-0.7682236767186623,1.9288313299271067,16.608603321694712,0.0,0.0001174645457269872,-0.2815074365617218,True,True,True,800.0,5.0,5.0,5.0,data/holdout_improved.npz,61,4,40
holdout_improved_0062,holdout_improved,H062,989.1186026605693,482.37244556794354,1100.4720743264663,25.997523073476497,243.54603655511653,2.708055607733613,4.518568134630723,0.12236533775913142,4.520243764612655,0.01306075421332082,6.4951217152657295,987.9318383369309,484.80555130672,-1.1867643236383856,2.433105738776476,22.009441486529326,0.0,8.23895436540059e-06,-0.2815729177573889,True,True,True,800.0,5.0,5.0,5.0,data/holdout_improved.npz,62,4,40
holdout_improved_0063,holdout_improved,H063,539.0941002280945,35.345657378212955,540.2515750983396,3.751223703640817,230.65638253214902,2.3306872367076394,2.342270073860361,0.05459098966068603,2.342927952914888,-0.010097233706736368,3.365190091848446,539.0912856622141,36.67110378187715,-0.0028145658803850893,1.3254464036641949,10.805031501966791,0.0,0.00020688057106459803,-0.2815385865777607,True,True,True,800.0,5.0,5.0,5.0,data/holdout_improved.npz,63,4,40
holdout_improved_0064,holdout_improved,H064,1039.9124231844921,594.3791488422635,1197.7914762060614,29.750840243032215,239.27615217947346,1.2863896675651623,5.005827520782249,0.06439444800347618,5.006242352710177,0.002517506811366701,7.141092007345773,1038.4397961749046,596.9359820605013,-1.4726270095875407,2.5568332182377844,23.955829524121228,0.0,0.0002787697867336445,-0.28152523016502656,True,True,True,800.0,5.0,5.0,5.0,data/holdout_improved.npz,64,4,40
holdout_improved_0065,holdout_improved,H065,704.678570103297,949.9432423166162,1182.778107163737,53.43156075600544,247.68026175528072,2.216562772280575,4.77542564090744,0.10585030697429539,4.776601200760193,0.004735432005475797,6.841250160393607,702.2761607301258,951.6826867540992,-2.402409373171281,1.73944443748303,23.655562143274743,0.0,0.0001040195319597007,-0.281568675828183,True,True,True,800.0,5.0,5.0,5.0,data/holdout_improved.npz,65,4,40
holdout_improved_0066,holdout_improved,H066,681.3225691214463,916.5475610933017,1142.0419759975234,53.37445315547262,223.06364970166072,2.1155443136646066,5.119877409197419,0.10831327539687477,5.121028707678772,-0.0075371692993021,7.332503171279134,679.2400808282596,918.2229649501277,-2.0824882931867705,1.6754038568259375,22.840839519950467,0.0,3.132766007562248e-06,-0.2815068442417041,True,True,True,800.0,5.0,5.0,5.0,data/holdout_improved.npz,66,4,40
holdout_improved_0067,holdout_improved,H067,638.1477063078135,386.27933322245843,745.9518874168161,31.187079831625333,233.3190202514847,1.9092024704043604,3.1971549062769773,0.061040160453294266,3.1977715458770186,0.01469586570479569,4.5771257684603075,637.176042188207,387.85833046587555,-0.9716641196064302,1.5789972434171204,14.919037748336322,0.0,0.00033361969787805776,-0.2815741091686958,True,True,True,800.0,5.0,5.0,5.0,data/holdout_improved.npz,67,4,40
holdout_improved_0068,holdout_improved,H068,1129.663308544306,-357.2725751276648,1184.813438314075,-17.550321967293655,244.7196793033261,1.5227643399835626,4.841559482749969,0.07372554130240916,4.842124178120746,0.005705868164009935,6.926300319339172,1130.4777112949803,-354.51658154730876,0.8144027506743896,2.755993580356062,23.696268766281502,0.0,4.529805831386613e-05,-0.2815220667769775,True,True,True,800.0,5.0,5.0,5.0,data/holdout_improved.npz,68,4,40
holdout_improved_0069,holdout_improved,H069,232.01605203076738,-488.69367337218733,540.9740795952666,-64.60313475579505,220.34918583285034,4.221368659112533,2.455037690571548,0.10363619163918743,2.457233620479812,0.006737761887711029,3.5701589292963174,233.12644806595208,-488.10706917577556,1.1103960351846922,0.5866041964117699,10.819481591905333,0.0,0.0001990465102769646,-0.28156219330093446,True,True,True,800.0,5.0,5.0,5.0,data/holdout_improved.npz,69,4,40
holdout_improved_0070,holdout_improved,H070,312.1095945694692,479.68978380039954,572.2889896763631,56.95000663880933,235.55224299848857,4.455568015939307,2.4295616741644523,0.1082507728815909,2.431977958017212,-0.0053170608789798735,3.5400080179083457,310.96240650137764,480.4527608843196,-1.147188068091566,0.7629770839200773,11.445779793527263,0.0,0.0001959497390834348,-0.2815729266074739,True,True,True,800.0,5.0,5.0,5.0,data/holdout_improved.npz,70,4,40
holdout_improved_0071,holdout_improved,H071,562.4680622765983,740.7556251864905,930.1017241821562,52.78999317173677,214.16248435688252,2.489812019331264,4.342922893403871,0.10813061619025867,4.344297950033345,0.015791310369975557,6.232659683352989,560.5109766306347,742.1409459874602,-1.9570856459636161,1.38532080096968,18.602034483643124,0.0,0.00023875401908172154,-0.28152763241706974,True,True,True,800.0,5.0,5.0,5.0,data/holdout_improved.npz,71,4,40
ablation_0000,ablation,A000,262.50000000000006,-454.66333698683025,525.0,-59.99999999999999,230.0,7.275649112054802,2.2826201621550966,0.16607543355942117,2.288653722940131,-8.526512829121202e-16,3.3666808510971094,263.6190369966526,-454.01847154093707,1.1190369966525395,0.6448654458931742,10.5,0.0,7.876769307479008e-14,-0.2815754062048695,False,True,False,500.0,0.0,0.0,5.0,data/ablation.npz,0,4,40
ablation_0001,ablation,A001,525.0,0.0,525.0,0.0,230.0,7.273298748844893,2.2826200950900417,0.16602177881706612,2.2886497632155804,6.927791673660977e-16,3.3667018070318506,525.0010332582477,1.2915296711010877,0.0010332582477303731,1.2915296711010877,10.5,0.0,7.65096972475241e-14,-0.2815754062048695,False,True,False,500.0,0.0,0.0,5.0,data/ablation.npz,1,4,40
ablation_0002,ablation,A002,262.50000000000006,454.66333698683025,525.0,59.99999999999999,230.0,7.270773264391571,2.282620205357313,0.1659641396187195,2.288645692666947,1.6697754290362353e-15,3.366678279681653,261.3820374363148,455.3100153812124,-1.1179625636852393,0.6466783943821497,10.5,0.0,7.793029253898507e-14,-0.2815754062048695,False,True,False,500.0,0.0,0.0,5.0,data/ablation.npz,2,4,40
ablation_0003,ablation,A003,350.00000000000006,-606.217782649107,700.0,-59.99999999999999,230.0,5.807883647499425,3.043493546032069,0.17676256397269693,3.048622318845097,-1.2434497875801752e-15,4.44515079025736,351.4920452151215,-605.3579635101668,1.4920452151214363,0.8598191389402245,14.0,0.0,7.882167141937667e-14,-0.2815754062048695,False,True,False,500.0,0.0,0.0,5.0,data/ablation.npz,3,4,40
ablation_0004,ablation,A004,700.0,0.0,700.0,0.0,230.0,5.8069269929583145,3.0434934780374774,0.17673344430508411,3.0486205626280927,9.592326932761353e-16,4.445189615483023,700.0013817951465,1.722040999203504,0.0013817951464716316,1.722040999203504,14.0,0.0,7.732951046339109e-14,-0.2815754062048695,False,True,False,500.0,0.0,0.0,5.0,data/ablation.npz,4,4,40
ablation_0005,ablation,A005,350.00000000000006,606.217782649107,700.0,59.99999999999999,230.0,5.805779531552056,3.0434935927629025,0.17669852805272687,3.0486186531289676,2.8244073746463984e-15,4.44516971320318,348.5093791392658,607.0800190535457,-1.490620860734282,0.8622364044387041,14.0,0.0,7.863476948403937e-14,-0.2815754062048695,False,True,False,500.0,0.0,0.0,5.0,data/ablation.npz,5,4,40
ablation_0006,ablation,A006,437.5000000000001,-757.7722283113837,875.0,-59.99999999999999,230.0,4.8137157999543145,3.804366929533748,0.18313141197520286,3.8087721325883535,-8.704148513061227e-16,5.522391232340729,439.3650531979685,-756.6974555163943,1.8650531979683933,1.0747727949894852,17.5,0.0,7.91372595262945e-14,-0.2815754062048695,True,True,True,500.0,0.0,0.0,5.0,data/ablation.npz,6,4,40
ablation_0007,ablation,A007,875.0,0.0,875.0,0.0,230.0,4.81328866707831,3.804366862009239,0.1831151590231734,3.808771283523291,9.947598300641404e-16,5.522447904528305,875.0017305675432,2.1525523669806796,0.0017305675431771306,2.1525523669806796,17.5,0.0,7.82940462358555e-14,-0.2815754062048695,True,True,True,500.0,0.0,0.0,5.0,data/ablation.npz,7,4,40
ablation_0008,ablation,A008,437.5000000000001,757.7722283113837,875.0,59.99999999999999,230.0,4.81266428362436,3.804366979514019,0.18309141084107006,3.8087702590436656,2.7888802378583933e-15,5.522430571539734,435.63672060498817,758.8500226884961,-1.8632793950119435,1.0777943771123546,17.5,0.0,7.884146776767135e-14,-0.2815754062048695,True,True,True,500.0,0.0,0.0,5.0,data/ablation.npz,8,4,40
ablation_0009,ablation,A000,262.50000000000006,-454.66333698683025,525.0,-59.99999999999999,230.0,4.956412109078731,2.282620160698657,0.11313606204914063,2.285422186737203,-5.151434834260726e-16,3.3171827239147422,263.61903248087214,-454.01847377560324,1.1190324808720788,0.6448632112270047,10.5,0.0,7.351148221349973e-14,-0.2815754062048695,True,True,True,800.0,0.0,0.0,5.0,data/ablation.npz,9,4,40
ablation_0010,ablation,A001,525.0,0.0,525.0,0.0,230.0,4.955031453013238,2.2826201147639185,0.11310454463935905,2.2854205808456545,1.1368683772161603e-15,3.317168277895372,525.0010377777821,1.2915318950837857,0.0010377777821304335,1.2915318950837857,10.5,0.0,7.201180568627006e-14,-0.2815754062048695,True,True,True,800.0,0.0,0.0,5.0,data/ablation.npz,10,4,40
ablation_0011,ablation,A002,262.50000000000006,454.66333698683025,525.0,59.99999999999999,230.0,4.953475929566853,2.282620187164939,0.11306904153464911,2.2854188963868447,1.971756091734278e-15,3.317131456248446,261.3820329231719,455.3100131473811,-1.1179670768281653,0.6466761605508395,10.5,0.0,7.313824179360135e-14,-0.2815754062048695,True,True,True,800.0,0.0,0.0,5.0,data/ablation.npz,11,4,40
ablation_0012,ablation,A003,350.00000000000006,-606.217782649107,700.0,-59.99999999999999,230.0,3.9289537014233655,3.043493544417985,0.1195774522659916,3.045841719740448,-1.1901590823981679e-15,4.394325300697891,351.49204046928236,-605.3579658364863,1.4920404692823013,0.8598168126206929,14.0,0.0,7.339546662797395e-14,-0.2815754062048695,True,True,True,800.0,0.0,0.0,5.0,data/ablation.npz,12,4,40
ablation_0013,ablation,A004,700.0,0.0,700.0,0.0,230.0,3.9284091445170604,3.0434934987108435,0.119560876916139,3.045841023301954,1.9895196601282807e-15,4.394329322985001,700.0013865443326,1.7220433171620206,0.0013865443326039895,1.7220433171620206,14.0,0.0,7.242217204537275e-14,-0.2815754062048695,True,True,True,800.0,0.0,0.0,5.0,data/ablation.npz,13,4,40
ablation_0014,ablation,A005,350.00000000000006,606.217782649107,700.0,59.99999999999999,230.0,3.927679416807934,3.0434935737228046,0.1195386706469828,3.0458402265847817,2.895461648222408e-15,4.394288780355115,348.50937439467407,607.0800167277623,-1.490625605325988,0.8622340786553195,14.0,0.0,7.326792009156366e-14,-0.2815754062048695,True,True,True,800.0,0.0,0.0,5.0,data/ablation.npz,14,4,40
ablation_0015,ablation,A006,437.5000000000001,-757.7722283113837,875.0,-59.99999999999999,230.0,3.2455027621906183,3.8043669279389634,0.12347083373012543,3.8063700559159166,-1.1546319456101628e-15,5.470895587649669,439.3650483414481,-756.6974579121115,1.8650483414479595,1.0747703992722109,17.5,0.0,7.366919573577033e-14,-0.2815754062048695,True,True,True,800.0,0.0,0.0,5.0,data/ablation.npz,15,4,40
ablation_0016,ablation,A007,875.0,0.0,875.0,0.0,230.0,3.2452720722587114,3.804366883162947,0.12346205598554631,3.8063697263183256,1.5987211554602255e-15,5.4709167953139906,875.0017354270339,2.152554755842263,0.001735427033850101,2.152554755842263,17.5,0.0,7.297552615157142e-14,-0.2815754062048695,True,True,True,800.0,0.0,0.0,5.0,data/ablation.npz,16,4,40
ablation_0017,ablation,A008,437.5000000000001,757.7722283113837,875.0,59.99999999999999,230.0,3.244852299566798,3.8043669599710004,0.12344608878457848,3.8063692850971966,2.9842794901924207e-15,5.470876087594798,435.6367157490847,758.8500202932366,-1.8632842509153988,1.0777919818528972,17.5,0.0,7.328894486602561e-14,-0.2815754062048695,True,True,True,800.0,0.0,0.0,5.0,data/ablation.npz,17,4,40
ablation_0018,ablation,A000,262.50000000000006,-454.66333698683025,525.0,-59.99999999999999,230.0,5.038052136478348,2.2826201590195683,0.11499959368917083,2.28551519618223,-9.14823772291129e-16,3.2638137553708635,263.61903041953514,-454.0184745259179,1.119030419535079,0.6448624609123499,10.5,0.0,7.948445882714889e-14,-0.2815754062048695,False,True,False,500.0,5.0,0.0,5.0,data/ablation.npz,18,4,40
ablation_0019,ablation,A001,525.0,0.0,525.0,0.0,230.0,5.035825938378273,2.2826201237408035,0.11494877626598161,2.285512604514065,6.750155989720952e-16,3.263776386639882,525.001039840638,1.2915326405606524,0.0010398406379863445,1.2915326405606524,10.5,0.0,7.69057055362884e-14,-0.2815754062048695,False,True,False,500.0,5.0,0.0,5.0,data/ablation.npz,19,4,40
ablation_0020,ablation,A002,262.50000000000006,454.66333698683025,525.0,59.99999999999999,230.0,5.033507607444246,2.2826201798755923,0.11489586040309549,2.285509999779703,2.007283228522283e-15,3.263803344772699,261.38203086221154,455.3100123973535,-1.1179691377885206,0.646675410523244,10.5,0.0,7.862247026617653e-14,-0.2815754062048695,False,True,False,500.0,5.0,0.0,5.0,data/ablation.npz,20,4,40
ablation_0021,ablation,A003,350.00000000000006,-606.217782649107,700.0,-59.99999999999999,230.0,4.115728531296755,3.0434935427741565,0.12526193208813036,3.0460701898973683,-1.0658141036401502e-15,4.338779930848998,351.4920383808453,-605.3579666119135,1.4920383808452584,0.8598160371934682,14.0,0.0,7.932682368531805e-14,-0.2815754062048695,True,True,True,500.0,5.0,0.0,5.0,data/ablation.npz,21,4,40
ablation_0022,ablation,A004,700.0,0.0,700.0,0.0,230.0,4.114750639425599,3.0434935078047385,0.12523216857327205,3.046068931038831,9.769962616701378e-16,4.338794857059827,700.0013886340362,1.7220440889878783,0.0013886340361750626,1.7220440889878783,14.0,0.0,7.770604342571215e-14,-0.2815754062048695,True,True,True,500.0,5.0,0.0,5.0,data/ablation.npz,22,4,40
ablation_0023,ablation,A005,350.00000000000006,606.217782649107,700.0,59.99999999999999,230.0,4.113662244711284,3.0434935662787477,0.12519904575622584,3.046067627766079,2.7533531010703883e-15,4.338810846219789,348.5093723063621,607.0800159524068,-1.4906276936379754,0.8622333032998313,14.0,0.0,7.891007633461005e-14,-0.2815754062048695,True,True,True,500.0,5.0,0.0,5.0,data/ablation.npz,23,4,40
ablation_0024,ablation,A006,437.5000000000001,-757.7722283113837,875.0,-59.99999999999999,230.0,3.4607335383428146,3.80436692629326,0.13165900213985252,3.8066444796275865,-1.1368683772161603e-15,5.414279155357582,439.36504624241496,-756.6974586931932,1.8650462424148486,1.074769618190544,17.5,0.0,7.935897337807174e-14,-0.2815754062048695,True,True,True,500.0,5.0,0.0,5.0,data/ablation.npz,24,4,40
ablation_0025,ablation,A007,875.0,0.0,875.0,0.0,230.0,3.4602615642714376,3.8043668923020144,0.13164104533819437,3.8066438244213163,1.4921397450962103e-15,5.414265467772704,875.0017375271112,2.1525555340724516,0.0017375271112314294,2.1525555340724516,17.5,0.0,7.894115926829613e-14,-0.2815754062048695,True,True,True,500.0,5.0,0.0,5.0,data/ablation.npz,25,4,40
ablation_0026,ablation,A008,437.5000000000001,757.7722283113837,875.0,59.99999999999999,230.0,3.4596697627353934,3.804366952482173,0.13161853311852373,3.80664310591683,2.7888802378583933e-15,5.41430904324145,435.63671365011317,758.8500195121271,-1.8632863498869483,1.077791200743377,17.5,0.0,7.90917500881215e-14,-0.2815754062048695,True,True,True,500.0,5.0,0.0,5.0,data/ablation.npz,26,4,40
ablation_0027,ablation,A000,262.50000000000006,-454.66333698683025,525.0,-59.99999999999999,230.0,6.832521238038011,2.282620159091999,0.15596050715369786,2.2879419750606016,-6.306066779870889e-16,3.412692914975861,263.6190367132732,-454.01847089081645,1.1190367132731467,0.6448660960138,10.5,0.0,7.954420164900498e-14,-0.2815754062048695,False,True,False,500.0,0.0,5.0,5.0,data/ablation.npz,27,4,40
ablation_0028,ablation,A001,525.0,0.0,525.0,0.0,230.0,6.830658306013702,2.282620096307265,0.15591797920315018,2.2879390138171054,7.460698725481052e-16,3.412716131534475,525.0010335398109,1.2915290203583674,0.0010335398109191374,1.2915290203583674,10.5,0.0,7.716329983081107e-14,-0.2815754062048695,False,True,False,500.0,0.0,5.0,5.0,data/ablation.npz,28,4,40
ablation_0029,ablation,A002,262.50000000000006,454.66333698683025,525.0,59.99999999999999,230.0,6.828596674068025,2.282620207196558,0.1558709275502288,2.2879359184397843,1.7408297026122454e-15,3.412569675668153,261.3820371536,455.31001603128925,-1.1179628464000757,0.646679044459006,10.5,0.0,7.86448677425417e-14,-0.2815754062048695,False,True,False,500.0,0.0,5.0,5.0,data/ablation.npz,29,4,40
ablation_0030,ablation,A003,350.00000000000006,-606.217782649107,700.0,-59.99999999999999,230.0,5.409689618016768,3.0434935428606438,0.16464355421314295,3.047943656611854,-9.237055564881303e-16,4.494701346693266,351.49204487385083,-605.3579628648495,1.492044873850773,0.8598197842575246,14.0,0.0,7.973720744581309e-14,-0.2815754062048695,False,True,False,500.0,0.0,5.0,5.0,data/ablation.npz,30,4,40
ablation_0031,ablation,A004,700.0,0.0,700.0,0.0,230.0,5.408920934947334,3.043493479508941,0.16462015596691615,3.0479423294150654,8.526512829121202e-16,4.494697867922007,700.0013821351729,1.7220403532580237,0.0013821351728893205,1.7220403532580237,14.0,0.0,7.823807760414104e-14,-0.2815754062048695,False,True,False,500.0,0.0,5.0,5.0,data/ablation.npz,31,4,40
ablation_0032,ablation,A005,350.00000000000006,606.217782649107,700.0,59.99999999999999,230.0,5.407942996145705,3.04349359445838,0.16459039867965514,3.0479408370460224,2.7355895326763858e-15,4.494675288277335,348.5093787982729,607.0800196989503,-1.4906212017271514,0.8622370498433156,14.0,0.0,7.915060409191733e-14,-0.2815754062048695,False,True,False,500.0,0.0,5.0,5.0,data/ablation.npz,32,4,40
ablation_0033,ablation,A006,437.5000000000001,-757.7722283113837,875.0,-59.99999999999999,230.0,4.467655193550903,3.804366926355643,0.16996599656706074,3.808161827758961,-1.2789769243681803e-15,5.573651906513416,439.36505283135745,-756.6974548840136,1.8650528313573318,1.0747734273701326,17.5,0.0,8.021932255201947e-14,-0.2815754062048695,True,True,True,500.0,0.0,5.0,5.0,data/ablation.npz,33,4,40
ablation_0034,ablation,A007,875.0,0.0,875.0,0.0,230.0,4.4673113906610915,3.804366863592392,0.16995291423979905,3.8081611809869282,9.947598300641404e-16,5.5737694844612085,875.0017309332263,2.1525517340403377,0.0017309332263266697,2.1525517340403377,17.5,0.0,7.910250413773037e-14,-0.2815754062048695,True,True,True,500.0,0.0,5.0,5.0,data/ablation.npz,34,4,40
ablation_0035,ablation,A008,437.5000000000001,757.7722283113837,875.0,59.99999999999999,230.0,4.466754550037643,3.804366981105615,0.16993173522866478,3.808160353061997,2.877698079828406e-15,5.573708280944818,435.6367202384977,758.8500233209884,-1.8632797615024401,1.0777950096046425,17.5,0.0,7.924278486535758e-14,-0.2815754062048695,True,True,True,500.0,0.0,5.0,5.0,data/ablation.npz,35,4,40
ablation_0036,ablation,A000,262.50000000000006,-454.66333698683025,525.0,-59.99999999999999,230.0,4.314029544688376,2.2826201579735783,0.09847290800799266,2.2847432497146656,-6.661338147750939e-16,3.3140752751146976,263.6190303804911,-454.01847427039684,1.11903038049104,0.6448627164334084,10.5,0.0,8.01293925065083e-14,-0.2815754062048695,True,True,True,500.0,5.0,5.0,5.0,data/ablation.npz,36,4,40
ablation_0037,ablation,A001,525.0,0.0,525.0,0.0,230.0,4.312233212507739,2.2826201239047914,0.09843190309840773,2.2847414486868405,7.460698725481052e-16,3.3140960645712387,525.0010398789843,1.2915323849049376,0.0010398789843293343,1.2915323849049376,10.5,0.0,7.786058576359691e-14,-0.2815754062048695,True,True,True,500.0,5.0,5.0,5.0,data/ablation.npz,37,4,40
ablation_0038,ablation,A002,262.50000000000006,454.66333698683025,525.0,59.99999999999999,230.0,4.310306870544575,2.282620180755384,0.09838793447953631,2.284739611601941,1.838529328779259e-15,3.313999119288422,261.3820308233919,455.3100126529644,-1.1179691766081419,0.6466756661341719,10.5,0.0,7.932774487008969e-14,-0.2815754062048695,True,True,True,500.0,5.0,5.0,5.0,data/ablation.npz,38,4,40
ablation_0039,ablation,A003,350.00000000000006,-606.217782649107,700.0,-59.99999999999999,230.0,3.518120942485737,3.043493541730074,0.1070737836748066,3.045376473052676,-7.993605777301127e-16,4.392929729317749,351.4920383222245,-605.357966368267,1.4920383222244595,0.8598162808400502,14.0,0.0,8.026085638464737e-14,-0.2815754062048695,True,True,True,500.0,5.0,5.0,5.0,data/ablation.npz,39,4,40
ablation_0040,ablation,A004,700.0,0.0,700.0,0.0,230.0,3.5173009593909383,3.0434935080549836,0.10704882635781887,3.0453755618764515,8.171241461241152e-16,4.392905491591899,700.0013886921926,1.7220438451897924,0.0013886921925632123,1.7220438451897924,14.0,0.0,7.867719115290394e-14,-0.2815754062048695,True,True,True,500.0,5.0,5.0,5.0,data/ablation.npz,40,4,40
ablation_0041,ablation,A005,350.00000000000006,606.217782649107,700.0,59.99999999999999,230.0,3.5163402372010952,3.0434935670711267,0.10701958891554893,3.045374593132753,2.6645352591003757e-15,4.392903258987345,348.50937224783155,607.0800161961507,-1.490627752168507,0.8622335470437292,14.0,0.0,7.989571390502917e-14,-0.2815754062048695,True,True,True,500.0,5.0,5.0,5.0,data/ablation.npz,41,4,40
ablation_0042,ablation,A006,437.5000000000001,-757.7722283113837,875.0,-59.99999999999999,230.0,2.961400073392449,3.8043669252729195,0.11266252491715029,3.806034812691878,-1.1901590823981679e-15,5.470427341654528,439.36504617535655,-756.6974584607599,1.86504617535644,1.074769850623852,17.5,0.0,8.050162430400794e-14,-0.2815754062048695,True,True,True,500.0,5.0,5.0,5.0,data/ablation.npz,42,4,40
ablation_0043,ablation,A007,875.0,0.0,875.0,0.0,230.0,2.960998218142663,3.804366892589607,0.11264723590118766,3.8060343272551447,1.3145040611561853e-15,5.4704453282067895,875.0017375938297,2.1525553015013426,0.0017375938297163884,2.1525553015013426,17.5,0.0,7.944648161092136e-14,-0.2815754062048695,True,True,True,500.0,5.0,5.0,5.0,data/ablation.npz,43,4,40
ablation_0044,ablation,A008,437.5000000000001,757.7722283113837,875.0,59.99999999999999,230.0,2.9604501480943366,3.80436695321385,0.11262638710047143,3.8060337706339795,2.6290081223123707e-15,5.470445897861668,435.6367135830917,758.8500197446472,-1.8632864169084087,1.0777914332634282,17.5,0.0,7.981012276445988e-14,-0.2815754062048695,True,True,True,500.0,5.0,5.0,5.0,data/ablation.npz,44,4,40
ablation_0045,ablation,A000,262.50000000000006,-454.66333698683025,525.0,-59.99999999999999,230.0,3.3842362489772038,2.2826201568980866,0.07724925877620537,2.283926933364651,-6.927791673660977e-16,3.292222338581707,263.6190289181591,-454.01847483344073,1.1190289181590174,0.6448621533895107,10.5,0.0,7.378758556925612e-14,-0.2815754062048695,True,True,True,800.0,5.0,5.0,5.0,data/ablation.npz,45,4,40
ablation_0046,ablation,A001,525.0,0.0,525.0,0.0,230.0,3.3830230152314087,2.2826201302727673,0.07722156435743288,2.2839259701924552,1.1546319456101628e-15,3.292217383151332,525.0010413422461,1.2915329446825619,0.0010413422461397204,1.2915329446825619,10.5,0.0,7.241178038321498e-14,-0.2815754062048695,True,True,True,800.0,5.0,5.0,5.0,data/ablation.npz,46,4,40
ablation_0047,ablation,A002,262.50000000000006,454.66333698683025,525.0,59.99999999999999,230.0,3.3816658675738585,2.2826201754679807,0.07719058736015522,2.283924968191466,1.5987211554602255e-15,3.2921736759365743,261.38202936175674,455.3100120898052,-1.117970638243321,0.6466751029749389,10.5,0.0,7.347472235331156e-14,-0.2815754062048695,True,True,True,800.0,5.0,5.0,5.0,data/ablation.npz,47,4,40
ablation_0048,ablation,A003,350.00000000000006,-606.217782649107,700.0,-59.99999999999999,230.0,2.7313693017812524,3.0434935404854286,0.08312904826651436,3.044628623693873,-6.572520305780927e-16,4.369771849453502,351.4920367962429,-605.3579669232803,1.4920367962428713,0.8598157258267065,14.0,0.0,7.382137469363958e-14,-0.2815754062048695,True,True,True,800.0,5.0,5.0,5.0,data/ablation.npz,48,4,40
ablation_0049,ablation,A004,700.0,0.0,700.0,0.0,230.0,2.730838822174109,3.0434935146989,0.08311290244974884,3.044628157028084,1.5987211554602255e-15,4.369750968922867,700.0013902189389,1.7220443976262578,0.0013902189389227715,1.7220443976262578,14.0,0.0,7.285559166148347e-14,-0.2815754062048695,True,True,True,800.0,5.0,5.0,5.0,data/ablation.npz,49,4,40
ablation_0050,ablation,A005,350.00000000000006,606.217782649107,700.0,59.99999999999999,230.0,2.7301574342256725,3.0434935616757564,0.08309216573427036,3.0446276378942287,2.415845301584341e-15,4.369738976255629,348.50937072221495,607.0800156410883,-1.4906292777851036,0.8622329919812728,14.0,0.0,7.359986267352602e-14,-0.2815754062048695,True,True,True,800.0,5.0,5.0,5.0,data/ablation.npz,50,4,40
ablation_0051,ablation,A006,437.5000000000001,-757.7722283113837,875.0,-59.99999999999999,230.0,2.2850927216744976,3.804366923955925,0.08693331168510882,3.8053600848622753,-1.403321903126198e-15,5.446593066023165,439.3650446157289,-756.6974590160672,1.8650446157287774,1.0747692953165142,17.5,0.0,7.41416471272112e-14,-0.2815754062048695,True,True,True,800.0,5.0,5.0,5.0,data/ablation.npz,51,4,40
ablation_0052,ablation,A007,875.0,0.0,875.0,0.0,230.0,2.2848441041245797,3.8043668993793713,0.08692385279973666,3.8053598440775076,1.4921397450962103e-15,5.446553835650079,875.0017391541196,2.1525558546729293,0.001739154119604791,2.1525558546729293,17.5,0.0,7.328172842189434e-14,-0.2815754062048695,True,True,True,800.0,5.0,5.0,5.0,data/ablation.npz,52,4,40
ablation_0053,ablation,A008,437.5000000000001,757.7722283113837,875.0,59.99999999999999,230.0,2.2844415726789045,3.804366947744421,0.08690854013152909,3.8053595425511473,3.3217872896784686e-15,5.446571919890976,435.6367120236606,758.8500191893557,-1.8632879763395067,1.0777908779720065,17.5,0.0,7.379551180711259e-14,-0.2815754062048695,True,True,True,800.0,5.0,5.0,5.0,data/ablation.npz,53,4,40
phase_0000,phase,P000,4.2862637970157365e-14,-700.0,700.0,-90.0,230.0,5.807990100731232,3.0434935998107098,0.17676580699339461,3.0486225605809296,-1.4210854715202005e-15,4.445194962476883,1.7220479408652078,-700.0014097859976,1.722047940865165,-0.0014097859975663596,14.0,0.0,7.891723473463197e-14,-0.2815754062048695,False,True,False,500.0,0.0,0.0,5.0,data/phase.npz,0,4,40
phase_0001,phase,P001,350.00000000000006,-606.217782649107,700.0,-59.99999999999999,230.0,5.807883647499425,3.043493546032069,0.17676256397269693,3.048622318845097,-1.2434497875801752e-15,4.44515079025736,351.4920452151215,-605.3579635101668,1.4920452151214363,0.8598191389402245,14.0,0.0,7.882167141937667e-14,-0.2815754062048695,False,True,False,500.0,0.0,0.0,5.0,data/phase.npz,1,4,40
phase_0002,phase,P002,606.2177826491071,-349.99999999999994,700.0,-29.999999999999996,230.0,5.807520669797701,3.0434934851981423,0.17675151323682856,3.048621617363534,3.1974423109204507e-16,4.445181660978796,607.0800083009483,-348.5093481778985,0.8622256518411859,1.4906518221014267,14.0,0.0,7.81831503058865e-14,-0.2815754062048695,False,True,False,500.0,0.0,0.0,5.0,data/phase.npz,2,4,40
phase_0003,phase,P003,700.0,0.0,700.0,0.0,230.0,5.8069269929583145,3.0434934780374774,0.17673344430508411,3.0486205626280927,9.592326932761353e-16,4.445189615483023,700.0013817951465,1.722040999203504,0.0013817951464716316,1.722040999203504,14.0,0.0,7.732951046339109e-14,-0.2815754062048695,False,True,False,500.0,0.0,0.0,5.0,data/phase.npz,3,4,40
phase_0004,phase,P004,606.2177826491071,349.99999999999994,700.0,29.999999999999996,230.0,5.806269817725144,3.043493531804275,0.17671344634156863,3.0486194570089786,1.5276668818842154e-15,4.445141987599685,605.3579749174378,351.49201905188653,-0.8598077316693207,1.4920190518865866,14.0,0.0,7.768192543180457e-14,-0.2815754062048695,False,True,False,500.0,0.0,0.0,5.0,data/phase.npz,4,4,40
phase_0005,phase,P005,350.00000000000006,606.217782649107,700.0,59.99999999999999,230.0,5.805779531552056,3.0434935927629025,0.17669852805272687,3.0486186531289676,2.8244073746463984e-15,4.44516971320318,348.5093791392658,607.0800190535457,-1.490620860734282,0.8622364044387041,14.0,0.0,7.863476948403937e-14,-0.2815754062048695,False,True,False,500.0,0.0,0.0,5.0,data/phase.npz,5,4,40
phase_0006,phase,P006,4.2862637970157365e-14,700.0,700.0,90.0,230.0,5.805608246654901,3.0434935997984116,0.1766933154163107,3.0486183580200135,9.325873406851315e-16,4.445181474910553,-1.7220479403091145,700.0014097831705,-1.7220479403091573,0.001409783170515766,14.0,0.0,7.947366332414132e-14,-0.2815754062048695,False,True,False,500.0,0.0,0.0,5.0,data/phase.npz,6,4,40
phase_0007,phase,P007,8.572527594031473e-14,-1400.0,1400.0,-90.0,230.0,3.1490958625652925,6.086987139834899,0.19168506017542222,6.0900047901323955,-2.9487523534044156e-15,8.751905706576514,3.444091294498289,-1400.002805832339,3.4440912944982034,-0.002805832338935943,28.0,0.0,7.925483887774278e-14,-0.2815754062048695,True,True,True,500.0,0.0,0.0,5.0,data/phase.npz,7,4,40
phase_0008,phase,P008,700.0000000000001,-1212.435565298214,1400.0,-59.99999999999999,230.0,3.1491303365242502,6.0869870791556,0.19168715669000036,6.090004795410287,-1.0302869668521452e-15,8.751818365367612,702.9840766787632,-1210.715931571774,2.984076678763131,1.7196337264399517,28.0,0.0,7.977079183976484e-14,-0.2815754062048695,True,True,True,500.0,0.0,0.0,5.0,data/phase.npz,8,4,40
phase_0009,phase,P009,1212.4355652982142,-699.9999999999999,1400.0,-29.999999999999996,230.0,3.149162942977505,6.086987017242861,0.1916891394908639,6.0900047957155925,-3.552713678800501e-17,8.75192001672175,1214.160021126939,-697.0187101151811,1.7244558287247855,2.981289884818807,28.0,0.0,7.94541624492894e-14,-0.2815754062048695,True,True,True,500.0,0.0,0.0,5.0,data/phase.npz,9,4,40
phase_0010,phase,P010,1400.0,0.0,1400.0,0.0,230.0,3.1491238347266215,6.0869870159543416,0.1916867589361329,6.090004719195432,2.771116669464391e-15,8.751917923280178,1400.0027773514862,3.4440865135574086,0.002777351486201951,3.4440865135574086,28.0,0.0,7.938827213048952e-14,-0.2815754062048695,True,True,True,500.0,0.0,0.0,5.0,data/phase.npz,10,4,40
phase_0011,phase,P011,1212.4355652982142,699.9999999999999,1400.0,29.999999999999996,230.0,3.1490178904132535,6.086987076629128,0.19168031203019392,6.090004576635227,3.943512183468556e-15,8.751820967813721,1210.7159453103175,702.9840518602748,-1.719619987896749,2.984051860274917,28.0,0.0,7.8904168149182e-14,-0.2815754062048695,True,True,True,500.0,0.0,0.0,5.0,data/phase.npz,11,4,40
phase_0012,phase,P012,700.0000000000001,1212.435565298214,1400.0,59.99999999999999,230.0,3.1489164716364932,6.086987138609918,0.19167414063408256,6.090004444141209,4.938272013532696e-15,8.751911073598064,697.0187445318935,1214.1600335563505,-2.9812554681066104,1.7244682581365396,28.0,0.0,7.933542155725908e-14,-0.2815754062048695,True,True,True,500.0,0.0,0.0,5.0,data/phase.npz,12,4,40
phase_0013,phase,P013,8.572527594031473e-14,1400.0,1400.0,90.0,230.0,3.148882974175819,6.086987139834377,0.19167210168651636,6.090004381103892,2.611244553918368e-15,8.751905351492898,-3.4440912940355064,1400.0028058322202,-3.444091294035592,0.0028058322202468844,28.0,0.0,7.947502517872208e-14,-0.2815754062048695,True,True,True,500.0,0.0,0.0,5.0,data/phase.npz,13,4,40
phase_0014,phase,P000,4.2862637970157365e-14,-700.0,700.0,-90.0,230.0,2.7314272343214583,3.0434935631950735,0.0831308120599308,3.0446286945673604,-1.5099033134902129e-15,4.369731993767956,1.7220445134317446,-700.0014013728077,1.7220445134317017,-0.0014013728076633925,14.0,0.0,7.41543256475504e-14,-0.2815754062048695,True,True,True,800.0,5.0,5.0,5.0,data/phase.npz,14,4,40
phase_0015,phase,P001,350.00000000000006,-606.217782649107,700.0,-59.99999999999999,230.0,2.7313693017812524,3.0434935404854286,0.08312904826651436,3.044628623693873,-6.572520305780927e-16,4.369771849453502,351.4920367962429,-605.3579669232803,1.4920367962428713,0.8598157258267065,14.0,0.0,7.382137469363958e-14,-0.2815754062048695,True,True,True,800.0,5.0,5.0,5.0,data/phase.npz,15,4,40
phase_0016,phase,P002,606.2177826491071,-349.99999999999994,700.0,-29.999999999999996,230.0,2.7311702030010205,3.043493516260112,0.08312298804636421,3.044628433978128,3.730349362740526e-16,4.369757960188329,607.0800117034399,-348.509356600678,0.862229054332829,1.4906433993219252,14.0,0.0,7.351770703066165e-14,-0.2815754062048695,True,True,True,800.0,5.0,5.0,5.0,data/phase.npz,16,4,40
phase_0017,phase,P003,700.0,0.0,700.0,0.0,230.0,2.730838822174109,3.0434935146989,0.08311290244974884,3.044628157028084,1.5987211554602255e-15,4.369750968922867,700.0013902189389,1.7220443976262578,0.0013902189389227715,1.7220443976262578,14.0,0.0,7.285559166148347e-14,-0.2815754062048695,True,True,True,800.0,5.0,5.0,5.0,data/phase.npz,17,4,40
phase_0018,phase,P004,606.2177826491071,349.99999999999994,700.0,29.999999999999996,230.0,2.7304574523002767,3.043493537398535,0.0831012961021756,3.0446278628567915,1.758593271006248e-15,4.3697746549982295,605.357971515366,351.4920274735616,-0.8598111337411183,1.4920274735616772,14.0,0.0,7.316470394519527e-14,-0.2815754062048695,True,True,True,800.0,5.0,5.0,5.0,data/phase.npz,18,4,40
phase_0019,phase,P005,350.00000000000006,606.217782649107,700.0,59.99999999999999,230.0,2.7301574342256725,3.0434935616757564,0.08309216573427036,3.0446276378942287,2.415845301584341e-15,4.369738976255629,348.50937072221495,607.0800156410883,-1.4906292777851036,0.8622329919812728,14.0,0.0,7.359986267352602e-14,-0.2815754062048695,True,True,True,800.0,5.0,5.0,5.0,data/phase.npz,19,4,40
phase_0020,phase,P006,4.2862637970157365e-14,700.0,700.0,90.0,230.0,2.7300469338750406,3.0434935631918427,0.08308880270460313,3.044627547617122,1.0658141036401502e-15,4.369722865974778,-1.7220445135654814,700.0014013720642,-1.7220445135655242,0.0014013720641514738,14.0,0.0,7.405800068159818e-14,-0.2815754062048695,True,True,True,800.0,5.0,5.0,5.0,data/phase.npz,20,4,40
phase_0021,phase,P007,8.572527594031473e-14,-1400.0,1400.0,-90.0,230.0,1.5229041742295772,6.086987101895103,0.09269898065957649,6.087693190167881,-3.304023721284466e-15,8.67551520307513,3.4440875752202147,-1400.0027971153092,3.444087575220129,-0.0027971153092494205,28.0,0.0,7.417867327855682e-14,-0.2815754062048695,True,True,True,800.0,5.0,5.0,5.0,data/phase.npz,21,4,40
phase_0022,phase,P008,700.0000000000001,-1212.435565298214,1400.0,-59.99999999999999,230.0,1.5229252321078062,6.086987074074476,0.09270026202622088,6.087693181770194,-7.460698725481052e-16,8.675608811058154,702.9840679585692,-1210.7159352836502,2.984067958569085,1.7196300145637906,28.0,0.0,7.427429759151647e-14,-0.2815754062048695,True,True,True,800.0,5.0,5.0,5.0,data/phase.npz,22,4,40
phase_0023,phase,P009,1212.4355652982142,-699.9999999999999,1400.0,-29.999999999999996,230.0,1.5229482275437725,6.086987050099491,0.09270166139030916,6.087693178801131,1.0658141036401502e-15,8.675628598247817,1214.1600248332973,-697.0187188377231,1.7244595350830423,2.9812811622767867,28.0,0.0,7.427168362971252e-14,-0.2815754062048695,True,True,True,800.0,5.0,5.0,5.0,data/phase.npz,23,4,40
phase_0024,phase,P010,1400.0,0.0,1400.0,0.0,230.0,1.5229254740793776,6.086987053921504,0.09270027644808441,6.0876931611238785,2.771116669464391e-15,8.675541639180674,1400.0027860748478,3.4440902177666906,0.0027860748477905872,3.4440902177666906,28.0,0.0,7.424201772010505e-14,-0.2815754062048695,True,True,True,800.0,5.0,5.0,5.0,data/phase.npz,24,4,40
phase_0025,phase,P011,1212.4355652982142,699.9999999999999,1400.0,29.999999999999996,230.0,1.5228509524084346,6.086987081737015,0.09269574074721051,6.087693119482053,4.7606363295926715e-15,8.675616866848383,1210.7159416042482,702.9840605827272,-1.7196236939660139,2.984060582727352,28.0,0.0,7.354481205692935e-14,-0.2815754062048695,True,True,True,800.0,5.0,5.0,5.0,data/phase.npz,25,4,40
phase_0026,phase,P012,700.0000000000001,1212.435565298214,1400.0,59.99999999999999,230.0,1.5227699286365763,6.086987105739399,0.09269080920618546,6.087693068116199,4.583000645652646e-15,8.675614851928332,697.0187358117656,1214.1600298449223,-2.9812641882344906,1.7244645467083046,28.0,0.0,7.386227684095631e-14,-0.2815754062048695,True,True,True,800.0,5.0,5.0,5.0,data/phase.npz,26,4,40
phase_0027,phase,P013,8.572527594031473e-14,1400.0,1400.0,90.0,230.0,1.5227378542459116,6.086987101894815,0.0926888567836185,6.087693034427585,2.504663143554353e-15,8.675514384622968,-3.4440875752366673,1400.002797115243,-3.444087575236753,0.002797115243083681,28.0,0.0,7.425739412532323e-14,-0.2815754062048695,True,True,True,800.0,5.0,5.0,5.0,data/phase.npz,27,4,40
reverse_power_0000,reverse_power,R0,-525.0,0.0,525.0,180.0,230.0,7.273299510615895,2.282620095277103,0.16602179621900962,2.288649764664125,-2.0605739337042904e-15,3.3667123390603777,-525.0010333015787,-1.2915295464044125,-0.0010333015786727628,-1.2915295464044125,10.5,0.0,7.649174379760926e-14,-0.2815754062048695,False,True,False,500.0,0.0,0.0,5.0,data/reverse_power.npz,0,4,40
reverse_power_0001,reverse_power,R1,-700.0,0.0,700.0,180.0,230.0,5.8069238412744815,3.043493478181222,0.17673334839213933,3.048620557207796,-1.936228954946273e-15,4.445201478043092,-700.0013818284456,-1.7220409024891419,-0.001381828445573774,-1.7220409024891419,14.0,0.0,7.734998358080353e-14,-0.2815754062048695,False,True,False,500.0,0.0,0.0,5.0,data/reverse_power.npz,1,4,40
reverse_power_0002,reverse_power,R2,-1400.0,0.0,1400.0,180.0,230.0,3.1491216807379576,6.086987016030628,0.19168662782552498,6.090004715032522,-3.801403636316536e-15,8.751922829042513,-1400.0027773691547,-3.4440864636558923,-0.0027773691547281487,-3.4440864636558923,28.0,0.0,7.888963738135485e-14,-0.2815754062048695,True,True,True,500.0,0.0,0.0,5.0,data/reverse_power.npz,2,4,40
reverse_power_0003,reverse_power,R3,-5600.0,0.0,5600.0,180.0,230.0,0.8089776284263908,24.347948255518418,0.19696945436797766,24.348745977093788,-1.4352963262354024e-14,34.577370378067194,-5600.011153461404,-13.776360653672663,-0.011153461404319387,-13.776360653672663,112.0,0.0,8.035523312953676e-14,-0.2815754062048695,True,True,True,500.0,0.0,0.0,5.0,data/reverse_power.npz,3,4,40
reverse_power_0004,reverse_power,R0,-525.0,0.0,525.0,180.0,230.0,3.383021634373357,2.282620130329717,0.07722153283961562,2.283925969183265,-1.7053025658242404e-15,3.2921730717367357,-525.0010413554709,-1.2915328933706565,-0.0010413554708748052,-1.2915328933706565,10.5,0.0,7.231291556661808e-14,-0.2815754062048695,True,True,True,800.0,5.0,5.0,5.0,data/reverse_power.npz,4,4,40
reverse_power_0005,reverse_power,R1,-700.0,0.0,700.0,180.0,230.0,2.7308356417304562,3.0434935147415816,0.08311280565431808,3.044628154426798,-1.8474111129762605e-15,4.369717391057994,-700.0013902288524,-1.7220443583036822,-0.0013902288524150208,-1.7220443583036822,14.0,0.0,7.2638538643269e-14,-0.2815754062048695,True,True,True,800.0,5.0,5.0,5.0,data/reverse_power.npz,5,4,40
reverse_power_0006,reverse_power,R2,-1400.0,0.0,1400.0,180.0,230.0,1.5229234529880036,6.086987053942879,0.09270015342483966,6.087693159145313,-4.156675004196586e-15,8.675516414942347,-1400.0027860798127,-3.4440901976314326,-0.002786079812722164,-3.4440901976314326,28.0,0.0,7.3615716841593e-14,-0.2815754062048695,True,True,True,800.0,5.0,5.0,5.0,data/reverse_power.npz,6,4,40
reverse_power_0007,reverse_power,R3,-5600.0,0.0,5600.0,180.0,230.0,0.39985608623462376,24.347948292650894,0.09735675312142378,24.34814408397756,-1.6910917111090384e-14,34.50073598848787,-5600.011161991038,-13.776365068502278,-0.01116199103762483,-13.776365068502278,112.0,0.0,7.504669218227831e-14,-0.2815754062048695,True,True,True,800.0,5.0,5.0,5.0,data/reverse_power.npz,7,4,40
transient_0000,transient,X0,700.0,0.0,700.0,0.0,230.0,5.806926992958264,3.0434934780373584,0.17673344430507565,3.0486205626279728,-4.3129944060638083e-14,4.44518961548303,700.0013817951191,1.7220409992115857,0.0013817951190731037,1.7220409992115857,14.0,0.0,7.735154350263455e-14,-0.2815754062048695,False,True,False,500.0,0.0,0.0,5.0,data/transient.npz,0,4,40
transient_0001,transient,X1,700.0,700.0,989.9494936611666,45.0,230.0,4.320292877672078,4.304149869819496,0.18595188027014375,4.308164897547461,-4.620304139280052e-14,6.229729154734942,698.2793667021164,701.7234347140368,-1.7206332978836372,1.7234347140367845,19.79898987322333,0.0,7.746170080420688e-14,-0.2815754062048695,True,True,True,500.0,0.0,0.0,5.0,data/transient.npz,1,4,40
transient_0002,transient,X2,2800.0,-1400.0,3130.4951684997054,-26.56505117707799,230.0,1.4427727655657856,13.610916807483253,0.19637460084218447,13.612334495201413,-2.3447910280083305e-14,19.392981223755392,2803.449661887841,-1393.1145945898052,3.4496618878411027,6.885405410194835,62.60990336999411,0.0,8.12043720517579e-14,-0.2815754062048695,True,True,True,500.0,0.0,0.0,5.0,data/transient.npz,2,4,40
transient_0003,transient,X0,700.0,0.0,700.0,0.0,230.0,2.7308388194683677,3.0434935147590494,0.08311290236904235,3.044628157086007,2.1693260521260526e-11,4.3697509721756225,700.0013902327238,1.7220444176752827,0.0013902327237929057,1.7220444176752827,14.0,0.0,1.6083924074037263e-12,-0.2815754062048695,True,True,True,800.0,5.0,5.0,5.0,data/transient.npz,3,4,40
transient_0004,transient,X1,700.0,700.0,989.9494936611666,45.0,230.0,2.061374787790514,4.304149854489705,0.08872465992917287,4.3050642893480955,1.2283223327358428e-11,6.153651699168473,698.2793580835846,701.7234383161828,-1.7206419164153886,1.723438316182751,19.79898987322333,0.0,3.9866296064054886e-13,-0.2815754062048695,True,True,True,800.0,5.0,5.0,5.0,data/transient.npz,4,4,40
transient_0005,transient,X2,2800.0,-1400.0,3130.4951684997054,-26.56505117707799,230.0,0.7105534258449854,13.610916844412609,0.09671283592688597,13.61126174752136,2.4394140041295032e-11,19.316455495403957,2803.449667516806,-1393.1146023488689,3.44966751680613,6.885397651131143,62.60990336999411,0.0,1.0692669123378043e-12,-0.2815754062048695,True,True,True,800.0,5.0,5.0,5.0,data/transient.npz,5,4,40
refinement_0000,refinement,M002,262.50000000000006,-454.66333698683025,525.0,-59.99999999999999,253.0,3.618190315451633,2.075109234073684,0.07508140134229659,2.076467084697791,-8.437694987151189e-16,2.998102604030363,263.6190294249885,-454.0184746942033,1.1190294249884687,0.6448622926269536,10.5,0.0,9.081148384193049e-14,-0.2815754062048703,True,True,True,800.0,5.0,5.0,5.0,data/refinement.npz,0,16,40
refinement_0001,refinement,M044,437.5000000000001,757.7722283113837,875.0,59.99999999999999,253.0,2.4681462190167816,3.4585154086289682,0.08536121729218867,3.4595686938188988,2.895461648222408e-15,4.957159876404924,435.63671258050994,758.850019333114,-1.8632874194901774,1.0777910217302633,17.5,0.0,9.032661792045591e-14,-0.2815754062048703,True,True,True,800.0,5.0,5.0,5.0,data/refinement.npz,1,16,40
refinement_0002,refinement,H000,954.0810161559097,673.5634898710491,1167.8862788287051,35.221382017007855,207.00863874907344,2.2848778730877246,5.641758949978999,0.12890730190101649,5.643240997413015,0.010233993165110533,8.08975803777024,952.3551754319507,675.927911374965,-1.7258407239589815,2.364421503915878,23.357725576574104,0.0,0.00020952673474163426,-0.28152597194823387,True,True,True,800.0,5.0,5.0,5.0,data/refinement.npz,2,16,40
refinement_0003,refinement,H071,562.4680622765983,740.7556251864905,930.1017241821562,52.78999317173677,214.16248435688252,2.4897050085767822,4.342933164440615,0.10812622451422013,4.344308102982693,0.015789598709347815,6.2326747690835225,560.5117270481697,742.1431428515692,-1.956335228428543,1.3875176650786898,18.602034483643124,0.0,0.00028527246064372666,-0.28152763241706974,True,True,True,800.0,5.0,5.0,5.0,data/refinement.npz,3,16,40
duration_0000,duration,M002,262.50000000000006,-454.66333698683025,525.0,-59.99999999999999,253.0,3.6181897821595,2.075109234073682,0.07508139027590222,2.0764670842976507,-3.161915174132446e-15,2.99810260047649,263.6190294249882,-454.01847469420295,1.1190294249881276,0.6448622926272947,10.5,0.0,1.7048382859859305e-13,-0.28157540620482235,True,True,True,800.0,5.0,5.0,5.0,data/duration.npz,0,4,80
duration_0001,duration,H000,954.0810161559097,673.5634898710491,1167.8862788287051,35.221382017007855,207.00863874907344,2.2850331053172903,5.641749169657453,0.12891583624563616,5.643231404826783,0.010228643972204238,8.089732847772485,952.3539327368023,675.9261503321146,-1.7270834191073163,2.362660461065502,23.357725576574104,0.0,0.0003514141642003378,-0.28152597194824613,True,True,True,800.0,5.0,5.0,5.0,data/duration.npz,1,4,80
plant_sensitivity_0000,plant_sensitivity,dead_us:0.12,700.0,0.0,700.0,0.0,230.0,3.6043960424099866,3.0434935024988667,0.10969955935507425,3.0454698699394607,8.881784197001252e-16,4.389482636498058,700.0013874171593,1.7220426754836347,0.0013874171593215578,1.7220426754836347,14.0,0.0,7.837870280965814e-14,-0.2815754062048695,True,True,True,500.0,0.0,0.0,5.0,data/plant_sensitivity.npz,0,4,40
plant_sensitivity_0001,plant_sensitivity,dead_us:0.2,700.0,0.0,700.0,0.0,230.0,5.8069269929583145,3.0434934780374774,0.17673344430508411,3.0486205626280927,9.592326932761353e-16,4.445189615483023,700.0013817951465,1.722040999203504,0.0013817951464716316,1.722040999203504,14.0,0.0,7.732951046339109e-14,-0.2815754062048695,False,True,False,500.0,0.0,0.0,5.0,data/plant_sensitivity.npz,1,4,40
plant_sensitivity_0002,plant_sensitivity,dead_us:0.28,700.0,0.0,700.0,0.0,230.0,7.838154550086093,3.0434934544730465,0.23855372068335154,3.0528282654193037,9.947598300641404e-16,4.499663238295718,700.0013763790863,1.722039464548887,0.0013763790863094982,1.722039464548887,14.0,0.0,7.630180395044937e-14,-0.2815754062048695,False,True,False,500.0,0.0,0.0,5.0,data/plant_sensitivity.npz,2,4,40
plant_sensitivity_0003,plant_sensitivity,lg:5e-05,700.0,0.0,700.0,0.0,230.0,5.845746706545157,3.043493477471803,0.1779149197232246,3.048689282973957,1.4566126083082053e-15,4.445165451288413,700.001381664405,1.7220412578065543,0.001381664405016636,1.7220412578065543,14.0,0.0,8.335385771016168e-14,-0.2815754062048695,False,True,False,500.0,0.0,0.0,5.0,data/plant_sensitivity.npz,3,4,40
plant_sensitivity_0004,plant_sensitivity,lg:0.0002,700.0,0.0,700.0,0.0,230.0,5.8069269929583145,3.0434934780374774,0.17673344430508411,3.0486205626280927,9.592326932761353e-16,4.445189615483023,700.0013817951465,1.722040999203504,0.0013817951464716316,1.722040999203504,14.0,0.0,7.732951046339109e-14,-0.2815754062048695,False,True,False,500.0,0.0,0.0,5.0,data/plant_sensitivity.npz,4,4,40
plant_sensitivity_0005,plant_sensitivity,lg:0.0008,700.0,0.0,700.0,0.0,230.0,5.611138259620668,3.0434934810235026,0.17077462714277064,3.0482809255247107,4.085620730620576e-16,4.4441034566299455,700.0013824844186,1.7220399893854186,0.0013824844186274277,1.7220399893854186,14.0,0.0,6.07678963733955e-14,-0.2815754062048695,False,True,False,500.0,0.0,0.0,5.0,data/plant_sensitivity.npz,5,4,40
plant_sensitivity_0006,plant_sensitivity,zero_a:0.15,700.0,0.0,700.0,0.0,230.0,6.019442647686293,3.043493476523963,0.18320134430543364,3.0490024840784664,4.973799150320702e-16,4.446364224173766,700.0013814463673,1.7220412714592943,0.0013814463673043065,1.7220412714592943,14.0,0.0,7.803732178015959e-14,-0.2815754062048695,False,True,False,500.0,0.0,0.0,5.0,data/plant_sensitivity.npz,6,4,40
plant_sensitivity_0007,plant_sensitivity,zero_a:0.25,700.0,0.0,700.0,0.0,230.0,5.8069269929583145,3.0434934780374774,0.17673344430508411,3.0486205626280927,9.592326932761353e-16,4.445189615483023,700.0013817951465,1.722040999203504,0.0013817951464716316,1.722040999203504,14.0,0.0,7.732951046339109e-14,-0.2815754062048695,False,True,False,500.0,0.0,0.0,5.0,data/plant_sensitivity.npz,7,4,40
plant_sensitivity_0008,plant_sensitivity,zero_a:0.4,700.0,0.0,700.0,0.0,230.0,5.478175914753349,3.043493480405915,0.16672792681068527,3.0480568840684907,7.993605777301127e-16,4.442860184051926,700.0013823403368,1.722040817057611,0.0013823403368178333,1.722040817057611,14.0,0.0,7.725948247569468e-14,-0.2815754062048695,False,True,False,500.0,0.0,0.0,5.0,data/plant_sensitivity.npz,8,4,40
plant_sensitivity_0009,plant_sensitivity,v3:-0.01,700.0,0.0,700.0,0.0,230.0,5.7358335458634215,3.043522385238723,0.17457137794838523,3.048524849208423,1.0658141036401502e-16,4.438839739334507,700.3363448302838,1.7268757026263168,0.33634483028379236,1.7268757026263168,14.0,0.0,7.765549495676529e-14,-0.2815060125545631,False,True,False,500.0,0.0,0.0,5.0,data/plant_sensitivity.npz,9,4,40
plant_sensitivity_0010,plant_sensitivity,v3:0,700.0,0.0,700.0,0.0,230.0,5.8069269929583145,3.0434934780374774,0.17673344430508411,3.0486205626280927,9.592326932761353e-16,4.445189615483023,700.0013817951465,1.722040999203504,0.0013817951464716316,1.722040999203504,14.0,0.0,7.732951046339109e-14,-0.2815754062048695,False,True,False,500.0,0.0,0.0,5.0,data/plant_sensitivity.npz,10,4,40
plant_sensitivity_0011,plant_sensitivity,v3:0.01,700.0,0.0,700.0,0.0,230.0,5.941976005915354,3.0434570253073767,0.1808414861941095,3.0488250811303232,1.1368683772161603e-15,4.452883948398984,699.641111616554,1.7162224610751489,-0.3588883834460148,1.7162224610751489,14.0,0.0,7.704885820731106e-14,-0.2815059741227583,False,True,False,500.0,0.0,0.0,5.0,data/plant_sensitivity.npz,11,4,40
