run_id,group,control_tag,case_id,id_peak_a,iq_peak_a,vac_v,vdc_v,fgrid_hz,lf_h,lg_h,rf_ohm,rg_ohm,dead_s,sensor_hz,sensor_offset_a,sensor_gain,adc_bits,grid_h3,grid_h5,extra_delay_pwm,grid_phase_rad,lf_grid_polarity,bandwidth_design_hz,pll_design_hz,kr_ohm,band_hz,max_harmonic,prediction_s,thd_pct,i1_rms_a,ih_2_40_rms_a,ih_over_rated_pct,current_rms_a,peak_a,dc_a,id_peak_measured_a,iq_peak_measured_a,id_error_peak_a,iq_error_peak_a,dq_tolerance_peak_a,p_w,p1_w,q1_var,p1_target_w,q1_target_var,saturation_fraction,resonator_limit_fraction,integrator_limit_fraction,periodic_rms_a,pll_error_deg,pll_hz,measurement_start_s,measurement_end_s,thd_pass,tracking_pass,rms_pass,peak_pass,saturation_pass,steady_pass,combined_pass,h1_rms_a,h2_rms_a,h3_rms_a,h4_rms_a,h5_rms_a,h6_rms_a,h7_rms_a,h8_rms_a,h9_rms_a,h10_rms_a,h11_rms_a,h12_rms_a,h13_rms_a,h14_rms_a,h15_rms_a,h16_rms_a,h17_rms_a,h18_rms_a,h19_rms_a,h20_rms_a,h21_rms_a,h22_rms_a,h23_rms_a,h24_rms_a,h25_rms_a,h26_rms_a,h27_rms_a,h28_rms_a,h29_rms_a,h30_rms_a,h31_rms_a,h32_rms_a,h33_rms_a,h34_rms_a,h35_rms_a,h36_rms_a,h37_rms_a,h38_rms_a,h39_rms_a,h40_rms_a,pwm_count,control_count,load_count,lf_transition_count,wave_sha256,wave_bytes
baseline_N001_initial,baseline,initial,N001,0,-67.8822509939,230,400,60,0.001,0.0001,0.08,0.1,2e-07,10000,0,1,12,0,0,0,0,False,800,15,0,8,7,1.6e-05,0.766333919296,48.0005614747,0.367844584033,0.766342883401,48.0029836891,68.2920379639,0.0580346427954,0.295544268736,-67.8824016764,0.295544268736,-0.000150682452571,1.35764501988,48.0657120097,48.0657120097,11040.0245062,0,11040,0,0,0,0.00194048133541,-0.172922834754,60,0.5,0.75,True,True,False,True,True,True,False,48.0005614747,0.00430347245122,0.280840073605,0.0183555340236,0.157949455928,0.00759935703895,0.111705340279,0.00398031429363,0.0798871903808,0.00247161619545,0.0637544257841,0.00137465142724,0.0487899107275,0.00103298362637,0.0410636458682,0.000676531962821,0.0326311856022,0.000358168337497,0.0284898854103,0.000339310429351,0.023511343785,0.000170547474713,0.020498721813,0.000153785506436,0.0176328924275,0.000341843527355,0.0155293092569,7.03011838389e-05,0.0134440499061,6.38633770969e-05,0.0117179079507,9.11359948362e-05,0.0106822778987,0.00012299675341,0.00956549805814,0.000206725303701,0.00883417692291,0.000186795032151,0.00752974203747,0.000309089926453,46875,46875,46874,90,ab91fe61c728e6451ad969c866a3966cc337857d31e9b7ec1874ed3d641dc2fa,882204
baseline_N002_initial,baseline,initial,N002,0,-45.2548339959,230,400,60,0.001,0.0001,0.08,0.1,2e-07,10000,0,1,12,0,0,0,0,False,800,15,0,8,7,1.6e-05,1.14791926153,32.0001085659,0.367335409937,0.765282104036,32.0038163682,45.6510696411,0.0592671824834,0.193937669775,-45.254571975,0.193937669775,0.00026202098271,0.905096679919,31.5409675278,31.5409675278,7359.95738633,0,7360,0,0,0,0.00300510581368,-0.172922834754,60,0.5,0.75,True,True,True,True,True,True,True,32.0001085659,0.00265015611723,0.280960912637,0.0179069440024,0.157837452774,0.00660163522113,0.111611414708,0.00405399666827,0.0795979770738,0.00138302214037,0.063136855709,0.00137808506484,0.0486288297842,0.000626043546929,0.0407848480142,0.000766554723636,0.0320530502757,0.00021028861749,0.0282888312073,0.000453894295613,0.0228106055814,0.000302930211247,0.0202914758209,0.000357456844608,0.0168463480182,0.000309628518557,0.0153881831616,0.000510008230332,0.0128667483408,0.000236661168122,0.0116457300557,0.000287451710045,0.0101289853379,0.000231228374287,0.00903825538294,0.000255262447497,0.00813015602464,0.000191015753459,0.00711207543414,0.000399685749578,46875,46875,46874,90,dc04d4f18ace6301f01183e4ed5f247258dbd53b1f82f5ecfbf13b6673a02b9f,887610
baseline_N003_initial,baseline,initial,N003,0,-22.627416998,230,400,60,0.001,0.0001,0.08,0.1,2e-07,10000,0,1,12,0,0,0,0,False,800,15,0,8,7,1.6e-05,2.26405142582,16.0002965723,0.362254942681,0.754697797251,16.0077504756,23.0471153259,0.0595419404017,0.0922847456749,-22.627648228,0.0922847456749,-0.000231230014631,0.452548339959,15.0086889774,15.0086889774,3680.03760599,0,3680,0,0,0,0.00289718820775,-0.172922834754,60,0.5,0.75,True,True,True,True,True,True,True,16.0002965723,0.000827024901758,0.279860552374,0.0183506172979,0.157063564806,0.00594981124083,0.109400820109,0.00469159475915,0.0775238937338,0.00135262851956,0.0606888232818,0.00229883631328,0.0456730558617,0.000570806876244,0.0375689075214,0.0014156665996,0.0289288656678,0.000553464678973,0.0249867578788,0.000946991181199,0.0191261221476,0.000576566966274,0.0167653845094,0.000863047630436,0.0133873742368,0.000492680109902,0.0116142972168,0.000623084050315,0.00898157915565,0.00036854217561,0.00802056803569,0.000456903364534,0.0063645887759,0.000334265878581,0.00546290857842,0.000447735835003,0.00439878424299,0.000252619587652,0.0036990975386,0.000396397735576,46875,46875,46874,90,925951fafa9126bf1e4ed45f62748e205e5184194d4a2d3ee7f80e39240cbc42,877690
baseline_N004_initial,baseline,initial,N004,0,-11.313708499,230,400,60,0.001,0.0001,0.08,0.1,2e-07,10000,0,1,12,0,0,0,0,False,800,15,0,8,7,1.6e-05,4.27355174917,8.00030524273,0.34189718464,0.712285801333,8.01447221691,11.7955722809,0.0585442241601,0.0420615994213,-11.3140619927,0.0420615994213,-0.000353493752392,0.3,6.84066970103,6.84066970103,1840.0574903,0,1840,0,0,0,0.00381194943554,-0.172922834754,60,0.5,0.75,True,True,True,True,True,True,True,8.00030524273,0.0021859401432,0.275317852354,0.0189596843725,0.149342688271,0.00383375909532,0.0994090009913,0.00517968964407,0.0652641344052,0.00078521434306,0.0474553167023,0.00234480097574,0.0310040687409,0.0012194524623,0.0221950354807,0.00112036705337,0.0132038861944,0.000813711479519,0.0086636586936,0.000565882773057,0.003100479313,0.000337768214902,0.00127719122195,0.000271654630891,0.00228977977922,0.000238456698577,0.00390618869602,0.00063440534299,0.00524445175785,0.000655010000269,0.00563976022379,0.000900101449224,0.00657350515652,0.000858406484174,0.00686435031031,0.000959761724512,0.00661878736493,0.00109788738643,0.00687462518862,0.000932431308606,46875,46875,46874,90,3eb754b6e691caa389bc87953a499fb56742fe2514dfcdc85547d9f1c5c62796,878038
baseline_N005_initial,baseline,initial,N005,0,-5.65685424949,230,400,60,0.001,0.0001,0.08,0.1,2e-07,10000,0,1,12,0,0,0,0,False,800,15,0,8,7,1.6e-05,7.49882742922,3.99988916607,0.299944785924,0.624884970675,4.02487678165,6.25038146973,0.054356608788,0.0173124812212,-5.65667101392,0.0173124812212,0.00018323557173,0.3,2.81560776026,2.81560776026,919.970199563,0,920,0,0,0,0.00158054011031,-0.172922834754,60,0.5,0.75,False,True,True,True,True,True,False,3.99988916607,0.00391683243211,0.258595843385,0.0211796549951,0.123678714398,0.00334790570508,0.0666607850192,0.00572550573745,0.0287844070926,0.000978475754042,0.0088421215375,0.000942956704106,0.0068992088062,0.00160293329296,0.0134841996417,0.00173114670118,0.0188287378498,0.00258936973178,0.0185244601755,0.00277578899959,0.0186830088377,0.00279602104724,0.0156802861541,0.00260059903386,0.013588581788,0.00218784663589,0.0100934151723,0.00173773784728,0.00727759662625,0.00124270791655,0.00455773002814,0.000784378559477,0.00245142797209,0.000359204302892,0.000430433437677,0.000264212632372,0.00169198911775,0.000381215932094,0.00136213296586,0.000655581221738,46875,46875,46874,90,9f69f28bbafcc1ac9729aaf16d8f5456c54a11a8e2f7d2b35e258f92d0d7242b,864303
baseline_N006_initial,baseline,initial,N006,0,5.65685424949,230,400,60,0.001,0.0001,0.08,0.1,2e-07,10000,0,1,12,0,0,0,0,False,800,15,0,8,7,1.6e-05,7.4467099009,3.99994693746,0.297864444622,0.620550926297,4.02503157221,6.19191741943,0.0542049551136,-0.0328758578573,5.65668367357,-0.0328758578573,-0.000170575917686,0.3,-5.3467506665,-5.3467506665,-919.972258461,0,-920,0,0,0,0.00135617368627,-0.172922834754,60,0.5,0.75,False,True,True,True,True,True,False,3.99994693746,0.00315567025704,0.256751239223,0.0220362195548,0.122524340867,0.00307549024542,0.0665340675482,0.00612838722843,0.0248788925364,0.00122083622015,0.0082289108087,0.00105428175472,0.0108886611433,0.0022274559735,0.0133870724477,0.00192108705359,0.0211935743225,0.00301312670398,0.0180547469287,0.00288580115068,0.0201424425008,0.00302745193277,0.0145148202765,0.00270370533527,0.0147021919283,0.00212338439381,0.0087605941042,0.00164215370953,0.0079581655093,0.0012219301691,0.00374399582577,0.000668290599853,0.00312822079869,0.000124216577992,0.00152194519969,0.000188182194802,0.000819686190304,0.00045669876375,0.00253317193505,0.000699051192898,46875,46875,46874,90,cee37f6e6c385b01e71b2183b34742c5202b723e3ef5585d7d7fca6384ee86ef,864376
baseline_N007_initial,baseline,initial,N007,0,11.313708499,230,400,60,0.001,0.0001,0.08,0.1,2e-07,10000,0,1,12,0,0,0,0,False,800,15,0,8,7,1.6e-05,4.25628084033,8.00030813899,0.340515582487,0.709407463515,8.01469821123,11.7265768051,0.0586395365521,-0.059154557211,11.3139896312,-0.059154557211,0.00028113225885,0.3,-9.62057536465,-9.62057536465,-1840.04572182,0,-1840,0,0,0,0.00243891047585,-0.172922834754,60,0.5,0.75,True,True,True,True,True,True,True,8.00030813899,0.00194875476269,0.274424374095,0.0199689075636,0.148396424993,0.00376056624272,0.100683257212,0.00634042221837,0.0623538961518,0.000934888774566,0.0481179016862,0.00316443491648,0.027372778536,0.000769979076219,0.022980401037,0.00146199667842,0.0102025735357,0.000545875713624,0.00879260563237,0.000488896423633,0.000364873419106,0.000275471063411,0.00194162149734,5.98881327026e-05,0.00495873693851,0.000586852474429,0.00327993306502,0.000806048048338,0.00765977252027,0.000764104298035,0.0049641865105,0.000962334034741,0.00876410222841,0.00102009919407,0.00619565640021,0.00122485002424,0.00835018570603,0.00109479582487,0.00593590068807,0.00113989442503,46875,46875,46874,90,7124762c297bf20dc11e27c7dab704fe50fa07ad9dac8308cdce0cd3ee44e0a9,878780
baseline_N008_initial,baseline,initial,N008,0,22.627416998,230,400,60,0.001,0.0001,0.08,0.1,2e-07,10000,0,1,12,0,0,0,0,False,800,15,0,8,7,1.6e-05,2.25562086566,16.0001487485,0.360902693708,0.751880611891,16.0078735155,23.0568370819,0.0624512332915,-0.109064514599,22.6273645147,-0.109064514599,-5.24832829036e-05,0.452548339959,-17.7376593077,-17.7376593077,-3679.9914644,0,-3680,0,0,0,0.00281982676156,-0.172922834754,60,0.5,0.75,True,True,True,True,True,True,True,16.0001487485,0.00318730835125,0.279878007607,0.0176020630108,0.155401600396,0.0040355911594,0.111318690086,0.0047134154243,0.0743852022594,0.000711089830115,0.0621291135976,0.00223702468749,0.0418468711319,0.00109902016033,0.0388198358077,0.00149620238173,0.0260910270436,0.00142476614352,0.0251793109174,0.000848468979145,0.0165417048901,0.00118780697885,0.017845344314,0.000488604974335,0.0103404354848,0.00120802956982,0.0123107027557,0.00024669900568,0.00632016590369,0.00082724601092,0.00892870014331,0.000289280307088,0.00361713581521,0.000773923149603,0.00570746204757,0.000163868094225,0.00200577519275,0.000574841581367,0.00405850080806,7.89654978007e-05,46875,46875,46874,90,5b449bc39c12f832b8d1c935f5921ff5afaffcaf041d4b98ef0992a26f570cee,877833
baseline_N009_initial,baseline,initial,N009,0,45.2548339959,230,400,60,0.001,0.0001,0.08,0.1,2e-07,10000,0,1,12,0,0,0,0,False,800,15,0,8,7,1.6e-05,1.1470894127,32.0006642111,0.36707623116,0.76474214825,32.0046625421,45.654384613,0.0638067024741,-0.209218418962,45.2552897191,-0.209218418962,0.000455723182604,0.905096679919,-34.0261454434,-34.0261454434,-7360.07411634,0,-7360,0,0,0,0.00315362979623,-0.172922834754,60,0.5,0.75,True,True,True,True,True,True,True,32.0006642111,0.00691135506344,0.280891135575,0.0168262124876,0.157382769676,0.00519180361611,0.113195615899,0.00429799254602,0.0776647024665,0.00118638968907,0.0657455089529,0.00238289509521,0.0458010582717,0.000220855052623,0.041931450291,0.00109058426547,0.0309016949703,0.000780328606201,0.0284797028908,0.000917994972954,0.0204549540735,0.000404637842318,0.0213965487213,0.000825486135918,0.0148154298205,0.000658414181929,0.0158885190761,0.000451722134672,0.0109494889586,0.000473564644185,0.0128249927169,0.00059449991547,0.00835191889687,0.000497944188358,0.00935104859501,0.000391475680346,0.00691119635932,0.000367101163261,0.00774857192216,0.000235800858788,46875,46875,46874,90,0a700f4e87dfb6a3b1eb2f9107dbc92ec29ae7044aaa00026c1127ee45c0e9e8,887108
baseline_N010_initial,baseline,initial,N010,0,67.8822509939,230,400,60,0.001,0.0001,0.08,0.1,2e-07,10000,0,1,12,0,0,0,0,False,800,15,0,8,7,1.6e-05,0.766559986781,48.0008636342,0.367955413929,0.766573779019,48.0035664335,68.2907867432,0.065436993845,-0.309509121806,67.8827667628,-0.309509121806,0.000515768876568,1.35764501988,-50.3368797397,-50.3368797397,-11040.0838818,0,-11040,0,0,0,0.00364342658738,-0.172922834754,60,0.5,0.75,True,True,False,True,True,True,False,48.0008636342,0.00839837343668,0.281736951336,0.0160147839892,0.156131744144,0.00507722072809,0.113841041899,0.0038605344027,0.0773363577416,0.000741522832576,0.0663782021741,0.00183946736856,0.0460291520392,0.000479223555206,0.0425612937814,0.000945542381649,0.0318069064585,0.00054651902074,0.0294405727648,0.000645782164983,0.0217969817538,0.000405398693662,0.0218480322191,0.00059133351086,0.0162458475373,0.000369139341384,0.0162990592545,0.00054641476534,0.0122023200381,0.000166783904807,0.0124187308785,0.000476927357553,0.0102270932234,0.000352026721507,0.00938454625455,0.000345617644702,0.00851062198123,0.000278273553816,0.00759425311222,0.000340346961743,46875,46875,46874,90,9a653b3e93ead159c56abf97204a11b5b5197e854eb7d5d57aae6349c01e0063,881966
baseline_N011_initial,baseline,initial,N011,5.65685424949,-45.2548339959,230,400,60,0.001,0.0001,0.08,0.1,2e-07,10000,0,1,12,0,0,0,0,False,800,15,0,8,7,1.6e-05,1.13985569773,32.2489182208,0.367591131796,0.765814857909,32.252591841,46.2545280457,0.059071319212,5.85068091376,-45.2300230562,0.193826664269,0.0248109397345,0.912140340079,951.522914196,951.522914196,7355.96488374,920,7360,0,0,0,0.00270680813319,-0.172922834754,60,0.5,0.75,True,True,True,True,True,True,True,32.2489182208,0.00270723502288,0.282142297117,0.01813681687,0.156586981292,0.00681207488031,0.111378132846,0.00349560177778,0.0796297075631,0.00216358382904,0.0619681812912,0.00104470765813,0.0497199819888,0.00146741179464,0.0402512927337,0.000288666449932,0.0340810365137,0.000694084733987,0.0259344299054,0.000380065752288,0.0241369996121,0.000449797734052,0.0191302297912,0.000269098083182,0.0176021971175,0.000491369826483,0.0145849595848,0.000253391796159,0.0129770560975,0.000476575107859,0.0117373772421,0.000187790519463,0.00996842689734,0.00037599631701,0.00920148928899,0.000234100992662,0.00780004041826,0.000450570956979,0.00775348403604,0.000188137866724,46875,46875,46874,90,3cb7524a76868ae033ea53f81074eb68104f804517051861b34559ec038b1507,883621
baseline_N012_initial,baseline,initial,N012,5.65685424949,-22.627416998,230,400,60,0.001,0.0001,0.08,0.1,2e-07,10000,0,1,12,0,0,0,0,False,800,15,0,8,7,1.6e-05,2.20215566623,16.4913066442,0.3631642437,0.756592174375,16.4985446877,24.1741447449,0.0598147702724,5.75004567283,-22.6022867079,0.0931914233394,0.0251302900819,0.466476151588,935.1561461,935.1561461,3675.91294634,920,3680,0,0,0,0.00256612923369,-0.172922834754,60,0.5,0.75,True,True,True,True,True,True,True,16.4913066442,0.00198239211995,0.282784202783,0.0170205674012,0.155457624646,0.00689921031534,0.108185453733,0.00205434602315,0.0790592270081,0.00287788996972,0.0574771903553,0.0005239304125,0.0472551139491,0.00145608032652,0.0359630343693,0.00108746648109,0.0290858637126,0.00127136306052,0.0249991601878,0.000597797100549,0.0180723349931,0.000916665663717,0.0169486043087,0.000753847082955,0.0130866637299,0.000570899013067,0.0110035759162,0.000812693746974,0.0093313219176,0.000254824259176,0.00717473149055,0.000532598132892,0.00652389907378,0.000282050151769,0.00443388284633,0.000301026672711,0.0043276778317,0.000351870617303,0.00329187077564,0.000131681641439,46875,46875,46874,90,7c0d9b3635c2aeb571f4c40ecefbd2f68ae41c14d8749234036c6556e85563e9,872513
baseline_N013_initial,baseline,initial,N013,5.65685424949,-11.313708499,230,400,60,0.001,0.0001,0.08,0.1,2e-07,10000,0,1,12,0,0,0,0,False,800,15,0,8,7,1.6e-05,3.82537315671,8.9417697969,0.342056061545,0.712616794886,8.95441122886,13.5926980972,0.057160522481,5.69909358882,-11.2885263196,0.0422393393322,0.0251821794205,0.3,926.869576353,926.869576353,1835.90450734,920,1840,0,0,0,0.00184770422669,-0.172922834754,60,0.5,0.75,True,True,True,True,True,True,True,8.9417697969,0.00399409974653,0.277691656152,0.0147841865737,0.149786811112,0.00985421434641,0.0947420582243,0.003073781915,0.0655803380769,0.00232883908135,0.0450937145674,0.00320469338069,0.0285008863195,0.00157628832743,0.019667331054,0.0012388264558,0.0125378893584,0.000711157001014,0.00418364947362,0.000476778283561,0.00229708917392,0.000463293292187,0.00152319171426,0.000454625346922,0.00487421274548,0.000555371609514,0.00522559953103,0.00088395304007,0.0064011383891,0.00131135581108,0.00793686059731,0.000997943389231,0.00741071862684,0.00139709402001,0.00772380275871,0.001647614324,0.00856187851871,0.00111446772731,0.00674176442909,0.00137632775362,46875,46875,46874,90,f51f53c226a9f5081826af021869df6f32fe28c24e1a21984442f25a0fc82a71,875139
baseline_N014_initial,baseline,initial,N014,5.65685424949,-5.65685424949,230,400,60,0.001,0.0001,0.08,0.1,2e-07,10000,0,1,12,0,0,0,0,False,800,15,0,8,7,1.6e-05,5.4334550916,5.65289742219,0.307147642809,0.639890922519,5.6709181804,8.9535074234,0.0529399610442,5.67322636394,-5.6324951092,0.0163721144468,0.0243591402936,0.3,922.662671624,922.662671624,916.038361944,920,920,0,0,0,0.00323677735111,-0.172922834754,60,0.5,0.75,False,True,True,True,True,True,False,5.65289742219,0.00837774734523,0.260581347645,0.0117899403189,0.133458270558,0.0066552850844,0.0694840597702,0.00605004437532,0.032402649957,0.00344302352694,0.00934685798635,0.00113405774357,0.00232891292515,0.00117382513436,0.0109292011154,0.00161717764755,0.0164538258066,0.00249599645085,0.0207355110585,0.00342502839352,0.0203154294345,0.0035129871589,0.0180167492821,0.00344177033666,0.0165173907496,0.00353915778501,0.0149116123045,0.00311675345905,0.0111739312403,0.0024732510855,0.00769526760698,0.00169478014382,0.0047804631419,0.00131550518037,0.00269372053817,0.000370113142719,0.000737469764238,0.000247967214263,0.00210162119051,0.00093072754672,46875,46875,46874,90,943321f30cc6810af568a2f60dfa485abc776a8c778e472bfb7e494caac3dbc3,873368
baseline_N015_initial,baseline,initial,N015,5.65685424949,0,230,400,60,0.001,0.0001,0.08,0.1,2e-07,10000,0,1,12,0,0,0,0,False,800,15,0,8,7,1.6e-05,7.80995445731,3.99394892918,0.311925592417,0.649844984202,4.01998955308,6.33698415756,0.0577715500052,5.64824176447,0.0249212336249,-0.00861248502424,0.0249212336249,0.3,918.59931229,918.59931229,-4.05305385709,920,-0,0,0,0,0.00152775900388,-0.172922834754,60,0.5,0.75,False,True,True,True,True,True,False,3.99394892918,0.00641606951202,0.258906672833,0.0198063359154,0.138076499771,0.00928691364211,0.0820394475583,0.00507927934993,0.050898612526,0.00312333917238,0.0305550588586,0.00180558717981,0.0158205928485,0.000766491474769,0.00749585437926,0.000798459546186,0.00377466179494,0.00108391274196,0.0020331074044,0.00106733260478,0.00240451361431,0.00131061838697,0.00371108936972,0.00104287780941,0.00319394436948,0.00120350257142,0.0022406327345,0.000605905537264,0.00115903976494,0.000793486287919,0.000906545043111,0.00045336874942,0.000948197887026,0.000407867370604,0.00122823571738,0.00053992387206,0.00245794673407,0.000239264249891,0.00251057934735,0.000675974108471,46875,46875,46874,90,db7ac4e057fae606ac9e5cf3a3ee386f0a642e1670e03eacd02da658a82843b1,876474
baseline_N016_initial,baseline,initial,N016,5.65685424949,5.65685424949,230,400,60,0.001,0.0001,0.08,0.1,2e-07,10000,0,1,12,0,0,0,0,False,800,15,0,8,7,1.6e-05,5.45145805416,5.65269725324,0.308154419689,0.641988374352,5.67101588362,8.97684669495,0.0540687033822,5.6233558317,5.68188715689,-0.033498417788,0.0250329073997,0.3,914.551999573,914.551999573,-924.071215872,920,-920,0,0,0,0.00359112754278,-0.172922834754,60,0.5,0.75,False,True,True,True,True,True,False,5.65269725324,0.00619562327893,0.261363068786,0.0112358583943,0.134052661012,0.00892155103278,0.070245420593,0.00666908733599,0.031241497748,0.00273327704959,0.0090361729435,0.000763214156073,0.00123320486959,0.000343275880658,0.01047903607,0.00155567549511,0.0178069015885,0.00299089934289,0.020861582141,0.0033217362717,0.0188821969949,0.00326997590571,0.0181596343761,0.00328906111297,0.018174206072,0.00348766708879,0.0151672259121,0.0028148824359,0.00906001895067,0.00241277663676,0.00777625271992,0.00173644962295,0.00671015274895,0.0012457767216,0.00334482644062,0.000353673217897,0.000874531442236,0.000131676049247,0.00214883561036,0.00066647595493,46875,46875,46874,90,a1493b483033d51426004e3487ffccfe3d8c247cbf4fc2783230980dd3d8fbef,865966
baseline_N017_initial,baseline,initial,N017,5.65685424949,11.313708499,230,400,60,0.001,0.0001,0.08,0.1,2e-07,10000,0,1,12,0,0,0,0,False,800,15,0,8,7,1.6e-05,3.83690655737,8.94183720488,0.343089938064,0.714770704299,8.95479544762,13.5566329956,0.0581225070402,5.59740419443,11.3393990794,-0.059450055063,0.0256905803926,0.3,910.331366472,910.331366472,-1844.17817623,920,-1840,0,0,0,0.00250568793986,-0.172922834754,60,0.5,0.75,True,True,True,True,True,True,True,8.94183720488,0.0021090853331,0.278528633363,0.0163329704491,0.150814432375,0.0093054555287,0.0928039736849,0.00120277389771,0.0670231703299,0.00322590894893,0.0458859619615,0.00293372853127,0.0268905946277,0.000560177933575,0.0220110360737,0.00149574601163,0.0127155095426,0.000618396214052,0.00440809740385,0.000545231130669,0.00403629640714,0.000190516488902,0.00339985272459,0.000401338396658,0.00514083163184,0.000575476302503,0.00320301941322,0.000801515589728,0.00765398345731,0.00109789993698,0.00754241917198,0.000892454358077,0.00586500589989,0.00133194437795,0.00890679065973,0.00110416388148,0.00772563395454,0.0013460676331,0.00661523741756,0.00139400931694,46875,46875,46874,90,223587392f870da4c481582ac23fe97d4049e093eb93fa1168663921504d4480,869723
baseline_N018_initial,baseline,initial,N018,5.65685424949,22.627416998,230,400,60,0.001,0.0001,0.08,0.1,2e-07,10000,0,1,12,0,0,0,0,False,800,15,0,8,7,1.6e-05,2.20356622508,16.491502799,0.363401185687,0.757085803515,16.4990357432,24.1441459656,0.061458521356,5.54710294091,22.6532332814,-0.10975130858,0.0258162834591,0.466476151588,902.150644256,902.150644256,-3684.19861989,920,-3680,0,0,0,0.00205982980566,-0.172922834754,60,0.5,0.75,True,True,True,True,True,True,True,16.491502799,0.00325872373598,0.283169113394,0.0176165207777,0.155196689225,0.00637570681832,0.108726720716,0.00348764313156,0.0797880675705,0.00349641565517,0.0562564475602,0.000712842189503,0.0491235869718,0.00226106856059,0.0342304629509,0.000699271445762,0.0293165663556,0.00142655759516,0.024144730826,0.000845036963754,0.0171169545716,0.00105153794351,0.0175174296161,0.000720824925413,0.0102617699329,0.000687256413958,0.0116812560394,0.000605313262786,0.00729356907081,0.000483519390361,0.0070727569285,0.000546790095166,0.00597676571023,0.000321124490805,0.00296165141245,0.000409502945739,0.00451217167516,0.000234917863532,0.00143542481425,0.000196177264331,46875,46875,46874,90,5c0f6f1985b0287215dadbc6388d74c4e9d8360f87841e8e2fcb527d7e6a39e6,871722
baseline_N019_initial,baseline,initial,N019,5.65685424949,45.2548339959,230,400,60,0.001,0.0001,0.08,0.1,2e-07,10000,0,1,12,0,0,0,0,False,800,15,0,8,7,1.6e-05,1.14261749117,32.248633051,0.368478521905,0.767663587302,32.2526120084,46.1837768555,0.0637858069778,5.44673737438,45.2800366529,-0.210116875116,0.0252026569801,0.912140340079,885.827734536,885.827734536,-7364.09882302,920,-7360,0,0,0,0.0040487211471,-0.172922834754,60,0.5,0.75,True,True,True,True,True,True,True,32.248633051,0.00632435471428,0.282793544966,0.0168832272897,0.156525149905,0.00561473825473,0.113065932034,0.00396818669197,0.0804283154064,0.00178872805233,0.0624864713876,0.00150495919534,0.0498741641584,0.00117962694678,0.0375772442171,0.00058164615848,0.0350232168129,0.00101436811872,0.0247768394977,0.000668931022191,0.025112009236,0.000595720683475,0.0173460333364,0.000571180777798,0.0185297384497,0.000605632638617,0.0131810033839,0.000460101496875,0.0134108562246,0.000662910093853,0.0107857939343,0.000346241804977,0.00913542107985,0.00036769013856,0.00946324482755,0.000252136880439,0.00633991081066,0.000510498278339,0.00810397158088,0.000143894489641,46875,46875,46874,90,626287b49a7419de454b2d5ab1c341a2e3847888f97ba26edf137c17851d2065,882631
baseline_N020_initial,baseline,initial,N020,11.313708499,-45.2548339959,230,400,60,0.001,0.0001,0.08,0.1,2e-07,10000,0,1,12,0,0,0,0,False,800,15,0,8,7,1.6e-05,1.11517662443,32.9841147043,0.367831136957,0.766314868661,32.9877006908,47.5031852722,0.0584919079905,11.5078008384,-45.2048024607,0.194092339403,0.0500315352282,0.932952303175,1871.56612215,1871.56612215,7351.8631433,1840,7360,0,0,0,0.00281268010987,-0.172922834754,60,0.5,0.75,True,True,True,True,True,True,True,32.9841147043,0.002862851118,0.283100303635,0.0179557777542,0.156188276931,0.00718515682569,0.11043881765,0.00297452872249,0.0806163411319,0.00259322826671,0.0607623794392,0.000750813734967,0.050002163645,0.00128584375318,0.0392029984438,0.000774060800491,0.0328150567386,0.000335080927187,0.0287414962041,0.000669636540269,0.0219512554458,0.000329832790823,0.0212699482571,0.000553146155433,0.016300804146,0.00034189999291,0.0151043765558,0.000644807607526,0.0132205819451,0.000331402463292,0.0108702361546,0.000520585163574,0.0105300942777,0.00037951806615,0.00859810181199,0.000341135979994,0.00834852302364,0.000357204904333,0.00726304255254,0.000410146419038,46875,46875,46874,90,1006135067ec196d2c87c475e458431e8fcf775ad0c0f7c0b0d911483c7a8037,882549
baseline_N021_initial,baseline,initial,N021,11.313708499,-22.627416998,230,400,60,0.001,0.0001,0.08,0.1,2e-07,10000,0,1,12,0,0,0,0,False,800,15,0,8,7,1.6e-05,2.03484760745,17.8862795604,0.363958531697,0.758246941036,17.8929496197,26.2342777252,0.0584314626138,11.4065396982,-22.5771753136,0.0928311992069,0.0502416844038,0.505964425627,1855.09756121,1855.09756121,3671.82896578,1840,3680,0,0,0,0.00249695430673,-0.172922834754,60,0.5,0.75,True,True,True,True,True,True,True,17.8862795604,0.00178802731665,0.283487315198,0.0159539614706,0.157979645109,0.00889910699382,0.105841480894,0.00245528872569,0.0789239475737,0.00227604965979,0.0601178938424,0.0024771728246,0.0444085343499,0.00065527886518,0.0366839945382,0.00109704956759,0.0296143978097,0.00123270213541,0.0218763948682,0.00104538025792,0.0196184842125,0.0011795202851,0.0158915054937,0.000912524617642,0.0117681237713,0.000490744561695,0.0104792550733,0.00071248904188,0.00811582588402,0.000518629715115,0.00622773272924,0.000548265978034,0.00557149480779,0.000516133153229,0.00422954072151,0.000375740448575,0.00322289663207,0.000419561156406,0.0034380230802,0.000202098512584,46875,46875,46874,90,834925afc49a4ef486bf467bf4b3823c5799193b186491f05b3050711c1128b9,872352
baseline_N022_initial,baseline,initial,N022,11.313708499,-11.313708499,230,400,60,0.001,0.0001,0.08,0.1,2e-07,10000,0,1,12,0,0,0,0,False,800,15,0,8,7,1.6e-05,3.05103401252,11.309332267,0.345051574055,0.718857445947,11.3193917213,16.9331531525,0.0566364936562,11.3553657663,-11.2631106255,0.0416572673621,0.0505978734536,0.32,1846.77491133,1846.77491133,1831.77103713,1840,1840,0,0,0,0.0039095022452,-0.172922834754,60,0.5,0.75,True,True,True,True,True,True,True,11.309332267,0.00483888999438,0.275085750049,0.0135624089963,0.156868321872,0.00707859917564,0.0990607111944,0.00632682202175,0.066505314267,0.00380933776625,0.0453303602525,0.00115044510752,0.0335036795073,0.00185531727101,0.0228048375293,0.00178770562112,0.0148620964861,0.00113217548716,0.00816693917875,0.000528694250417,0.00599613452456,0.000480870250198,0.00353454627031,0.00022962551425,0.000387084568994,0.000263459705758,0.00344668930281,0.000377460184454,0.00384372759094,0.000570865403478,0.00449278627402,0.000772094698259,0.00566110783522,0.000946578942542,0.00637733019523,0.000951719751216,0.00608012551319,0.00108669824112,0.00524511226065,0.00110944914664,46875,46875,46874,90,1b8b202dc3af73c0d1c212a163f55132b619c005d39ee01d3ba7a98d0e71104d,876083
baseline_N023_initial,baseline,initial,N023,11.313708499,-5.65685424949,230,400,60,0.001,0.0001,0.08,0.1,2e-07,10000,0,1,12,0,0,0,0,False,800,15,0,8,7,1.6e-05,3.72105692492,8.9390326564,0.332626493682,0.692971861837,8.95133238435,13.5099716187,0.056374482144,11.3306710991,-5.60611292322,0.0169626001326,0.0507413262765,0.3,1842.758705,1842.758705,911.747706744,1840,920,0,0,0,0.00200030783306,-0.172922834754,60,0.5,0.75,True,True,True,True,True,True,True,8.9390326564,0.00605036464176,0.267118297534,0.0169126997407,0.149705350771,0.00405916587065,0.0957032562416,0.00176687225426,0.063360342007,0.00297024382831,0.0427221646321,0.00318108232783,0.0259406193915,0.00220876113263,0.0154247201693,0.00149912155067,0.00703610534332,0.000314433769654,0.00144733760286,0.000607873538899,0.00217857191176,0.00067776701234,0.00382287332557,0.000662764845311,0.00619742428005,0.000830319198181,0.00705561267497,0.000973824353312,0.00852053722675,0.00130562039878,0.00928081847476,0.0013799849327,0.00924415082913,0.00155869607112,0.00852782642095,0.0014300256802,0.0077660486199,0.00136864979737,0.00687141429687,0.00140535649038,46875,46875,46874,90,56e576375c264a09fbbbe2ef3e4249f42264ef9aea91c28af550f4e7d0613757,878704
baseline_N024_initial,baseline,initial,N024,11.313708499,0,230,400,60,0.001,0.0001,0.08,0.1,2e-07,10000,0,1,12,0,0,0,0,False,800,15,0,8,7,1.6e-05,4.38968616463,7.99413873949,0.350917602229,0.731078337976,8.00878604054,11.9934301376,0.0612569568124,11.3053037039,0.0511520664214,-0.00840479503827,0.0511520664214,0.3,1838.63308986,1838.63308986,-8.31909379881,1840,-0,0,0,0,0.00217253095883,-0.172922834754,60,0.5,0.75,True,True,True,True,True,True,True,7.99413873949,0.00373184102518,0.269720741082,0.0178742738263,0.15530319094,0.00794057216033,0.104581132648,0.00468359025069,0.0769548436348,0.00292897420586,0.0587950726819,0.00196805934384,0.0443588242486,0.00148175302142,0.0352648526457,0.00102340512295,0.0291858507951,0.000722831865873,0.0226144373587,0.000723427938944,0.018721409598,0.000512853369658,0.0144900505762,0.000514089062691,0.0116607760268,0.000360132809573,0.00952324058486,0.0003747871633,0.00782776429492,0.000346787053718,0.00629604473811,0.000388628349055,0.00500205229582,0.000423771787872,0.00357207318786,0.000381843678766,0.00361415360055,0.000481318182346,0.00288471817419,0.000415126775596,46875,46875,46874,90,c9f1f02696bd9306e46c0ba9bb877963e5d5179025d1cf76ac47e02242a5e56a,887076
baseline_N025_initial,baseline,initial,N025,11.313708499,5.65685424949,230,400,60,0.001,0.0001,0.08,0.1,2e-07,10000,0,1,12,0,0,0,0,False,800,15,0,8,7,1.6e-05,3.70923373212,8.93928885202,0.331579117511,0.690789828147,8.95172273421,13.5125656128,0.0564490504896,11.2802313798,5.70772725154,-0.0334771191908,0.0508730020468,0.3,1834.55546346,1834.55546346,-928.273708287,1840,-920,0,0,0,0.00196262139382,-0.172922834754,60,0.5,0.75,True,True,True,True,True,True,True,8.93928885202,0.00571039171703,0.266497442987,0.015042554698,0.148511171512,0.00282397049693,0.0954564485565,0.00316946514869,0.06419824883,0.00386371563902,0.0429798666475,0.00370524287311,0.0254420718665,0.00209252888091,0.0133341884893,0.00105664443327,0.005009792395,0.000347816851099,0.00136114812618,0.000201710242839,0.00297807915985,0.000649916275858,0.00292347308957,0.000529308042406,0.005741480905,0.00112838235992,0.00808631938898,0.00146020406976,0.0104090264333,0.00170009921246,0.0110269758797,0.00171985056921,0.00979405165499,0.00168358192473,0.00773496665519,0.00159523212169,0.00731607428609,0.00176626701954,0.00692573364695,0.00171953657928,46875,46875,46874,90,7253cf3ff294482496490a676b3a3fc5a544daf8d0afc2356fe2b8dc09b252de,873430
baseline_N026_initial,baseline,initial,N026,11.313708499,11.313708499,230,400,60,0.001,0.0001,0.08,0.1,2e-07,10000,0,1,12,0,0,0,0,False,800,15,0,8,7,1.6e-05,3.05727488597,11.3095146344,0.345762950642,0.720339480504,11.3198206632,16.9520130157,0.0582207397612,11.2552298833,11.3635400649,-0.0584786156979,0.0498315658657,0.32,1830.48935609,1830.48935609,-1848.10433477,1840,-1840,0,0,0,0.00419908067659,-0.172922834754,60,0.5,0.75,True,True,True,True,True,True,True,11.3095146344,0.0043718028349,0.275182617794,0.0129447604655,0.157208782596,0.0076257285134,0.100658483774,0.00630884509782,0.0653604050565,0.00296271899774,0.0442438864766,0.00104503012722,0.0361146746613,0.00219650672604,0.0245434609462,0.00196994945516,0.0141956486322,0.00123798371026,0.00729881050978,0.000649272612311,0.00640446078552,0.000514809217835,0.00464544588221,0.000286927092139,0.00264114002426,0.000313515483917,0.00443616917072,0.000380117172604,0.00321251608679,0.000553007440804,0.00343695036542,0.000832901332877,0.00690046056521,0.000961141553532,0.00765341720928,0.000886059017154,0.00593674842557,0.00103156729734,0.00500540228171,0.0012118526616,46875,46875,46874,90,c235bd28afc3bb41f44416b3cee029623d774b571c5468261b9567ea29fd5b7b,869323
baseline_N027_initial,baseline,initial,N027,11.313708499,22.627416998,230,400,60,0.001,0.0001,0.08,0.1,2e-07,10000,0,1,12,0,0,0,0,False,800,15,0,8,7,1.6e-05,2.02965383676,17.8863221201,0.363030423166,0.756313381596,17.8932517633,26.2017478943,0.0612223859032,11.2040240689,22.6784232836,-0.109684430053,0.0510062856775,0.505964425627,1822.16152102,1822.16152102,-3688.29538481,1840,-3680,0,0,0,0.00383655348019,-0.172922834754,60,0.5,0.75,True,True,True,True,True,True,True,17.8863221201,0.00321131612722,0.283284191227,0.0163269485627,0.1591587355,0.00811299982608,0.102780316361,0.00187969447709,0.0788394670431,0.00211787804631,0.0602671719646,0.00248225440688,0.0415019215911,0.000515611385794,0.0370403618886,0.00163635340876,0.0296261449839,0.00128396968268,0.0207606022637,0.00110780715095,0.0200680113182,0.000994872226755,0.0152092651434,0.000706191292601,0.0101413892749,0.000610474401062,0.0112465982213,0.000513013706009,0.00746832528072,0.000330937127126,0.00492032807008,0.000568550496928,0.00704335552809,0.000478180300315,0.00402130108261,0.000270443932682,0.00256892175685,0.000413353606461,0.00366586951007,0.000201018943384,46875,46875,46874,90,baf2e200aeacfe1c46aff84931e744d7ad3c8bb9856d2265588cb1a0308ce60a,869185
baseline_N028_initial,baseline,initial,N028,11.313708499,45.2548339959,230,400,60,0.001,0.0001,0.08,0.1,2e-07,10000,0,1,12,0,0,0,0,False,800,15,0,8,7,1.6e-05,1.11983835181,32.9840543478,0.369368090567,0.769516855348,32.98795102,47.4609718323,0.0637289041534,11.1035446302,45.3057058115,-0.21016386878,0.0508718155648,0.932952303175,1805.82009174,1805.82009174,-7368.27351532,1840,-7360,0,0,0,0.00463956486396,-0.172922834754,60,0.5,0.75,True,True,True,True,True,True,True,32.9840543478,0.00587388449113,0.284370880878,0.0163309081299,0.157235165542,0.00620750330357,0.109763470996,0.00323970564549,0.0838519345832,0.00287480121128,0.0582863503587,0.000362510355765,0.0523679010765,0.00161221101623,0.038476683083,0.000638205117314,0.0318647682554,0.000818705892553,0.0289244961566,0.000719044365991,0.0207076011811,0.000717399976711,0.0216129341032,0.000405310694012,0.0152495840126,0.000512249219567,0.0151037817134,0.000663059712035,0.0132821745095,0.000257842320094,0.00954986983729,0.000676005512488,0.0115403722558,0.000356696534071,0.00721075058925,0.000447267396503,0.00824309304371,0.000387532442456,0.00701118451038,0.000296788466036,46875,46875,46874,90,1536070950a17aaeeef09857d824deb4d0f38fbb4dfeada81a796ffc0cde0880,881199
baseline_N029_initial,baseline,initial,N029,22.627416998,-45.2548339959,230,400,60,0.001,0.0001,0.08,0.1,2e-07,10000,0,1,12,0,0,0,0,False,800,15,0,8,7,1.6e-05,1.03011731775,35.775476874,0.368529382786,0.767769547471,35.7787757563,51.5373306274,0.0578993312353,22.8232124683,-45.1538532548,0.195795470301,0.100980741169,1.01192885125,3711.8431101,3711.8431101,7343.57704162,3680,7360,0,0,0,0.00379481484427,-0.172922834754,60,0.5,0.75,True,True,True,True,True,True,True,35.775476874,0.00315243943804,0.283060815788,0.0172938449152,0.158664057105,0.0078855790556,0.108197067283,0.00322269722474,0.0820775628218,0.00207884738421,0.0632734293597,0.00177798631912,0.0480617208241,0.000480744855758,0.0404814089986,0.000773564080899,0.0326276335376,0.000767245136201,0.0254745926096,0.000483631323081,0.0235368205009,0.000643826516755,0.0203761254425,0.000513932422998,0.015919544336,0.000406785732719,0.0153669107445,0.000453852107932,0.0127077216932,0.000420240761151,0.0107298738023,0.000400531987381,0.00991680883167,0.000350192874734,0.00830736262913,0.00035030360936,0.00737201950603,0.000454489059729,0.00758120503034,0.000236171339984,46875,46875,46874,90,9edad516b95852b4d299865de2df6e2d67f5d00d0a369cf8e44408d7232e9297,881122
baseline_N030_initial,baseline,initial,N030,22.627416998,-22.627416998,230,400,60,0.001,0.0001,0.08,0.1,2e-07,10000,0,1,12,0,0,0,0,False,800,15,0,8,7,1.6e-05,1.60415498625,22.6235524572,0.36291684481,0.756076760022,22.6287817878,32.9240455627,0.0585406654562,22.7202982255,-22.5263911916,0.0928812275317,0.101025806406,0.64,3695.10569754,3695.10569754,3663.56971246,3680,3680,0,0,0,0.00529482639062,-0.172922834754,60,0.5,0.75,True,True,True,True,True,True,True,22.6235524572,0.00247143643859,0.279190636095,0.0157095096858,0.162978964914,0.00695587193166,0.107799596883,0.00504164686021,0.0767385676615,0.00278024693319,0.0576653598672,0.000310794471069,0.0469418868102,0.00176411807186,0.0366360764558,0.00153228545412,0.0284543477827,0.00126021991676,0.0221059551541,0.000780881441554,0.019785481132,0.00111556694856,0.0170580197151,0.000770049055061,0.0124856456602,0.000667754841431,0.0101055664473,0.000553423963855,0.00930712150334,0.000725909112148,0.00775049094839,0.000477426694716,0.00565928065193,0.000424120386163,0.00449051208393,0.000243973689053,0.0043060967383,0.000437502431638,0.00403270734122,0.000239992891262,46875,46875,46874,90,cdfbde38bc3430f804dfac764b5f6aedb2a9484522f1b5fef2d76dae88f40336,875970
baseline_N031_initial,baseline,initial,N031,22.627416998,-11.313708499,230,400,60,0.001,0.0001,0.08,0.1,2e-07,10000,0,1,12,0,0,0,0,False,800,15,0,8,7,1.6e-05,1.98541030409,17.8837259399,0.355065337566,0.739719453262,17.8902458743,26.1642131805,0.0588082518055,22.6697117107,-11.2133615807,0.0422947127149,0.100346918259,0.505964425627,3686.87858198,3686.87858198,1823.68012313,3680,1840,0,0,0,0.00366451454676,-0.172922834754,60,0.5,0.75,True,True,True,True,True,True,True,17.8837259399,0.0029932223035,0.272706912202,0.0172059819075,0.158738101274,0.00488340733336,0.107601071193,0.00191940662524,0.0782599590403,0.00293841608518,0.0595902669047,0.00236225365673,0.0439020574744,0.00193828157783,0.0337623766152,0.00158296702375,0.0254298604515,0.00108072581591,0.0200956678989,0.00130281386463,0.0170328133421,0.00115168891428,0.0144913040577,0.000947579626227,0.0108604283896,0.000471548295636,0.00840757295238,0.000293228996718,0.00584346634679,0.000366042285032,0.00456235865172,0.000370368984293,0.00359703834515,0.000457860575962,0.00287051877013,0.000522835949236,0.00238223638081,0.000275854867198,0.0018231127314,5.80876219262e-05,46875,46875,46874,90,e6133fe2d40a03d4c8e8e54f58033bf70a53281da119e9d44535a61e1b06477a,869654
baseline_N032_initial,baseline,initial,N032,22.627416998,-5.65685424949,230,400,60,0.001,0.0001,0.08,0.1,2e-07,10000,0,1,12,0,0,0,0,False,800,15,0,8,7,1.6e-05,2.14899279135,16.4864742257,0.354293142659,0.738110713873,16.4935682079,24.046169281,0.0598809706132,22.6439038689,-5.55529318468,0.0164868709232,0.101561064815,0.466476151588,3682.68133499,3682.68133499,903.482660944,3680,920,0,0,0,0.00391963644177,-0.172922834754,60,0.5,0.75,True,True,True,True,True,True,True,16.4864742257,0.00321008285389,0.270790090683,0.0182059486294,0.156532099137,0.00728638397206,0.106758188863,0.00338394234348,0.0781795036938,0.00132293397361,0.0582465065976,0.000475299916076,0.0473086274696,0.000387855595325,0.0373026840586,0.000769807032536,0.0304630946268,0.000735953855178,0.0250255704875,0.000843619714091,0.021002768182,0.00071933282316,0.0166351306681,0.000515279392598,0.0130938003625,0.0005512215648,0.0105746290975,0.000379644871761,0.0082686073382,0.000231615099848,0.0069803505888,0.000411697859743,0.00560926759511,0.000293766418564,0.00451396195645,0.000429454362985,0.00385406531951,0.000385402719813,0.00331006418636,0.000416866954397,46875,46875,46874,90,23c8c6feb9a3d8dbba51b325318f3dc5dd108050385a02bfde25c4258585ad15,871235
baseline_N033_initial,baseline,initial,N033,22.627416998,0,230,400,60,0.001,0.0001,0.08,0.1,2e-07,10000,0,1,12,0,0,0,0,False,800,15,0,8,7,1.6e-05,2.24426101709,15.9940638935,0.35894854101,0.747809460437,16.001543301,23.3037452698,0.0622955890909,22.6187954148,0.101260266419,-0.0086215831921,0.101260266419,0.452548339959,3678.59783261,3678.59783261,-16.4684188415,3680,-0,0,0,0,0.00251023407424,-0.172922834754,60,0.5,0.75,True,True,True,True,True,True,True,15.9940638935,0.00254604939577,0.271874096952,0.0169058021018,0.157354122133,0.00712723618994,0.107823567174,0.00372307638105,0.0801896630226,0.00246209499609,0.0624060356905,0.00145228633325,0.0484452901994,0.00100513390707,0.0394137949052,0.000684055598165,0.0334149614086,0.000596514645786,0.027769456592,0.000224273663659,0.0235743656338,0.000214930303666,0.0198615101559,0.000120223305689,0.0169661116348,0.000208078484346,0.0150258075411,7.20078030601e-05,0.0129929321225,0.000113911294904,0.0112805858341,0.000162904484158,0.0101472168236,9.52769635501e-05,0.00882597837192,6.59812365692e-05,0.00820843903204,8.89005232094e-05,0.00734395496581,0.000165080853834,46875,46875,46874,90,c7865203569a9b48b42d707eec2587c239ae7c55fc5e60e266c840036bdc05a6,883196
baseline_N034_initial,baseline,initial,N034,22.627416998,5.65685424949,230,400,60,0.001,0.0001,0.08,0.1,2e-07,10000,0,1,12,0,0,0,0,False,800,15,0,8,7,1.6e-05,2.13358299852,16.486670804,0.351756805297,0.732826677702,16.493813369,24.0647754669,0.0609703732834,22.5934061761,5.75835269532,-0.0340108218911,0.101498445829,0.466476151588,3674.46866496,3674.46866496,-936.507155045,3680,-920,0,0,0,0.00225968272997,-0.172922834754,60,0.5,0.75,True,True,True,True,True,True,True,16.486670804,0.00383391293026,0.270168070522,0.0169893470114,0.155316145236,0.00668685901137,0.103843097306,0.00254531868264,0.0756972109159,0.000752654431278,0.0573049555119,0.000691692987688,0.0468011228301,0.00102983625193,0.0376316759541,0.00135412969616,0.0306198620602,0.00152084248664,0.0255054751104,0.00115881970424,0.0211735165757,0.000969571266994,0.0179293663132,0.000916847343501,0.0144337497657,0.000554099189579,0.0113015281984,0.000437116677294,0.00860825635815,0.000508377094948,0.00608842246226,0.000493536816119,0.00444728360573,0.000483623814128,0.00307264913691,0.000582456703069,0.00298678411355,0.000615270898849,0.00237646281085,0.000630320369954,46875,46875,46874,90,2a0fbc5a85dda373121126de2b8719524845e2f83fa33117f584806f2c6ae58f,869934
baseline_N035_initial,baseline,initial,N035,22.627416998,11.313708499,230,400,60,0.001,0.0001,0.08,0.1,2e-07,10000,0,1,12,0,0,0,0,False,800,15,0,8,7,1.6e-05,1.98472730347,17.8837214219,0.354943101935,0.739464795699,17.8903977391,26.1731281281,0.05990625688,22.568498129,11.4156855244,-0.0589188689983,0.101977025398,0.505964425627,3670.41775568,3670.41775568,-1856.58498862,3680,-1840,0,0,0,0.00345579350356,-0.172922834754,60,0.5,0.75,True,True,True,True,True,True,True,17.8837214219,0.00435442877479,0.272536131964,0.0155514896125,0.15740488181,0.00448195039848,0.108154411818,0.00240475623332,0.0791676388741,0.00281054021555,0.0605295365773,0.00305573390123,0.0449897016864,0.00271437973245,0.0337603602123,0.00193650225477,0.0249574438371,0.0012262362587,0.0193830301478,0.00124281591858,0.0160187953097,0.000973266294258,0.0152847046463,0.000963358717097,0.0126996861502,0.000838207136951,0.00984953019043,0.000592116898468,0.0060278799577,0.000282917184767,0.00338924869974,0.00018641418783,0.00183140511102,0.00026767062724,0.0026303178388,0.000311085613231,0.00269590448006,0.000312804981492,0.00243523388289,0.000180074725907,46875,46875,46874,90,92c009975ad96622c2e0af00778aa8248994517fe779b4afaa33981de87f455e,866203
baseline_N036_initial,baseline,initial,N036,22.627416998,22.627416998,230,400,60,0.001,0.0001,0.08,0.1,2e-07,10000,0,1,12,0,0,0,0,False,800,15,0,8,7,1.6e-05,1.60719581413,22.6237068509,0.363607269508,0.757515144808,22.6291699652,32.9351806641,0.0609185503279,22.5181333643,22.7287899621,-0.109283633714,0.101372964085,0.64,3662.22670435,3662.22670435,-3696.48674738,3680,-3680,0,0,0,0.00313529180546,-0.172922834754,60,0.5,0.75,True,True,True,True,True,True,True,22.6237068509,0.0041984497476,0.279149110278,0.0145609506644,0.163193233057,0.00673137100503,0.109563827563,0.00529477828115,0.0765618739556,0.00291960793617,0.0564097479493,0.000256911375104,0.0481084635925,0.00159955688096,0.0388735374517,0.00178254265068,0.0292602315117,0.00153441013301,0.02152350093,0.000881722896028,0.0185780357228,0.00106112664771,0.01782176091,0.000968332531463,0.0131306002232,0.000894082858423,0.00869608897647,0.000617687650403,0.00827782972256,0.000682945027422,0.00868164485097,0.000601600796413,0.00650815845863,0.000572820432103,0.00362345474048,0.000453209911181,0.00307083537496,0.000452963438981,0.00400200368602,0.000310259833254,46875,46875,46874,90,295daf12dc31ac53793fc372c70dd5a7cb4032e3c0f1384b0be0816e340e7987,871027
baseline_N037_initial,baseline,initial,N037,22.627416998,45.2548339959,230,400,60,0.001,0.0001,0.08,0.1,2e-07,10000,0,1,12,0,0,0,0,False,800,15,0,8,7,1.6e-05,1.03106556723,35.775332591,0.368867135907,0.768473199806,35.7789074742,51.5108261108,0.0637842170206,22.4175887211,45.35637287,-0.209828276875,0.101538874054,1.01192885125,3645.87467058,3645.87467058,-7376.51373007,3680,-7360,0,0,0,0.00321850455137,-0.172922834754,60,0.5,0.75,True,True,True,True,True,True,True,35.775332591,0.00625405828216,0.284150262466,0.0155500961195,0.161492938924,0.00718090904887,0.104963694924,0.00263901493155,0.0798087709817,0.00234841090565,0.0639728575248,0.00200276135688,0.0454349027541,0.00054719853557,0.039351331824,0.00144991668808,0.0346368805145,0.000959288764672,0.0258899659269,0.000782132601005,0.0230183750852,0.000796003739722,0.020709154808,0.000811758961819,0.0146736923781,0.000650505005508,0.0144346090162,0.000756624605228,0.013567378105,0.000559774824305,0.00864466856597,0.000558996462497,0.00995609523545,0.000554494774145,0.00951239968103,0.000202767367639,0.0065272639886,0.000331152430264,0.0070456554928,0.000295341019136,46875,46875,46874,90,64802864f5b183c5dedf943e1f69aa34dbf56beb34724643289efbe054718235,877488
baseline_N038_initial,baseline,initial,N038,45.2548339959,-45.2548339959,230,400,60,0.001,0.0001,0.08,0.1,2e-07,10000,0,1,12,0,0,0,0,False,800,15,0,8,7,1.6e-05,0.814618526758,45.2513863248,0.368626176617,0.767971201286,45.2539672471,64.8890380859,0.0573464987879,45.4498315964,-45.0520669503,0.194997600511,0.20276704566,1.28,7391.7133489,7391.7133489,7327.02307081,7360,7360,0,0,0,0.00430808126303,-0.172922834754,60,0.5,0.75,True,True,True,True,True,True,True,45.2513863248,0.00397760478495,0.280105637913,0.0171792037343,0.164846015667,0.00716379802299,0.109133692478,0.00453245946727,0.0794416103038,0.00210409249711,0.0618048951171,0.000451060975285,0.0498939871666,0.00099311551579,0.0390324992491,0.00107690674873,0.032370437966,0.000516426008453,0.0262105797346,0.000413920282869,0.0239559875888,0.000700372521421,0.020317321626,0.000614929206192,0.0162895095654,0.00034355810756,0.0148234050458,0.00043982738623,0.0131913861298,0.000535431357266,0.0115564033637,0.000286713849203,0.00963102686047,0.000260002832329,0.00891588004469,0.000376014865686,0.00831701404485,0.000383877946989,0.00709912927323,0.000201714183737,46875,46875,46874,90,c29c04d4bee838b387ba61aaa25faf70811eaf7b402f5e8f6e6afec17331e75b,880893
baseline_N039_initial,baseline,initial,N039,45.2548339959,-22.627416998,230,400,60,0.001,0.0001,0.08,0.1,2e-07,10000,0,1,12,0,0,0,0,False,800,15,0,8,7,1.6e-05,1.01733004746,35.7723591998,0.363922958825,0.758172830886,35.775640551,51.4423332214,0.0582066397016,45.3479769744,-22.4250830491,0.0931429784792,0.202333948855,1.01192885125,7375.14826729,7375.14826729,3647.09350732,7360,3680,0,0,0,0.00351985865802,-0.172922834754,60,0.5,0.75,True,True,True,True,True,True,True,35.7723591998,0.00124815402386,0.274925932852,0.0176053444465,0.1623338149,0.00562758831858,0.110532581037,0.00289338428353,0.0811894148939,0.00260098249734,0.062958469213,0.00227416557064,0.0484118743191,0.00170860865686,0.038671553755,0.00117288592242,0.031022034317,0.000680980490903,0.0261233995618,0.000522477862977,0.022976685621,0.000844896603177,0.0203629765832,0.000579734770287,0.0162978351334,0.000709075296008,0.0136195980754,0.000457549218566,0.0112414388221,0.00057901237025,0.0100644365344,0.0004921732674,0.00929744516463,0.000659005351286,0.00849103503734,0.00057239672953,0.00740269145663,0.000509874294605,0.00630293913059,0.000382133726711,46875,46875,46874,90,2999de16d5687a444618479fbb6ff267f0c2b4061c0ee295e9c48d870ff1a064,878427
baseline_N040_initial,baseline,initial,N040,45.2548339959,-11.313708499,230,400,60,0.001,0.0001,0.08,0.1,2e-07,10000,0,1,12,0,0,0,0,False,800,15,0,8,7,1.6e-05,1.09256372094,32.979295453,0.360319817541,0.750666286543,32.9828566351,47.353969574,0.0601186507427,45.2969382013,-11.111041659,0.0421042053159,0.202666840012,0.932952303175,7366.84759889,7366.84759889,1807.03936771,7360,1840,0,0,0,0.00260135078238,-0.172922834754,60,0.5,0.75,True,True,True,True,True,True,True,32.979295453,0.00108106036298,0.272611080391,0.0177309416624,0.157661555449,0.00697262001529,0.109157602613,0.00320532240423,0.0808011363917,0.00112142024852,0.0613217764945,0.000892638241076,0.0497203867386,0.000756567893719,0.0403912272058,0.00060578199896,0.0340522886357,0.00083899013024,0.0288492767854,0.000701777511168,0.023959392435,0.000607123162474,0.0198808537954,0.000344088041926,0.0164134642463,0.000426161132327,0.0139744395088,0.000393979104095,0.0114022961704,0.000539384168446,0.0108300272275,0.000219251271695,0.00969277327952,0.0004445671569,0.00870928048091,0.000298998895824,0.00805403881297,0.000528008005188,0.00774962508701,0.000223437860316,46875,46875,46874,90,e4c9a42d2633e2f56eee628824e95adbcb181e8fb23d9742b0e5eb569ec21f04,876053
baseline_N041_initial,baseline,initial,N041,45.2548339959,-5.65685424949,230,400,60,0.001,0.0001,0.08,0.1,2e-07,10000,0,1,12,0,0,0,0,False,800,15,0,8,7,1.6e-05,1.11190971363,32.2435773426,0.358519468494,0.746915559362,32.2472205718,46.2694091797,0.0608116664283,45.2719476384,-5.45411007661,0.0171136424672,0.202744172885,0.912140340079,7362.78326971,7362.78326971,887.026790717,7360,920,0,0,0,0.00447757686963,-0.172922834754,60,0.5,0.75,True,True,True,True,True,True,True,32.2435773426,0.000741522799649,0.272100993165,0.0177734060742,0.156349485165,0.00709976898026,0.108138054078,0.00342986547335,0.079481797004,0.00175226946111,0.0607047561827,0.000914263128738,0.0487650144826,4.18701962379e-05,0.0402045556735,0.000226482199346,0.0317982319057,0.000476267119256,0.0270795997653,0.000471080792255,0.0234446666779,0.000332982951365,0.0204114132525,0.000726227482687,0.0177004092835,0.000343617854955,0.0159737119788,0.000432485135899,0.0142000290425,0.000487924706562,0.0122112888134,0.000253407432279,0.0107396950072,0.000292615765283,0.00973425654334,0.000248462641243,0.00857128090981,0.000107510969364,0.0079670699726,7.88679473751e-05,46875,46875,46874,90,c4afeebe0233e0c5c408029a42343fad2f5078c29a76950777b50f11f439f518,879720
baseline_N042_initial,baseline,initial,N042,45.2548339959,0,230,400,60,0.001,0.0001,0.08,0.1,2e-07,10000,0,1,12,0,0,0,0,False,800,15,0,8,7,1.6e-05,1.12256655436,31.9938837414,0.35915263832,0.748234663168,31.9975872663,45.9024810791,0.0616001172574,45.2457307771,0.202583706914,-0.00910321882781,0.202583706914,0.905096679919,7358.51950201,7358.51950201,-32.9471119709,7360,-0,0,0,0,0.0027869651024,-0.172922834754,60,0.5,0.75,True,True,True,True,True,True,True,31.9938837414,0.00135979523532,0.271916354238,0.0171595454141,0.157220389516,0.00691756257772,0.108331848426,0.0038531973322,0.0802424161018,0.00210115453347,0.0622206782131,0.00123970529346,0.0490932042776,0.000632794672716,0.0398508432091,0.000567349863389,0.0329042419288,0.000199553335887,0.0274001295337,0.000278017339362,0.023371728511,0.00016356739708,0.0198303954248,0.000126416855226,0.0175155387482,0.000135865356769,0.0150693153681,9.18492669892e-05,0.0130251295438,0.000186716648446,0.0117856140961,0.000281874565502,0.0104310683418,0.000136648996606,0.00916445343593,0.000205612637002,0.00817338897425,0.000247766151647,0.00696046142961,0.000261803041362,46875,46875,46874,90,254bad0bf9c33780f68d37c4846b5f6bf2cc4a63c09505903e81eec54383a866,892025
baseline_N043_initial,baseline,initial,N043,45.2548339959,5.65685424949,230,400,60,0.001,0.0001,0.08,0.1,2e-07,10000,0,1,12,0,0,0,0,False,800,15,0,8,7,1.6e-05,1.10596698851,32.243694702,0.35660461928,0.742926290167,32.2473664881,46.2754898071,0.0620128129832,45.2214171151,5.85961860336,-0.0334168808557,0.202764353868,0.912140340079,7354.5652603,7354.5652603,-952.976491409,7360,-920,0,0,0,0.00426495718475,-0.172922834754,60,0.5,0.75,True,True,True,True,True,True,True,32.243694702,0.00188113884099,0.272002662662,0.0171175758762,0.156230056039,0.00676994903219,0.106901873,0.00362639979618,0.07839232576,0.00185031712738,0.0609237763523,0.00122117115426,0.0463504503018,0.00073200266632,0.0375147697198,0.00038991970969,0.0316212823794,0.000188533227958,0.0263556570793,0.000322118341635,0.0221058572952,0.000288718710984,0.0187124644723,0.000370362655699,0.0156603989904,0.000435051553164,0.0141301945251,0.000481638296026,0.0124446245274,0.000375556862905,0.0110790778002,0.000350682141416,0.0098820697282,0.000431687275844,0.00921923413342,0.000429375394734,0.00847587839358,0.000473900787871,0.00770598923242,0.000504478510561,46875,46875,46874,90,2985f95e919bb35847b07bcb49336074c88a4573d68f029bf48694001cbb071d,878736
baseline_N044_initial,baseline,initial,N044,45.2548339959,11.313708499,230,400,60,0.001,0.0001,0.08,0.1,2e-07,10000,0,1,12,0,0,0,0,False,800,15,0,8,7,1.6e-05,1.08163779616,32.9796021805,0.356719842208,0.743166337933,32.983212117,47.3629798889,0.0618241115542,45.1959985278,11.5165114959,-0.0588354681028,0.202802996907,0.932952303175,7350.43131955,7350.43131955,-1872.9827761,7360,-1840,0,0,0,0.0029789073037,-0.172922834754,60,0.5,0.75,True,True,True,True,True,True,True,32.9796021805,0.00236566553758,0.271396991925,0.0167484549555,0.156522768416,0.00661697303728,0.105738913469,0.00308766728437,0.0777140026894,0.00115599110374,0.0597543336432,0.000313425998651,0.0477188627364,0.000313263133917,0.039216500973,0.000564315660976,0.0325825123063,0.000725190383438,0.0279529240442,0.000563879178329,0.0237813874948,0.000665413081215,0.0217132294128,0.000861415404748,0.019243256858,0.000432303184679,0.0163067130711,0.000290853218724,0.0143706432081,0.000470547443902,0.0120588769025,0.000160120278498,0.0102604061363,0.000151982061614,0.00848076100172,0.000224737834752,0.00744970710644,0.000100911425236,0.00652697730594,0.000445795019308,46875,46875,46874,90,b9648bd1774eefeba6572b409b74533abfcdebc0ca7d001ebea05e62c76a7192,876375
baseline_N045_initial,baseline,initial,N045,45.2548339959,22.627416998,230,400,60,0.001,0.0001,0.08,0.1,2e-07,10000,0,1,12,0,0,0,0,False,800,15,0,8,7,1.6e-05,1.00994618424,35.7725947213,0.361283955392,0.752674907067,35.7760021202,51.4569358826,0.0621277251861,45.1457323501,22.8302412769,-0.109101645865,0.20282427889,1.01192885125,7342.25630187,7342.25630187,-3712.98623729,7360,-3680,0,0,0,0.00403409089369,-0.172922834754,60,0.5,0.75,True,True,True,True,True,True,True,35.7725947213,0.00417979433011,0.272896508852,0.0164619652026,0.158119446267,0.00564676503934,0.109902510209,0.00198241504599,0.081561241274,0.0018479112851,0.0646198886386,0.00172866699809,0.0516690495281,0.00190073967961,0.0405405581455,0.00113112879787,0.0319139136835,0.000540086004344,0.0250037143091,0.000662815427222,0.0204353815663,0.000653652075995,0.0188625388044,0.000806221136478,0.0174589281388,0.000857174173972,0.0158717433535,0.000940724218031,0.0140010364417,0.000546153214156,0.0114636462709,0.000487559167604,0.00838037338564,0.000532402322957,0.00679549955154,0.000517769820181,0.00602897556176,0.000554652061741,0.00611537576846,0.000515338005191,46875,46875,46874,90,e973030e92d37bb12b68e331dd77cfacc74d023996dd10c1fcf8787a7e707830,875555
baseline_N046_initial,baseline,initial,N046,45.2548339959,45.2548339959,230,400,60,0.001,0.0001,0.08,0.1,2e-07,10000,0,1,12,0,0,0,0,False,800,15,0,8,7,1.6e-05,0.81472899309,45.2515039757,0.368677122699,0.768077338957,45.2543068354,64.9094543457,0.06280624247,45.0442315129,45.4578313555,-0.210602483076,0.202997359609,1.28,7325.7487579,7325.7487579,-7393.01438619,7360,-7360,0,0,0,0.00303917166933,-0.172922834754,60,0.5,0.75,True,True,True,True,True,True,True,45.2515039757,0.00537417243924,0.278860914233,0.0147845401939,0.164390048701,0.0065157933028,0.112510125563,0.00408926835479,0.0812407028284,0.00273923310934,0.0589541786499,0.000702025090213,0.0492510973802,0.00066342344152,0.041903440881,0.00117281064685,0.0345653294308,0.000756646563911,0.0265874348267,0.000521618962796,0.0211914015983,0.000650250570877,0.0208019261751,0.000685082159818,0.0188302448309,0.000615952245891,0.0144413896539,0.000415416131593,0.0109835152169,0.000326430804979,0.0109427325777,0.000596540951402,0.0116856086317,0.00033130177924,0.00968564092222,0.0001828984322,0.00708274407059,0.000433770273308,0.00568793627933,0.000444252070193,46875,46875,46874,90,7487172197824cc72f567a43bf5f6c2f6921df6718009e5641ddf180baac95e1,874978
baseline_N047_initial,baseline,initial,N047,67.8822509939,0,230,400,60,0.001,0.0001,0.08,0.1,2e-07,10000,0,1,12,0,0,0,0,False,800,15,0,8,7,1.6e-05,0.747568512439,47.9948253172,0.358794201672,0.74748792015,47.9972638877,68.5097122192,0.0604045269711,67.8742532214,0.30375004619,-0.00799777246002,0.30375004619,1.35764501988,11038.6992858,11038.6992858,-49.4002550127,11040,-0,0,0,0,0.00322840559894,-0.172922834754,60,0.5,0.75,True,True,True,True,True,True,True,47.9948253172,0.000770295344148,0.272252777486,0.0181221267842,0.156698323747,0.00764460901269,0.108054197832,0.0038458285975,0.0799025521063,0.00238619542944,0.0617581682293,0.00169347408144,0.048746612082,0.00154404828054,0.0399993934659,0.000646226850235,0.0321647633927,0.000272445888297,0.0268236773305,0.000359864082967,0.0226959651134,0.000419813489118,0.0192187174671,0.000199923573736,0.0174823865454,0.000329252377121,0.0149526219686,0.000285331986137,0.0125767462559,0.000374149452966,0.0118193957126,5.93435590964e-05,0.010523746141,0.000217899840873,0.00945016727488,0.000251942105888,0.00844333435006,0.000337120692639,0.00744146896912,0.000158856315829,46875,46875,46874,90,0a295e413ee3c440110b48ddcf080738824f307ce9f96b91d1649fc2c28854b9,888695
doe_N014_C01,doe,C01,N014,5.65685424949,-5.65685424949,230,400,60,0.001,0.0001,0.08,0.1,2e-07,10000,0,1,12,0,0,0,0,False,800,15,6,4,3,1.6e-05,3.73942335786,5.65279188518,0.211381820125,0.440378791928,5.6664462364,8.77806186676,0.0534751842433,5.67339647672,-5.63211191404,0.0165422272243,0.0247423354529,0.3,922.690337841,922.690337841,915.976041168,920,920,0,0,0,0.0034119209121,-0.172922834754,60,0.5,0.75,True,True,True,True,True,True,True,5.65279188518,0.0079154863257,0.126267493281,0.0124587333653,0.13807314547,0.00666634535774,0.0744209138498,0.00662721650843,0.0380393681533,0.00358877107051,0.0146129869725,0.00095892526909,0.00248534716619,0.00090296277046,0.00742164883812,0.00106540328126,0.0135058731603,0.00217111848287,0.0186836444208,0.00299810900027,0.0191680660157,0.00328925893296,0.0177193889088,0.00318144520212,0.0164691041232,0.00334773287354,0.0152225940897,0.00296170034758,0.0120170548369,0.00266230941518,0.00922695635749,0.00195642213379,0.00672290380553,0.00182818495857,0.00492015928926,0.00101486279291,0.00265909629718,0.000431026312712,0.000585300417707,0.000234039349468,46875,46875,46874,90,90486fad6f857d08ade46d1fbead2f83a4797dfe0f3a854d2113870b7ba42e56,934617
doe_N015_C01,doe,C01,N015,5.65685424949,0,230,400,60,0.001,0.0001,0.08,0.1,2e-07,10000,0,1,12,0,0,0,0,False,800,15,6,4,3,1.6e-05,5.53787329454,3.9938098529,0.221172129278,0.460775269329,4.01384601098,6.13830327988,0.058739868665,5.64804504499,0.0249289371681,-0.00880920449932,0.0249289371681,0.3,918.567318905,918.567318905,-4.05430671945,920,-0,0,0,0,0.00131844399215,-0.172922834754,60,0.5,0.75,False,True,True,True,True,True,False,3.9938098529,0.00602290904496,0.120478547623,0.0194006508829,0.143903951722,0.00901254315297,0.0882215068844,0.00491471059633,0.0573194068467,0.00325599823569,0.0367581300296,0.00184830146207,0.0217780977891,0.00101848601868,0.0122566941092,0.000859529423947,0.00783994921762,0.000580900368056,0.00298381155758,0.00107915377899,0.00208190366988,0.000931837662125,0.00266318387285,0.000929788774196,0.00246713721033,0.00111240415942,0.00269769281176,0.000832007886898,0.00205093003822,0.000946696293031,0.00189979734705,0.000584088580607,0.000955257833422,0.000712733621252,0.000754962972155,0.00039657280309,0.00121398373235,0.000443506548288,0.00150110570785,0.000423277651025,46875,46875,46874,90,82d84bc97808869ae9b82391068c92ef69247a6b8aea25badf9c66951399f88f,938391
doe_N016_C01,doe,C01,N016,5.65685424949,5.65685424949,230,400,60,0.001,0.0001,0.08,0.1,2e-07,10000,0,1,12,0,0,0,0,False,800,15,6,4,3,1.6e-05,3.75868903118,5.6527707562,0.212470074371,0.442645988274,5.66668609168,8.79146003723,0.0543157090864,5.62317787486,5.68220952025,-0.0336763746279,0.0253552707595,0.3,914.523057641,914.523057641,-924.123643295,920,-920,0,0,0,0.00336489859578,-0.172922834754,60,0.5,0.75,True,True,True,True,True,True,True,5.6527707562,0.00637078248911,0.127130032234,0.0118733731469,0.138646869194,0.00906005499499,0.075458842838,0.0067517843529,0.03657352257,0.00275126757718,0.0141605523731,0.000506105617414,0.00548829077768,0.000212639465144,0.00681840033123,0.00107251966858,0.0149424869003,0.00255603777051,0.0189459225201,0.00275488267631,0.0172889735017,0.00296034410371,0.0178056558416,0.00307807918531,0.0182711986279,0.0032964562762,0.0155622750303,0.0027624820512,0.00989642474756,0.00264430718806,0.00918442447792,0.00208518988963,0.0086041169173,0.00184088668461,0.00556127438617,0.000857805548559,0.00145140107324,0.000690431315585,0.00105728065846,0.000103599897657,46875,46875,46874,90,d86fc09e0c4b3536b8acb6db612beb54f078dceda291f46c7e4b88c5ed8a3afe,928588
doe_N022_C01,doe,C01,N022,11.313708499,-11.313708499,230,400,60,0.001,0.0001,0.08,0.1,2e-07,10000,0,1,12,0,0,0,0,False,800,15,6,4,3,1.6e-05,2.20988851667,11.3098845495,0.249935839907,0.520699666474,11.3174484328,16.7409133911,0.0569703427242,11.3562815687,-11.2632964081,0.0425730697596,0.0504120909094,0.32,1846.92385245,1846.92385245,1831.80125179,1840,1840,0,0,0,0.00313589158897,-0.172922834754,60,0.5,0.75,True,True,True,True,True,True,True,11.3098845495,0.0050880636194,0.132517136914,0.0143810564123,0.158629418986,0.0071099689474,0.100691250724,0.0061434747747,0.0680695902334,0.00394517784353,0.0471212663355,0.00107983352066,0.0352061302675,0.00191613718847,0.0242478282454,0.001867273624,0.0163073365167,0.00143206167556,0.00959907565139,0.000541526738675,0.0070074017092,0.000691104313288,0.00421312703619,0.000229711310224,0.000441149982079,2.9023729595e-05,0.00255125427374,0.000404535989634,0.00325755112794,0.000398268061384,0.00396659004163,0.00077800559167,0.00493740840446,0.000705090345283,0.0059022029837,0.000977277153941,0.00559998306531,0.000791272666167,0.00483427815983,0.00105575384143,46875,46875,46874,90,f9bb60a1152131b1f264431c71e1d4a28e2a9436a5f3fa8b4a50886650a73fea,941491
doe_N024_C01,doe,C01,N024,11.313708499,0,230,400,60,0.001,0.0001,0.08,0.1,2e-07,10000,0,1,12,0,0,0,0,False,800,15,6,4,3,1.6e-05,3.25063573364,7.99433218324,0.259866618614,0.54138878878,8.00550832558,11.7915153503,0.0612975683191,11.3055823624,0.0500155921871,-0.00812613661111,0.0500155921871,0.3,1838.67840935,1838.67840935,-8.13426381212,1840,-0,0,0,0,0.00204213580734,-0.172922834754,60,0.5,0.75,True,True,True,True,True,True,True,7.99433218324,0.00407877876689,0.124883017426,0.0180743413337,0.157141309877,0.00809391855139,0.106497053973,0.0040521331262,0.0776477114809,0.00301373777269,0.059534128439,0.00195662544392,0.0447584319473,0.00171654248131,0.0357464188013,0.00101478677672,0.029963471508,0.000896276885958,0.0238671892442,0.000524032432404,0.020103969701,0.000475272992664,0.0156186411987,0.000457485005344,0.0128821020238,0.000469904713403,0.0107935941127,0.00046505888057,0.00852127410079,0.00025543051994,0.00673106148947,0.00042636778462,0.00604452629615,0.00021022677249,0.00437286724715,0.000512273871381,0.00412837302303,0.000297829371984,0.00341554035917,0.000493904789969,46875,46875,46874,90,681afd01eb167427b293dea3e00c52836036f078f986dd2a86a2d4a082916f45,951027
doe_N026_C01,doe,C01,N026,11.313708499,11.313708499,230,400,60,0.001,0.0001,0.08,0.1,2e-07,10000,0,1,12,0,0,0,0,False,800,15,6,4,3,1.6e-05,2.21839557436,11.309745199,0.250894886965,0.522697681177,11.3175461037,16.7520141602,0.0583914974166,11.2550789348,11.3641484987,-0.0586295641493,0.0504399997587,0.32,1830.46480665,1830.46480665,-1848.20328715,1840,-1840,0,0,0,0.00477831917841,-0.172922834754,60,0.5,0.75,True,True,True,True,True,True,True,11.309745199,0.00463716369915,0.132718255853,0.0135719388997,0.158935210129,0.00803757806144,0.102475245071,0.00614224903676,0.0665939211697,0.00305343671224,0.0457848266576,0.00118648370222,0.037621347568,0.00236840123184,0.0266467570099,0.00174593140549,0.0156246383176,0.00103215804548,0.00858320144006,0.000580406102178,0.0075386176294,0.000686205944434,0.00537237508965,0.000122827775056,0.00193014607142,0.000146263255699,0.00393771022465,0.000252534772967,0.0030285582964,0.000400332603607,0.00279510159367,0.000781819421655,0.00622472909568,0.000895956966767,0.00725270763711,0.000885056953033,0.00546546535807,0.000901304588659,0.00462069339688,0.00112796310171,46875,46875,46874,90,dece10bf8e81f74aad6e3c1213ca14ac037d726ee99f322203f3a27bfe149454,934038
doe_N030_C01,doe,C01,N030,22.627416998,-22.627416998,230,400,60,0.001,0.0001,0.08,0.1,2e-07,10000,0,1,12,0,0,0,0,False,800,15,6,4,3,1.6e-05,1.1930540358,22.6236589608,0.269912476278,0.562317658912,22.6275880842,32.7138137817,0.0580961659821,22.7200614712,-22.5268439044,0.0926444732201,0.100573093594,0.64,3695.06719311,3695.06719311,3663.64333921,3680,3680,0,0,0,0.00391528016661,-0.172922834754,60,0.5,0.75,True,True,True,True,True,True,True,22.6236589608,0.00217710044486,0.134316105439,0.0158932255309,0.164364435571,0.00684095101806,0.108599508965,0.00534404006821,0.0775628920081,0.00283707444359,0.0585453345048,0.00030830948789,0.0473767268843,0.00130816527032,0.0367208161166,0.0018956577974,0.029043077243,0.00111667335049,0.0226901061762,0.000901404456556,0.0199281683368,0.000975242427806,0.01725813857,0.00104554658485,0.0131085450185,0.000810192781401,0.0109376157771,0.000730147025791,0.00989823288138,0.000769082743088,0.00815859075822,0.000599566934206,0.00640639468732,0.000387956509989,0.00507494875752,0.000479289313024,0.00449012699712,0.000474099284196,0.0040673365895,0.00025653265825,46875,46875,46874,90,a6b9e1b718cad6fe841ddc1c587be72492578bf1833c55efad74a293ac9c4452,940565
doe_N033_C01,doe,C01,N033,22.627416998,0,230,400,60,0.001,0.0001,0.08,0.1,2e-07,10000,0,1,12,0,0,0,0,False,800,15,6,4,3,1.6e-05,1.67480363715,15.9943170712,0.267873404045,0.558069591761,16.0000128983,23.0939693451,0.0620415439563,22.6191525167,0.101472041629,-0.00826448127185,0.101472041629,0.452548339959,3678.65590973,3678.65590973,-16.5028608094,3680,-0,0,0,0,0.00191035924026,-0.172922834754,60,0.5,0.75,True,True,True,True,True,True,True,15.9943170712,0.00240637661861,0.125653418931,0.0173640672727,0.158693102822,0.00730724901688,0.10917062527,0.00374493827706,0.0805639912831,0.00212239602986,0.063281920507,0.00155092906294,0.0486685646256,0.00092106100439,0.0400135099101,0.000544177714905,0.033675149365,0.000397243811014,0.0280718129424,0.000236243825153,0.0236548523038,0.000153358108674,0.0201288045343,0.000110801858522,0.017060611422,0.000244228453659,0.015098133863,0.0001392526964,0.013002976549,0.000116521101759,0.0114789421483,9.02119232699e-05,0.0102761496265,6.21421722084e-05,0.00899842688581,0.000148683154482,0.00824252537331,8.23743301867e-05,0.00751529912909,0.000101639960176,46875,46875,46874,90,c283f4e5c7579996585ee0d1eda65f180e5df96bc658e1aefb1c9f7dd8e566e0,948471
doe_N036_C01,doe,C01,N036,22.627416998,22.627416998,230,400,60,0.001,0.0001,0.08,0.1,2e-07,10000,0,1,12,0,0,0,0,False,800,15,6,4,3,1.6e-05,1.19624777532,22.623958774,0.270638603524,0.563830424009,22.6281166057,32.727722168,0.0611058956523,22.5178338166,22.729588237,-0.109583181334,0.102171239011,0.64,3662.17798756,3662.17798756,-3696.61657447,3680,-3680,0,0,0,0.0018333863294,-0.172922834754,60,0.5,0.75,True,True,True,True,True,True,True,22.623958774,0.00432523627622,0.134668653386,0.0146816702221,0.164150192853,0.00693648247611,0.110464685539,0.00558459657581,0.0768912030567,0.00242015595312,0.057106026148,0.000454721957691,0.0485771980298,0.00138399703482,0.0393199064728,0.00176125086315,0.0292158253617,0.00121170493164,0.0219954585667,0.00102398623564,0.018675486167,0.00116909808663,0.0183837030556,0.00108987271873,0.0134069593091,0.000590622276629,0.00922782123222,0.000678729426818,0.0090334729188,0.000706340968249,0.00939869271525,0.000638788410313,0.0068216043255,0.000315942958815,0.00392786958721,0.000428118218921,0.00324241002108,0.00045931560939,0.00438363646745,0.000407747736726,46875,46875,46874,90,f74687b8e48368679aa08352510b053b969a195bfdefbbd39e01c03bcbffd93d,936390
doe_N014_C02,doe,C02,N014,5.65685424949,-5.65685424949,230,400,60,0.001,0.0001,0.08,0.1,2e-07,10000,0,1,12,0,0,0,0,False,800,15,6,4,5,1.6e-05,3.14760659269,5.65291186482,0.177931426536,0.37069047195,5.66541329164,8.86748695374,0.0534410706283,5.67365845902,-5.63208884813,0.0168042095288,0.024765401361,0.3,922.732945217,922.732945217,915.972289855,920,920,0,0,0,0.00414308750387,-0.172922834754,60,0.5,0.75,True,True,True,True,True,True,True,5.65291186482,0.00767132090964,0.127261872598,0.0119554482765,0.0696736747098,0.00654516534867,0.0788621898083,0.00704376979871,0.0419769567249,0.00361026076069,0.018441466873,0.000911551368008,0.00576072484302,0.000771567421329,0.00477253616962,0.000482980661487,0.0110060021202,0.00168205632955,0.0162240313777,0.00250860236736,0.0171191446564,0.00303710117365,0.0166105207968,0.00279905767223,0.0163049843691,0.00317998376654,0.015880405311,0.00288831248694,0.0127842274777,0.00276404914944,0.0101168537632,0.0022562703367,0.00796903146625,0.0019827471432,0.00633436750711,0.00138151685835,0.00410296303345,0.000898304335198,0.00126090146921,0.000278446894853,46875,46875,46874,90,9d9eb2660470c38561045326de8297d004cff065f3d724062797b4a3946a7cc3,933677
doe_N015_C02,doe,C02,N015,5.65685424949,0,230,400,60,0.001,0.0001,0.08,0.1,2e-07,10000,0,1,12,0,0,0,0,False,800,15,6,4,5,1.6e-05,4.72102047454,3.99395261827,0.188555320852,0.392823585108,4.01232747527,6.24462985992,0.0590051807818,5.64824705107,0.0249055027262,-0.00860719842233,0.0249055027262,0.3,918.600172075,918.600172075,-4.0504954693,920,-0,0,0,0,0.00096925385837,-0.172922834754,60,0.5,0.75,True,True,True,True,True,True,True,3.99395261827,0.0052871857278,0.12139400119,0.0194541306102,0.0690583429898,0.00858027551499,0.093677053023,0.00545341962523,0.0620448469745,0.00284117964926,0.0418004013375,0.00223928711009,0.0258209540478,0.00113208117834,0.0166228378087,0.000820675992311,0.0112571186421,0.00071248897035,0.00609122133934,0.00045311620999,0.0035146386456,0.000882316960333,0.00167174744162,0.000632812872283,0.00206202944534,0.000988714749509,0.00199614048908,0.000779848053628,0.00223848233499,0.000750952338145,0.002239113885,0.000658785830774,0.0016226582939,0.000667051058965,0.00124069269201,0.000631684061615,0.000263659727497,0.000392737960568,0.000459256753555,0.000550092347676,46875,46875,46874,90,1bedf42e6ea6f076001dc1463b8125e5894fa21aebbdcdd055864c16aabde28c,940825
doe_N016_C02,doe,C02,N016,5.65685424949,5.65685424949,230,400,60,0.001,0.0001,0.08,0.1,2e-07,10000,0,1,12,0,0,0,0,False,800,15,6,4,5,1.6e-05,3.1558636676,5.6526627618,0.178390330352,0.371646521566,5.66540976855,8.87407112122,0.0548968779631,5.62330138214,5.68187241699,-0.0335528673531,0.0250181674978,0.3,914.543144192,914.543144192,-924.068818655,920,-920,0,0,0,0.00353737776589,-0.172922834754,60,0.5,0.75,True,True,True,True,True,True,True,5.6526627618,0.00582703617102,0.127731526445,0.0113365725558,0.0696210173666,0.00930492005092,0.0796499506877,0.00692075897307,0.0402865458387,0.00249873441848,0.0177395930776,0.000359113286857,0.00878050680312,0.000482941733579,0.00398645691518,0.000805738935634,0.0126369002289,0.00210166697281,0.0167608225845,0.0023702654669,0.0155387781759,0.0027371917431,0.0163382824902,0.00290879876481,0.0182573719378,0.00328578435847,0.0162155197234,0.00264070279982,0.010835608555,0.00269727478443,0.00978426890002,0.00236671087665,0.0100019966595,0.00202238150059,0.00695284327385,0.00122584084145,0.00297776883212,0.000994685492151,0.00158543966397,0.000516158235623,46875,46875,46874,90,b01c3e6fc42298fd526c828a1c74713a941b51db1cf6e746f85f4672dce413d2,926746
doe_N022_C02,doe,C02,N022,11.313708499,-11.313708499,230,400,60,0.001,0.0001,0.08,0.1,2e-07,10000,0,1,12,0,0,0,0,False,800,15,6,4,5,1.6e-05,1.86393714958,11.3096272929,0.210804344591,0.439175717897,11.316390497,16.8459892273,0.0566914156263,11.3558888145,-11.2631757617,0.0421803155641,0.050532737262,0.32,1846.85997705,1846.85997705,1831.78163053,1840,1840,0,0,0,0.00208592015646,-0.172922834754,60,0.5,0.75,True,True,True,True,True,True,True,11.3096272929,0.00439331428486,0.132854892286,0.0136918742759,0.0785649673339,0.00682129653378,0.102577174636,0.0066610820818,0.0695701400657,0.00371097846404,0.0484309309868,0.00109151543693,0.0364313500786,0.00151797129066,0.0253652530519,0.00217585386835,0.0172670636993,0.00112454260693,0.0107041167473,0.000701830193387,0.0078183438685,0.000515718472033,0.00488186719862,0.000548119662654,0.00124387419955,0.000193952104271,0.00160710208809,0.000205369720067,0.00248467032891,0.000556383543134,0.00329267536656,0.000525144279081,0.00445418723846,0.000739740929493,0.00523042183179,0.000822215685743,0.00505154302449,0.000860819080783,0.00449691808039,0.000961835023162,46875,46875,46874,90,7c86892ff86fec47af73c38f62a85443f0c2735b70fe4dcf8face6dec64f4989,939575
doe_N024_C02,doe,C02,N024,11.313708499,0,230,400,60,0.001,0.0001,0.08,0.1,2e-07,10000,0,1,12,0,0,0,0,False,800,15,6,4,5,1.6e-05,2.78859521515,7.99413145842,0.222923967342,0.464424931963,8.00419433332,11.9066514969,0.0612009183356,11.3052955545,0.0506751853515,-0.0084129444899,0.0506751853515,0.3,1838.63176448,1838.63176448,-8.24153645598,1840,-0,0,0,0,0.00192748701826,-0.172922834754,60,0.5,0.75,True,True,True,True,True,True,True,7.99413145842,0.00359296607144,0.12466226825,0.0179397018369,0.0749147110628,0.00793444438008,0.108686167612,0.00447455289855,0.0795524285501,0.00273646228459,0.0608802615939,0.00207464862708,0.0458309123541,0.00137547128966,0.036695466459,0.00123077082989,0.0308004711118,0.00078531788888,0.0249162422413,0.000698297854178,0.0204690031654,0.000577962922046,0.0161101656139,0.000532146622343,0.0133676334126,0.000525317165275,0.0117868075069,0.000343598952075,0.00917375987435,0.000382336152483,0.0073664400687,0.000281969020404,0.00644132778228,0.000350644457043,0.00536827637363,0.000227525259219,0.00477169649219,0.000444100299276,0.00383151242717,0.000226776839937,46875,46875,46874,90,ae78b5fcf0221bbb0acbc17dcf5d44c0f6f0f820993d6248613f57c55f93ce9a,952995
doe_N026_C02,doe,C02,N026,11.313708499,11.313708499,230,400,60,0.001,0.0001,0.08,0.1,2e-07,10000,0,1,12,0,0,0,0,False,800,15,6,4,5,1.6e-05,1.87117788306,11.3094865643,0.211620611279,0.440876273498,11.3164862701,16.8596363068,0.0584865815081,11.2548528927,11.3638575784,-0.0588556063184,0.0501490794403,0.32,1830.42804438,1830.42804438,-1848.15597345,1840,-1840,0,0,0,0.0022744819956,-0.172922834754,60,0.5,0.75,True,True,True,True,True,True,True,11.3094865643,0.00415082919869,0.132971041464,0.0131754545152,0.0783342571077,0.0083834675396,0.103931626895,0.00649628160731,0.0685939498385,0.0029355784569,0.0474849097059,0.00124244369501,0.0387772543668,0.00211205585783,0.0274196424692,0.00197837509431,0.0168194987368,0.000938090895945,0.00976983737787,0.000730465415055,0.00808284454789,0.000575951883442,0.00572747161982,0.000354197047843,0.00165663628877,0.0002173215141,0.00280690167861,0.000180315761108,0.00238847753894,0.000265492048717,0.00217877886691,0.000609030582444,0.00579919274837,0.000824928565505,0.00664549425194,0.000701970840761,0.00511998025352,0.00083869539572,0.00444702813487,0.00101812240082,46875,46875,46874,90,5a071adac2855a234b83aef286fcf03ed6d8cfb416f3e8be4d52a1b1521c5e51,933105
doe_N030_C02,doe,C02,N030,22.627416998,-22.627416998,230,400,60,0.001,0.0001,0.08,0.1,2e-07,10000,0,1,12,0,0,0,0,False,800,15,6,4,5,1.6e-05,1.02026724696,22.6234255063,0.230819400582,0.480873751212,22.6269212464,32.8303565979,0.0583896982384,22.7204198748,-22.5260134953,0.0930028768173,0.101403502684,0.64,3695.12548192,3695.12548192,3663.50828599,3680,3680,0,0,0,0.00410395886096,-0.172922834754,60,0.5,0.75,True,True,True,True,True,True,True,22.6234255063,0.0020562339535,0.134388488392,0.0153894624105,0.0814482888638,0.00774565578545,0.110238727504,0.00483615433084,0.0788512167307,0.00316282574692,0.0592572956343,0.000571863275969,0.0479022610812,0.00168549765865,0.0368872822522,0.00163793587388,0.0293540689066,0.00105028288536,0.0226923435243,0.000921516672376,0.0205465674402,0.00128458690025,0.0176769671388,0.000916966945711,0.0134425176751,0.000877787343759,0.0110716247355,0.000751082903779,0.0101366041224,0.00100233474763,0.00847514101192,0.00072536518012,0.00649781429019,0.000418301007827,0.00505342845663,0.000503430832609,0.00469521293958,0.000603065715686,0.00439551891965,0.00024783135299,46875,46875,46874,90,0768d0c99834f327c82da14be6d35b70ea0f57b180ee16e3e60b83f2382ef5f7,939927
doe_N033_C02,doe,C02,N033,22.627416998,0,230,400,60,0.001,0.0001,0.08,0.1,2e-07,10000,0,1,12,0,0,0,0,False,800,15,6,4,5,1.6e-05,1.43742302783,15.9939329054,0.229900474637,0.478959322161,15.9990394049,23.2124710083,0.0621741262784,22.6186072542,0.101909001333,-0.0088097438055,0.101909001333,0.452548339959,3678.5672312,3678.5672312,-16.5739255586,3680,-0,0,0,0,0.00273734681024,-0.172922834754,60,0.5,0.75,True,True,True,True,True,True,True,15.9939329054,0.00245316070062,0.125035049435,0.0170511717702,0.0750338898457,0.00779202141646,0.110529359325,0.00391827730872,0.0820498119676,0.00225023642274,0.0636273996201,0.00158011565887,0.0497829860303,0.00110720286739,0.0403027224595,0.000854705622439,0.0343067119939,0.000566129578131,0.0284723399855,0.000238103745908,0.0241630456092,0.000142425063676,0.0200763692011,0.000213858033775,0.0171856156115,8.09994446257e-05,0.0150647228896,0.000240349230175,0.0130957412291,0.000143139670787,0.0113583631415,0.000159450071454,0.0101786547323,0.000126629873769,0.00901513619397,0.000113423235725,0.00840083401297,7.80667395085e-05,0.00739192705413,3.78276637974e-05,46875,46875,46874,90,858b21bffd7b4e20ab5043e6556f2e606636f6010b32d1042e836554871cc363,949066
doe_N036_C02,doe,C02,N036,22.627416998,22.627416998,230,400,60,0.001,0.0001,0.08,0.1,2e-07,10000,0,1,12,0,0,0,0,False,800,15,6,4,5,1.6e-05,1.0234682241,22.6234539301,0.231543862169,0.482383046186,22.6271798767,32.8429336548,0.0616397162534,22.5183469177,22.7280748756,-0.109070080251,0.100657877658,0.64,3662.26143552,3662.26143552,-3696.37044961,3680,-3680,0,0,0,0.00269991787332,-0.172922834754,60,0.5,0.75,True,True,True,True,True,True,True,22.6234539301,0.00394439906689,0.134272280902,0.0142874251853,0.0811554346393,0.00661614307356,0.112334082328,0.00486315927371,0.0787277755182,0.00247088281549,0.0573947463292,0.000544185279056,0.0489036825377,0.00144485193892,0.039494530398,0.0014698329435,0.0299772907043,0.00106053857811,0.0218574264063,0.00112926342331,0.019154810983,0.000959246485441,0.0182813725056,0.000856332362286,0.0140041106312,0.000613648553492,0.00957616409018,0.000802879217912,0.00915551038097,0.000893795549119,0.00921327293194,0.000526696003483,0.00702078148849,0.000173377637843,0.00406471846506,0.000574546109062,0.00354019604767,0.000607817740119,0.00419840591811,0.00033900646025,46875,46875,46874,90,fa89b677ef27383d238e4e45eaa30bd877b2ce7e8a179168664a01867d5398b1,936615
doe_N014_C03,doe,C03,N014,5.65685424949,-5.65685424949,230,400,60,0.001,0.0001,0.08,0.1,2e-07,10000,0,1,12,0,0,0,0,False,800,15,6,4,7,1.6e-05,2.93924019829,5.65284304297,0.166150635065,0.346147156386,5.66499404674,8.8191947937,0.054286060028,5.67364537557,-5.631963875,0.0167911260741,0.0248903744925,0.3,922.730817395,922.730817395,915.951964904,920,920,0,0,0,0.00261098721375,-0.172922834754,60,0.5,0.75,True,True,True,True,True,True,True,5.65284304297,0.00779269305122,0.127903992455,0.0121230465182,0.0703922251751,0.0070230845367,0.0399304138041,0.0067193442628,0.0452281534022,0.00413859832601,0.0211594747207,0.00113043447105,0.00822796799547,0.000594543388557,0.00249117028932,0.000575090340562,0.00932525404826,0.0014599367737,0.0147626206279,0.00244865681362,0.0156026363553,0.00250549568825,0.0154265382222,0.002868108799,0.0158440627874,0.00288532244243,0.015864533582,0.00285448548914,0.0131261171446,0.00258794385853,0.0108328418922,0.00237418129368,0.00897327514128,0.00214244876329,0.00737335888157,0.00166852331136,0.00532252629204,0.00120327701218,0.0024797239142,0.000568481112535,46875,46875,46874,90,920e255f68929e4ae77c2c59012f21edb6fd909ca2d3be77c067f8b558eb50cc,934621
doe_N015_C03,doe,C03,N015,5.65685424949,0,230,400,60,0.001,0.0001,0.08,0.1,2e-07,10000,0,1,12,0,0,0,0,False,800,15,6,4,7,1.6e-05,4.37927879782,3.99406811394,0.174911378084,0.364398704342,4.01183884797,6.18781375885,0.0599382073817,5.64841057683,0.0248626861972,-0.00844367266533,0.0248626861972,0.3,918.626767014,918.626767014,-4.04353202197,920,-0,0,0,0,0.00140210229355,-0.172922834754,60,0.5,0.75,True,True,True,True,True,True,True,3.99406811394,0.00555236113768,0.122242934269,0.0184635203578,0.0699253151378,0.00901292825392,0.0469374997795,0.00488911517968,0.0664861214696,0.00349246025705,0.0453516022585,0.00191200987329,0.0295339437559,0.00172911010614,0.0195951506731,0.000674858537046,0.0141674080015,0.000693003841554,0.00782417387088,0.000725255511355,0.00595174349384,0.000513339921469,0.00218177976512,0.000800219561309,0.00161093487848,0.000553280722606,0.0018243236222,0.000824245381317,0.00172775893272,0.000640427708542,0.00235592202079,0.000704311529226,0.00160489424396,0.000673906060128,0.00185519833191,0.000665213650804,0.000480302144029,0.000578834146381,0.000633788935057,0.000396288086797,46875,46875,46874,90,3b1f62226c00663c03b98e83e69962378ae6bee84e479c8b4ad1be9e7bd7998a,938281
doe_N016_C03,doe,C03,N016,5.65685424949,5.65685424949,230,400,60,0.001,0.0001,0.08,0.1,2e-07,10000,0,1,12,0,0,0,0,False,800,15,6,4,7,1.6e-05,2.93756252039,5.65274261494,0.166052848431,0.345943434231,5.66511962841,8.8433008194,0.0551886853834,5.62327684598,5.68205558359,-0.0335774035103,0.0252013341022,0.3,914.539153765,914.539153765,-924.098607875,920,-920,0,0,0,0.00372593145274,-0.172922834754,60,0.5,0.75,True,True,True,True,True,True,True,5.65274261494,0.00599985853012,0.128229173742,0.0117160989504,0.0701358566291,0.00913884749387,0.0397964800975,0.00694214632822,0.0436428173186,0.00297058625222,0.0205710113631,0.000581456699334,0.0111577977573,0.000896772880883,0.00297216775816,0.000460333567102,0.0108119591969,0.00164537848009,0.0151154216509,0.00234221141207,0.014085398331,0.00242834370629,0.0152327224072,0.00288213513665,0.0175013079389,0.00298168200003,0.016409869123,0.00267235651325,0.011346458808,0.00266496897787,0.0106055205348,0.0024363334706,0.0105344333884,0.00217905609376,0.00803660835141,0.00143381114337,0.00394792535671,0.00127753967054,0.00273251626796,0.000746278762317,46875,46875,46874,90,292949c87782c757500133253a2d0f14614e631ffa385069f886fb75a2535dc3,927708
doe_N022_C03,doe,C03,N022,11.313708499,-11.313708499,230,400,60,0.001,0.0001,0.08,0.1,2e-07,10000,0,1,12,0,0,0,0,False,800,15,6,4,7,1.6e-05,1.70365888784,11.309880379,0.192681782281,0.401420379753,11.3163220896,16.7832660675,0.0571885286765,11.3562096536,-11.2633605411,0.0425011545709,0.0503479578369,0.32,1846.91215656,1846.91215656,1831.81168205,1840,1840,0,0,0,0.00264471303304,-0.172922834754,60,0.5,0.75,True,True,True,True,True,True,True,11.309880379,0.00472040909685,0.133085290039,0.0140266368249,0.0783790250385,0.00720463555723,0.0510074315268,0.00631478063936,0.0713226633173,0.00402162344854,0.0498568299096,0.00107358454569,0.0375243915245,0.00213753499894,0.0265195683458,0.00174945100087,0.0179411247059,0.0014674284045,0.011119695335,0.0006225805805,0.00835383831929,0.000801435346003,0.00586796944113,0.000288950117646,0.0019387724724,0.00023303938453,0.00106697179543,0.00026397682573,0.00173982003584,0.000102059984318,0.00262715100014,0.000613730083329,0.00402184274032,0.0006176719629,0.00486320469695,0.000896194474714,0.00464489237576,0.000628744289779,0.00414654221341,0.00111988524517,46875,46875,46874,90,f0e77775f8363b99c0d8efe9a24287117b544a8d4b7669ea5b04960840f83bb9,939176
doe_N024_C03,doe,C03,N024,11.313708499,0,230,400,60,0.001,0.0001,0.08,0.1,2e-07,10000,0,1,12,0,0,0,0,False,800,15,6,4,7,1.6e-05,2.55124417252,7.99447818051,0.203958658703,0.424913872299,8.00403772561,11.835776329,0.0613366671315,11.3057853691,0.0507931688029,-0.00792312992745,0.0507931688029,0.3,1838.71142525,1838.71142525,-8.26072464265,1840,-0,0,0,0,0.00214382945592,-0.172922834754,60,0.5,0.75,True,True,True,True,True,True,True,7.99447818051,0.00400218557599,0.125230119982,0.0176604811345,0.0743383935547,0.00786773762176,0.0537760860566,0.0044459897982,0.0809432668422,0.00278324944143,0.0625958505602,0.00187679223451,0.0467201945053,0.00168222279891,0.037754804641,0.00108419413161,0.0313537604635,0.000904056102168,0.0255137168349,0.00052611178807,0.0208500562983,0.000580129714469,0.0169349908812,0.000343513698244,0.0141598958139,0.00047074530896,0.0119665718263,0.000304870748236,0.00964801578884,0.000412157440632,0.00829441522728,0.000304481141926,0.00726913702833,0.000345562339291,0.00539698003752,0.000273165734397,0.00525676677907,0.000211061019621,0.00470880911603,0.000362918020315,46875,46875,46874,90,029e5ea14b8d916bddb18e7181714c4c846698d1d12cac884d66efa064e6ecd4,950684
doe_N026_C03,doe,C03,N026,11.313708499,11.313708499,230,400,60,0.001,0.0001,0.08,0.1,2e-07,10000,0,1,12,0,0,0,0,False,800,15,6,4,7,1.6e-05,1.70253742825,11.3099370755,0.192555911823,0.401158149632,11.3165984279,16.802696228,0.0585885592348,11.2550858715,11.3645235417,-0.0586226274431,0.0508150427168,0.32,1830.4659348,1830.4659348,-1848.2642821,1840,-1840,0,0,0,0.00167360171978,-0.172922834754,60,0.5,0.75,True,True,True,True,True,True,True,11.3099370755,0.00482761689022,0.133099303664,0.0133536103395,0.0781165763485,0.00804032409143,0.0512758311906,0.00638288457068,0.0701046214891,0.00317194850023,0.0487479257481,0.0007227897475,0.0394500780419,0.00223182006698,0.0283791593444,0.00170909967032,0.0173789536625,0.00117058538284,0.0105082431163,0.000579796656962,0.00840093316633,0.000761907225339,0.00659727660568,0.000252215912341,0.00198305257836,0.000162910809239,0.00192953105549,0.000139357085422,0.00216453399517,9.32037464585e-05,0.00154486668652,0.000565423677283,0.0051133387729,0.000633904098981,0.00610694515439,0.000778219157643,0.00503516106416,0.000725824369467,0.00415312628108,0.00107806445344,46875,46875,46874,90,a1cda49a7425b9d80ebfff8c596da3edd480357c3bc9a362d7d2a2d3b2b6509f,933817
doe_N030_C03,doe,C03,N030,22.627416998,-22.627416998,230,400,60,0.001,0.0001,0.08,0.1,2e-07,10000,0,1,12,0,0,0,0,False,800,15,6,4,7,1.6e-05,0.934127739682,22.6235426219,0.21133278733,0.440276640271,22.6268466331,32.7486839294,0.0579295347074,22.7204289349,-22.5262396007,0.0930119369103,0.101177397287,0.64,3695.1269554,3695.1269554,3663.54505854,3680,3680,0,0,0,0.00381115419608,-0.172922834754,60,0.5,0.75,True,True,True,True,True,True,True,22.6235426219,0.00184446476317,0.13478410206,0.0152321958327,0.0811336180518,0.00675991550563,0.0545657689964,0.0057484823959,0.080268993545,0.00254854552675,0.0601637871761,0.000492744951139,0.0485886012124,0.00137312710239,0.0375437613293,0.00192146259995,0.0294665803366,0.0010853682621,0.0232898358962,0.000976331550693,0.0207866118771,0.000882449862627,0.0179259236202,0.00110719359384,0.013481971709,0.00068582658245,0.0112399648268,0.000868645347834,0.0102711334432,0.000622023804688,0.0086409288572,0.000703228574738,0.00645813231899,0.000449689382318,0.0052990139288,0.000526013419517,0.00492396661393,0.000443914844156,0.00464639822753,0.000358543392807,46875,46875,46874,90,f6610a9004b41dc72767327973c3e25178326739cc50a380ffc1fcce0273d2fc,939936
doe_N033_C03,doe,C03,N033,22.627416998,0,230,400,60,0.001,0.0001,0.08,0.1,2e-07,10000,0,1,12,0,0,0,0,False,800,15,6,4,7,1.6e-05,1.30708594368,15.9944442926,0.209061133118,0.435544027328,15.9992625593,23.1318092346,0.06152410714,22.6193360603,0.100661058172,-0.00808093766175,0.100661058172,0.452548339959,3678.68576026,3678.68576026,-16.370966872,3680,-0,0,0,0,0.00212951090351,-0.172922834754,60,0.5,0.75,True,True,True,True,True,True,True,15.9944442926,0.00302644886519,0.125186200763,0.0177357449227,0.0745882982406,0.00742862519436,0.0538971940384,0.00436778500627,0.0829191891919,0.00214939352665,0.0642991709062,0.00154928583028,0.0495058803488,0.000953699901827,0.0403960770926,0.000799625406333,0.0340296805,0.000559568063114,0.028473032414,0.000726306753611,0.0239223551877,0.000650330534523,0.0202393373479,0.000580823698544,0.0170976749268,0.000465007081278,0.0151664685005,0.000440234318679,0.0129129587157,0.000136978595726,0.0113397438368,0.000352023466759,0.0100701150863,2.92779767131e-05,0.00890485093981,5.61248113014e-05,0.00804887601766,6.25808174095e-05,0.0071742483886,6.70395357801e-05,46875,46875,46874,90,f06336e8ad5435133bc216e775e9b1958474dc5f809105179bc115c6539bd11c,948121
doe_N036_C03,doe,C03,N036,22.627416998,22.627416998,230,400,60,0.001,0.0001,0.08,0.1,2e-07,10000,0,1,12,0,0,0,0,False,800,15,6,4,7,1.6e-05,0.933107632193,22.6235134363,0.211101730544,0.439795271967,22.6270401212,32.7709579468,0.0613683440527,22.5184209068,22.7281200336,-0.108996091148,0.100703035677,0.64,3662.27346871,3662.27346871,-3696.37779387,3680,-3680,0,0,0,0.00325368368999,-0.172922834754,60,0.5,0.75,True,True,True,True,True,True,True,22.6235134363,0.00444843747048,0.134286395954,0.0140798108649,0.0810027069273,0.00707954993023,0.0554827641528,0.00555318561624,0.080035792271,0.00251285457466,0.0580362091514,0.000697363316208,0.0495720172425,0.0015663981412,0.0404385925202,0.00170364181041,0.0302113527424,0.000812048041408,0.0221068351053,0.000800881764275,0.0192725433701,0.00100852829463,0.0188906686326,0.00106805453252,0.01423874933,0.000466849130955,0.00954302265572,0.000614080517258,0.00910652678378,0.000664035213189,0.00972819933902,0.00082670479614,0.00739550118949,0.000313920569109,0.00424277504178,0.000366653853775,0.00353759521765,0.000481473238786,0.00463010150609,0.000442824175459,46875,46875,46874,90,e84d27105325bc70fd088fbaeec974d5da8bce1f0f51abeb2a9e47aad3105fab,936828
doe_N014_C04,doe,C04,N014,5.65685424949,-5.65685424949,230,400,60,0.001,0.0001,0.08,0.1,2e-07,10000,0,1,12,0,0,0,0,False,800,15,6,8,3,1.6e-05,3.75503761997,5.65275213545,0.21226296925,0.442214519271,5.66643825703,8.78252696991,0.0533428414833,5.6734918723,-5.63193602454,0.0166376228114,0.024918224949,0.3,922.70585246,922.70585246,915.947435458,920,920,0,0,0,0.00392475509962,-0.172922834754,60,0.5,0.75,True,True,True,True,True,True,True,5.65275213545,0.00781656803416,0.126407188885,0.0132689781358,0.138832938735,0.00687251516459,0.0750041301253,0.00664291176331,0.0380849327413,0.00361500288636,0.0143947647163,0.00102363833659,0.00248354032313,0.000919797564347,0.0076199909548,0.00105347908083,0.0137598705866,0.00222707638018,0.0188977129054,0.00298543231821,0.0190482139632,0.00340078561439,0.0177024737631,0.00322479591389,0.0166093665728,0.00331390292427,0.0154145325061,0.00292787732857,0.0119578102643,0.00267252080118,0.00914920964879,0.00200196891296,0.00669010008503,0.00173269124715,0.0049822951318,0.00103669711435,0.002546169561,0.000545923225426,0.000451338176605,0.000237476175115,46875,46875,46874,90,998cb9c1f6ea4ac8ece6617966e1eb5877eb191d751e6f6fc4295294cef1e6fc,934484
doe_N015_C04,doe,C04,N015,5.65685424949,0,230,400,60,0.001,0.0001,0.08,0.1,2e-07,10000,0,1,12,0,0,0,0,False,800,15,6,8,3,1.6e-05,5.5475162281,3.99383479093,0.221558633151,0.461580485731,4.01389474237,6.1379032135,0.0589058838688,5.64808055388,0.0248743125402,-0.00877369561157,0.0248743125402,0.3,918.573093878,918.573093878,-4.04542286714,920,-0,0,0,0,0.00123031757525,-0.172922834754,60,0.5,0.75,False,True,True,True,True,True,False,3.99383479093,0.00608812093161,0.120395346957,0.0196499639208,0.144047446682,0.00911855130786,0.0887028919665,0.0049250848011,0.057840241614,0.0032652712164,0.0367430016492,0.00193284038488,0.0217696805657,0.00113856426442,0.0121465787261,0.00077945074382,0.00766620633706,0.000580983081462,0.00292859195034,0.000887873707123,0.00205821418457,0.000950266467398,0.00271318146483,0.000959320040259,0.00245857538562,0.00103130900327,0.00276462122777,0.00068549085065,0.00202103045039,0.000849875997815,0.00187135545838,0.000532187640804,0.000972884859808,0.000626630053615,0.000652669774482,0.000351938194938,0.00116379063064,0.000352392560022,0.00146081521504,0.000465696895001,46875,46875,46874,90,874e2128cff3557fef992542969ca9324ba366e2798ca3c04af26b36d2b796da,938145
doe_N016_C04,doe,C04,N016,5.65685424949,5.65685424949,230,400,60,0.001,0.0001,0.08,0.1,2e-07,10000,0,1,12,0,0,0,0,False,800,15,6,8,3,1.6e-05,3.76606455187,5.65271602269,0.212884934348,0.443510279892,5.66664718066,8.78693675995,0.0543188543063,5.62327684005,5.68200267921,-0.0335774094434,0.0251484297133,0.3,914.5391528,914.5391528,-924.090003793,920,-920,0,0,0,0.00377491912296,-0.172922834754,60,0.5,0.75,True,True,True,True,True,True,True,5.65271602269,0.00667891824746,0.126967116097,0.0123055413755,0.139084083582,0.00929053759065,0.0756990296881,0.0066048602598,0.0367968940592,0.00286255097026,0.0139346334032,0.000435843239084,0.00539624699876,0.000205325729086,0.0070530436852,0.00118313279255,0.0151211816444,0.00242442535465,0.0192789683835,0.00260968146231,0.017589780331,0.00298029060815,0.0177541102815,0.00317258903603,0.0182980003458,0.00339798440525,0.0156976559852,0.00276630623664,0.00997908736683,0.00257944471147,0.0090335885296,0.00216449317905,0.00852150707776,0.00178177279758,0.00567018114604,0.000758943345768,0.00153397333548,0.000632934271897,0.000966669792661,0.000186231889709,46875,46875,46874,90,400f17a34cd1cf546b1171118ff73ce68c4c392c7c7aae7816435c685f590fca,928207
doe_N022_C04,doe,C04,N022,11.313708499,-11.313708499,230,400,60,0.001,0.0001,0.08,0.1,2e-07,10000,0,1,12,0,0,0,0,False,800,15,6,8,3,1.6e-05,2.21888604887,11.3095431409,0.250945874945,0.522803906136,11.3171285356,16.7421321869,0.056775975321,11.35556181,-11.2633364548,0.0418533109857,0.0503720442198,0.32,1846.8067948,1846.8067948,1831.80776477,1840,1840,0,0,0,0.00269696929653,-0.172922834754,60,0.5,0.75,True,True,True,True,True,True,True,11.3095431409,0.00488229734804,0.132736397578,0.0146496506649,0.159232453655,0.00702961222709,0.101444150373,0.00633334293173,0.0684336035246,0.00384218283133,0.0474070663319,0.000860969644597,0.0353323061724,0.00194121433508,0.0244187546142,0.00189359503601,0.016445135204,0.00138171900575,0.00953514062076,0.000578762782679,0.00691983639933,0.000592151270133,0.00400306360638,0.000326978956773,0.000489708527141,8.20740021941e-05,0.00266064530759,0.000459306582816,0.00321011892635,0.000387363722256,0.00394636871678,0.000782344145808,0.00492298178337,0.000833317829286,0.00598423261979,0.000990270644472,0.00576711238948,0.000876193070867,0.00487156885919,0.00113652784282,46875,46875,46874,90,0ac849b8566df3f02b0927259bd8be17dbb5a6fcc1d84e0e64f87ad5ff45e19b,941543
doe_N024_C04,doe,C04,N024,11.313708499,0,230,400,60,0.001,0.0001,0.08,0.1,2e-07,10000,0,1,12,0,0,0,0,False,800,15,6,8,3,1.6e-05,3.26433575748,7.9945531221,0.260969056215,0.543685533782,8.00576691584,11.7910833359,0.0615198356053,11.3058956431,0.0498292291621,-0.00781285590571,0.0498292291621,0.3,1838.72935962,1838.72935962,-8.10395474362,1840,-0,0,0,0,0.00221709422336,-0.172922834754,60,0.5,0.75,True,True,True,True,True,True,True,7.9945531221,0.00391840413044,0.124829267833,0.0182221769109,0.157921765762,0.00814000622296,0.10724588164,0.0042326218764,0.0781809287165,0.00309592406501,0.0599749881075,0.00157181283685,0.0451022193218,0.00137360283911,0.0358891822393,0.000763838925205,0.0301180132093,0.000795305101996,0.0238274001537,0.000668747256478,0.019869963132,0.000556614317842,0.0156003276995,0.000545861495646,0.0129890639411,0.000402288758011,0.0106848866108,0.000391004857968,0.00852309289599,9.72442817046e-05,0.00677997999442,0.000387320881075,0.00608849692651,0.000235543941508,0.00441712304626,0.000372624312606,0.00418775289045,0.000248394465812,0.00357182779649,0.000351610879272,46875,46875,46874,90,9b737db5c5e6a6473a11cb00e0813c6813508942c91c23fa7c23e4ef751b55dd,951309
doe_N026_C04,doe,C04,N026,11.313708499,11.313708499,230,400,60,0.001,0.0001,0.08,0.1,2e-07,10000,0,1,12,0,0,0,0,False,800,15,6,8,3,1.6e-05,2.22476769254,11.3099527827,0.25162017555,0.524208699063,11.3177720747,16.7519626617,0.0589103155967,11.2552206929,11.3644212808,-0.0584878060977,0.0507127818226,0.32,1830.48786141,1830.48786141,-1848.24765094,1840,-1840,0,0,0,0.0038391329786,-0.172922834754,60,0.5,0.75,True,True,True,True,True,True,True,11.3099527827,0.00426874685991,0.132771860932,0.0138432862458,0.159440762789,0.00785712486122,0.102882164253,0.00615993924773,0.0671950035594,0.00295543154328,0.046266348999,0.00123259041247,0.0376475178696,0.00231218791322,0.0264132283862,0.00155229516583,0.0156210587383,0.000879489570121,0.00859524138853,0.000865954689962,0.00726967557138,0.000724133070168,0.00507421185467,0.000309036176963,0.00168298757731,0.000195913722607,0.00383262797115,0.000213655019647,0.0029375685995,0.000371780400402,0.00287375634128,0.000887907827697,0.00610778104875,0.00094405654293,0.00712234186676,0.000694284287916,0.00556280891091,0.000895500398104,0.00478685457677,0.00135729390679,46875,46875,46874,90,7358ad5eb4e1cea63d0f131bb21549f99893ead5df4d3df966817e7ccc8cdf2f,934599
doe_N030_C04,doe,C04,N030,22.627416998,-22.627416998,230,400,60,0.001,0.0001,0.08,0.1,2e-07,10000,0,1,12,0,0,0,0,False,800,15,6,8,3,1.6e-05,1.20017386399,22.6236787579,0.271523479525,0.565673915678,22.6276274428,32.7139282227,0.0582067531106,22.7199668262,-22.526979125,0.0925498282548,0.10043787298,0.64,3695.05180057,3695.05180057,3663.66533075,3680,3680,0,0,0,0.0042060778301,-0.172922834754,60,0.5,0.75,True,True,True,True,True,True,True,22.6236787579,0.00199119525537,0.134501230566,0.0161160245844,0.165565683663,0.0072397494957,0.109765466012,0.00543300185244,0.0782089835505,0.00268591332066,0.0589511612924,0.000370617738955,0.0474636171382,0.00132335437998,0.0367104907386,0.00159817489801,0.0289807874082,0.00106591254773,0.0225615683892,0.00108846881561,0.0200200203241,0.000909400586736,0.0174079615081,0.000961438918586,0.0132106677897,0.000654290007094,0.0111272432999,0.000797989791508,0.00991482160515,0.000618415998456,0.00827469190864,0.000491576067505,0.00625503960336,0.000322040666757,0.00503183232079,0.000437753791115,0.0043674177722,0.0005189837097,0.00407151352578,0.000253057299233,46875,46875,46874,90,328ee6c0e780a3beef7f8008f1a62775ed21fdc709937d8f15c79b891c80495d,940578
doe_N033_C04,doe,C04,N033,22.627416998,0,230,400,60,0.001,0.0001,0.08,0.1,2e-07,10000,0,1,12,0,0,0,0,False,800,15,6,8,3,1.6e-05,1.6824788222,15.9942957709,0.269100639105,0.560626331469,16.0000128029,23.092206955,0.0622110163092,22.6191228237,0.101376042289,-0.00829417425339,0.101376042289,0.452548339959,3678.65108062,3678.65108062,-16.4872479991,3680,-0,0,0,0,0.00248889753938,-0.172922834754,60,0.5,0.75,True,True,True,True,True,True,True,15.9942957709,0.00260625774907,0.125578898674,0.0180078299104,0.159202606241,0.00732883257513,0.110149544887,0.00385566259748,0.0812090334714,0.00235878557477,0.0637908557635,0.00145247565646,0.0491256378502,0.000886907654326,0.0402764096696,0.000699741333934,0.0338250077927,0.000466472867886,0.028260789125,0.000238798070364,0.0239029042613,0.000245657885575,0.0201816555788,0.000237817391356,0.0170789633965,2.16351279858e-05,0.0151316403103,8.76016096681e-05,0.0131089958414,2.49038621623e-05,0.0115104269231,0.000128558734117,0.0102828453166,6.54491615336e-05,0.00903175255302,7.05504192463e-05,0.00823451648808,8.73315916404e-05,0.00750941565451,0.000124943434981,46875,46875,46874,90,1b7b6587349967fc58caf323d064cb35bc8240e5d40b26a25f97b39cbd33bafb,948624
doe_N036_C04,doe,C04,N036,22.627416998,22.627416998,230,400,60,0.001,0.0001,0.08,0.1,2e-07,10000,0,1,12,0,0,0,0,False,800,15,6,8,3,1.6e-05,1.20407093388,22.6238754415,0.272407508307,0.567515642307,22.6280542483,32.7280502319,0.0610155720175,22.5182642867,22.7289958753,-0.109152711278,0.101578877316,0.64,3662.24799686,3662.24799686,-3696.52023598,3680,-3680,0,0,0,0.00273460985975,-0.172922834754,60,0.5,0.75,True,True,True,True,True,True,True,22.6238754415,0.00440655855923,0.134838420695,0.0153754801967,0.165289154583,0.00691055546964,0.111810334472,0.00525679112275,0.0777254164287,0.00239501750165,0.0574768666595,0.000276213125822,0.0488485831806,0.00157974088724,0.0395802595838,0.00173526659774,0.0292243230825,0.00125496294526,0.0216689296589,0.00102310114669,0.0187169499745,0.00101330938024,0.0185232833638,0.00114665163365,0.0135045336965,0.000738508303836,0.00944478960034,0.000633862952044,0.00908121268222,0.000818787527927,0.00956532534293,0.000585235407583,0.00693111907396,0.000401429644335,0.00381712438941,0.000380578321857,0.00322968155689,0.000447229004349,0.00436191662466,0.000417524132065,46875,46875,46874,90,c63da89558297f0396c96d70b93044667298db48b98252ac4e5a9b405c06ac20,936287
doe_N014_C05,doe,C05,N014,5.65685424949,-5.65685424949,230,400,60,0.001,0.0001,0.08,0.1,2e-07,10000,0,1,12,0,0,0,0,False,800,15,6,8,5,1.6e-05,3.1551850054,5.65285171041,0.178357929544,0.371579019884,5.6653664879,8.86600780487,0.0533864535071,5.67370977747,-5.63191639505,0.0168555279817,0.0249378544435,0.3,922.741291371,922.741291371,915.944243023,920,920,0,0,0,0.00373870584808,-0.172922834754,60,0.5,0.75,True,True,True,True,True,True,True,5.65285171041,0.00724247767975,0.126942742767,0.011809601185,0.0693109465106,0.0061818450102,0.0801314333612,0.00705924286386,0.0425219791135,0.00371936889657,0.0186958343223,0.000993577275357,0.00553256416622,0.000874356540831,0.00483252170833,0.000443128576177,0.0114236118953,0.00183560177723,0.0164382288503,0.00256347683103,0.0173018669733,0.00309629561838,0.0167762852915,0.00286311394602,0.0166184185272,0.0033513000298,0.0159813817358,0.00294706294342,0.0127550366273,0.00277842666243,0.0100994432743,0.00219914206169,0.00791968795152,0.00199919948404,0.00628589652364,0.001355776065,0.00404909876357,0.000807328428708,0.00121673615361,0.000314700869814,46875,46875,46874,90,852f2f00dcbc3525e2ea1fcb996e1f26ec62fceff66dafc05bcc01d18e35860f,933507
doe_N015_C05,doe,C05,N015,5.65685424949,0,230,400,60,0.001,0.0001,0.08,0.1,2e-07,10000,0,1,12,0,0,0,0,False,800,15,6,8,5,1.6e-05,4.73871204552,3.99411069704,0.189269404712,0.394311259817,4.0125181456,6.25008630753,0.0589809572871,5.64847029225,0.0249775490814,-0.00838395724527,0.0249775490814,0.3,918.636478805,918.636478805,-4.06221269655,920,-0,0,0,0,0.00129090989895,-0.172922834754,60,0.5,0.75,True,True,True,True,True,True,True,3.99411069704,0.00511437398808,0.121230551313,0.0194600346107,0.0687169793602,0.00897762358313,0.0950880436388,0.00562249805394,0.0626106060385,0.0030176104383,0.042116890131,0.00228201096293,0.0258304689566,0.00104455148924,0.0166463967426,0.000676982097145,0.0107667112669,0.000897002892096,0.00576641988414,0.000421159012794,0.00327961724081,0.000948027733155,0.00148712054403,0.000667131352705,0.00217094721921,0.000876397330054,0.00210075635672,0.000760487319371,0.00229165702024,0.000709072471164,0.00223773381251,0.00061528571381,0.00160305301891,0.000535511312623,0.00113246167011,0.000590184854938,0.000137042570218,0.000401322179369,0.000481511255751,0.000404556510847,46875,46875,46874,90,82dbbf2e73720d8a07ba9f2c14f9eebdb9c9476651e7d208c15cddb5f502b428,940992
doe_N016_C05,doe,C05,N016,5.65685424949,5.65685424949,230,400,60,0.001,0.0001,0.08,0.1,2e-07,10000,0,1,12,0,0,0,0,False,800,15,6,8,5,1.6e-05,3.16487119491,5.65254542254,0.178895781857,0.372699545535,5.66530618738,8.8767786026,0.0546121761039,5.62296952776,5.68196737035,-0.0338847217368,0.025113120856,0.3,914.489173201,914.489173201,-924.084261352,920,-920,0,0,0,0.00334798327436,-0.172922834754,60,0.5,0.75,True,True,True,True,True,True,True,5.65254542254,0.00607026642041,0.1273944247,0.0117020934067,0.0692534928021,0.0100341220455,0.0806607524281,0.00731718360844,0.0411823430163,0.00254804130568,0.0179671118318,0.000321664435652,0.0085084109618,0.000508590733157,0.0043278800336,0.000982997016347,0.013043425154,0.00219736119822,0.0170753474966,0.00239472257858,0.0158120358006,0.00274262774454,0.0164314787119,0.00294174866377,0.0185325966015,0.0033022260653,0.016386242372,0.00272347147341,0.0108737669627,0.00266724842486,0.00959304795514,0.00235272800234,0.00998305727197,0.00200756969239,0.00688836744244,0.00120962654971,0.00292191838147,0.000977774682463,0.00153869496002,0.000528178759368,46875,46875,46874,90,cd9be7337ccde33dc6ee019aa3d5088beb21fa20523e6954279e571aab366b62,926801
doe_N022_C05,doe,C05,N022,11.313708499,-11.313708499,230,400,60,0.001,0.0001,0.08,0.1,2e-07,10000,0,1,12,0,0,0,0,False,800,15,6,8,5,1.6e-05,1.8731272186,11.309614029,0.211843458696,0.441340538949,11.3163975067,16.8460693359,0.0568030371637,11.3560148105,-11.2630220897,0.0423063114756,0.0506864092515,0.32,1846.88046834,1846.88046834,1831.75663815,1840,1840,0,0,0,0.00248079321077,-0.172922834754,60,0.5,0.75,True,True,True,True,True,True,True,11.309614029,0.00415442432158,0.132499283492,0.0137479496565,0.0783731183769,0.00667141813332,0.104220979093,0.0071679654832,0.070358990135,0.00366993652301,0.0490355998539,0.0012768735568,0.0368376172255,0.00154327937065,0.0256301303843,0.00225363606098,0.0173177460539,0.00121070286598,0.0105676638962,0.000922105159027,0.0077350161314,0.000389296542779,0.00493040916336,0.000420105942667,0.00115488218429,0.000190122272281,0.00183755986603,0.000268275065524,0.00262220499629,0.000488715991192,0.00346640042096,0.000510779158708,0.00463929083387,0.000842261748745,0.0053985848793,0.000725171952822,0.00515574042757,0.000883123284392,0.00457145331347,0.000996451768958,46875,46875,46874,90,87c15d44a1c4d7bbe9367f535d48e7d8531be36a21eb1a2305e9e1c1d2045c29,939555
doe_N024_C05,doe,C05,N024,11.313708499,0,230,400,60,0.001,0.0001,0.08,0.1,2e-07,10000,0,1,12,0,0,0,0,False,800,15,6,8,5,1.6e-05,2.8089281324,7.99410064993,0.224548542088,0.467809462683,8.0042107197,11.9091377258,0.0613934120656,11.3052542487,0.0501674690979,-0.00845425029598,0.0501674690979,0.3,1838.62504673,1838.62504673,-8.15896424664,1840,-0,0,0,0,0.00205183253764,-0.172922834754,60,0.5,0.75,True,True,True,True,True,True,True,7.99410064993,0.00345933091946,0.124516652538,0.0179904940454,0.0745719938051,0.00815477704169,0.110557441025,0.00466619010514,0.0807630797389,0.00250468613167,0.0617928393441,0.00205518010753,0.0462470094138,0.00126144336146,0.0372018864073,0.00108829167845,0.030863604555,0.000618311194689,0.0249950517178,0.000581892722099,0.0205882102594,0.000453018639875,0.0161047796404,0.000439101525138,0.0134836444956,0.000319723795051,0.0118727175538,0.000298122869562,0.00922657824844,0.000273031537059,0.00737067455447,0.000103097434033,0.00648509962957,0.0003222422176,0.00536979538561,0.000185466858865,0.00475092668423,0.000381206855412,0.00384081860698,0.000283545681856,46875,46875,46874,90,03060303610ce9982e01fcb7402880abf1320723af820b0efdd11845225a3a04,953256
doe_N026_C05,doe,C05,N026,11.313708499,11.313708499,230,400,60,0.001,0.0001,0.08,0.1,2e-07,10000,0,1,12,0,0,0,0,False,800,15,6,8,5,1.6e-05,1.88084657824,11.3094645954,0.21271367786,0.443153495543,11.3164844265,16.8645973206,0.0584042555561,11.2550353363,11.3636331536,-0.0586731627106,0.0499246546614,0.32,1830.45771602,1830.45771602,-1848.11947423,1840,-1840,0,0,0,0.00270053372096,-0.172922834754,60,0.5,0.75,True,True,True,True,True,True,True,11.3094645954,0.00459148285816,0.132741118073,0.0134181613428,0.0782408000099,0.00886996098081,0.105261326598,0.00661071919898,0.0696676348047,0.0028553565904,0.0481807258746,0.00122497461366,0.0390672794254,0.00226550543013,0.0274789935073,0.00201133700989,0.0167159479028,0.000982987115514,0.00961503844727,0.000653476860672,0.00798782910052,0.000532332660634,0.00581193560596,0.000350045892949,0.00155881083279,0.000136986109446,0.00301669552042,0.000174210956111,0.00254086784763,0.000357585854542,0.00223211414248,0.000571428623794,0.00594145479703,0.00078763489655,0.00681359961187,0.000751906134377,0.0051971382045,0.000885449012091,0.00449169843763,0.00103860376986,46875,46875,46874,90,0bc2368c09a1ca77f03ae0cea2c26b1b8e6be4d98e459d0916d74961339d11df,932896
doe_N030_C05,doe,C05,N030,22.627416998,-22.627416998,230,400,60,0.001,0.0001,0.08,0.1,2e-07,10000,0,1,12,0,0,0,0,False,800,15,6,8,5,1.6e-05,1.02823917781,22.6231451985,0.232620042185,0.484625087885,22.6266595217,32.8306350708,0.0583773956659,22.7196541954,-22.5262227324,0.0922371973867,0.101194265556,0.64,3695.00095598,3695.00095598,3663.54231518,3680,3680,0,0,0,0.0047324929806,-0.172922834754,60,0.5,0.75,True,True,True,True,True,True,True,22.6231451985,0.00201647232558,0.134255616647,0.0154443081149,0.0815447448481,0.00734979088197,0.112201235106,0.0051166575174,0.08011794223,0.00319751216906,0.0602329019243,0.000625952677996,0.0484484011422,0.00182383626579,0.0372332537575,0.00167263039741,0.0296027690518,0.00111978574835,0.0229940473434,0.00106552031448,0.0205645112689,0.00126056643454,0.0176040391934,0.000895298887138,0.0134620514752,0.00068104973533,0.0111891168667,0.000708801399457,0.0100985211653,0.000857084030195,0.00823026033777,0.000541237806439,0.00640171031338,0.000300476728391,0.00510681716954,0.000435727766336,0.00472759708038,0.000566683945558,0.00424376784466,0.000283750954055,46875,46875,46874,90,c43d915233388a08f2836b1a795781bdc88a0d532672bb1e7088452d3bb0be67,939636
doe_N033_C05,doe,C05,N033,22.627416998,0,230,400,60,0.001,0.0001,0.08,0.1,2e-07,10000,0,1,12,0,0,0,0,False,800,15,6,8,5,1.6e-05,1.44701287367,15.9941220731,0.231437005429,0.482160427977,15.9992493918,23.213602066,0.0619373763984,22.6188754214,0.101766651802,-0.00854157656277,0.101766651802,0.452548339959,3678.61084446,3678.61084446,-16.5507746051,3680,-0,0,0,0,0.00262061604763,-0.172922834754,60,0.5,0.75,True,True,True,True,True,True,True,15.9941220731,0.00261142032269,0.12439205737,0.0175885889795,0.0746390137048,0.00801696766103,0.112039965044,0.00426747945306,0.0834361624903,0.00269064938336,0.0647972284682,0.00188611224495,0.0505849886505,0.00152588650524,0.0411036634942,0.00106553253365,0.0349042395533,0.000690538172449,0.0286216650523,0.000554180667254,0.0242845515972,0.000425702120077,0.0200125368186,0.000226017676694,0.0170620837498,0.000191770639837,0.0148527664239,0.000225820675558,0.0128440112284,2.96427409246e-05,0.011347690432,0.000277852879583,0.0102139432056,0.000184524730159,0.00900515050899,0.000150064784191,0.00840046048256,0.000214704148283,0.00732851228142,0.000193744443608,46875,46875,46874,90,d859884b13d3d27602a8fab212d8a35452bf39d53bf295314db4654a2042ac6b,948794
doe_N036_C05,doe,C05,N036,22.627416998,22.627416998,230,400,60,0.001,0.0001,0.08,0.1,2e-07,10000,0,1,12,0,0,0,0,False,800,15,6,8,5,1.6e-05,1.03140169975,22.6231620807,0.233335678239,0.48611599633,22.6269061354,32.8491249084,0.0615281873496,22.5178928704,22.7279437199,-0.109524127596,0.100526721979,0.64,3662.18759173,3662.18759173,-3696.34911916,3680,-3680,0,0,0,0.00282913505777,-0.172922834754,60,0.5,0.75,True,True,True,True,True,True,True,22.6231620807,0.00403688792923,0.134119638781,0.0144687890843,0.0811797000914,0.00737049428655,0.113879748284,0.00506923583103,0.0800711884638,0.00229273298578,0.0584218982274,0.000410790063761,0.0497310420021,0.00158982859756,0.0399775419212,0.00163136014007,0.0302908567361,0.00113908875763,0.0220828157487,0.00119341698629,0.0194176859165,0.00113633764261,0.0185176813684,0.000894660631674,0.0140080611348,0.000514697675582,0.00948434020928,0.000843247432883,0.00916667344457,0.000965968125783,0.00930758546084,0.000542397832277,0.00704122550605,0.000236507208262,0.00393276766089,0.00068815767991,0.00353104619098,0.000683013222932,0.00434593648938,0.00039961560348,46875,46875,46874,90,6488e17d0e5a348db314919715292043e1364bc483a1926c6f199b344435e5ba,936404
doe_N014_C06,doe,C06,N014,5.65685424949,-5.65685424949,230,400,60,0.001,0.0001,0.08,0.1,2e-07,10000,0,1,12,0,0,0,0,False,800,15,6,8,7,1.6e-05,2.94110014147,5.65289031955,0.166257165185,0.346369094136,5.66504475258,8.82296466827,0.0543018040749,5.67384422529,-5.63185845321,0.016989975795,0.0249957962855,0.3,922.763157232,922.763157232,915.934819677,920,920,0,0,0,0.00373190365803,-0.172922834754,60,0.5,0.75,True,True,True,True,True,True,True,5.65289031955,0.00757561290441,0.127581452006,0.0124899985459,0.0699501672131,0.00688552317203,0.0399454920219,0.00702587624932,0.046342970585,0.0043127927857,0.0217506659599,0.00125079325139,0.00846474390402,0.00073483476565,0.00264353766012,0.000685689398002,0.00964092483166,0.00124010687293,0.0151402587574,0.00249686610701,0.0156529560076,0.00252205088629,0.0155021710747,0.00282675820611,0.0161386789822,0.00291702535753,0.0160975373632,0.00309324915205,0.0132037239242,0.00270110566475,0.0109048583703,0.00241957196301,0.00885411676949,0.00199999863717,0.00721340461222,0.00164254733191,0.00521572420022,0.00116144094095,0.00232336313329,0.000481314272865,46875,46875,46874,90,44af73fa89e2761dfc49442681f19bf6a10320afeced7a470f1d5d6c985537a9,934605
doe_N015_C06,doe,C06,N015,5.65685424949,0,230,400,60,0.001,0.0001,0.08,0.1,2e-07,10000,0,1,12,0,0,0,0,False,800,15,6,8,7,1.6e-05,4.38638226814,3.99426437454,0.175203704267,0.365007717224,4.01204224249,6.18473482132,0.0596222425074,5.64868731939,0.0250470601434,-0.00816693010356,0.0250470601434,0.3,918.671774919,918.671774919,-4.07351759752,920,-0,0,0,0,0.00131492553217,-0.172922834754,60,0.5,0.75,True,True,True,True,True,True,True,3.99426437454,0.00570348599818,0.121928309144,0.0184343291329,0.0692755073214,0.00907669845565,0.0467829343062,0.00499551971607,0.0680746939802,0.00357702868485,0.0460913065216,0.001872059472,0.0296783795953,0.00165348918616,0.0196270843791,0.000714649131631,0.0140845045248,0.000748088281337,0.00762468538192,0.000642561116821,0.005630520537,0.000463959525391,0.00195714184826,0.000896143940246,0.00151148582521,0.000540700701126,0.0019436062911,0.00088053659286,0.00165027153763,0.000587111917005,0.00242386931785,0.000635934156726,0.0016890982244,0.000552201581871,0.00183248320757,0.000521720378529,0.00039528933356,0.000438478431694,0.000679842282135,0.000368063478305,46875,46875,46874,90,9267543dc3dd69d992945eb9b65642f81c1a93b433cf56be2c2c2b069d6a882c,937788
doe_N016_C06,doe,C06,N016,5.65685424949,5.65685424949,230,400,60,0.001,0.0001,0.08,0.1,2e-07,10000,0,1,12,0,0,0,0,False,800,15,6,8,7,1.6e-05,2.93966618654,5.65271555382,0.166170967757,0.346189516161,5.66509588592,8.8398475647,0.0551509702785,5.62308229,5.68219427903,-0.0337719594926,0.0253400295381,0.3,914.507512239,914.507512239,-924.121164546,920,-920,0,0,0,0.00304744727243,-0.172922834754,60,0.5,0.75,True,True,True,True,True,True,True,5.65271555382,0.00636034037608,0.127951709883,0.0118953594576,0.0697405367637,0.00936714706384,0.0396884099385,0.00716912909978,0.0447666132975,0.00297753337986,0.0209107410295,0.000596401154745,0.0111055935398,0.00097103423773,0.00314978155343,0.000632202806974,0.0110242084161,0.00157415337067,0.0154090837233,0.00232557384441,0.0144435056543,0.00228323103965,0.0154122830182,0.00290441181608,0.0176343896553,0.00298699112189,0.0166649596288,0.00279577076523,0.0114617712286,0.00262627670489,0.0106245026749,0.00243055458671,0.010568202306,0.00211391872959,0.00802581984615,0.00143953918405,0.00392211150866,0.00113836864235,0.00264348862627,0.000747408972493,46875,46875,46874,90,fa9da1e3340030bbc2c9fe9c9de72078e88909bb5a54394abd297af686b4ff5a,927319
doe_N022_C06,doe,C06,N022,11.313708499,-11.313708499,230,400,60,0.001,0.0001,0.08,0.1,2e-07,10000,0,1,12,0,0,0,0,False,800,15,6,8,7,1.6e-05,1.7133498415,11.3095971221,0.193772964365,0.403693675761,11.3160575766,16.7780990601,0.0570795242908,11.3556394229,-11.2633666115,0.0419309238732,0.0503418874575,0.32,1846.81941734,1846.81941734,1831.8126693,1840,1840,0,0,0,0.00271167370621,-0.172922834754,60,0.5,0.75,True,True,True,True,True,True,True,11.3095971221,0.00425946537373,0.132919212747,0.0142176085379,0.0781942886048,0.00694784848339,0.0508173336429,0.00693452239944,0.0734042357475,0.00414149311967,0.0511296225025,0.00099351567863,0.0382415384761,0.00176821474592,0.0266085640803,0.00190453838338,0.0181442179383,0.00139745016157,0.0113613096961,0.000704625805598,0.00851957871021,0.000609650260208,0.00566208032922,0.000376111171859,0.00160240484295,0.000145889694001,0.00116831319243,0.000241996660924,0.00174015753762,0.000143238456621,0.00283424670828,0.000570571704766,0.00435881710791,0.000596681395648,0.00501311072532,0.000821775103366,0.00475453157603,0.000593356910067,0.0043169853728,0.0011119224942,46875,46875,46874,90,c83decff5450b518771441bda0ec8ac7f64b445444f47cd998c01d54a5b3fc36,939093
doe_N024_C06,doe,C06,N024,11.313708499,0,230,400,60,0.001,0.0001,0.08,0.1,2e-07,10000,0,1,12,0,0,0,0,False,800,15,6,8,7,1.6e-05,2.56725533144,7.99485429275,0.205248323072,0.427600673066,8.00444984036,11.8339529037,0.0618067125259,11.3063210405,0.0499485089689,-0.00738745847177,0.0499485089689,0.3,1838.79854394,1838.79854394,-8.12335376248,1840,-0,0,0,0,0.00259403613862,-0.172922834754,60,0.5,0.75,True,True,True,True,True,True,True,7.99485429275,0.00352473620834,0.124854121341,0.0173633682717,0.0735749867415,0.00808954753966,0.0537633232564,0.00476521790972,0.0833108853376,0.00303032008361,0.0640061370942,0.00179046097004,0.0473805328438,0.00156678312048,0.0384078236129,0.000842783801429,0.0318160571261,0.000787121820736,0.0258148834607,0.000449356060041,0.0209459788503,0.000629190113408,0.0173025859064,0.000377193230054,0.0144137895705,0.000368155781578,0.0120176369087,0.000370438363098,0.0096411972722,0.000235953167478,0.0082679909746,0.000344239246349,0.007174004421,0.000198594822653,0.005229238349,0.000376212972784,0.00522655320757,0.000170001827343,0.00456081558348,0.000386902439225,46875,46875,46874,90,37b6cefa9e2e043c415a58eee40000792f7bd619a634b4e8f3b85de89b0e9312,950811
doe_N026_C06,doe,C06,N026,11.313708499,11.313708499,230,400,60,0.001,0.0001,0.08,0.1,2e-07,10000,0,1,12,0,0,0,0,False,800,15,6,8,7,1.6e-05,1.71278111043,11.3098876835,0.193713619854,0.403570041363,11.3165716981,16.7981262207,0.0591144377296,11.2550673589,11.3644435663,-0.0586411400449,0.0507350673636,0.32,1830.46292401,1830.46292401,-1848.25127534,1840,-1840,0,0,0,0.00304383272307,-0.172922834754,60,0.5,0.75,True,True,True,True,True,True,True,11.3098876835,0.00458311050473,0.133175856439,0.0134869918345,0.0774287527597,0.00794167407462,0.0514493041109,0.00630225920254,0.0722573454852,0.00306259644532,0.0501229365899,0.00121098755434,0.0399289859718,0.00257589100561,0.0289032930132,0.0016971178953,0.0174354127872,0.00113999719866,0.010388788339,0.000769306038184,0.00818315282247,0.000968505549208,0.00646825508119,0.000179719911953,0.00177210301406,0.000100100549144,0.00211295346753,0.000269776812473,0.00244714974244,0.000219441417482,0.00173578208275,0.000707635140353,0.00542074743211,0.000734226744103,0.00634793911921,0.000733532103576,0.00513481756523,0.000679471100599,0.00427116555065,0.00102597600758,46875,46875,46874,90,5836908dad56cccfeaca46074ebc136a7376ae729ea712ceb1dfc39f9d2987e7,933279
doe_N030_C06,doe,C06,N030,22.627416998,-22.627416998,230,400,60,0.001,0.0001,0.08,0.1,2e-07,10000,0,1,12,0,0,0,0,False,800,15,6,8,7,1.6e-05,0.940886950627,22.6233673464,0.212860311155,0.443458981572,22.6266872586,32.7433509827,0.0585016667207,22.7202848323,-22.5260328802,0.09286783434,0.101384117799,0.64,3695.10351935,3695.10351935,3663.51143864,3680,3680,0,0,0,0.00435838155658,-0.172922834754,60,0.5,0.75,True,True,True,True,True,True,True,22.6233673464,0.00188659765305,0.134293887521,0.0151110229534,0.0812224524819,0.00712572678842,0.0547119487827,0.00550736371301,0.0825422182542,0.00316076738664,0.0615654052767,0.000810940490154,0.0495930754221,0.0015795539448,0.0382237138428,0.00178091549387,0.0299293158842,0.00109689338235,0.0235747193737,0.00103523378987,0.021053993989,0.00120998458225,0.0180547418952,0.0010959654458,0.0136203474691,0.000577587063271,0.0112202892531,0.0009030061989,0.0102723158503,0.000886181390105,0.00852424634654,0.00070718605078,0.00642173943607,0.000376750021962,0.00516307700351,0.000490163950046,0.00486754981183,0.000497139169313,0.00454628401436,0.000428817681481,46875,46875,46874,90,8c95a30e26180eef3d68284107b3851839c2a2aeadee41bd86be9c98377f6247,940195
doe_N033_C06,doe,C06,N033,22.627416998,0,230,400,60,0.001,0.0001,0.08,0.1,2e-07,10000,0,1,12,0,0,0,0,False,800,15,6,8,7,1.6e-05,1.31717849553,15.9944038734,0.210674848308,0.438905933976,15.9992453083,23.1274337769,0.0619313509231,22.6192797553,0.100468323433,-0.00813724269681,0.100468323433,0.452548339959,3678.67660312,3678.67660312,-16.3396215427,3680,-0,0,0,0,0.00271459138825,-0.172922834754,60,0.5,0.75,True,True,True,True,True,True,True,15.9944038734,0.00279835344121,0.124676986916,0.0176500745213,0.0743871562954,0.00725043830807,0.0536764265038,0.00422063338091,0.0853683665941,0.00191243170962,0.065880625821,0.00130496631377,0.0506249342351,0.00054806250077,0.0410200731308,0.000584564325013,0.0344978791783,0.000501262194979,0.0287238269753,0.000393318570544,0.0241890588914,0.000325295523844,0.0202663250013,0.000347808133542,0.0173032646561,0.000122731292799,0.0151733061772,0.000148066546949,0.0130779504135,7.51854443067e-05,0.011510816698,3.32331240629e-05,0.010329844241,0.000144269066599,0.00910628766732,4.73383176846e-05,0.00818694012205,0.00017449984461,0.00735473151088,9.04732995431e-05,46875,46875,46874,90,f8c1d8835619344632cf1d7239b03085d63dab5fcd3a5dc5416443837abfe9f9,948084
doe_N036_C06,doe,C06,N036,22.627416998,22.627416998,230,400,60,0.001,0.0001,0.08,0.1,2e-07,10000,0,1,12,0,0,0,0,False,800,15,6,8,7,1.6e-05,0.939720538014,22.623661149,0.212599190268,0.442914979724,22.62720233,32.77003479,0.061581900788,22.5183740792,22.7284604933,-0.109042918726,0.101043495327,0.64,3662.26585293,3662.26585293,-3696.43316437,3680,-3680,0,0,0,0.00325694266217,-0.172922834754,60,0.5,0.75,True,True,True,True,True,True,True,22.623661149,0.00420283024186,0.133977044525,0.0139576338245,0.080612496439,0.00684296031625,0.055269550148,0.00545858086329,0.0825710922176,0.00252184979237,0.0597957059268,0.000698336466413,0.0505646490298,0.0015567285307,0.0409031462347,0.0018548534044,0.0307181404918,0.00109977150887,0.0225585647184,0.00101433597244,0.019557883372,0.00115305006694,0.018849734114,0.001017572728,0.0142427598726,0.000393873090076,0.00971997485852,0.000798525461616,0.00909285613564,0.00078175025673,0.00947104669389,0.000684973780323,0.00725779677587,0.000187603891591,0.00420614760272,0.000466426106237,0.00361208892604,0.000648306935136,0.00441265102552,0.000476676067503,46875,46875,46874,90,730cce45aaf7d7acca98eb8b2316f3f7d306d7707112535eb1e7ab0b46442415,936290
doe_N014_C07,doe,C07,N014,5.65685424949,-5.65685424949,230,400,60,0.001,0.0001,0.08,0.1,2e-07,10000,0,1,12,0,0,0,0,False,800,15,6,16,3,1.6e-05,3.75391071759,5.65258383851,0.212192950534,0.442068646946,5.66626456087,8.7937297821,0.0530281293171,5.67327737905,-5.63181426213,0.0164231295561,0.0250399873669,0.3,922.670968444,922.670968444,915.92763268,920,920,0,0,0,0.0033918309561,-0.172922834754,60,0.5,0.75,True,True,True,True,True,True,True,5.65258383851,0.00717162714205,0.126458082728,0.014167814916,0.137933273041,0.00680527506043,0.0758217842166,0.00695288367934,0.0385352749093,0.00376851257532,0.0146747335997,0.00110859686555,0.00245792575316,0.00112921651832,0.00779334760673,0.00104420460116,0.0137620411667,0.00242251809699,0.0189843372394,0.0029225070396,0.0191039587467,0.00355349356576,0.0178698737965,0.00323737447036,0.0167081412753,0.0034962576841,0.0155054494328,0.0029765341214,0.0119691532341,0.00283531817563,0.0091286461631,0.00209676946013,0.00659184151622,0.00170092008997,0.00479262124877,0.0010186623582,0.00241648034697,0.000461824076768,0.000462875921261,0.000214571488112,46875,46875,46874,90,1dd1675ea0ca2ce034c64990c927aa57c842a3dda03ae308e280009ad38d13a5,933537
doe_N015_C07,doe,C07,N015,5.65685424949,0,230,400,60,0.001,0.0001,0.08,0.1,2e-07,10000,0,1,12,0,0,0,0,False,800,15,6,16,3,1.6e-05,5.5446598457,3.99382697456,0.221444120565,0.461341917843,4.01388290843,6.13829040527,0.0590313944547,5.64807024248,0.0247050875891,-0.0087840070089,0.0247050875891,0.3,918.571416888,918.571416888,-4.01790104173,920,-0,0,0,0,0.00110374239778,-0.172922834754,60,0.5,0.75,False,True,True,True,True,True,False,3.99382697456,0.00576473085296,0.120423331221,0.0199134588624,0.142960735948,0.00930212916531,0.0897173644195,0.00510671029951,0.058219214627,0.00300115290858,0.0369831105524,0.00202997415664,0.0218297628925,0.000787212882126,0.0122475062584,0.000706262428655,0.00745170832035,0.000709758763004,0.00275168576087,0.000782363324778,0.00185485663721,0.00106325619859,0.00292904599911,0.000707304238193,0.00266867278538,0.00105829544386,0.00282029921309,0.000693255868586,0.00219810096577,0.000842645034215,0.00181294569855,0.000552373476211,0.000760825598614,0.000517898428965,0.000537903455606,0.000523561148367,0.000964116891627,0.000178429955754,0.00139677773516,0.000586113418112,46875,46875,46874,90,9a1ffb1ad10dce735e15b9ce3a03f540d5cc6bebaa62d93c7b8ecfa70129c42a,938108
doe_N016_C07,doe,C07,N016,5.65685424949,5.65685424949,230,400,60,0.001,0.0001,0.08,0.1,2e-07,10000,0,1,12,0,0,0,0,False,800,15,6,16,3,1.6e-05,3.7574260282,5.65246898037,0.212387340704,0.442473626467,5.66638018663,8.78431797028,0.0541069079707,5.62332325134,5.68146519474,-0.0335309981568,0.0246109452427,0.3,914.546700879,914.546700879,-924.002590243,920,-920,0,0,0,0.0025070552119,-0.172922834754,60,0.5,0.75,True,True,True,True,True,True,True,5.65246898037,0.00662350330958,0.126935607604,0.0132134001574,0.137708086109,0.00952947470366,0.0761972753871,0.00709037171606,0.0372771455276,0.00266126324831,0.0140885528272,0.000295741438524,0.00518382827877,0.000217993379544,0.00702926749517,0.00112660961424,0.015187861316,0.00255379072883,0.0195464158646,0.0028212718512,0.0177864479386,0.00322245551222,0.0177215758023,0.00325074866815,0.0184631103251,0.00335777949764,0.0158761601136,0.0028142954484,0.0102854057249,0.00261145708408,0.00872834771228,0.00219740158023,0.00844359642869,0.00170380525289,0.00556129844915,0.000919845188834,0.00149430697122,0.00058366000267,0.000954886123961,0.000100171400093,46875,46875,46874,90,1706816e73fd5372abbd42331de301f3ab5ba55d8474b6db8e8f2ebcf9e04e11,927201
doe_N022_C07,doe,C07,N022,11.313708499,-11.313708499,230,400,60,0.001,0.0001,0.08,0.1,2e-07,10000,0,1,12,0,0,0,0,False,800,15,6,16,3,1.6e-05,2.21871944244,11.3097460131,0.250931533684,0.522774028508,11.3173311654,16.7494831085,0.0568439621163,11.3557028714,-11.2636016469,0.041994372423,0.0501068521078,0.32,1846.82973627,1846.82973627,1831.85089417,1840,1840,0,0,0,0.00300285599277,-0.172922834754,60,0.5,0.75,True,True,True,True,True,True,True,11.3097460131,0.00437254470102,0.132577541077,0.0157035647008,0.158203967281,0.00689197939741,0.102281663266,0.00662195566078,0.0692269788504,0.00388331555443,0.0478668159226,0.00120306097036,0.035416294042,0.00194647408308,0.0243109524508,0.00183993387558,0.0164569779874,0.00136923226112,0.00940996159389,0.000521309786889,0.00692586774283,0.000662722099457,0.00392971871799,0.000287687864051,0.000455900778813,6.10470751271e-05,0.00265687359084,0.000456198313544,0.00327671757733,0.000491088524562,0.00418056506079,0.000765954778417,0.00519986837671,0.000970206605263,0.00615435388318,0.00103717236569,0.00581452774807,0.000955576546538,0.00501178230166,0.00115348066251,46875,46875,46874,90,6436ec0a2ba66445083f88b11b7739a487c5853db1de62cd8fe87d84fa907cd3,940479
doe_N024_C07,doe,C07,N024,11.313708499,0,230,400,60,0.001,0.0001,0.08,0.1,2e-07,10000,0,1,12,0,0,0,0,False,800,15,6,16,3,1.6e-05,3.26988939779,7.99411539662,0.261398731801,0.544580691253,8.00534524873,11.7933111191,0.0616265194437,11.3052742289,0.0503642601351,-0.00843427009698,0.0503642601351,0.3,1838.6282962,1838.6282962,-8.19096927033,1840,-0,0,0,0,0.00183009909047,-0.172922834754,60,0.5,0.75,True,True,True,True,True,True,True,7.99411539662,0.0039843001365,0.124726506563,0.0186676727627,0.156651574788,0.00806944198633,0.108534807297,0.00414488991404,0.0798316588198,0.00296154304413,0.0607167818694,0.00173620345932,0.0456120104484,0.00162826200397,0.0360493053315,0.000849454457893,0.0300559107461,0.000734083248326,0.0235913969885,0.000458531085059,0.019673136069,0.000201364721967,0.0152245252667,0.000287985195704,0.0126008761839,0.000171026159517,0.0105318958575,0.000351744918028,0.00845136900094,2.85744583511e-05,0.00669745530588,0.000188941057052,0.00598799127794,0.000187253473375,0.00439560524929,0.000283709799785,0.00412954741782,0.000303208106865,0.00364877453656,0.000327124973225,46875,46875,46874,90,eecbd6b7517e0522c4e090cb93a8169208a3ca75d801a3b3b49963e6d7df148f,950281
doe_N026_C07,doe,C07,N026,11.313708499,11.313708499,230,400,60,0.001,0.0001,0.08,0.1,2e-07,10000,0,1,12,0,0,0,0,False,800,15,6,16,3,1.6e-05,2.22393215268,11.3095992375,0.251517813783,0.523995445381,11.3174164173,16.750825882,0.0589274189298,11.2548017048,11.3641325412,-0.0589067942147,0.0504240421789,0.32,1830.41971946,1830.41971946,-1848.2006919,1840,-1840,0,0,0,0.00370836053886,-0.172922834754,60,0.5,0.75,True,True,True,True,True,True,True,11.3095992375,0.0045948707837,0.132911699991,0.0146539369811,0.157957453156,0.00812158199201,0.103610030955,0.0061119643736,0.0681765917319,0.00286486570934,0.0466886567805,0.00151231943024,0.0378797379233,0.00221639317939,0.0264668447347,0.00154764167784,0.0157669020929,0.000931894266256,0.00833734917902,0.000873093334155,0.00723467352297,0.000624744672162,0.00487487252041,0.000301598765649,0.00202838440432,0.000366247206586,0.00389487277209,0.000240432114018,0.00307706715263,0.000408571469661,0.00284056930106,0.000981147237323,0.00625593868468,0.000995173870013,0.00744387844714,0.00068402759715,0.00579060907592,0.000919906210623,0.0048242718087,0.00132492921915,46875,46875,46874,90,aa8f3c54c02d80ab15421cf374290b8befccadda09decd13959eea8d51daa21f,934032
doe_N030_C07,doe,C07,N030,22.627416998,-22.627416998,230,400,60,0.001,0.0001,0.08,0.1,2e-07,10000,0,1,12,0,0,0,0,False,800,15,6,16,3,1.6e-05,1.20416102729,22.6236914051,0.272425674833,0.567553489236,22.6276506413,32.7230873108,0.0581250880995,22.7200813485,-22.526889024,0.0926643505583,0.100527973991,0.64,3695.07042585,3695.07042585,3663.65067722,3680,3680,0,0,0,0.00414900880917,-0.172922834754,60,0.5,0.75,True,True,True,True,True,True,True,22.6236914051,0.00208872183855,0.134586654889,0.0170409573546,0.164785645167,0.00744165517952,0.111215537954,0.00537918622484,0.079383414705,0.00322691408726,0.0597073029679,0.000592371237725,0.0481456343563,0.00147448156381,0.037186972851,0.00189098643635,0.0288969699741,0.00124701478933,0.0223992236575,0.00115574897321,0.0200916112469,0.00115922799282,0.0175773715264,0.000914216493139,0.0131471121594,0.000862281646738,0.0108805340971,0.000816294378175,0.00987689870535,0.000877681472619,0.00833754222348,0.000549403395737,0.00612954936559,0.000531401070137,0.00485744990676,0.00056245182859,0.00452448574173,0.00047780370724,0.00425015049815,0.000227932084446,46875,46875,46874,90,3ee792ce84d7e2637ccd5d77e6a0747f8c7d7fc8337743e300287e497841414e,941075
doe_N033_C07,doe,C07,N033,22.627416998,0,230,400,60,0.001,0.0001,0.08,0.1,2e-07,10000,0,1,12,0,0,0,0,False,800,15,6,16,3,1.6e-05,1.68819446652,15.994318445,0.270015198946,0.56253166447,16.0000503958,23.0964241028,0.061866012554,22.6191547355,0.101410506221,-0.00826226249447,0.101410506221,0.452548339959,3678.65627058,3678.65627058,-16.4928530255,3680,-0,0,0,0,0.00263984911864,-0.172922834754,60,0.5,0.75,True,True,True,True,True,True,True,15.994318445,0.00306807452596,0.125644071337,0.0188351744552,0.157898029764,0.00784749876033,0.111436581873,0.00421655395915,0.0827236451944,0.00276520495586,0.0645520268237,0.00156690693211,0.0498765577035,0.00146185162088,0.0409335338952,0.00088834260374,0.0342173000951,0.000648520927745,0.0284936073587,0.000345741620166,0.0241933566127,0.000499801134565,0.0203337883169,0.000315054034475,0.0172276687417,0.000417499312255,0.0154104688322,0.000234924545424,0.0132254342218,0.000195693002549,0.0114905237029,0.000139597522135,0.0104223746833,0.000112733232457,0.00911672005006,0.000117787841443,0.00830034349664,9.80515444839e-05,0.00757190038784,0.000157474521333,46875,46875,46874,90,ae45ab8b64d502dd6ba98a73f3401558d9208485bd3745996723b6d3df87d347,948128
doe_N036_C07,doe,C07,N036,22.627416998,22.627416998,230,400,60,0.001,0.0001,0.08,0.1,2e-07,10000,0,1,12,0,0,0,0,False,800,15,6,16,3,1.6e-05,1.20557544714,22.6238896381,0.272748058664,0.568225122217,22.6280714532,32.7294616699,0.0606761163211,22.5185816741,22.7287096884,-0.10883532389,0.101292690456,0.64,3662.29961502,3662.29961502,-3696.47369211,3680,-3680,0,0,0,0.00395143608148,-0.172922834754,60,0.5,0.75,True,True,True,True,True,True,True,22.6238896381,0.0045254735884,0.134979139527,0.0158949674469,0.163591292065,0.00725106598079,0.113430395923,0.00551531691918,0.0789305430878,0.00270777603658,0.0579557909491,0.000440222558783,0.0489775128572,0.00148284652381,0.0400215739797,0.00181623142936,0.0295467356912,0.00130002155608,0.0217902615322,0.00105966007512,0.0186309605191,0.000950269059794,0.0186865896727,0.000977742428271,0.0137151957549,0.000748157619426,0.00945725366096,0.000761554774951,0.00872362423085,0.000676104725506,0.0093408421965,0.000668510140488,0.00697841318011,0.000470759976702,0.00398578887836,0.000404239163807,0.0031404387978,0.000481661019155,0.00425420357279,0.000297901467676,46875,46875,46874,90,72fc9d57547abfbe438df5bbd6304c610311090e5e860c58b19d403cd2fa2185,936095
doe_N014_C08,doe,C08,N014,5.65685424949,-5.65685424949,230,400,60,0.001,0.0001,0.08,0.1,2e-07,10000,0,1,12,0,0,0,0,False,800,15,6,16,5,1.6e-05,3.16131997773,5.65288449868,0.178705766975,0.372303681198,5.66540973352,8.86388015747,0.0532868592421,5.67349868428,-5.63219486438,0.0166444347877,0.0246593851172,0.3,922.706960323,922.706960323,915.98953176,920,920,0,0,0,0.00285091901712,-0.172922834754,60,0.5,0.75,True,True,True,True,True,True,True,5.65288449868,0.0066316146756,0.126582493939,0.0125574419654,0.069009783602,0.00605121429448,0.0807419245286,0.00739968668377,0.043429560452,0.0043195434535,0.0189906794829,0.00102927384629,0.00567925051638,0.000776735973234,0.00501070762807,0.000440469978811,0.0117453870576,0.00206476410014,0.0169087774166,0.00258985197745,0.0175728959199,0.00321864584892,0.0169165687027,0.00302154984861,0.0167060022987,0.00345031946517,0.0161759909285,0.00297302597547,0.0128101580062,0.00285904943042,0.0100457103169,0.00218308874784,0.00790258830277,0.00203447454955,0.00622009629834,0.00130579016991,0.00393502992606,0.000824104488338,0.00115059418062,0.000319947586914,46875,46875,46874,90,6b21f82d2096299981482b25eeed83449d6adaf93d3f7256df74b326653e5a29,933000
doe_N015_C08,doe,C08,N015,5.65685424949,0,230,400,60,0.001,0.0001,0.08,0.1,2e-07,10000,0,1,12,0,0,0,0,False,800,15,6,16,5,1.6e-05,4.73839064924,3.99420957855,0.189261253181,0.39429427746,4.01261813481,6.24815034866,0.0590886764335,5.64860923342,0.0251802077675,-0.00824501607462,0.0251802077675,0.3,918.659075441,918.659075441,-4.09517200274,920,-0,0,0,0,0.00124990300541,-0.172922834754,60,0.5,0.75,True,True,True,True,True,True,True,3.99420957855,0.00496478655576,0.120308376371,0.0194203933108,0.0680860041639,0.00889211499651,0.095424559298,0.00573911034633,0.0640060892381,0.00296218202785,0.0429061522352,0.00219918040926,0.0261576125818,0.00112473188865,0.0165603792905,0.000815948379684,0.0104196630838,0.000717290382857,0.00544875508902,0.000306643702751,0.00294635429474,0.000983387863603,0.00126544170231,0.000663107724444,0.0022249431699,0.000867587813906,0.00228163928832,0.00071414810042,0.00231181095762,0.000830856981596,0.00221512770721,0.000674139137955,0.00169350122655,0.000546616484523,0.00107152674327,0.00055553176409,0.000303795424802,0.00037823586042,0.000500366530484,0.000389912877617,46875,46875,46874,90,c99e134438947f671f966cf039e2cabb08ecd0ee6de30549b6b935b8b8eb4fd2,940137
doe_N016_C08,doe,C08,N016,5.65685424949,5.65685424949,230,400,60,0.001,0.0001,0.08,0.1,2e-07,10000,0,1,12,0,0,0,0,False,800,15,6,16,5,1.6e-05,3.16235090379,5.65271080914,0.178758551362,0.37241364867,5.66546707497,8.88249397278,0.0545168070335,5.62329905677,5.68197031862,-0.0335551927253,0.0251160691307,0.3,914.542766006,914.542766006,-924.084740844,920,-920,0,0,0,0.00331225873761,-0.172922834754,60,0.5,0.75,True,True,True,True,True,True,True,5.65271080914,0.00622980488337,0.126505989187,0.0121623777414,0.0685233864937,0.0108342678219,0.0813453451832,0.00771738016104,0.0418290590472,0.00245027673663,0.0181205181587,0.000393800412922,0.00861003212084,0.000463344180481,0.00457550673272,0.000918444654899,0.0133628268546,0.00231229975039,0.0175918611962,0.00248805046255,0.0163435350876,0.00287240498995,0.016654898755,0.00308288273634,0.0186915293269,0.00334483507073,0.0166474900356,0.00280321616509,0.0109505481414,0.00273588787002,0.00954288893932,0.0023668650036,0.00989458186013,0.00212144443819,0.00688143340928,0.0012376257071,0.00297656790289,0.000885245552783,0.0013233657175,0.000463681873844,46875,46875,46874,90,9cb65b763c2fab16ef55630119aec81c351021e0722731c6d0cbd9e04c06c812,926364
doe_N022_C08,doe,C08,N022,11.313708499,-11.313708499,230,400,60,0.001,0.0001,0.08,0.1,2e-07,10000,0,1,12,0,0,0,0,False,800,15,6,16,5,1.6e-05,1.8815916898,11.3097121138,0.212802603274,0.44333875682,11.3165132337,16.8434123993,0.0565988875612,11.3558363783,-11.2633989694,0.0421278793,0.0503095295809,0.32,1846.8514491,1846.8514491,1831.81793181,1840,1840,0,0,0,0.00314114248099,-0.172922834754,60,0.5,0.75,True,True,True,True,True,True,True,11.3097121138,0.00385350300118,0.131812447632,0.0142322396518,0.077951790642,0.00687492304847,0.104994521965,0.00726423835152,0.0723954353557,0.00394693331391,0.050392226181,0.00151837577365,0.037366482307,0.00155414695286,0.0257649530772,0.00210536823075,0.0173686249998,0.00128750959481,0.010471626993,0.000847195481262,0.00746882211023,0.000357697326761,0.00454813087422,0.000381617029231,0.000965284195701,0.000228440877869,0.00209592263967,0.000143323055372,0.00271399559369,0.000542423410792,0.00363147973176,0.000483093819048,0.00495823261166,0.000951073153262,0.00560365132474,0.000833725594542,0.00527800422233,0.000953445200665,0.00478804017828,0.00107924711491,46875,46875,46874,90,12fe25871c9a32f6dc28266df470f96a0981864e1edef9fbd1de36ab0514f9af,939245
doe_N024_C08,doe,C08,N024,11.313708499,0,230,400,60,0.001,0.0001,0.08,0.1,2e-07,10000,0,1,12,0,0,0,0,False,800,15,6,16,5,1.6e-05,2.82789543259,7.99415736567,0.226066411018,0.47097168962,8.00430884817,11.9086523056,0.0611657167603,11.3053327277,0.0505558028566,-0.0083757712399,0.0505558028566,0.3,1838.63781013,1838.63781013,-8.22212073649,1840,-0,0,0,0,0.00239530002444,-0.172922834754,60,0.5,0.75,True,True,True,True,True,True,True,7.99415736567,0.0035993551377,0.123682681005,0.0181332754209,0.0739811397021,0.00854254308911,0.111582895824,0.00471411550888,0.0829819044313,0.00268129420672,0.0634348278407,0.00216369693436,0.0475818885309,0.00138409024745,0.0379408545725,0.00133694825846,0.0311394008998,0.000708537710374,0.0249879165378,0.000474244621804,0.020494565227,0.00029282766122,0.0161161122401,0.000398960043486,0.0131245336688,0.000415683206102,0.0115745199239,0.000436364706319,0.00905534765858,0.000363548319235,0.00717380669141,0.000292053426225,0.00623085843886,0.000258933070178,0.00520476316323,0.000177200332714,0.00476230626996,0.000339510672652,0.00383364753811,0.000217819023342,46875,46875,46874,90,ff44ad600466121d91e922ebdeee88cc1e8170ae9bd57a63bd90f3815d013c72,953038
doe_N026_C08,doe,C08,N026,11.313708499,11.313708499,230,400,60,0.001,0.0001,0.08,0.1,2e-07,10000,0,1,12,0,0,0,0,False,800,15,6,16,5,1.6e-05,1.88673555616,11.309988394,0.213389572426,0.444561609222,11.3170201827,16.8673267365,0.0582882512666,11.2553887511,11.3643257171,-0.0583197479159,0.0506172181456,0.32,1830.51519348,1830.51519348,-1848.23210898,1840,-1840,0,0,0,0.00233971272688,-0.172922834754,60,0.5,0.75,True,True,True,True,True,True,True,11.309988394,0.00488366713101,0.131592004964,0.0137100201101,0.0776232814137,0.00971546110015,0.106330037727,0.00698122094217,0.0713930293231,0.00293306053904,0.0489156132551,0.00116612576802,0.0396623036688,0.00222158854331,0.0283293040493,0.00211743122165,0.0170270145011,0.00104284354346,0.00953297510344,0.000780999431556,0.00759987476767,0.000535805681435,0.00578786596094,0.000420573210176,0.00182467026372,0.000215074623783,0.00329201144562,0.000208814566107,0.00300900447938,0.000342804087368,0.00241485115554,0.000691132521917,0.00611103782674,0.000889157640048,0.00707674921709,0.000774342106854,0.00554175456002,0.000959781482339,0.00467570281488,0.00112530860723,46875,46875,46874,90,266ed60f202182291d9ec2e4c411209ab0f54fe29a64b612b1a7be54a7a50130,932884
doe_N030_C08,doe,C08,N030,22.627416998,-22.627416998,230,400,60,0.001,0.0001,0.08,0.1,2e-07,10000,0,1,12,0,0,0,0,False,800,15,6,16,5,1.6e-05,1.0368800742,22.623407609,0.234577605602,0.488703345005,22.6269421464,32.8285064697,0.0582907974209,22.7196317479,-22.526772448,0.0922147499629,0.100644549956,0.64,3694.99730526,3694.99730526,3663.63171793,3680,3680,0,0,0,0.00392261688112,-0.172922834754,60,0.5,0.75,True,True,True,True,True,True,True,22.623407609,0.0016707116338,0.133657859745,0.016293367445,0.0809887047911,0.00795040956618,0.113413221626,0.00545549764474,0.0825969517084,0.00326671971699,0.061723459756,0.000521388197618,0.0496659119175,0.00136829827196,0.0381185347012,0.00168134312134,0.0303354611488,0.00108234535382,0.0234027742356,0.000992214441247,0.0208456176576,0.000981605301797,0.0177533744862,0.000866842082415,0.0137179659674,0.00071417372311,0.0111650373366,0.000646609463636,0.0100028575765,0.000752434522639,0.00816634981657,0.000524923448316,0.00634797235746,0.000440714702811,0.00513513050258,0.000410924837162,0.00485200771516,0.000464318915993,0.00425123256844,0.000337733805453,46875,46875,46874,90,ad91ae3072037fcbd7ea261163e8326ce934900e38d55fa876fd112a4efd726d,939547
doe_N033_C08,doe,C08,N033,22.627416998,0,230,400,60,0.001,0.0001,0.08,0.1,2e-07,10000,0,1,12,0,0,0,0,False,800,15,6,16,5,1.6e-05,1.4621788217,15.9939807833,0.23386059976,0.487209582834,15.9991468401,23.2124614716,0.062595490553,22.6186764104,0.101587588767,-0.00874058759686,0.101587588767,0.452548339959,3678.57847838,3678.57847838,-16.5216527674,3680,-0,0,0,0,0.00277297545823,-0.172922834754,60,0.5,0.75,True,True,True,True,True,True,True,15.9939807833,0.00202304928539,0.124176125208,0.0172874802124,0.074398186427,0.00816095944525,0.113324624709,0.00423379191742,0.0859478892793,0.00256725040012,0.0664888853925,0.00193116794985,0.0517554808773,0.00124918462368,0.041843923478,0.000943105546792,0.0349299302809,0.00058681825482,0.028608249004,0.000365339143498,0.0245583555763,0.000293237188247,0.0204926865512,0.000117893054153,0.0175659582988,6.28464437099e-05,0.015560291861,3.25279647761e-05,0.0136414107851,9.83908179456e-05,0.0116724252609,6.58473500643e-05,0.0107076751525,0.000193760616532,0.00920656916709,8.48124761199e-05,0.00829973748616,9.67841734895e-05,0.00723443033919,7.19083951806e-05,46875,46875,46874,90,7f2df6d3f33605c0c9c904785282813ac9f696a8139503ebd979cb7f5f95266e,948378
doe_N036_C08,doe,C08,N036,22.627416998,22.627416998,230,400,60,0.001,0.0001,0.08,0.1,2e-07,10000,0,1,12,0,0,0,0,False,800,15,6,16,5,1.6e-05,1.03785175106,22.6232739346,0.234796044677,0.489158426411,22.6270318835,32.8510627747,0.061013410772,22.5175849706,22.728471443,-0.109832027373,0.101054445053,0.64,3662.13751659,3662.13751659,-3696.43494517,3680,-3680,0,0,0,0.003837354376,-0.172922834754,60,0.5,0.75,True,True,True,True,True,True,True,22.6232739346,0.0046172149812,0.133168057328,0.0149616587664,0.0804379628671,0.00833965168672,0.11508599191,0.00565686398559,0.081966007964,0.00255241188093,0.0594622467954,0.00040289348409,0.0513400452477,0.00163425215433,0.0410355976852,0.00163442352822,0.0307607885895,0.00107217256296,0.0221559033331,0.000906133040657,0.0196227463855,0.000952912740273,0.018935934778,0.00103460531874,0.0143445873512,0.000677917261458,0.00916588865002,0.00056458307218,0.00898210322099,0.000843023988868,0.00950500187928,0.000582332407789,0.0072856552056,0.000242885822512,0.00372575770633,0.00039747892053,0.00337552882441,0.000494435564181,0.00463271357763,0.000402522164109,46875,46875,46874,90,3c19265e99295c954a0f616bf6b23180386160317f445656f76a0f6685278866,935830
doe_N014_C09,doe,C09,N014,5.65685424949,-5.65685424949,230,400,60,0.001,0.0001,0.08,0.1,2e-07,10000,0,1,12,0,0,0,0,False,800,15,6,16,7,1.6e-05,2.93788869289,5.65279178878,0.166072730795,0.345984855823,5.66493820405,8.83243370056,0.0539737920135,5.67366895651,-5.63183723011,0.0168147070163,0.0250170193793,0.3,922.734652472,922.734652472,915.931368069,920,920,0,0,0,0.00301529797396,-0.172922834754,60,0.5,0.75,True,True,True,True,True,True,True,5.65279178878,0.00695805891772,0.127056844422,0.0128757574191,0.0688106015467,0.00684970502751,0.0398051332214,0.00685408429024,0.0476827136382,0.00463635522819,0.0225466474607,0.00155284821789,0.00877158625256,0.000527674496994,0.00294710989719,0.000654183203343,0.00985597793222,0.00130232957327,0.0156008324347,0.00253889684448,0.016099977961,0.00260770975887,0.016016405272,0.00298134852911,0.0163022897138,0.00308047391846,0.0164132232773,0.00308854381019,0.0132598956007,0.00275643998502,0.0110318620742,0.00243921334079,0.00888118293085,0.00213189105475,0.00724560998197,0.00163895386323,0.00516403508638,0.00109927296825,0.00219192793752,0.000628709116376,46875,46875,46874,90,75631232e7e964b61ed14cf366bb946a3f326a3549de04dcb497f773c1df21b4,934177
doe_N015_C09,doe,C09,N015,5.65685424949,0,230,400,60,0.001,0.0001,0.08,0.1,2e-07,10000,0,1,12,0,0,0,0,False,800,15,6,16,7,1.6e-05,4.38347344386,3.99446623903,0.175096366812,0.364784097525,4.01223914454,6.18131828308,0.0596831669248,5.64897281063,0.0250450453423,-0.00788143886145,0.0250450453423,0.3,918.718205661,918.718205661,-4.07318992124,920,-0,0,0,0,0.00134778698058,-0.172922834754,60,0.5,0.75,True,True,True,True,True,True,True,3.99446623903,0.00548876038989,0.120921409327,0.0182166643128,0.0681188576577,0.00909695869818,0.0463972661285,0.00514862003655,0.0698084183757,0.00381007396521,0.0476042746171,0.00198594045795,0.0304260068877,0.00165670254845,0.0197865573674,0.000662770745546,0.0137533100148,0.000632763833705,0.00714203543566,0.000745166904803,0.00518215571487,0.000404429725577,0.00145919209408,0.000834247361201,0.00113184951204,0.000546673057708,0.00206338314613,0.000825578942445,0.00152693162539,0.000531238574593,0.00240902243245,0.000685202911752,0.00180478365724,0.000528709795622,0.00174004016914,0.000611970987373,0.000414245858551,0.000485655741749,0.000660117140974,0.000450795169715,46875,46875,46874,90,4d880527c82f8ed6bd60f09fe8058a60d0c5c712aa2a166ddd0659ebfe0ca18a,937904
doe_N016_C09,doe,C09,N016,5.65685424949,5.65685424949,230,400,60,0.001,0.0001,0.08,0.1,2e-07,10000,0,1,12,0,0,0,0,False,800,15,6,16,7,1.6e-05,2.93429906596,5.65283110709,0.165870970376,0.345564521616,5.66520126414,8.8297328949,0.0549846334362,5.62358823585,5.68192347751,-0.0332660136458,0.0250692280173,0.3,914.589796519,914.589796519,-924.07712286,920,-920,0,0,0,0.00297244633514,-0.172922834754,60,0.5,0.75,True,True,True,True,True,True,True,5.65283110709,0.00677162032162,0.126926187694,0.0124645741268,0.0689090738922,0.00945358597749,0.0396984314416,0.00756667978644,0.0460899188298,0.00309101601064,0.0216814165247,0.000782156628198,0.0114995672404,0.00103101936155,0.0032857062307,0.000646337321874,0.0115569329198,0.00166797667077,0.0161715338111,0.00242056137988,0.0148896855785,0.00242158968913,0.0158496743942,0.00306482490232,0.0180624413841,0.00290497188632,0.0168371707623,0.0029686537409,0.0115730674074,0.00258610503096,0.010571095563,0.00250128927513,0.0105602977253,0.00206191720534,0.00791647827032,0.00157888403076,0.00387993586478,0.00118618467836,0.00245197568826,0.000823573628027,46875,46875,46874,90,a0c1a1ac01ba67f6b7157065f1b7e4e8500821928b22c929cbf2e1d21f36ebbf,927222
doe_N022_C09,doe,C09,N022,11.313708499,-11.313708499,230,400,60,0.001,0.0001,0.08,0.1,2e-07,10000,0,1,12,0,0,0,0,False,800,15,6,16,7,1.6e-05,1.716902014,11.3095388291,0.19417369993,0.404528541521,11.316007178,16.7791213989,0.0571193474451,11.355603703,-11.2632855594,0.0418952040419,0.0504229396103,0.32,1846.81360806,1846.81360806,1831.79948742,1840,1840,0,0,0,0.00245265141474,-0.172922834754,60,0.5,0.75,True,True,True,True,True,True,True,11.3095388291,0.00376402260397,0.131957925619,0.0141464903405,0.0768360388573,0.00702498574743,0.0503498367331,0.00712497072394,0.075398830397,0.00443178077992,0.0532239693732,0.00141365356949,0.0394813978952,0.00177575862018,0.027319364745,0.0019403970569,0.0184055707839,0.00134931134205,0.01124130962,0.00065940215163,0.00836007373748,0.000689145632079,0.00543523040394,0.000362344426706,0.0014676853657,0.000108953906385,0.00137343393227,0.000223146121575,0.002085055625,0.000286447731924,0.00314642224584,0.000630728247164,0.00470158489291,0.000698198284797,0.00532280520725,0.000829207508236,0.00504159925433,0.000696552831442,0.0045603262787,0.00110182954061,46875,46875,46874,90,56a84be2c00253ae6c6905224f4599d4f0654c75087bf319ce193b9734a6dd69,938969
doe_N024_C09,doe,C09,N024,11.313708499,0,230,400,60,0.001,0.0001,0.08,0.1,2e-07,10000,0,1,12,0,0,0,0,False,800,15,6,16,7,1.6e-05,2.58905706309,7.99466726607,0.206986497523,0.431221869839,8.00430475071,11.8293943405,0.0614466583851,11.3060574728,0.0497374314159,-0.00765102618027,0.0497374314159,0.3,1838.75567873,1838.75567873,-8.08902525758,1840,-0,0,0,0,0.00187494379554,-0.172922834754,60,0.5,0.75,True,True,True,True,True,True,True,7.99466726607,0.00369120089846,0.123994289099,0.0176210401691,0.0723613121312,0.00805020460924,0.0533540765961,0.00516747257635,0.0862938776409,0.00320785975728,0.0664853299533,0.00203794436955,0.0489421613926,0.00148216999846,0.0395283353715,0.000908965276997,0.032754185406,0.000866887973627,0.0260549205803,0.000543155590077,0.0211364984668,0.000496635125856,0.0173458399131,0.000365447809201,0.0143327019654,0.000441697651811,0.0117835887493,0.00040154573739,0.00970694591632,0.000241179600669,0.0080699302248,0.000334946389392,0.00700626643958,0.000249918633998,0.00521551805003,0.000420417650385,0.00522799958305,0.000230732881094,0.0043820024152,0.000359191844183,46875,46875,46874,90,4962f32c8516229e808ca607d69973659396a0ef0ffa63cbe47d065694964734,950867
doe_N026_C09,doe,C09,N026,11.313708499,11.313708499,230,400,60,0.001,0.0001,0.08,0.1,2e-07,10000,0,1,12,0,0,0,0,False,800,15,6,16,7,1.6e-05,1.71507118168,11.3100271647,0.193975016543,0.404114617797,11.3167134095,16.7885322571,0.058656639098,11.2549454107,11.3648419582,-0.0587630882366,0.0511334592011,0.32,1830.44309102,1830.44309102,-1848.31606762,1840,-1840,0,0,0,0.00246706580642,-0.172922834754,60,0.5,0.75,True,True,True,True,True,True,True,11.3100271647,0.00482990541851,0.131614809362,0.013717813571,0.0764849158065,0.0081399782285,0.0510481538859,0.00699329122781,0.0743689196594,0.00283013604148,0.0518586886964,0.00129635229878,0.0415168195976,0.00244852148911,0.0296494306278,0.00204172824138,0.0176711989357,0.00107031226041,0.0102489914265,0.000758103443363,0.00813121667911,0.000692652788022,0.00648806711588,0.000315562569973,0.00179159744472,8.20778957544e-05,0.00259646697317,0.000226396856655,0.002618142387,0.000250341753277,0.001982702608,0.000733332442232,0.00552293431839,0.000713874485118,0.00666229570941,0.000775436317039,0.00560647792524,0.000736857455422,0.00451973432164,0.00102388519899,46875,46875,46874,90,53ccc07229f25dc2d583c2bdb0c9194263752b4c37192ec34da1ecef710a1fe6,932904
doe_N030_C09,doe,C09,N030,22.627416998,-22.627416998,230,400,60,0.001,0.0001,0.08,0.1,2e-07,10000,0,1,12,0,0,0,0,False,800,15,6,16,7,1.6e-05,0.950848681525,22.6232721653,0.215113085101,0.448152260628,22.6266124836,32.7413330078,0.0580101480658,22.7198584336,-22.5262717662,0.0924414356535,0.101145231785,0.64,3695.03417218,3695.03417218,3663.55028977,3680,3680,0,0,0,0.00413399433982,-0.172922834754,60,0.5,0.75,True,True,True,True,True,True,True,22.6232721653,0.00193329792469,0.133678705119,0.015973344165,0.0800613998588,0.00719820642919,0.054502772202,0.00687762606217,0.0854965134912,0.00339167339128,0.0645179886685,0.000354359648064,0.0516815783793,0.00131613525279,0.0395337254626,0.00203417061203,0.0309417686608,0.00127970140175,0.0241543446842,0.00103595669607,0.0215366872203,0.000843996118656,0.0180634928525,0.00109047028609,0.013672275162,0.000778971341514,0.0113899114075,0.000770841555908,0.0101972607276,0.000568348205299,0.00835389219142,0.00052811405239,0.00641613801152,0.000390859324125,0.00525970573215,0.000556662009794,0.00497771239271,0.000353662784694,0.00441539143142,0.000390811651479,46875,46875,46874,90,3d497a11c2fb629fca8a9633155b5171c3d626cd648bf0eaf362a17db4c2c785,939667
doe_N033_C09,doe,C09,N033,22.627416998,0,230,400,60,0.001,0.0001,0.08,0.1,2e-07,10000,0,1,12,0,0,0,0,False,800,15,6,16,7,1.6e-05,1.34121922706,15.9939857822,0.214514412485,0.44690502601,15.9988797329,23.1248435974,0.062179229803,22.6186873407,0.100724315095,-0.0087296573096,0.100724315095,0.452548339959,3678.58025603,3678.58025603,-16.3812546338,3680,-0,0,0,0,0.00189622097509,-0.172922834754,60,0.5,0.75,True,True,True,True,True,True,True,15.9939857822,0.00218465527118,0.124213067536,0.0173120135602,0.074108042837,0.00773744114219,0.0542339705902,0.00491553456253,0.0888262789808,0.00240065320122,0.0694985698653,0.00178009748301,0.0533082698642,0.00078696850936,0.0425724627888,0.00049799006174,0.0356283476463,5.96031814986e-05,0.0293304789313,1.95084679904e-05,0.0247754520145,0.000331613487469,0.0208290147301,0.000232546642956,0.0177313918704,0.000211012760146,0.0158057005668,0.000219702870985,0.0135457171001,0.000233724360388,0.011693658743,9.96595176215e-05,0.0106108972732,8.8260358879e-05,0.00919481941001,0.000172178031423,0.00817462163806,0.000116694269683,0.00744553101567,0.000133397268025,46875,46875,46874,90,df00e856355fbbfa5f3107aabd9ff47a198da1eee5cef123ab26d96d27b2a434,948065
doe_N036_C09,doe,C09,N036,22.627416998,22.627416998,230,400,60,0.001,0.0001,0.08,0.1,2e-07,10000,0,1,12,0,0,0,0,False,800,15,6,16,7,1.6e-05,0.947393056843,22.6234069049,0.214332586238,0.44652622133,22.6269631086,32.7602653503,0.0610600204757,22.5176988484,22.7286233314,-0.10971814959,0.10120633348,0.64,3662.15603705,3662.15603705,-3696.45964748,3680,-3680,0,0,0,0.00385498627086,-0.172922834754,60,0.5,0.75,True,True,True,True,True,True,True,22.6234069049,0.00449867633568,0.132527045422,0.0148243411042,0.0797778631427,0.00723121802849,0.0550999065213,0.00642292485809,0.0851732603324,0.00252157628883,0.0621602139357,0.000274352457267,0.0529453417598,0.00164515113448,0.04262168578,0.00193527981653,0.0317820497683,0.00124023372502,0.0227087478692,0.000757290997468,0.0198308670835,0.000883234279501,0.0195351410141,0.00086574462754,0.0145187114232,0.000642884892854,0.00940070027106,0.000777170212517,0.00910138288698,0.000601155501185,0.00970746646414,0.000526695801142,0.00762413452064,0.000371707456989,0.00397431098238,0.000410027730906,0.00341757537594,0.000494528371486,0.00462840231401,0.000360318444447,46875,46875,46874,90,7820d0795d6b1672acc33731f97bdcee3d075db3889b127052b83c68d084b5bc,936194
doe_N014_C10,doe,C10,N014,5.65685424949,-5.65685424949,230,400,60,0.001,0.0001,0.08,0.1,2e-07,10000,0,1,12,0,0,0,0,False,800,15,12,4,3,1.6e-05,3.39448283666,5.65313130793,0.191894571981,0.399780358294,5.66609639577,8.72809123993,0.0537174121261,5.67400821748,-5.63217701402,0.0171539679898,0.0246772354732,0.3,922.789828031,922.789828031,915.986628675,920,920,0,0,0,0.00287135413348,-0.172922834754,60,0.5,0.75,True,True,True,True,True,True,True,5.65313130793,0.00796346828227,0.0843921733245,0.0133971995976,0.139899619478,0.00685292606745,0.0765258263973,0.00646159295544,0.039518039521,0.0038826230796,0.0161054460168,0.00118902357259,0.00369254362736,0.000608009340202,0.00655230998737,0.00114135855409,0.0127374587558,0.00158783627315,0.0181313745832,0.00316663525495,0.0184854181159,0.00297745860154,0.0174985885324,0.003327325552,0.0163601688256,0.00303351529216,0.0154638306782,0.00311721639803,0.0121103823006,0.00252874948728,0.00966569041412,0.00228401598448,0.00714680289079,0.0017689864797,0.00555818875491,0.00132872593127,0.00311698875842,0.000563784253228,0.000513979085279,0.000157492664794,46875,46875,46874,90,8f900e37280c028c22e9813b223e70ab61bdeb0231d2ac393e7f2100e641b5f7,933675
doe_N015_C10,doe,C10,N015,5.65685424949,0,230,400,60,0.001,0.0001,0.08,0.1,2e-07,10000,0,1,12,0,0,0,0,False,800,15,12,4,3,1.6e-05,5.11816809813,3.99429439145,0.204434701289,0.425905627685,4.01344730741,6.08180141449,0.0591347364696,5.64873037025,0.0249113487003,-0.00812387923778,0.0249113487003,0.3,918.678776477,918.678776477,-4.05144622673,920,-0,0,0,0,0.00136006695633,-0.172922834754,60,0.5,0.75,False,True,True,True,True,True,False,3.99429439145,0.00595248454172,0.0775980767588,0.0194339217264,0.145366836243,0.00917561836798,0.0908588656228,0.00480913067144,0.058937497012,0.00337985920887,0.0388629696508,0.00157867830558,0.0230946500002,0.00138442676151,0.0139554837695,0.000718710288886,0.00886790707789,0.000441384578713,0.00377362809698,0.00112234536332,0.00253946670524,0.000632558330752,0.00221718517275,0.00117549889915,0.00237374789695,0.000750855846996,0.00252923988477,0.0010118500158,0.00218388385215,0.00070824762067,0.00209846642025,0.000741769246471,0.00114203365208,0.000633652131981,0.000889958424887,0.000453578039034,0.000853965203766,0.000482159547535,0.0011497194917,0.00025936221977,46875,46875,46874,90,56894fe373b56de2028eaca27c3e3677aacf17a1e861b9f8a57e5dff79f9290d,937297
doe_N016_C10,doe,C10,N016,5.65685424949,5.65685424949,230,400,60,0.001,0.0001,0.08,0.1,2e-07,10000,0,1,12,0,0,0,0,False,800,15,12,4,3,1.6e-05,3.40960279392,5.65328849202,0.192754682373,0.401572254943,5.66649547434,8.72755718231,0.0544444491942,5.62388144866,5.68254335659,-0.0329728008284,0.0256891070942,0.3,914.637483056,914.637483056,-924.177936621,920,-920,0,0,0,0.00265457134043,-0.172922834754,60,0.5,0.75,True,True,True,True,True,True,True,5.65328849202,0.00643741015516,0.0854675037406,0.0126354423461,0.140204306137,0.00944241298317,0.0774959163414,0.00660441967535,0.0378240453178,0.00285650760403,0.0156475059011,0.000273317776823,0.00662443243931,0.000466801310564,0.00573699405878,0.00118594282748,0.0141740443392,0.00217065747978,0.018468913418,0.00274122459994,0.0169222685117,0.00263425744973,0.0173369091406,0.00329850765015,0.0181468745247,0.00311895064231,0.0157927185444,0.00304901128374,0.0100386135432,0.0024404963778,0.00953489973636,0.00243080647588,0.00900451173038,0.00173509521858,0.00627031279218,0.00120682351295,0.00192816534541,0.000607078503949,0.00117212388871,0.000419522802911,46875,46875,46874,90,1129c13360987686b6cfef824740ea93b7682fa9efe095959c7e3ed2709de131,926841
doe_N022_C10,doe,C10,N022,11.313708499,-11.313708499,230,400,60,0.001,0.0001,0.08,0.1,2e-07,10000,0,1,12,0,0,0,0,False,800,15,12,4,3,1.6e-05,2.04608763093,11.3098799183,0.231410054082,0.482104279337,11.3170493527,16.6755599976,0.0566464221292,11.3560120785,-11.2635588162,0.0423035795096,0.0501496827365,0.32,1846.88002403,1846.88002403,1831.84392843,1840,1840,0,0,0,0.00301092562126,-0.172922834754,60,0.5,0.75,True,True,True,True,True,True,True,11.3098799183,0.00449520361438,0.0884261982344,0.0146350801068,0.159895590542,0.00686267287393,0.101570739871,0.00657308584561,0.0686016259812,0.00371588337133,0.0479976506068,0.00113466483425,0.0357437359841,0.0016550671787,0.0250042212906,0.00196821728223,0.0167498927002,0.00118931867952,0.00990241261926,0.000651361162427,0.00699861834598,0.000565373172733,0.00433708137996,0.000286421903754,0.000512445119212,0.000147331846858,0.00227604746034,0.000239706151131,0.0031266932335,0.000435485759522,0.00374169513743,0.000636561827012,0.00475676772749,0.000834130057152,0.00571198279669,0.000955316720356,0.00549964097555,0.000870186254486,0.00462056519922,0.00112393921618,46875,46875,46874,90,b6959e3250c7c1184b14f4a6b19bb2dc1aa0ad48d5a5f89ad32d964b653d8f69,941460
doe_N024_C10,doe,C10,N024,11.313708499,0,230,400,60,0.001,0.0001,0.08,0.1,2e-07,10000,0,1,12,0,0,0,0,False,800,15,12,4,3,1.6e-05,3.05426497939,7.99429238751,0.244166872742,0.508680984879,8.00497269477,11.7263889313,0.06100268123,11.3055226377,0.0507882131289,-0.00818586129396,0.0507882131289,0.3,1838.66869605,1838.66869605,-8.2599186788,1840,-0,0,0,0,0.0023279649172,-0.172922834754,60,0.5,0.75,True,True,True,True,True,True,True,7.99429238751,0.00371855901486,0.0800484528848,0.0186415961851,0.158615847195,0.00776264681419,0.108134982244,0.00428148912728,0.0786516994031,0.00270687701009,0.0607701439957,0.00200175382132,0.0453975160156,0.00154888224799,0.036445507586,0.00118909637744,0.0299362058243,0.000778312538708,0.0242176517485,0.000547696786295,0.019843409828,0.000466893554657,0.0158915175124,0.000454802846807,0.0129998802943,0.000576168577575,0.0109996847636,0.000434661456482,0.00867192537654,0.000347504771744,0.00690659389549,0.000262189682649,0.00608627941956,0.000215557507639,0.0045781157492,0.000412567266871,0.00433594211242,0.000382326182469,0.0035857340053,0.000482492617283,46875,46875,46874,90,6ae477cb0630a19d792420a744a9fab821f5a6dc19e481e8331e9dd605732021,949701
doe_N026_C10,doe,C10,N026,11.313708499,11.313708499,230,400,60,0.001,0.0001,0.08,0.1,2e-07,10000,0,1,12,0,0,0,0,False,800,15,12,4,3,1.6e-05,2.05478892109,11.3101360033,0.232399421555,0.484165461573,11.3175429269,16.6889533997,0.0589724566485,11.2553159601,11.3646916132,-0.0583925389183,0.0509831142608,0.32,1830.50335514,1830.50335514,-1848.29161634,1840,-1840,0,0,0,0.00376974852299,-0.172922834754,60,0.5,0.75,True,True,True,True,True,True,True,11.3101360033,0.00411252525797,0.0889843608857,0.0136790471049,0.159837277485,0.00779730424826,0.103667888577,0.00585290135315,0.0672892491503,0.00285503890497,0.0468483447801,0.00135013988094,0.0377432826911,0.00212678436952,0.0271621246786,0.00160651015547,0.0158526214217,0.000864400201441,0.00917821770686,0.00100344276867,0.00757190743357,0.000726379278716,0.00561650387891,0.0002193782465,0.00169372073127,0.000191378849334,0.003425196233,6.22472888187e-05,0.00296824907595,0.000393288433493,0.00265516283957,0.000806714668575,0.00603103472264,0.000936949716767,0.00678671373912,0.000686423777787,0.00557656368566,0.000889970926551,0.00445437215286,0.00126691982565,46875,46875,46874,90,ace8d68fb7ca14d919f6dd2fd26bb8451e6f62e741a8ae4713df55b84166a126,934073
doe_N030_C10,doe,C10,N030,22.627416998,-22.627416998,230,400,60,0.001,0.0001,0.08,0.1,2e-07,10000,0,1,12,0,0,0,0,False,800,15,12,4,3,1.6e-05,1.11841396765,22.6233886223,0.253023138309,0.527131538143,22.6271236897,32.6434669495,0.0583501981518,22.7195404449,-22.5268263962,0.0921234469472,0.100590601761,0.64,3694.98245623,3694.98245623,3663.64049178,3680,3680,0,0,0,0.00279110241571,-0.172922834754,60,0.5,0.75,True,True,True,True,True,True,True,22.6233886223,0.001924949537,0.0893180268256,0.0166685308032,0.16636979386,0.00705361770954,0.109786692799,0.00525161957172,0.0786104250164,0.00286823639653,0.05895364717,0.00057310199325,0.0476287002841,0.00136585201525,0.0366328202177,0.00171158579766,0.0292914767646,0.00125369764933,0.0226566159025,0.000875605372965,0.0202371524504,0.00090282386287,0.0174310399877,0.000931547718017,0.0136232098615,0.000669191788269,0.0112720148121,0.000850379042876,0.0100258482438,0.0007189883352,0.00821505100752,0.000541584775051,0.0063324154831,0.000309763503017,0.00503588719344,0.00042706833695,0.00444913050822,0.000549811696601,0.00398922204306,0.000230153399512,46875,46875,46874,90,4887789154baaef22b8b8b9acd204975a26c25ce83f58e0e66d8e559126092e7,940365
doe_N033_C10,doe,C10,N033,22.627416998,0,230,400,60,0.001,0.0001,0.08,0.1,2e-07,10000,0,1,12,0,0,0,0,False,800,15,12,4,3,1.6e-05,1.57390048777,15.9937930371,0.251726386625,0.524429972135,15.9992264867,23.0235805511,0.0619426844886,22.6184112917,0.101499115843,-0.00900570629573,0.101499115843,0.452548339959,3678.53536092,3678.53536092,-16.5072640123,3680,-0,0,0,0,0.00190089533358,-0.172922834754,60,0.5,0.75,True,True,True,True,True,True,True,15.9937930371,0.00230412720059,0.0796804785085,0.018083351808,0.160228382005,0.00724824677307,0.110049038872,0.00383728968923,0.0816445632601,0.00216421802981,0.0635219163225,0.00170477619656,0.0493740398439,0.00108010926036,0.0402648384221,0.000596207681576,0.0340099303691,0.000518731229639,0.0281452867126,0.000492120008867,0.0240852560807,0.000160517620794,0.0201209957642,0.000309146706077,0.0170720052329,0.000185619640644,0.0151364953419,4.12321027181e-05,0.0130543888809,0.000166454105023,0.0113831924107,9.59271511022e-05,0.0103790778076,0.000172315879163,0.00893543217195,0.000100758669342,0.00810964692175,0.000147914975052,0.00749715843146,3.91407326699e-05,46875,46875,46874,90,a248126e4126be0e1e58f6a7d1afa85cf56d13bbca7aae783a2d1d873da05a50,948301
doe_N036_C10,doe,C10,N036,22.627416998,22.627416998,230,400,60,0.001,0.0001,0.08,0.1,2e-07,10000,0,1,12,0,0,0,0,False,800,15,12,4,3,1.6e-05,1.12265486371,22.623191451,0.253980359151,0.529125748231,22.6271549232,32.6621780396,0.0609372444407,22.5174513365,22.7284396334,-0.109965661515,0.101022635432,0.64,3662.11578306,3662.11578306,-3696.42977183,3680,-3680,0,0,0,0.00354444814551,-0.172922834754,60,0.5,0.75,True,True,True,True,True,True,True,22.623191451,0.00445180637057,0.0898007770622,0.0154310916671,0.166313468393,0.00681694703834,0.111637558835,0.00541533275719,0.0783092830884,0.00266660440029,0.0573926008661,0.000403513546198,0.0490599323378,0.00163578915946,0.0393044508903,0.00175292262642,0.0294581023415,0.00123768929966,0.0215093720893,0.000829169726818,0.0191388528526,0.00101475613594,0.0185379475486,0.00102210312551,0.0138792075774,0.00051262505339,0.00925825138694,0.000532659670657,0.00919931317462,0.000577315007693,0.0095481300866,0.000532938026242,0.00707113970625,0.000338998323831,0.00369125751696,0.000372813531479,0.00326343873212,0.00043735909916,0.00437679724093,0.000374578468404,46875,46875,46874,90,0e82e774360e8859cbb9f90964bf9cfe0a521e068883e327a879a878f58abe23,934818
doe_N014_C11,doe,C11,N014,5.65685424949,-5.65685424949,230,400,60,0.001,0.0001,0.08,0.1,2e-07,10000,0,1,12,0,0,0,0,False,800,15,12,4,5,1.6e-05,2.5609144213,5.65286490058,0.144765032456,0.301593817616,5.66443448666,8.84068107605,0.0545437700479,5.67379816355,-5.63185383048,0.0169439140526,0.025000419017,0.3,922.755666001,922.755666001,915.934067862,920,920,0,0,0,0.00264258486763,-0.172922834754,60,0.5,0.75,True,True,True,True,True,True,True,5.65286490058,0.00714781357744,0.0851724309843,0.0117814227435,0.0469899831669,0.00601240594731,0.0827430999193,0.00644471481056,0.0446412734994,0.00387635968105,0.0210678344971,0.0009098043782,0.00816549113431,0.000203560231894,0.00242924885049,0.000775412353642,0.00962370414817,0.00163522464732,0.0150382895249,0.00236635647178,0.0162563387462,0.00234781000276,0.0158916972407,0.00307684542769,0.0161044105455,0.003091870772,0.0159969335409,0.00306181113274,0.013164932607,0.00243081564637,0.0105346345075,0.00248805715264,0.00853746459872,0.00224204570761,0.00723858829724,0.00170726006209,0.00508238261262,0.000858807517598,0.00225294087583,0.00067845241385,46875,46875,46874,90,c3a7d48c6d384bdb8fd8ac0171c801d0b123bce233daa864aa6d54ce0bbd50e4,933014
doe_N015_C11,doe,C11,N015,5.65685424949,0,230,400,60,0.001,0.0001,0.08,0.1,2e-07,10000,0,1,12,0,0,0,0,False,800,15,12,4,5,1.6e-05,4.02552030293,3.99435460846,0.160793555735,0.334986574447,4.0115295326,6.23055887222,0.059662944694,5.64881555994,0.0249047383481,-0.00803868954854,0.0249047383481,0.3,918.692631265,918.692631265,-4.05037115501,920,-0,0,0,0,0.00100438268559,-0.172922834754,60,0.5,0.75,True,True,True,True,True,True,True,3.99435460846,0.00557886496545,0.077833893779,0.0186161014046,0.0445293555067,0.00918791151915,0.0976910796231,0.00471541915838,0.0653652195429,0.00342002858574,0.0448893780869,0.00185991913608,0.028733230349,0.00153270141049,0.0191720847361,0.000817541681097,0.0131738359906,0.000547391872018,0.00761447421321,0.000713144928541,0.00511087824755,0.000570090024101,0.00172965784141,0.000841646832566,0.00155663311897,0.000561428329559,0.00193072833581,0.00089168523589,0.00177731690703,0.000657658683529,0.00239736700312,0.000823739159637,0.00165956880986,0.000576932544158,0.00170638454479,0.000558298664721,0.000284601657558,0.00052581974721,0.000242260478963,0.000455578571466,46875,46875,46874,90,4ce601fe9358f2f74502fd569c2560bd87d42a3cb76f0852af999772537d7109,940218
doe_N016_C11,doe,C11,N016,5.65685424949,5.65685424949,230,400,60,0.001,0.0001,0.08,0.1,2e-07,10000,0,1,12,0,0,0,0,False,800,15,12,4,5,1.6e-05,2.5796315643,5.6531393678,0.145830167505,0.30381284897,5.6649542582,8.84941768646,0.0552481612338,5.62391135419,5.68221704123,-0.0329428953029,0.0253627917418,0.3,914.642346728,914.642346728,-924.124866467,920,-920,0,0,0,0.00281513295009,-0.172922834754,60,0.5,0.75,True,True,True,True,True,True,True,5.6531393678,0.00609277345291,0.0862336190301,0.0118817558673,0.0464254704517,0.0100881270324,0.0838476337391,0.00697078282989,0.0429360876673,0.00276360420453,0.0206718425943,0.000264933598672,0.0107658788775,0.000651295108488,0.00304020385806,0.000691838261271,0.0114999725047,0.00157136423415,0.0153256798178,0.00244552019748,0.0149337533078,0.00232741364658,0.0155350144751,0.00295215725945,0.0180802889007,0.00286938130841,0.0163132738685,0.00282032507852,0.0111631023007,0.00248577775403,0.0102368366357,0.00255966173145,0.0106343284073,0.00191054078181,0.0079669351152,0.00165026798046,0.00377018607938,0.00108501443002,0.00259171281184,0.00086601741733,46875,46875,46874,90,40302a8efff7494867a2416eadfdb342a5bd854cf56281a9f3e5ec53d6d11a54,926091
doe_N022_C11,doe,C11,N022,11.313708499,-11.313708499,230,400,60,0.001,0.0001,0.08,0.1,2e-07,10000,0,1,12,0,0,0,0,False,800,15,12,4,5,1.6e-05,1.59181354685,11.3099571526,0.180033430098,0.375069646038,11.3161912156,16.8372554779,0.0570857414472,11.3562238541,-11.2635004046,0.0425153551436,0.0502080943885,0.32,1846.91446606,1846.91446606,1831.83442868,1840,1840,0,0,0,0.00241479382692,-0.172922834754,60,0.5,0.75,True,True,True,True,True,True,True,11.3099571526,0.00460321310543,0.0887648575752,0.0142061002719,0.0524230473688,0.00731309378953,0.105419974925,0.00604183307672,0.0712948465649,0.00409106834728,0.0500114213169,0.00107624309474,0.0374157087828,0.00209622961597,0.0262816346451,0.00181412172953,0.0180026583918,0.00136749271169,0.0113469918085,0.000575577703318,0.00817928660875,0.000798866403161,0.00537681938657,0.000336358407953,0.00167830363285,0.000130836157938,0.00120127257722,0.000375354937231,0.00223079624469,0.000249251035138,0.00298028356019,0.000552294505942,0.00417746559743,0.000693065808231,0.00502694419138,0.000811670755063,0.00486852587021,0.000720949650401,0.00431056088911,0.00102125604319,46875,46875,46874,90,deeb6348fe96264f0277c238aa51608a0a94e61dda2f4e7452154c8828c8169f,939933
doe_N024_C11,doe,C11,N024,11.313708499,0,230,400,60,0.001,0.0001,0.08,0.1,2e-07,10000,0,1,12,0,0,0,0,False,800,15,12,4,5,1.6e-05,2.45448120454,7.99436848029,0.19622027177,0.408792232854,8.00373607322,11.888882637,0.061613781276,11.3056300907,0.0508237178308,-0.00807840832016,0.0508237178308,0.3,1838.68617162,1838.68617162,-8.26569297035,1840,-0,0,0,0,0.00182996517199,-0.172922834754,60,0.5,0.75,True,True,True,True,True,True,True,7.99436848029,0.003751270978,0.0794463747193,0.0177421634171,0.0480965029322,0.00849724969308,0.111553348327,0.0045587217523,0.0811998170388,0.0030510086714,0.0622591930615,0.00180013947806,0.0468099135722,0.00146148773206,0.0374414905964,0.000869341736544,0.0311045796112,0.000957772275552,0.025204111249,0.00067141694795,0.0211959387208,0.000683918949536,0.0163890518125,0.000416266005414,0.013686497366,0.000411794595771,0.0121122947785,0.000405708214845,0.00996204014855,0.000263278862792,0.007628607237,0.000403158238212,0.00648947867571,0.000253074841847,0.00548672680757,0.000307229932721,0.00537199575789,0.000223352617132,0.00415885392003,0.00028330937043,46875,46875,46874,90,4801658e89dd5444b0f2b64eb65aeab8e7b76906346469ec975cf21aacfd308f,953068
doe_N026_C11,doe,C11,N026,11.313708499,11.313708499,230,400,60,0.001,0.0001,0.08,0.1,2e-07,10000,0,1,12,0,0,0,0,False,800,15,12,4,5,1.6e-05,1.59907939481,11.3098589262,0.18085362367,0.376778382646,11.3163246036,16.8384075165,0.0586663547404,11.2551851323,11.3642696861,-0.0585233666793,0.0505611871154,0.32,1830.48207803,1830.48207803,-1848.2229964,1840,-1840,0,0,0,0.00242860859416,-0.172922834754,60,0.5,0.75,True,True,True,True,True,True,True,11.3098589262,0.00471940736913,0.0889904597193,0.0136943568663,0.0523349881077,0.00921593308845,0.106716087927,0.00637628068332,0.0699514143712,0.00314556667145,0.0485545578012,0.000791136096673,0.0397701275066,0.00219480398135,0.0285553683732,0.00188955795922,0.0173613330117,0.00129583686811,0.0102982966784,0.000658024253149,0.00859187894696,0.000700757638464,0.00636108962765,0.000336896722163,0.00179533166527,0.000192062293476,0.00258517932159,0.000203562768724,0.00227401195917,0.000307075467423,0.0017697110293,0.000653800202142,0.00549109905061,0.000685438447566,0.0064636923648,0.000674922215755,0.00490144782308,0.000861283154813,0.0041609190064,0.00105627267375,46875,46875,46874,90,692f93372fff360c07371c0d833b4c336406d82b413cc87f54bdc579e546c020,932842
doe_N030_C11,doe,C11,N030,22.627416998,-22.627416998,230,400,60,0.001,0.0001,0.08,0.1,2e-07,10000,0,1,12,0,0,0,0,False,800,15,12,4,5,1.6e-05,0.892630739664,22.6233601058,0.201943066649,0.420714722185,22.6265807858,32.812953949,0.0587325490242,22.7201964611,-22.5261074693,0.0927794631798,0.101309528714,0.64,3695.08914714,3695.08914714,3663.52356941,3680,3680,0,0,0,0.00303443207565,-0.172922834754,60,0.5,0.75,True,True,True,True,True,True,True,22.6233601058,0.00181528790078,0.0898336204085,0.014997625453,0.0547433137199,0.00701549558803,0.11289964874,0.00483577000201,0.0802729707358,0.00244951591896,0.0603516780055,0.000755546838264,0.0486298654439,0.00149600076215,0.0377508761576,0.00146936003322,0.0295491113977,0.000777095238331,0.0232522912132,0.00115384714959,0.0209324274937,0.00116296540375,0.0179997759483,0.000683600424801,0.0134925361841,0.000536199511966,0.0111259120644,0.000819631517973,0.0102983320501,0.000712347603385,0.00865119307092,0.000494397129455,0.00635658078559,0.000304123546381,0.00506942544081,0.000540527287631,0.0048881024896,0.000587810326435,0.00457724322893,0.000208518190101,46875,46875,46874,90,e65f12779338ca2e8ce66c2b57d61c1f12186d17771085f274667c4e26879ed6,941190
doe_N033_C11,doe,C11,N033,22.627416998,0,230,400,60,0.001,0.0001,0.08,0.1,2e-07,10000,0,1,12,0,0,0,0,False,800,15,12,4,5,1.6e-05,1.27753329117,15.9943527377,0.204333180932,0.425694126941,15.9991095333,23.1907234192,0.0615430115014,22.6192003621,0.102048881094,-0.00821663587418,0.102048881094,0.452548339959,3678.66369104,3678.66369104,-16.5966748418,3680,-0,0,0,0,0.0016723181872,-0.172922834754,60,0.5,0.75,True,True,True,True,True,True,True,15.9943527377,0.00308881978849,0.0803355458499,0.0180205178039,0.0480429274777,0.00831167818229,0.113662146049,0.00427436954206,0.0834774314865,0.00210512464735,0.0654304638106,0.00141994502865,0.0503071084031,0.000908084910226,0.0411946022254,0.000601404510434,0.0343687615193,0.000675908801186,0.0288173717372,0.000764458111551,0.0242183530673,0.000650449362772,0.0204436962075,0.000746678371002,0.017214687678,0.000606045405086,0.0154397225496,0.000395930340864,0.0132228748996,0.000348893674648,0.011548911913,0.000238102992688,0.0102188442656,0.000111576197119,0.0089869616695,0.000132256422521,0.00815369297255,0.00014608468114,0.00712536428904,0.000221578056545,46875,46875,46874,90,8a7831e80748b8fe196290d4b1a6e14b2737dff3050fd4a2760fb9a36109d413,948089
doe_N036_C11,doe,C11,N036,22.627416998,22.627416998,230,400,60,0.001,0.0001,0.08,0.1,2e-07,10000,0,1,12,0,0,0,0,False,800,15,12,4,5,1.6e-05,0.898668300583,22.624121109,0.203315804692,0.423574593109,22.6275739928,32.8231163025,0.0611955986036,22.5183719243,22.7293782974,-0.109045073632,0.101961299443,0.64,3662.26550247,3662.26550247,-3696.58243104,3680,-3680,0,0,0,0.0036559177565,-0.172922834754,60,0.5,0.75,True,True,True,True,True,True,True,22.624121109,0.0044956216456,0.0896797555336,0.0148827285446,0.0540090151414,0.00798532929178,0.115878284977,0.00522502155627,0.0796695907716,0.00255436230545,0.0582165131619,0.00027572365846,0.0497849873636,0.00145602038406,0.040834283794,0.00177064344889,0.0302706818747,0.00102314899775,0.0220806270375,0.000844307789237,0.0192415896537,0.00106543829443,0.0192815803354,0.000923297977205,0.0142145196098,0.000604639356205,0.00952777251417,0.00072918443452,0.00893768927473,0.000734150651977,0.00976310585716,0.000688916766109,0.00722307152759,0.000268038250777,0.00400931727752,0.000447767712411,0.00355615434287,0.000553081683521,0.00468388149663,0.000319651731706,46875,46875,46874,90,f97232f7b20f0c725436fd659da1190acb35f42126a8da2f5ea12bc0d8fdd911,935737
doe_N014_C12,doe,C12,N014,5.65685424949,-5.65685424949,230,400,60,0.001,0.0001,0.08,0.1,2e-07,10000,0,1,12,0,0,0,0,False,800,15,12,4,7,1.6e-05,2.21105550188,5.65276655661,0.124985805958,0.260387095747,5.6638646363,8.78218173981,0.0546436717563,5.67364406749,-5.6318116519,0.016789817995,0.025042597597,0.3,922.730604657,922.730604657,915.927208167,920,920,0,0,0,0.00256196921375,-0.172922834754,60,0.5,0.75,True,True,True,True,True,True,True,5.65276655661,0.00749923509084,0.0857952952608,0.0123900947794,0.0477406086203,0.00702689412408,0.0270035410289,0.00671017688058,0.0498917760569,0.00446007069929,0.0250206522977,0.00122652563494,0.0116875618059,0.000688858036622,0.000401414121582,0.000233180660696,0.00699231729127,0.000988873943387,0.0129825970277,0.00218923953703,0.0141080495702,0.00215396484703,0.0142438469415,0.00248560239233,0.0151835228586,0.00278579079128,0.0157950150033,0.00284177345947,0.013227778125,0.00252787565954,0.0114404364068,0.00234135284828,0.0096937381747,0.00226642829604,0.0082429880256,0.00182173384173,0.00625189633376,0.0013904554771,0.00352476734398,0.000917579465787,46875,46875,46874,90,1027c700288947850e9b618aadd407b9dcc2c657bf04df757a238b1d95e81182,932903
doe_N015_C12,doe,C12,N015,5.65685424949,0,230,400,60,0.001,0.0001,0.08,0.1,2e-07,10000,0,1,12,0,0,0,0,False,800,15,12,4,7,1.6e-05,3.48880540893,3.99446386858,0.139359071505,0.290331398968,4.01084529526,6.13468933105,0.0602075701819,5.64897067947,0.0247680687193,-0.00788357002382,0.0247680687193,0.3,918.717859061,918.717859061,-4.02814395011,920,-0,0,0,0,0.00200182923634,-0.172922834754,60,0.5,0.75,True,True,True,True,True,True,True,3.99446386858,0.00523999900916,0.0787780507511,0.0181979879939,0.0449764496565,0.0090556857459,0.0312113087319,0.00501372303918,0.0715657149656,0.00348746186096,0.0496906996519,0.00187571957213,0.0330447378194,0.00175602020725,0.0232073395037,0.000683935037328,0.0172995530167,0.000812155955452,0.0104665948654,0.000646963687686,0.0078863300855,0.000468121894128,0.00375581364738,0.000729512863459,0.00219090771761,0.000398741258931,0.00167398746336,0.000711790906489,0.0014774515085,0.00055024116064,0.00194266659396,0.000670189702325,0.00163626817882,0.000542826230282,0.00199552151829,0.000593606485971,0.000828957738193,0.000563213561058,0.00104969644001,0.000497498295739,46875,46875,46874,90,b39afaffa57e8adf4fd294b6549810d93aa7d1f826b2657d591ca5b8da92ca71,936628
doe_N016_C12,doe,C12,N016,5.65685424949,5.65685424949,230,400,60,0.001,0.0001,0.08,0.1,2e-07,10000,0,1,12,0,0,0,0,False,800,15,12,4,7,1.6e-05,2.20622810775,5.65284196755,0.124714588375,0.259822059114,5.66415985199,8.79949378967,0.0555579131066,5.62356613363,5.68196696232,-0.0332881158604,0.0251127128292,0.3,914.586201935,914.586201935,-924.084194993,920,-920,0,0,0,0.00386555386356,-0.172922834754,60,0.5,0.75,True,True,True,True,True,True,True,5.65284196755,0.00614728705147,0.0859721161161,0.0119180343953,0.0475440045216,0.00944933113147,0.0265256352763,0.00740094833419,0.0484074352167,0.00295746219576,0.02411264149,0.000510258382801,0.0144802714771,0.00120403461804,0.00314349630629,0.000450961634955,0.0085084401397,0.00117631677637,0.0135479309925,0.00186221706396,0.012654775946,0.00187568938329,0.0140633867852,0.00261463934247,0.0167934293573,0.00266417266392,0.016270029822,0.00267136290179,0.0114818999808,0.00240824054646,0.011125836524,0.00246047374154,0.0114232984163,0.00219330772494,0.00900986762398,0.00162100347121,0.00501641643246,0.00151857831702,0.00377950490244,0.00114029638151,46875,46875,46874,90,f82705b73047657a9b7c6e260fa79d10593144ce5da1408b09bac738ac93054d,926861
doe_N022_C12,doe,C12,N022,11.313708499,-11.313708499,230,400,60,0.001,0.0001,0.08,0.1,2e-07,10000,0,1,12,0,0,0,0,False,800,15,12,4,7,1.6e-05,1.35367201587,11.3094311074,0.153092604055,0.318942925115,11.3152678401,16.7245922089,0.0570988710563,11.3555829265,-11.2630901775,0.0418744274938,0.0506183214542,0.32,1846.81022908,1846.81022908,1831.76771158,1840,1840,0,0,0,0.0022020827659,-0.172922834754,60,0.5,0.75,True,True,True,True,True,True,True,11.3094311074,0.00404963683745,0.0890033886209,0.0140081047946,0.0527157366914,0.00694974182453,0.033476076752,0.00693529373215,0.0743888384546,0.00385670773077,0.0521715257063,0.00106587693688,0.0393489492859,0.00143773882129,0.0275765783875,0.0019109276775,0.0190221207493,0.00132521177203,0.0121338845255,0.000639471748933,0.00927894482477,0.00060089002935,0.00635554292685,0.000384919680367,0.00246777683025,0.000283535166793,0.000490731075046,0.000146115076046,0.00119542209932,0.000202393282029,0.00209320923238,0.00044008715297,0.0036858445456,0.000497521310013,0.00459166570687,0.000721048779319,0.00434084098424,0.000548791524571,0.00386260457153,0.000895484978383,46875,46875,46874,90,6bd8d18ee8a3c06e53bb7775653ca0d4c07f2d5ba35f105aee8b1c63617fbb7d,939240
doe_N024_C12,doe,C12,N024,11.313708499,0,230,400,60,0.001,0.0001,0.08,0.1,2e-07,10000,0,1,12,0,0,0,0,False,800,15,12,4,7,1.6e-05,2.11630113826,7.99473321768,0.169192630087,0.352484646014,8.00348280278,11.7747936249,0.0612781357268,11.306149226,0.0500811665983,-0.00755927298763,0.0500811665983,0.3,1838.77060097,1838.77060097,-8.14492847763,1840,-0,0,0,0,0.00341248511427,-0.172922834754,60,0.5,0.75,True,True,True,True,True,True,True,7.99473321768,0.00353279490616,0.079850122127,0.0178895562319,0.0478219187856,0.00784329793894,0.0349256708898,0.00494193608751,0.0842911628425,0.0028228721605,0.0646850740753,0.00204831234563,0.0478890625523,0.00132713541406,0.0387338422966,0.00110252178961,0.0324675747956,0.000708899737544,0.0264914385439,0.000565552604218,0.021377832523,0.000624732366534,0.0175714692084,0.000430760675683,0.0148538313738,0.00037588363052,0.0125293381759,0.000450728531876,0.00996648661406,0.000303314754076,0.00864178892245,0.000220587128406,0.00764309524484,0.000248109980643,0.00600519736536,0.000331523654514,0.00568555656448,0.000214086005272,0.00495687324606,0.000346218852459,46875,46875,46874,90,67f6983e8afd04f17aeb711a5ec5623bb612b3b098b8ac704d9ea088e783b93b,950052
doe_N026_C12,doe,C12,N026,11.313708499,11.313708499,230,400,60,0.001,0.0001,0.08,0.1,2e-07,10000,0,1,12,0,0,0,0,False,800,15,12,4,7,1.6e-05,1.35241001234,11.3098439816,0.152955462387,0.318657213307,11.3159009982,16.7492275238,0.0587822609217,11.2547851387,11.3646360811,-0.0589233602442,0.0509275821326,0.32,1830.41702525,1830.41702525,-1848.2825849,1840,-1840,0,0,0,0.0022155444183,-0.172922834754,60,0.5,0.75,True,True,True,True,True,True,True,11.3098439816,0.00449198640797,0.0893668650536,0.0133734313641,0.0520427127046,0.00801127882983,0.0333942718003,0.00662904892802,0.0731642441575,0.00302663510631,0.0510209115568,0.000792316599072,0.0412103586771,0.00228160575488,0.0298203257209,0.00198519759216,0.0182492284368,0.00110133214154,0.0113936810184,0.000608107156131,0.00926905564127,0.000791406166136,0.00747387622446,0.000465589715738,0.00216971217581,0.000254970230407,0.00141699182449,0.000187322600457,0.00211712845025,0.000221413214884,0.0010531933486,0.000524606605963,0.00486845199048,0.000603177059404,0.00579718477305,0.000734618733933,0.00473426932253,0.000625605070546,0.00371739836823,0.000962021030497,46875,46875,46874,90,36f7984c40a6e9f23ae4b65a6a62904ef63fe904c1a71b12e719cbf7e8c338d5,934541
doe_N030_C12,doe,C12,N030,22.627416998,-22.627416998,230,400,60,0.001,0.0001,0.08,0.1,2e-07,10000,0,1,12,0,0,0,0,False,800,15,12,4,7,1.6e-05,0.767412962408,22.6232155646,0.173613488756,0.361694768242,22.626199282,32.6891403198,0.0581447849626,22.7203077801,-22.5257048579,0.0928907821276,0.101712140107,0.64,3695.10725145,3695.10725145,3663.45809088,3680,3680,0,0,0,0.00387910157028,-0.172922834754,60,0.5,0.75,True,True,True,True,True,True,True,22.6232155646,0.00202643589964,0.0895959870944,0.0155452957442,0.0544047409655,0.00685342379511,0.0356440559336,0.00635531164621,0.0830889052315,0.00281908865672,0.0617788238388,0.000209544335449,0.0498988782174,0.0012392631558,0.0381163924664,0.002099087482,0.0302958356343,0.00128330329693,0.0235790824638,0.00102219726122,0.0212452729922,0.000782524989161,0.0181197451572,0.000986526487593,0.0136031669091,0.000815796594303,0.011380925737,0.000779328172063,0.0103321715864,0.000423015207003,0.00864596134068,0.00055842108592,0.0065672776076,0.000498724318098,0.0052556789079,0.000687378416792,0.0050324892818,0.000318364539613,0.00458850364774,0.000235337363233,46875,46875,46874,90,1545457c9874b9fb1fa0fd0d943660a92cf8198051ee43850f3d42bed8031695,939696
doe_N033_C12,doe,C12,N033,22.627416998,0,230,400,60,0.001,0.0001,0.08,0.1,2e-07,10000,0,1,12,0,0,0,0,False,800,15,12,4,7,1.6e-05,1.09649548413,15.9938686208,0.175372047164,0.365358431591,15.9982836298,23.0741729736,0.0616160670313,22.6185160011,0.101984424388,-0.00890099684137,0.101984424388,0.452548339959,3678.5523903,3678.5523903,-16.5861919539,3680,-0,0,0,0,0.00189957346689,-0.172922834754,60,0.5,0.75,True,True,True,True,True,True,True,15.9938686208,0.00311337771417,0.0795399973718,0.0177184073856,0.0481910842053,0.00768891130542,0.0352467170254,0.00435327544745,0.0866201737005,0.00239220425743,0.0665126098856,0.00163946206741,0.0512093296651,0.00107848194986,0.0414571714121,0.000826729539044,0.0348417162572,0.000482236546693,0.0287483653929,0.0006717661992,0.0244013934001,0.000362192208836,0.0202427570549,0.000472457409944,0.0172249059112,0.000332453871775,0.0152104875053,0.000267550452187,0.0130783763041,0.000211194389919,0.0113391014826,0.00017381709095,0.0103716938477,0.000129305806172,0.00903804530226,0.00015286059223,0.00816447540199,2.2227626016e-05,0.00731083668866,8.88425954544e-05,46875,46875,46874,90,858ae17ec95005315acbf3a639cc63a607137169cb553bc96d0cb43f2db85131,948334
doe_N036_C12,doe,C12,N036,22.627416998,22.627416998,230,400,60,0.001,0.0001,0.08,0.1,2e-07,10000,0,1,12,0,0,0,0,False,800,15,12,4,7,1.6e-05,0.768050262888,22.6237526678,0.173761791841,0.362003733001,22.6269621536,32.7194023132,0.0616372096874,22.5182106849,22.7288045683,-0.10920631308,0.101387570299,0.64,3662.23927936,3662.23927936,-3696.48912285,3680,-3680,0,0,0,0.00251476961365,-0.172922834754,60,0.5,0.75,True,True,True,True,True,True,True,22.6237526678,0.00381443634079,0.0892632392663,0.0142517021872,0.0543933283369,0.00647009467976,0.0359444380263,0.00542555695136,0.0832460624574,0.00212706343184,0.0598823213064,0.000677339050929,0.0509642351137,0.00155355706445,0.0413900427261,0.00157670780132,0.0312182711251,0.00111052074014,0.0226385464008,0.00129587323151,0.0196620163812,0.000950723401494,0.0191384381029,0.000868236181679,0.0146114602649,0.000527067669496,0.00984045544109,0.000849843749661,0.00928096426451,0.000858834459399,0.00962148700245,0.000586997543396,0.00764552318833,0.00015967900346,0.00426003768363,0.000668634688581,0.0036997483392,0.000663288873607,0.00473923545878,0.000392368486327,46875,46875,46874,90,edcfe52365eb34bce38ca6afa8e17b1ffcc64b31054d5cc0ea3883bf276954fb,936431
doe_N014_C13,doe,C13,N014,5.65685424949,-5.65685424949,230,400,60,0.001,0.0001,0.08,0.1,2e-07,10000,0,1,12,0,0,0,0,False,800,15,12,8,3,1.6e-05,3.4148490612,5.6531046701,0.193044991756,0.402177066158,5.66610566456,8.74051475525,0.0534166718654,5.67410135959,-5.63202970369,0.0172471101006,0.0248245458008,0.3,922.804976157,922.804976157,915.962670925,920,920,0,0,0,0.00382621037161,-0.172922834754,60,0.5,0.75,True,True,True,True,True,True,True,5.6531046701,0.00768513279888,0.0844365873584,0.0146925476747,0.140530692385,0.00656836762954,0.0774695622482,0.00654103081053,0.0400336344617,0.0040585336767,0.0160363941999,0.000990886453283,0.00358169710834,0.000804469399356,0.00675076588746,0.00117180725918,0.0129923499669,0.00185006539415,0.0184788138378,0.0030435982742,0.0185845386744,0.00307629728194,0.0177095570688,0.00348624528236,0.0164814618789,0.00322252015296,0.0156970528272,0.00318444674708,0.0120763812426,0.00267067464519,0.00955790005663,0.0022765386317,0.00707197740848,0.00176249165992,0.00558484732374,0.0013285983688,0.00311166105516,0.000570658658825,0.000281928960292,0.000112820096769,46875,46875,46874,90,ca923b82884f0efe829becb00d31fb9afe2da21ae4eb10f494c79c0350bceaa7,933295
doe_N015_C13,doe,C13,N015,5.65685424949,0,230,400,60,0.001,0.0001,0.08,0.1,2e-07,10000,0,1,12,0,0,0,0,False,800,15,12,8,3,1.6e-05,5.13404221415,3.9944772045,0.205078145913,0.427246137319,4.01366608648,6.08245325089,0.0593768471699,5.64898855329,0.0249919829318,-0.0078656961978,0.0249919829318,0.3,918.720765962,918.720765962,-4.06456013946,920,-0,0,0,0,0.000956060630483,-0.172922834754,60,0.5,0.75,False,True,True,True,True,True,False,3.9944772045,0.00583459797992,0.0769577393132,0.0196960129285,0.145569148998,0.00951165441434,0.0919110213504,0.00457341217216,0.059884825074,0.00351713592605,0.0388136738506,0.00177497648189,0.0232026944025,0.00130189142141,0.0136099469554,0.000895697266982,0.00854222794995,0.000341563067781,0.00351489926667,0.00100535877825,0.00231980549801,0.000653147125054,0.00235557760945,0.00107924438654,0.00250128833688,0.000708649039579,0.00273808456753,0.000885901289556,0.00217517457559,0.000762683160505,0.00210277824793,0.000624747973982,0.00116419429947,0.000610788238396,0.000847855391607,0.000421644497214,0.000576604212512,0.000405093221437,0.00124093013738,0.000261945843294,46875,46875,46874,90,3a77b57bb94667bc5e05c9afdda04311efcb6bab4e127007039f80f8debec698,936566
doe_N016_C13,doe,C13,N016,5.65685424949,5.65685424949,230,400,60,0.001,0.0001,0.08,0.1,2e-07,10000,0,1,12,0,0,0,0,False,800,15,12,8,3,1.6e-05,3.42092233915,5.65291080444,0.193381688521,0.402878517752,5.66613873162,8.72360229492,0.0543088649059,5.62355657996,5.6821133848,-0.0332976695295,0.0252591353106,0.3,914.584648178,914.584648178,-924.108008349,920,-920,0,0,0,0.00379724992341,-0.172922834754,60,0.5,0.75,True,True,True,True,True,True,True,5.65291080444,0.00679007161754,0.0854679045853,0.0137308666615,0.1401536895,0.00975851279105,0.0782236004955,0.00703334959127,0.0384979382582,0.00279037300662,0.0155738732133,0.000258863736216,0.00638118055527,0.000489983806191,0.0061314242753,0.00128205833448,0.0143816922038,0.00225505374231,0.0189135303708,0.00281209350388,0.0172177503061,0.0027803654534,0.0175164256482,0.003351955062,0.0182276220517,0.0032069491848,0.0159882791044,0.00311002768058,0.0101779038966,0.00251036176497,0.00931338206868,0.00235916600975,0.00883315425181,0.00171515433963,0.00637078019232,0.00108310378251,0.00199785993718,0.000611167464695,0.000795229309224,0.000402949007524,46875,46875,46874,90,635fafd3f70c33e6c653ef7d12088a7105a39fdc067e97237a3555dd75a7befc,925682
doe_N022_C13,doe,C13,N022,11.313708499,-11.313708499,230,400,60,0.001,0.0001,0.08,0.1,2e-07,10000,0,1,12,0,0,0,0,False,800,15,12,8,3,1.6e-05,2.0590400807,11.3095083196,0.232867309231,0.485140227564,11.3167076252,16.6855220795,0.0566641227949,11.3557267649,-11.2631002172,0.0420182659544,0.0506082818029,0.32,1846.83362218,1846.83362218,1831.76934437,1840,1840,0,0,0,0.00222082510036,-0.172922834754,60,0.5,0.75,True,True,True,True,True,True,True,11.3095083196,0.00418026335133,0.0884643829373,0.0155771435158,0.160289249544,0.00665128986824,0.103156165338,0.00681814832807,0.069548146662,0.00395432335808,0.0484717062105,0.00135282445961,0.0358641651726,0.00183823850299,0.0248896332324,0.0020379812576,0.0166323680755,0.00125152242791,0.0100167015787,0.000677558713263,0.00712508555295,0.000563279461594,0.00426702073929,0.000219883912244,0.00058545684493,0.000155826046033,0.00238445374755,0.000316567223303,0.00319839286093,0.000372306661994,0.00385534056601,0.000719942240577,0.00500881487602,0.000910659361687,0.00587748101019,0.000996383725108,0.00571256252266,0.000904023660599,0.00479756833416,0.00109842122426,46875,46875,46874,90,63cb210689a54e7db92436ec6fd39b02cd02a14d58a90bcc118cc21497cf5be9,940483
doe_N024_C13,doe,C13,N024,11.313708499,0,230,400,60,0.001,0.0001,0.08,0.1,2e-07,10000,0,1,12,0,0,0,0,False,800,15,12,8,3,1.6e-05,3.0741282952,7.99446101225,0.245759988027,0.511999975055,8.00519680579,11.7306528091,0.0618153704754,11.3057615409,0.0506925385963,-0.0079469580974,0.0506925385963,0.3,1838.70754997,1838.70754997,-8.24435869332,1840,-0,0,0,0,0.00240620053884,-0.172922834754,60,0.5,0.75,True,True,True,True,True,True,True,7.99446101225,0.00351044395657,0.0800683686446,0.0192249680283,0.158890022163,0.00800392789741,0.109815593665,0.00436871884961,0.0798153621485,0.00278875996157,0.0614155850971,0.00174593997185,0.045670740159,0.00134142112472,0.036585565106,0.000827642548227,0.0301629478349,0.000944773502306,0.0240781348906,0.000604117979681,0.0199460117562,0.000515750188386,0.0156155591062,0.000220005386275,0.0128369829601,0.000148408501729,0.0109829761218,0.00026535858306,0.00879294152519,0.000212433524301,0.00688753607227,0.000440300066134,0.0062659903887,0.00029056081236,0.00466012521435,0.000487285725091,0.00431439786175,0.000295554772567,0.00359217902675,0.000479880533045,46875,46875,46874,90,dd14ca6065d361d8c5ef2a698595536e46898afcc8e9208a4e256621072c7a9a,949607
doe_N026_C13,doe,C13,N026,11.313708499,11.313708499,230,400,60,0.001,0.0001,0.08,0.1,2e-07,10000,0,1,12,0,0,0,0,False,800,15,12,8,3,1.6e-05,2.06400135879,11.3100515833,0.23343961836,0.48633253825,11.3174764743,16.6878223419,0.0584327101246,11.2551395264,11.3646983188,-0.0585689725949,0.0509898198056,0.32,1830.47466093,1830.47466093,-1848.29270689,1840,-1840,0,0,0,0.00335360294228,-0.172922834754,60,0.5,0.75,True,True,True,True,True,True,True,11.3100515833,0.00484407920157,0.0891906822214,0.0153136090757,0.159648333409,0.00852302386409,0.104630990467,0.00665215292639,0.0682161352172,0.00328380939272,0.0478241441233,0.00109332223839,0.0378404003943,0.00227564597767,0.0270561491219,0.00196083003454,0.016048391706,0.00118468092472,0.00945454583673,0.000672930260492,0.00722672522867,0.00060759944612,0.00531737663689,0.000297561367458,0.0015782594467,0.000311057810987,0.00330608320228,0.000350066784085,0.00305022630478,0.000394072552965,0.00276437536762,0.000767324468049,0.00603378988622,0.000902171768281,0.00693502886653,0.000770011099532,0.00566853168227,0.000919265865609,0.00471500265139,0.00112027121884,46875,46875,46874,90,24b0ccbd98aed885ff560cfe1a07967614ab83b495da88a512355ec74123c45b,933570
doe_N030_C13,doe,C13,N030,22.627416998,-22.627416998,230,400,60,0.001,0.0001,0.08,0.1,2e-07,10000,0,1,12,0,0,0,0,False,800,15,12,8,3,1.6e-05,1.12660396923,22.6233364887,0.254875406854,0.530990430946,22.627090955,32.647518158,0.0578195909263,22.7198567795,-22.5264026351,0.0924397815041,0.101014362838,0.64,3695.03390316,3695.03390316,3663.57157358,3680,3680,0,0,0,0.0034169744436,-0.172922834754,60,0.5,0.75,True,True,True,True,True,True,True,22.6233364887,0.00221609359884,0.0892476098222,0.0172688330975,0.166986537277,0.00720300669695,0.111534660578,0.00567139456025,0.079561801278,0.0030276013072,0.0595649856886,0.000459258237882,0.0482745336509,0.00161442580629,0.0371554456852,0.00218648980157,0.0293866421883,0.00122028489136,0.0225618949977,0.00111340198921,0.0204099092856,0.000952232214575,0.0175620802981,0.00103836298189,0.0134338118722,0.000721164915547,0.0109762414907,0.000718890334075,0.0100012821072,0.000670789688057,0.00829869797568,0.000634657940635,0.00638432711074,0.000443138331667,0.00491148403139,0.000563141732967,0.00456851021313,0.000432087309317,0.00428144353972,0.000243809416155,46875,46875,46874,90,9c8d554d84d98732d29c3da2c0d53114faa56c8bd2c30e3bba63fbe5f02ee46f,939945
doe_N033_C13,doe,C13,N033,22.627416998,0,230,400,60,0.001,0.0001,0.08,0.1,2e-07,10000,0,1,12,0,0,0,0,False,800,15,12,8,3,1.6e-05,1.58599758512,15.9941500281,0.253666833206,0.528472569179,15.999616235,23.0246334076,0.0622888126637,22.6189172486,0.101255824318,-0.00849974936603,0.101255824318,0.452548339959,3678.617647,3678.617647,-16.4676964023,3680,-0,0,0,0,0.0023071525527,-0.172922834754,60,0.5,0.75,True,True,True,True,True,True,True,15.9941500281,0.00223321944746,0.079788486475,0.0188846955126,0.160492973407,0.00727289815266,0.111532918556,0.00396126089214,0.0828267231807,0.00214506079389,0.0647135401421,0.0014304209536,0.0500440451242,0.000879889942395,0.0406536444288,0.000581863604319,0.0342842049976,0.00020369834282,0.0284897974506,0.000332525802879,0.0240778610454,0.000261291016471,0.0204059812552,0.000245360414487,0.0173246660257,0.00023088866894,0.0153180332399,0.000217842832414,0.0132539753262,0.000118493789658,0.0115215442263,0.000140543114818,0.0104108351358,0.000105615263887,0.00892707343037,0.000148055973633,0.00828286066579,0.000314930416424,0.00749645478171,0.00015162118438,46875,46875,46874,90,12ceee54807d20d6f3fc0e54a19b5f7ae674c30735d8c882c9df896e3bde4207,947498
doe_N036_C13,doe,C13,N036,22.627416998,22.627416998,230,400,60,0.001,0.0001,0.08,0.1,2e-07,10000,0,1,12,0,0,0,0,False,800,15,12,8,3,1.6e-05,1.12930365161,22.6233520573,0.255486340899,0.532263210207,22.6273326126,32.664352417,0.0610712660458,22.5179842235,22.7282314121,-0.109432774456,0.100814414156,0.64,3662.20244891,3662.20244891,-3696.39590785,3680,-3680,0,0,0,0.00296085209446,-0.172922834754,60,0.5,0.75,True,True,True,True,True,True,True,22.6233520573,0.00455236289072,0.0896636016847,0.0161992564036,0.166346116905,0.00728027100785,0.113389671685,0.0055891060811,0.0794487304185,0.00260491740487,0.0578337604141,0.000589590435219,0.0494860162913,0.00166707919009,0.0397505967856,0.00169225822773,0.0299015687747,0.00157593827775,0.0218220859293,0.000892522888834,0.0191961770151,0.000962763974948,0.0185014067319,0.00105307124786,0.013945177969,0.000791814431618,0.0094245714939,0.000689950697957,0.00914631954929,0.000683728494428,0.00935270721016,0.000599770926956,0.00705695415074,0.000451461326407,0.00385978287705,0.000460585673159,0.00344612482146,0.000473609902438,0.00440043941869,0.000371205126794,46875,46875,46874,90,27c943a326c1662e31127cdbe5a3e1ff600051adaec53abcac45711a9c7123da,933882
doe_N014_C14,doe,C14,N014,5.65685424949,-5.65685424949,230,400,60,0.001,0.0001,0.08,0.1,2e-07,10000,0,1,12,0,0,0,0,False,800,15,12,8,5,1.6e-05,2.58706430732,5.6527314031,0.146239796518,0.304666242747,5.66433345203,8.8364315033,0.0539232420318,5.67346173522,-5.63192476603,0.0166074857324,0.0249294834611,0.3,922.700951129,922.700951129,915.945604434,920,920,0,0,0,0.00300225307855,-0.172922834754,60,0.5,0.75,True,True,True,True,True,True,True,5.6527314031,0.00676648348991,0.0851748529519,0.0125996611026,0.0470204161566,0.00618423781762,0.0839904470465,0.0072137901996,0.0460170981811,0.00457304295112,0.0215032845118,0.00111550249547,0.00794251974015,0.000413633130011,0.00300283942794,0.000447195370175,0.0100061967493,0.00145765616073,0.0152040560834,0.00259235393589,0.0164756168183,0.00268500779285,0.0162847560491,0.00305640258524,0.0163612461645,0.00293664205028,0.0160685752859,0.00314151417916,0.0131369646713,0.00258856607214,0.010668899886,0.00248040034786,0.00862954168024,0.00197745083889,0.00699157707486,0.00174979932211,0.00482623291914,0.000934063375664,0.00218043631119,0.000623126893063,46875,46875,46874,90,806ec36f792329b6fd9b0bf99aaf4fa513482a3d72ca19cc2fe9d272e8999163,932983
doe_N015_C14,doe,C14,N015,5.65685424949,0,230,400,60,0.001,0.0001,0.08,0.1,2e-07,10000,0,1,12,0,0,0,0,False,800,15,12,8,5,1.6e-05,4.06481187726,3.99418358269,0.162356048669,0.338241768059,4.01142567865,6.23157167435,0.0598672491416,5.64857241562,0.0251922575298,-0.00828183386834,0.0251922575298,0.3,918.653087596,918.653087596,-4.09713171052,920,-0,0,0,0,0.0010423199044,-0.172922834754,60,0.5,0.75,True,True,True,True,True,True,True,3.99418358269,0.00545987557263,0.0775034929931,0.0186822269606,0.0443264575915,0.00951400041701,0.09936990636,0.00513230120146,0.0668668130687,0.00345038729535,0.0454640042856,0.0018386675621,0.0287948161624,0.00147564783916,0.0190941589892,0.00067443043844,0.0129803026115,0.000597701438465,0.00706913233098,0.00068374577612,0.00450005639021,0.000456480541564,0.0014525508621,0.000891641720392,0.00163953251467,0.000467366018247,0.00203567406638,0.000759352316417,0.00195123186183,0.000639678658772,0.00245884418134,0.000699333932357,0.00165146762802,0.000563970297912,0.00171119940513,0.000509387882936,0.000473399404898,0.000479581428903,0.000392493272749,0.000356613411239,46875,46875,46874,90,546d3ef979f951fcd29338b24b44699eb6103ef53faa416a4257dc42739fd655,940753
doe_N016_C14,doe,C14,N016,5.65685424949,5.65685424949,230,400,60,0.001,0.0001,0.08,0.1,2e-07,10000,0,1,12,0,0,0,0,False,800,15,12,8,5,1.6e-05,2.59486042311,5.65311626087,0.146690476526,0.305605159429,5.66495696026,8.85886383057,0.0555609216941,5.6236738968,5.68240607667,-0.0331803526914,0.0255518271758,0.3,914.60372795,914.60372795,-924.155610162,920,-920,0,0,0,0.00307464292971,-0.172922834754,60,0.5,0.75,True,True,True,True,True,True,True,5.65311626087,0.00643632656003,0.0857696718986,0.0118256229042,0.0461676800836,0.0110873154879,0.0848458247063,0.00694699296983,0.0440389541347,0.00254966781217,0.0209265814526,0.000563402273318,0.0105939097592,0.000851147807569,0.00303323178005,0.00102289895248,0.0117493551391,0.00147019792369,0.0156978178625,0.00209377917807,0.0153569686984,0.0023998538052,0.0160120721805,0.00318414135974,0.0182724895987,0.00287264559673,0.0165437189628,0.00268165693983,0.011590181026,0.00263632810572,0.0102321344038,0.00275083509011,0.0104170477874,0.00189034193991,0.00769667370906,0.00144443097365,0.00387210857499,0.000979181901858,0.00235861769426,0.000962360460264,46875,46875,46874,90,a84b57c056cd097ad520bcfc1775368a36e804749606e73347fe0addb318caa6,925985
doe_N022_C14,doe,C14,N022,11.313708499,-11.313708499,230,400,60,0.001,0.0001,0.08,0.1,2e-07,10000,0,1,12,0,0,0,0,False,800,15,12,8,5,1.6e-05,1.61530790972,11.3097782492,0.182687742631,0.380599463814,11.3160585684,16.8364524841,0.0576004337321,11.3556034616,-11.2637666042,0.0418949625819,0.0499418947747,0.32,1846.81356879,1846.81356879,1831.87772193,1840,1840,0,0,0,0.00177274648572,-0.172922834754,60,0.5,0.75,True,True,True,True,True,True,True,11.3097782492,0.00454339160661,0.0887396391775,0.0141504956144,0.0523689172379,0.00666705877503,0.107723375738,0.00613084232987,0.0730882594154,0.00403823420782,0.051197059753,0.0013341310506,0.0383333539171,0.00214738213286,0.02700091134,0.00155731453095,0.0179943261511,0.00148958746869,0.0111073452849,0.000770378852559,0.00820998942491,0.000947198423222,0.00524394774338,0.000371383715525,0.00137946016126,0.000211267997091,0.00171296316072,0.000171000168475,0.00247950550081,0.000132380437626,0.0030547349495,0.00079891329554,0.00450179856555,0.000910302365425,0.0054434505454,0.000762040115085,0.00500479644243,0.000623537800989,0.0043175704967,0.00115795065846,46875,46875,46874,90,a24b5d4f0660fbc177bde1a8b4fe2602384e6c2ee3112d0b20d6581f40ffd96d,940395
doe_N024_C14,doe,C14,N024,11.313708499,0,230,400,60,0.001,0.0001,0.08,0.1,2e-07,10000,0,1,12,0,0,0,0,False,800,15,12,8,5,1.6e-05,2.49344944807,7.99432264912,0.199334393971,0.415279987439,8.00376745372,11.8906364441,0.0615509057682,11.3055672359,0.0503856161247,-0.00814126305787,0.0503856161247,0.3,1838.67594927,1838.67594927,-8.19444249228,1840,-0,0,0,0,0.00243836185736,-0.172922834754,60,0.5,0.75,True,True,True,True,True,True,True,7.99432264912,0.00380749881074,0.0791245052489,0.0178052683033,0.0477266143652,0.00881085548774,0.113636692279,0.00446243733837,0.0836535182055,0.0027984679102,0.0637644784279,0.00157590004363,0.0481812330557,0.00130992218951,0.0382583803554,0.000867751236078,0.0316092064256,0.000685360289471,0.0256302945488,0.000437541334882,0.0214259404759,0.000459986417187,0.0166235456141,0.000229565322323,0.0136808977784,0.000295044671318,0.0118743588375,0.000371743725671,0.00985722293408,0.000249442265019,0.00759853494627,0.000242038512782,0.00642639361391,0.000139079607937,0.00527428429042,0.000257666483802,0.00537048105349,0.000288478947556,0.00418476874371,0.000360045948742,46875,46875,46874,90,4ce696719ca54a0a6c4931ae2ae04ffc89335baf6f548dd1259b04bc25fcba2a,952536
doe_N026_C14,doe,C14,N026,11.313708499,11.313708499,230,400,60,0.001,0.0001,0.08,0.1,2e-07,10000,0,1,12,0,0,0,0,False,800,15,12,8,5,1.6e-05,1.61821484871,11.3099424466,0.183019168051,0.381289933439,11.3164426813,16.842924118,0.0585384196789,11.2550878666,11.3645322563,-0.0586206323563,0.0508237573065,0.32,1830.46625927,1830.46625927,-1848.26569939,1840,-1840,0,0,0,0.00257562522131,-0.172922834754,60,0.5,0.75,True,True,True,True,True,True,True,11.3099424466,0.00525532151909,0.0884780065277,0.0136745235638,0.0522688581205,0.0100531608273,0.108475605615,0.00661621444443,0.0719665199199,0.00311752626005,0.0496819968956,0.000877552518893,0.0405345434595,0.0024023715805,0.0289425026072,0.00189870543854,0.0174657220532,0.00119097519573,0.00987516006747,0.000600936097591,0.00833405351315,0.000655382603252,0.00615733118256,0.000319052049903,0.00169389437606,9.84313480526e-05,0.00294232762639,0.000284958352457,0.00258004833907,0.000304091448703,0.0019332205049,0.000718887662104,0.00566348509073,0.000756980898312,0.00677993062561,0.00077238086859,0.00518954963849,0.000821086697982,0.00427214268012,0.00110109832024,46875,46875,46874,90,80c608077abae0b67ea7d15cd3710249f475aa453c54d7fb3e98a776e6be7c4f,932932
doe_N030_C14,doe,C14,N030,22.627416998,-22.627416998,230,400,60,0.001,0.0001,0.08,0.1,2e-07,10000,0,1,12,0,0,0,0,False,800,15,12,8,5,1.6e-05,0.908468487455,22.6232062004,0.205524699182,0.42817645663,22.6264579389,32.8099212646,0.0581978924182,22.7198463947,-22.5261514105,0.0924293967079,0.10126558745,0.64,3695.03221423,3695.03221423,3663.53071578,3680,3680,0,0,0,0.00399323499328,-0.172922834754,60,0.5,0.75,True,True,True,True,True,True,True,22.6232062004,0.00210112177361,0.0897020529282,0.0159682752211,0.0544261825966,0.00774398704796,0.11515351145,0.00582348272222,0.083142353477,0.00307153793447,0.0625227379012,0.000449983288597,0.0499084621083,0.00149860980034,0.0380867396092,0.00195357858075,0.0302162396492,0.00134405845626,0.0238443214438,0.000808041896122,0.0209576228898,0.00091733676002,0.0177638475766,0.00101689387154,0.013570864211,0.000745410824079,0.0113954647121,0.000700307507811,0.0102174001581,0.000623483604082,0.00830547175563,0.000564578907663,0.00631589507427,0.000440143369965,0.0052265440973,0.000380371880047,0.00471454894014,0.000486985249588,0.00439534468527,0.000235757052535,46875,46875,46874,90,ec6379038864103010946fe60693d1c8498d85ccc97a04055bd65c0826f3981a,940553
doe_N033_C14,doe,C14,N033,22.627416998,0,230,400,60,0.001,0.0001,0.08,0.1,2e-07,10000,0,1,12,0,0,0,0,False,800,15,12,8,5,1.6e-05,1.30384902299,15.9944356755,0.208543293289,0.434465194351,15.9992514809,23.1938610077,0.0625298291984,22.6193177625,0.102025080111,-0.00809923546894,0.102025080111,0.452548339959,3678.68278441,3678.68278441,-16.5928039795,3680,-0,0,0,0,0.00212199050602,-0.172922834754,60,0.5,0.75,True,True,True,True,True,True,True,15.9944356755,0.00253026732822,0.0803257005596,0.0176350850903,0.0481718749154,0.00801758797097,0.116076441899,0.0038921943441,0.0863713641994,0.00224631083536,0.0674780325785,0.00119928046542,0.0516561693824,0.00103138967199,0.0424162405027,0.00090274170124,0.0351804016308,0.000561025621881,0.0293899340328,0.000559354671181,0.024705288558,0.000549758350643,0.0209074604254,0.000179418849605,0.0174923007129,0.000182970931764,0.0157301444127,0.000194201901872,0.0135906136317,0.000218129503413,0.0119483140518,0.000175415099832,0.0105027868653,0.00010322595847,0.00947633453119,0.000235830273938,0.00848332645607,0.000148107195211,0.00740037337801,3.77945077797e-05,46875,46875,46874,90,6a09112ebe582b0717b6a6dbcd49f4ed145f5cceb63fd76d6f226db243ccb77b,948244
doe_N036_C14,doe,C14,N036,22.627416998,22.627416998,230,400,60,0.001,0.0001,0.08,0.1,2e-07,10000,0,1,12,0,0,0,0,False,800,15,12,8,5,1.6e-05,0.912133750724,22.6242434992,0.206363360802,0.429923668338,22.6277254505,32.8285865784,0.0618055767647,22.5183967069,22.7295973914,-0.109020291077,0.102180393435,0.64,3662.26953297,3662.26953297,-3696.61806329,3680,-3680,0,0,0,0.00334550704477,-0.172922834754,60,0.5,0.75,True,True,True,True,True,True,True,22.6242434992,0.00410175898592,0.0892977046522,0.0145466788441,0.0539230848034,0.00820844306524,0.117664555028,0.00543473074461,0.0821721505143,0.00206857744166,0.0601578574597,0.000778510223052,0.0510826735426,0.00145267662135,0.0419437839623,0.00139744212779,0.0307170733946,0.00100453228876,0.0224728906382,0.00123666816997,0.0196211377771,0.00131016818126,0.0193761882425,0.000971599815511,0.0141732492385,0.00040512310491,0.00953484590607,0.000885653306309,0.00896795577916,0.00102326272228,0.00976857245736,0.000545744423538,0.00723453458735,0.000228019843423,0.00398660342418,0.000617303252092,0.00322911863263,0.000693997394081,0.00457819225199,0.000449162936982,46875,46875,46874,90,62858470ffb129f6691ba921cf814e03072830783a2eaa43a008d967bce4fdb1,935567
doe_N014_C15,doe,C15,N014,5.65685424949,-5.65685424949,230,400,60,0.001,0.0001,0.08,0.1,2e-07,10000,0,1,12,0,0,0,0,False,800,15,12,8,7,1.6e-05,2.22812559448,5.65288167388,0.125953303402,0.26240271542,5.66399996179,8.79235363007,0.0545106345762,5.67386123128,-5.6318239644,0.017006981792,0.0250302850924,0.3,922.765922995,922.765922995,915.929210606,920,920,0,0,0,0.0030217630656,-0.172922834754,60,0.5,0.75,True,True,True,True,True,True,True,5.65288167388,0.0069444520329,0.085551702567,0.012845128651,0.0473192958541,0.00695153187176,0.0266919784465,0.00703637915017,0.0519157315481,0.00480242954518,0.0259344710645,0.00136161920129,0.0120234881938,0.000720545537727,0.000307128117946,0.000613789256026,0.00734735184341,0.00102094459087,0.0134999951217,0.00216973038445,0.0144078096461,0.00219192261785,0.0147841843438,0.00270391119541,0.015463219186,0.00283836861012,0.0160827557128,0.00285795483794,0.0133754485599,0.00267644421968,0.0115695356332,0.00242591977474,0.00976101191075,0.00229255768394,0.00826677582182,0.00183841883632,0.00616988238592,0.0013417347115,0.00333272526935,0.000956641700155,46875,46875,46874,90,32869e79fd66bf0f73fb0a85e6c05510250ae9044b088c4d24e150564085437a,932585
doe_N015_C15,doe,C15,N015,5.65685424949,0,230,400,60,0.001,0.0001,0.08,0.1,2e-07,10000,0,1,12,0,0,0,0,False,800,15,12,8,7,1.6e-05,3.52984344705,3.99442441396,0.140996928423,0.293743600882,4.01086560774,6.13183164597,0.0603797269104,5.64891587924,0.0245394978343,-0.00793837025105,0.0245394978343,0.3,918.70894665,918.70894665,-3.99097042488,920,-0,0,0,0,0.00149744296024,-0.172922834754,60,0.5,0.75,True,True,True,True,True,True,True,3.99442441396,0.00521919390564,0.0781964107196,0.0180944337938,0.0442000994753,0.00911796381964,0.0310360839162,0.00531672073972,0.0745598185659,0.00379444902895,0.0514217488282,0.00187865534986,0.0336925701716,0.00161923617794,0.0234665758538,0.000944536846923,0.0168986747633,0.000623442082589,0.00999880778497,0.00070210946537,0.0071482983048,0.000359392842953,0.00323555927737,0.000742092232841,0.00170799276387,0.000370474919688,0.00173255565315,0.000724922387774,0.00136566487453,0.000421056629521,0.00206241361887,0.000646498582085,0.00175445824713,0.0005479077608,0.00187991560309,0.00061648159985,0.00102172588347,0.000436514344125,0.0010538235952,0.000487955773624,46875,46875,46874,90,f33432b9ae8b9eedbdf0406336adb0e780e4c374c18cfcc8da2968361e1a0d1d,936019
doe_N016_C15,doe,C15,N016,5.65685424949,5.65685424949,230,400,60,0.001,0.0001,0.08,0.1,2e-07,10000,0,1,12,0,0,0,0,False,800,15,12,8,7,1.6e-05,2.22620222726,5.65282228432,0.125843255596,0.262173449159,5.66416562841,8.78792858124,0.0555877426337,5.62343124942,5.68206129316,-0.0334230000738,0.0252070436631,0.3,914.5642651,914.5642651,-924.099536447,920,-920,0,0,0,0.003332245317,-0.172922834754,60,0.5,0.75,True,True,True,True,True,True,True,5.65282228432,0.00665800766386,0.0858092437689,0.0122558204815,0.0469132642204,0.0097802655783,0.0265094181715,0.00776819858376,0.050350728471,0.00308842214775,0.0251850535685,0.0007439508163,0.0147678106503,0.00132586935776,0.00317790105227,0.00049841433074,0.00905073702987,0.00123870128085,0.0141570988193,0.00202772980658,0.0131950075017,0.00196372220727,0.0145703567064,0.00281146373514,0.0172774533175,0.00273576974269,0.0166285343635,0.00278538009043,0.011641686672,0.00242256113869,0.0111610178876,0.00256008576562,0.0113868009101,0.0020732277037,0.00911758363224,0.00168611416006,0.00499004162755,0.0013944266241,0.00350853075469,0.00117379879761,46875,46875,46874,90,dd4d96a73340e6c85dd83adf9e139f25f60d35f89c759939e03d4b86ca5d0205,926638
doe_N022_C15,doe,C15,N022,11.313708499,-11.313708499,230,400,60,0.001,0.0001,0.08,0.1,2e-07,10000,0,1,12,0,0,0,0,False,800,15,12,8,7,1.6e-05,1.37798513432,11.3095755947,0.155844270449,0.324675563436,11.3154496767,16.7225952148,0.0569428598184,11.35560799,-11.2633550704,0.0418994909659,0.0503534286257,0.32,1846.81430526,1846.81430526,1831.81079231,1840,1840,0,0,0,0.00253839596364,-0.172922834754,60,0.5,0.75,True,True,True,True,True,True,True,11.3095755947,0.00388716259072,0.0887045914415,0.0139696702369,0.0523314595899,0.0069513702831,0.0330835756385,0.00752869894054,0.0777692314744,0.00438190450475,0.0547031878262,0.0013882617424,0.0406870048587,0.00146812981749,0.028318244226,0.00207692650519,0.0193883511265,0.00120696305241,0.0121675863651,0.00082183724829,0.00925156265501,0.00054368375307,0.00621499331669,0.000455013566316,0.00205539147402,0.000232077187179,0.000774328788057,0.000132359155067,0.00136164427864,0.000166810557405,0.00246933749015,0.00041426819031,0.00414474088719,0.000690831325172,0.00487574088432,0.000737612224585,0.00460065330279,0.000680197383412,0.00409381357989,0.000948465982075,46875,46875,46874,90,8ae17fb1260b3705d2fcbb4c71f40880063a2903a28f496063f07d79341d9555,938441
doe_N024_C15,doe,C15,N024,11.313708499,0,230,400,60,0.001,0.0001,0.08,0.1,2e-07,10000,0,1,12,0,0,0,0,False,800,15,12,8,7,1.6e-05,2.17309007488,7.99425906248,0.173722450247,0.361921771348,8.00310978827,11.7719745636,0.061749384953,11.3054794135,0.0499114042337,-0.00822908553398,0.0499114042337,0.3,1838.6616663,1838.6616663,-8.1173192502,1840,-0,0,0,0,0.00185783754207,-0.172922834754,60,0.5,0.75,True,True,True,True,True,True,True,7.99425906248,0.00313138316003,0.0796751943214,0.017812222638,0.0471894136188,0.00770007743233,0.0348116547869,0.00558904722308,0.088943387994,0.0028449324584,0.0680055336257,0.00208103040592,0.0497366928983,0.001157202,0.0401519558655,0.000978535718698,0.0335599543911,0.000621962957899,0.0268275580655,0.000495476117066,0.0215753446471,0.000447695320986,0.0177495502392,0.000432590659254,0.0150741801721,0.000355783977257,0.0125962970321,0.000214083210545,0.0101598533925,0.000116196370057,0.00858114683627,0.000117015999135,0.00753105567949,0.00017146955674,0.00596087411149,0.000254591628395,0.00572370089466,0.000330255140052,0.0047885751817,0.00028980672738,46875,46875,46874,90,ef44711d2af1d9755f469f4be07451d7912f7996b6ddcb4a88b8ccef3a894b2d,949609
doe_N026_C15,doe,C15,N026,11.313708499,11.313708499,230,400,60,0.001,0.0001,0.08,0.1,2e-07,10000,0,1,12,0,0,0,0,False,800,15,12,8,7,1.6e-05,1.37289123376,11.3100218758,0.155274298869,0.323488122644,11.3161101366,16.7383174896,0.0586780611859,11.2550426232,11.364735158,-0.0586658757658,0.0510266589945,0.32,1830.45890113,1830.45890113,-1848.29869822,1840,-1840,0,0,0,0.0024531573171,-0.172922834754,60,0.5,0.75,True,True,True,True,True,True,True,11.3100218758,0.00491602208897,0.0883391003243,0.0133164345224,0.0520902918124,0.00831718722348,0.03367383162,0.00756165898677,0.0765504870487,0.00277525918771,0.0527973187501,0.00130241516331,0.042341685729,0.00244605101588,0.030740681381,0.00220255985227,0.0187433838855,0.000939486379114,0.01103334198,0.000822634582705,0.00873170437537,0.000740571047191,0.00716832029103,0.0005100539321,0.00215238435614,0.000100708848578,0.00185549171043,0.000159445049572,0.0023715704161,0.000100000766471,0.00146800381419,0.000565065948879,0.00497963436071,0.000708401568093,0.00598717568307,0.000650539754519,0.00514368424244,0.000702681866005,0.00411528947255,0.000918129803607,46875,46875,46874,90,dac8d35a3c3d4b4ad4658a1ed3ff6576be4b524d6ca06155641e892342859337,934080
doe_N030_C15,doe,C15,N030,22.627416998,-22.627416998,230,400,60,0.001,0.0001,0.08,0.1,2e-07,10000,0,1,12,0,0,0,0,False,800,15,12,8,7,1.6e-05,0.787175249642,22.6232182299,0.178084374578,0.371009113705,22.6262377147,32.6876182556,0.0584655034755,22.7199661001,-22.526054838,0.0925491021657,0.101362159961,0.64,3695.05168248,3695.05168248,3663.51500975,3680,3680,0,0,0,0.00427475381857,-0.172922834754,60,0.5,0.75,True,True,True,True,True,True,True,22.6232182299,0.00156100299851,0.0893571535091,0.0157887214834,0.0544547844949,0.0076450064418,0.0355273108525,0.00607975252999,0.0869757036651,0.00366748088011,0.0651390740759,0.000906273731888,0.0521642328309,0.00147913920201,0.0398028122238,0.00170814827739,0.0314028900727,0.00106730647495,0.0243998632878,0.00103842872067,0.0215621327159,0.00111150909237,0.018383633841,0.000866656280515,0.0140643889541,0.000595154151246,0.0114166036143,0.000660208189301,0.0105261092425,0.000777511709599,0.0085774132267,0.000683322993668,0.00665525667001,0.000333156723255,0.00537258011141,0.000494939918678,0.00501818169577,0.000495996348338,0.00447971179833,0.000331673760562,46875,46875,46874,90,0717204e27f230d3ff6bed6cf55e211618970e5878a2efa1f9fdaa29f1956277,939135
doe_N033_C15,doe,C15,N033,22.627416998,0,230,400,60,0.001,0.0001,0.08,0.1,2e-07,10000,0,1,12,0,0,0,0,False,800,15,12,8,7,1.6e-05,1.12352315201,15.9936821742,0.179692722086,0.374359837679,15.9981485072,23.0690078735,0.0624476228244,22.6182612196,0.0999918791165,-0.00915577832267,0.0999918791165,0.452548339959,3678.51095402,3678.51095402,-16.262135231,3680,-0,0,0,0,0.00201725685437,-0.172922834754,60,0.5,0.75,True,True,True,True,True,True,True,15.9936821742,0.00214308174723,0.0794157261151,0.0171875438011,0.0481354482018,0.00756327900592,0.0350908993453,0.00500824782579,0.0906222272318,0.00254796643827,0.0694160351765,0.00163380197221,0.0531856722926,0.00103355242978,0.042426372712,0.000735477909163,0.0357132566933,0.000324140633617,0.0293094959783,0.000200271584321,0.0248999709453,0.000133256208957,0.0207395097672,0.000227375597904,0.0179175016621,8.2848392556e-05,0.0157737161681,0.000107557524994,0.0134207221083,9.56214680814e-05,0.0115856268097,5.74168264737e-05,0.0105403112002,0.00012692938104,0.00914007583408,7.51181701262e-05,0.00810633853949,0.000115999236605,0.00721341265769,4.55961969771e-05,46875,46875,46874,90,e7da5246daddd7914ffcef473f3e0f24ad1e9bb622b177dad71eea91f8588419,947362
doe_N036_C15,doe,C15,N036,22.627416998,22.627416998,230,400,60,0.001,0.0001,0.08,0.1,2e-07,10000,0,1,12,0,0,0,0,False,800,15,12,8,7,1.6e-05,0.785694060708,22.6234552074,0.177751143892,0.370314883107,22.6266950543,32.7058868408,0.061369357606,22.5177352145,22.7286834606,-0.109681783474,0.101266462628,0.64,3662.16195144,3662.16195144,-3696.46942656,3680,-3680,0,0,0,0.00384494494792,-0.172922834754,60,0.5,0.75,True,True,True,True,True,True,True,22.6234552074,0.00447079296578,0.0890674053277,0.0145712662279,0.0540888423612,0.00735858695679,0.0358171837857,0.00660960519921,0.0868704172895,0.00255646731955,0.0627367407041,0.000433840301081,0.0533752482659,0.00179729931183,0.0427236533361,0.00173652189225,0.0318891380676,0.00116731633232,0.0230764091093,0.00108602521803,0.0203660953922,0.000959142045194,0.0195250111678,0.000939099034357,0.0146413997595,0.000656370118608,0.00954731958854,0.000725462543668,0.00940256389611,0.000764941771137,0.00993213255473,0.000543598085402,0.00756200265336,0.000342092514489,0.0040135778575,0.000465432671765,0.00363351264059,0.000451698615543,0.00478488708794,0.000391841106548,46875,46875,46874,90,ec149c1862661866e50fbfde6898d8ae9ad234aed146de2fc75d1a1fc2a58cb5,936217
doe_N014_C16,doe,C16,N014,5.65685424949,-5.65685424949,230,400,60,0.001,0.0001,0.08,0.1,2e-07,10000,0,1,12,0,0,0,0,False,800,15,12,16,3,1.6e-05,3.37607664441,5.6525691023,0.190835065272,0.397573052649,5.66548875728,8.76355171204,0.0526440881716,5.67330039041,-5.63176149999,0.0164461409165,0.0250927495057,0.3,922.674710886,922.674710886,915.919051733,920,920,0,0,0,0.0032264592655,-0.172922834754,60,0.5,0.75,True,True,True,True,True,True,True,5.6525691023,0.00651094836519,0.0842740234164,0.016330585515,0.136114216136,0.00615768656346,0.0788089179885,0.00743709833334,0.0413366085237,0.00409993663479,0.0165343531765,0.000995645222629,0.00431215550321,0.000916704679081,0.00659874843243,0.000674030967659,0.0129840498809,0.00222490778421,0.0184195054986,0.00280032765416,0.0184364895886,0.00368356293171,0.0176317732243,0.00349997312682,0.0168945635867,0.00381311549155,0.0158238807189,0.00325682705585,0.0123765742114,0.00286402061703,0.00952297616153,0.00234518974921,0.00721932832348,0.00178287024617,0.0054062801993,0.00126417080518,0.00317905374713,0.000511792283685,5.26948320906e-05,0.000233225090746,46875,46875,46874,90,f843a1e93cd53daf9bb6e299bb2509e551d99dd39121f13a8418a581e1684d86,933126
doe_N015_C16,doe,C16,N015,5.65685424949,0,230,400,60,0.001,0.0001,0.08,0.1,2e-07,10000,0,1,12,0,0,0,0,False,800,15,12,16,3,1.6e-05,5.06960481376,3.99385767534,0.202472800964,0.421818335341,4.01292010059,6.09073066711,0.0595240194633,5.64811114577,0.0252734392581,-0.00874310372195,0.0252734392581,0.3,918.578069176,918.578069176,-4.11033466516,920,-0,0,0,0,0.00150416863022,-0.172922834754,60,0.5,0.75,False,True,True,True,True,True,False,3.99385767534,0.0052225842543,0.076498240436,0.0202859404391,0.140082958921,0.00920099339314,0.0930181802348,0.00513043802599,0.0617586843662,0.00307276808336,0.0397015722054,0.00194713731638,0.0241910529373,0.000794590463916,0.0139258280555,0.000683982063713,0.00860571244099,0.000690905677155,0.00351166427438,0.000486287048287,0.0021316289789,0.00102618297294,0.00249610183559,0.000684654037552,0.00271431728422,0.00100162619527,0.00298167132654,0.000726369413853,0.00238414815627,0.000761512066897,0.00230056793361,0.0006766927152,0.00142851111502,0.000459282964632,0.000897801263799,0.000564286940088,0.000472633974696,0.000179135665196,0.000998579129682,0.000460937517049,46875,46875,46874,90,454d159a15d1be9ecc6bf5376a14d799f624a022b248b77828302044a6884ff4,935034
doe_N016_C16,doe,C16,N016,5.65685424949,5.65685424949,230,400,60,0.001,0.0001,0.08,0.1,2e-07,10000,0,1,12,0,0,0,0,False,800,15,12,16,3,1.6e-05,3.37011638381,5.65246117736,0.190494520226,0.396863583805,5.66558881989,8.72647190094,0.0538941699079,5.62315467628,5.68161651378,-0.0336995732092,0.0247622642842,0.3,914.51928475,914.51928475,-924.027199948,920,-920,0,0,0,0.00281949375906,-0.172922834754,60,0.5,0.75,True,True,True,True,True,True,True,5.65246117736,0.00716040022987,0.0847617628547,0.0152575621575,0.135114716159,0.0103614101505,0.079265035909,0.00760018877759,0.0398032396614,0.00273535619431,0.0156783804052,0.000323131972106,0.00677427949246,0.00040975526966,0.00568457883106,0.0011669158659,0.0146028114167,0.00236263100383,0.019215415251,0.00291523064572,0.017485120577,0.00309667363966,0.0171315026732,0.0034247642925,0.0188180852558,0.00345453594588,0.016284826298,0.00305569030783,0.01071967194,0.00274920716206,0.00893726137515,0.00240836020041,0.00907111035921,0.00182466133255,0.00618603338814,0.00113388321462,0.00244534013643,0.000651123545261,0.000731790676785,0.000356986463199,46875,46875,46874,90,d7c6b50f9b0369200dd5390f59a05b3edc53c002836a24185f20c77e1d976a38,925075
doe_N022_C16,doe,C16,N022,11.313708499,-11.313708499,230,400,60,0.001,0.0001,0.08,0.1,2e-07,10000,0,1,12,0,0,0,0,False,800,15,12,16,3,1.6e-05,2.03782200014,11.3095858753,0.23046922909,0.480144227272,11.3167356684,16.7081451416,0.056647105646,11.3557069887,-11.2632759056,0.0419984897222,0.0504325933653,0.32,1846.83040588,1846.83040588,1831.79791738,1840,1840,0,0,0,0.0021741831766,-0.172922834754,60,0.5,0.75,True,True,True,True,True,True,True,11.3095858753,0.00404802661706,0.0883433526264,0.0167926948439,0.154572192741,0.00705728618842,0.104523919705,0.00678097749222,0.0711827295094,0.00421876627157,0.0492465482206,0.00139371562848,0.0367201160272,0.00205632319838,0.0249998176952,0.00185560162764,0.0167025848136,0.00144341963505,0.00968894170752,0.000745653445567,0.00713715796335,0.000751901283266,0.00412440232033,0.000261138276831,0.00048956531753,0.000201890479493,0.0026003557585,0.000371304632969,0.00305230766247,0.000353610704821,0.00404570915638,0.000823131452879,0.00518079627029,0.000961493818169,0.00614762891258,0.000982524806546,0.00582419925999,0.00095134689498,0.0050959321884,0.0012260058174,46875,46875,46874,90,1c113286baf45311a805326fe118c58c28d5733700d046ad94e60b76706f759d,939967
doe_N024_C16,doe,C16,N024,11.313708499,0,230,400,60,0.001,0.0001,0.08,0.1,2e-07,10000,0,1,12,0,0,0,0,False,800,15,12,16,3,1.6e-05,3.05395018211,7.99405955967,0.244134596481,0.508613742668,8.00474795058,11.7437076569,0.0618902461811,11.3051938903,0.0506713798118,-0.00851460864019,0.0506713798118,0.3,1838.61523037,1838.61523037,-8.24091754372,1840,-0,0,0,0,0.00312775127753,-0.172922834754,60,0.5,0.75,True,True,True,True,True,True,True,7.99405955967,0.00374939059783,0.0795600650314,0.0193638573534,0.152906605197,0.00864781231935,0.111313251923,0.00440684779671,0.082328656323,0.00310868530536,0.0628066541038,0.00172801932364,0.0473246819829,0.00131858897048,0.0372296248332,0.000832874094553,0.0306614406288,0.000670488817298,0.0241142192811,0.000666716726854,0.0201006662788,0.000434707011099,0.0155110416033,0.000415666161328,0.0127907231876,0.000128911369134,0.0107261920578,0.000502053414076,0.00854987972286,0.000142741451447,0.00675884735132,0.000336838651887,0.00593347667016,0.000196955134992,0.00468104089437,0.000184192029779,0.00420043575609,0.000202549540911,0.00372958280283,0.000200923847926,46875,46875,46874,90,36f69487b32a1eb6b457728c2771cb66c31ce09a68bc4f6eaa345eb07f084d10,947545
doe_N026_C16,doe,C16,N026,11.313708499,11.313708499,230,400,60,0.001,0.0001,0.08,0.1,2e-07,10000,0,1,12,0,0,0,0,False,800,15,12,16,3,1.6e-05,2.03980424242,11.309538046,0.230692436861,0.480609243461,11.3169048068,16.6988430023,0.0580206409071,11.2547843797,11.3640279036,-0.0589241192356,0.0503194046502,0.32,1830.41690181,1830.41690181,-1848.18367422,1840,-1840,0,0,0,0.0027797378937,-0.172922834754,60,0.5,0.75,True,True,True,True,True,True,True,11.309538046,0.00548681705163,0.0888575175476,0.0164335324447,0.153583725858,0.00912055505771,0.105559288689,0.00686880435396,0.070421702354,0.00303294726599,0.0482305729691,0.00127673032286,0.0388031473983,0.00242906268231,0.0271152752399,0.002163176718,0.016428282574,0.000951243829059,0.00878663824978,0.00065123532247,0.00713933994806,0.000593065397571,0.00493938608675,0.00034184547338,0.00183594689831,0.000181883096852,0.00369233816155,0.000272814878534,0.00313038631689,0.000409429418413,0.00298700331018,0.00080663967978,0.00603459649936,0.000950961051546,0.00726075124734,0.00091604931126,0.00595366509795,0.0010500233771,0.00495104213253,0.00122531564434,46875,46875,46874,90,a1b98623e09701097d490d369d6a76986979a2581bf85be5911f35915f0527c4,931558
doe_N030_C16,doe,C16,N030,22.627416998,-22.627416998,230,400,60,0.001,0.0001,0.08,0.1,2e-07,10000,0,1,12,0,0,0,0,False,800,15,12,16,3,1.6e-05,1.12117643967,22.6235520591,0.253649935504,0.528437365633,22.6272927294,32.672870636,0.0579008698288,22.7197468173,-22.5269465331,0.0923298192924,0.100470464868,0.64,3695.01601951,3695.01601951,3663.66003019,3680,3680,0,0,0,0.00524961472416,-0.172922834754,60,0.5,0.75,True,True,True,True,True,True,True,22.6235520591,0.00171589777327,0.0899988523166,0.0180474111374,0.160903376543,0.00699733625762,0.113369264731,0.00597199919904,0.0817307319577,0.00281753118489,0.0616452859419,0.000742674049089,0.0493254994258,0.00169503949627,0.037931471105,0.00207385995501,0.0295707224227,0.00131286154077,0.0233847004042,0.00122187586515,0.020584906439,0.00111313926914,0.0173985942687,0.00104683878328,0.0130336426284,0.000658073778157,0.0111146694664,0.000653509996445,0.00989695574249,0.000698361849958,0.00800875648258,0.000541213495457,0.00608181834675,0.000407536408799,0.00515792788585,0.000543233985377,0.00473336731716,0.00042238807699,0.00425061124504,0.000299024582399,46875,46875,46874,90,e8a59969559945386c8ee6b3d452f19ab96c6a359893fddeb957abcd245628ec,938999
doe_N033_C16,doe,C16,N033,22.627416998,0,230,400,60,0.001,0.0001,0.08,0.1,2e-07,10000,0,1,12,0,0,0,0,False,800,15,12,16,3,1.6e-05,1.58123542301,15.9944822398,0.252910418902,0.526896706046,15.9999348019,23.0451030731,0.0616265188209,22.619388575,0.100919436559,-0.00802842299398,0.100919436559,0.452548339959,3678.69430096,3678.69430096,-16.4129881272,3680,-0,0,0,0,0.00334161756383,-0.172922834754,60,0.5,0.75,True,True,True,True,True,True,True,15.9944822398,0.0031585763884,0.0801810268115,0.0198852429379,0.154301320183,0.0082826035405,0.113915411068,0.00390447951512,0.0848471169128,0.00251093623978,0.0667274640217,0.00107048920637,0.0511796802748,0.000888172100132,0.0415146383748,0.000682112817567,0.0346996932591,0.000576297445249,0.0288214905866,0.000549913264506,0.0243595529503,0.000666687472368,0.0207755302218,0.000517586953968,0.0176790458258,0.000378750049075,0.0155370109787,0.00024179478234,0.0136289839878,0.000240361971171,0.0117209502017,5.44490144535e-05,0.0104914723079,5.16266233555e-05,0.00909331253216,0.000228357287746,0.00831862747951,0.000137331918094,0.00749598941044,0.000185726202544,46875,46875,46874,90,4f12039f0d8d82275d7caa05ce94cc3a2616be534c441229c66c81091893cccf,945871
doe_N036_C16,doe,C16,N036,22.627416998,22.627416998,230,400,60,0.001,0.0001,0.08,0.1,2e-07,10000,0,1,12,0,0,0,0,False,800,15,12,16,3,1.6e-05,1.12172156991,22.6238915666,0.253777071655,0.528702232615,22.6278518904,32.6782531738,0.0607626966179,22.5183096806,22.7289830032,-0.109107317367,0.101566005267,0.64,3662.25537948,3662.25537948,-3696.51814254,3680,-3680,0,0,0,0.0038021511414,-0.172922834754,60,0.5,0.75,True,True,True,True,True,True,True,22.6238915666,0.00507503761071,0.0900314548859,0.0170101234787,0.159534990488,0.00824368795195,0.11569752878,0.0057254831907,0.0810036264744,0.00271435620697,0.05958515479,0.000463389142391,0.0505932431528,0.00188702809035,0.0411054121754,0.00186347755465,0.0301674496642,0.00131354877066,0.0222250570681,0.000956212993556,0.0190045077144,0.00110334606608,0.0190238996468,0.00104924538759,0.0138538761111,0.000588081660121,0.00916922435406,0.000615752905105,0.00861065558269,0.000825598114554,0.00929730552609,0.000614678205287,0.00717288459325,0.0003135916796,0.00398229539305,0.00047911938701,0.00318908707267,0.00042735161837,0.00441550580414,0.000343205586864,46875,46875,46874,90,4bcfbd8ad9bd51b5a4d07c59003f9c04d7f729064c51c6d4f0d9675fc0901861,932630
doe_N014_C17,doe,C17,N014,5.65685424949,-5.65685424949,230,400,60,0.001,0.0001,0.08,0.1,2e-07,10000,0,1,12,0,0,0,0,False,800,15,12,16,5,1.6e-05,2.57696494593,5.65288694177,0.145672914923,0.303485239422,5.66446644549,8.81157588959,0.0530076690844,5.67363297247,-5.6320644924,0.0167787229804,0.0247897570961,0.3,922.728800224,922.728800224,915.96832877,920,920,0,0,0,0.00234132902471,-0.172922834754,60,0.5,0.75,True,True,True,True,True,True,True,5.65288694177,0.00527219575808,0.0844975530246,0.0130729074274,0.0465889760753,0.00570967676687,0.0816930210697,0.00794343718834,0.0482179940979,0.00468772611755,0.0230286129178,0.00121125911769,0.00901715743705,0.000638001312109,0.00271511626673,0.000334140477525,0.0101420679616,0.00175507414831,0.0156289392045,0.00247354933023,0.0168051479295,0.00313138233523,0.0165206947136,0.00310891742323,0.0166446714209,0.0033518382506,0.0163693255609,0.00331306564222,0.0133481071874,0.00294701103213,0.010841885687,0.00250894899447,0.00881238595234,0.00218690085638,0.00707869216681,0.00174370520842,0.00483151442054,0.000992699636897,0.00216964188756,0.000688613862807,46875,46875,46874,90,661205c024beacb7c5c7db9f7fcd6f6f21deba78020bd464e1cda1c13883c6a0,931875
doe_N015_C17,doe,C17,N015,5.65685424949,0,230,400,60,0.001,0.0001,0.08,0.1,2e-07,10000,0,1,12,0,0,0,0,False,800,15,12,16,5,1.6e-05,4.05048452086,3.99474734362,0.161806622801,0.337097130835,4.0119668334,6.22687911987,0.0599384704582,5.64936712196,0.0257643176972,-0.00748712753035,0.0257643176972,0.3,918.782334311,918.782334311,-4.19016846395,920,-0,0,0,0,0.00102551631472,-0.172922834754,60,0.5,0.75,True,True,True,True,True,True,True,3.99474734362,0.00480957850547,0.0768376349822,0.0188250910343,0.0430521750247,0.00954781344247,0.0959221825343,0.00543050979245,0.0692426240687,0.00346239789711,0.0483593013943,0.00197749613449,0.0299998409774,0.00131659581472,0.0202792199151,0.000536068403537,0.0127147420778,0.000539363458634,0.00733434806871,0.000585651170443,0.00376241169181,0.000531921239626,0.00110747050757,0.000593359619296,0.0017011160145,0.00052871067933,0.00195312646772,0.000874136053938,0.00261596993202,0.000571456957356,0.00227861400797,0.00081754387159,0.0019715756581,0.000456253838983,0.00157366560851,0.000681955601035,0.00124351992287,0.000297737146227,0.000732767983191,0.000468517954767,46875,46875,46874,90,e026da64d66a5223848f6911e176717c7f645dc8668f68acdce5956ef20ad432,939738
doe_N016_C17,doe,C17,N016,5.65685424949,5.65685424949,230,400,60,0.001,0.0001,0.08,0.1,2e-07,10000,0,1,12,0,0,0,0,False,800,15,12,16,5,1.6e-05,2.57593061059,5.65288091305,0.14561428982,0.303363103791,5.66468451952,8.85773849487,0.0542893823306,5.62361602874,5.68199507177,-0.0332382207572,0.0251408222796,0.3,914.594316603,914.594316603,-924.088766561,920,-920,0,0,0,0.00344770221989,-0.172922834754,60,0.5,0.75,True,True,True,True,True,True,True,5.65288091305,0.00676726324212,0.0848407443481,0.0127338948904,0.0455854838285,0.0116475556586,0.0818386068307,0.00823318488424,0.0461429739125,0.00256874945983,0.021810401671,0.000633589023721,0.0113786862134,0.000999033097649,0.00296786111518,0.000861779763739,0.0122696356605,0.00203519854612,0.0164437884906,0.00233602169134,0.015720857228,0.00267662473117,0.0158525935642,0.00322508799996,0.0187178120347,0.00324583244251,0.017013297943,0.00294701239942,0.0117629986741,0.00266857383016,0.0100978651868,0.00269568228293,0.010668604551,0.00216407833284,0.00792842551929,0.00165073103892,0.00402241641842,0.00102436843127,0.0020586203491,0.000906984258621,46875,46875,46874,90,8360b6df834d46f56f4cfa748d01dc8daeda46375b3a46f0fb393d72f83549fe,925385
doe_N022_C17,doe,C17,N022,11.313708499,-11.313708499,230,400,60,0.001,0.0001,0.08,0.1,2e-07,10000,0,1,12,0,0,0,0,False,800,15,12,16,5,1.6e-05,1.61111259726,11.3096674426,0.182211476875,0.379607243491,11.3159395233,16.8063926697,0.0572868382802,11.3555537629,-11.2635941893,0.0418452638702,0.0501143096576,0.32,1846.80548606,1846.80548606,1831.84968132,1840,1840,0,0,0,0.00342032146182,-0.172922834754,60,0.5,0.75,True,True,True,True,True,True,True,11.3096674426,0.00308594876438,0.0878814764477,0.0143991717639,0.0519805110203,0.00672101682121,0.103849879455,0.00719509126623,0.075714603084,0.00436001014215,0.0535082034617,0.00170476713641,0.03989645396,0.00169754194135,0.0276875315801,0.00192286162564,0.0183289663417,0.00125097048962,0.0111338237803,0.00102621169462,0.00829548039874,0.000663345347669,0.00510085554432,0.000261847136195,0.0012134671586,0.000125821272158,0.00200863803991,0.00014260282355,0.0027070292401,0.000390349791062,0.00327745437754,0.000791150276289,0.00503785240073,0.00101228500709,0.00583180677392,0.000747297068693,0.00530046424984,0.000737861548745,0.0046098645216,0.0012322376875,46875,46875,46874,90,ff9856ed9a4253e4d2a9763b1accfb79fcfbbfb2e2b5f32837e73c1cd6d8bca5,939468
doe_N024_C17,doe,C17,N024,11.313708499,0,230,400,60,0.001,0.0001,0.08,0.1,2e-07,10000,0,1,12,0,0,0,0,False,800,15,12,16,5,1.6e-05,2.50586398631,7.99473020898,0.20033706511,0.417368885645,8.00420301171,11.8796405792,0.0618764166006,11.3061435297,0.0504055089484,-0.00756496931165,0.0504055089484,0.3,1838.76967455,1838.76967455,-8.19767775292,1840,-0,0,0,0,0.00181957519813,-0.172922834754,60,0.5,0.75,True,True,True,True,True,True,True,7.99473020898,0.00340670372316,0.0789726315553,0.0177653641609,0.046664009841,0.0093210670133,0.110054749029,0.00497820493296,0.0865735041953,0.00313395551176,0.067140737164,0.0017798803167,0.0500969970185,0.00157890317869,0.0401282586641,0.000870248193126,0.0320227159769,0.00067631722628,0.0258890234792,0.000529835605135,0.0212317688395,0.000407492956137,0.0170315172785,0.000250417567326,0.013356346998,0.000370422943249,0.0118659332776,0.000276239219943,0.00965990266182,0.000237371177581,0.0079557561013,0.000247153149309,0.00645652648825,0.0001669007663,0.00547060205596,0.000282276909707,0.00519669237215,0.00023570618811,0.00426732082967,0.000288299432715,46875,46875,46874,90,7a94b5066454ec0136e6a162a520ca117c0cd8f2a66dfef656b4d0abc97ff42c,951659
doe_N026_C17,doe,C17,N026,11.313708499,11.313708499,230,400,60,0.001,0.0001,0.08,0.1,2e-07,10000,0,1,12,0,0,0,0,False,800,15,12,16,5,1.6e-05,1.61119258898,11.3098743177,0.182223856829,0.379633035061,11.3163628485,16.8398761749,0.0586055853554,11.2552591926,11.3642269719,-0.0584493063446,0.0505184729506,0.32,1830.4941228,1830.4941228,-1848.2160496,1840,-1840,0,0,0,0.00218199901543,-0.172922834754,60,0.5,0.75,True,True,True,True,True,True,True,11.3098743177,0.005333403889,0.0875799677551,0.0143451375104,0.0510025391774,0.010492502576,0.104482804627,0.00735982848572,0.0746449962094,0.00300611461756,0.0518318452382,0.00132821377884,0.0417073008785,0.00285348928207,0.0300823637831,0.00215256997598,0.0178025716781,0.00105152290794,0.0100179573347,0.000666613459778,0.00800610591456,0.000798191041934,0.00618485251786,0.000469199058906,0.00200484224682,0.000330234017324,0.00315842448864,0.000400295136521,0.00317883483845,0.000371840946079,0.00204037513217,0.000637842339582,0.00593608159727,0.00075097048423,0.00697364836594,0.000978893563689,0.00580506559511,0.000861849724784,0.00450075644906,0.00110654410476,46875,46875,46874,90,bb9508c1d7222d3a41b185a2875e202c8073fa0502b5bfccb03a117a1259ec5f,932426
doe_N030_C17,doe,C17,N030,22.627416998,-22.627416998,230,400,60,0.001,0.0001,0.08,0.1,2e-07,10000,0,1,12,0,0,0,0,False,800,15,12,16,5,1.6e-05,0.914633204505,22.6234981787,0.206922026363,0.431087554922,22.6267634989,32.7911224365,0.0583552605352,22.7201307095,-22.5264511236,0.0927137115364,0.100965874413,0.64,3695.07845365,3695.07845365,3663.57945947,3680,3680,0,0,0,0.00324900600344,-0.172922834754,60,0.5,0.75,True,True,True,True,True,True,True,22.6234981787,0.00149691246739,0.0885969741472,0.0161456935941,0.0541411692937,0.00829772898118,0.112037935488,0.00632054232525,0.0863166296526,0.00360987865126,0.065234018981,0.000769971037831,0.0525620759682,0.00118355567571,0.040310278805,0.00173058351859,0.0317214005634,0.00105168608924,0.024384346072,0.00103981030416,0.0211880220379,0.00107115906443,0.0182499206675,0.000982731916732,0.0139854010712,0.000602741521601,0.0114272758035,0.000768855850145,0.0101134419381,0.000686988831488,0.00834461627435,0.000719179010998,0.00658342067301,0.00029886366772,0.00537872238477,0.000462895513249,0.0046971775112,0.000546201145886,0.00422786384965,0.000286433048484,46875,46875,46874,90,d915ea98689fb3424ea50bc81a7e73c0f53e22468e2d5b324e9f926fb42e071d,940440
doe_N033_C17,doe,C17,N033,22.627416998,0,230,400,60,0.001,0.0001,0.08,0.1,2e-07,10000,0,1,12,0,0,0,0,False,800,15,12,16,5,1.6e-05,1.31230007936,15.9938694559,0.209887561563,0.437265753257,15.9987012291,23.1770420074,0.0617505314768,22.6185198961,0.101380755108,-0.00889710187566,0.101380755108,0.452548339959,3678.55302375,3678.55302375,-16.4880144664,3680,-0,0,0,0,0.0026330224747,-0.172922834754,60,0.5,0.75,True,True,True,True,True,True,True,15.9938694559,0.00257316605984,0.0789763335083,0.0181620085814,0.047091478589,0.00914940220649,0.111691531603,0.00486687155083,0.0900099047245,0.00278526099922,0.07071308411,0.00178806142086,0.0547576042949,0.00103099803236,0.0440338514444,0.000783149806149,0.0366304471014,0.000269135444655,0.0302077852223,0.000350926775314,0.0255567181495,0.000161293066911,0.0212248229898,0.000211866966471,0.0181232609143,0.00012036648653,0.0161492645521,0.00026848682381,0.0139197756205,0.000211602846443,0.0120742215888,0.000158607594097,0.0107140112393,0.000172160806305,0.00957666462687,0.000131514400214,0.00867150573002,0.000139755890307,0.00761444517698,0.0001014124725,46875,46875,46874,90,0fc384c45d24d75412a264d6156909b4bb0d0c5290d03e8648066f0c7e50889b,947224
doe_N036_C17,doe,C17,N036,22.627416998,22.627416998,230,400,60,0.001,0.0001,0.08,0.1,2e-07,10000,0,1,12,0,0,0,0,False,800,15,12,16,5,1.6e-05,0.91432999678,22.6232442068,0.206851108028,0.430939808391,22.6267290588,32.8171920776,0.0610765345286,22.5179311403,22.7280692986,-0.109485857653,0.100652300647,0.64,3662.19381575,3662.19381575,-3696.3695426,3680,-3680,0,0,0,0.00300833097852,-0.172922834754,60,0.5,0.75,True,True,True,True,True,True,True,22.6232442068,0.00493888571316,0.0887938539974,0.0153847246311,0.0529182772132,0.00919322777979,0.112014687585,0.0062121920373,0.0860448074288,0.00250242510495,0.0640958767247,0.000449070777235,0.0537490703697,0.00176787805585,0.0427901374834,0.00195514204935,0.0318484808073,0.00117148111699,0.0235606683332,0.00111790328709,0.0202369805019,0.000886140531969,0.0191695271981,0.00105816157594,0.0142717833203,0.000542812984245,0.00968549059122,0.000643517963239,0.00917975495906,0.000732157898599,0.00957092979479,0.000696143989338,0.00716831963017,0.000298432400316,0.00393769770881,0.000468828203591,0.00351057730604,0.000426072472326,0.00446296310016,0.000411162739461,46875,46875,46874,90,50bea24fdf54003fbff40bd2ba98d9c9e93b882b42bf2bfb255ee4e234b270ab,935713
doe_N014_C18,doe,C18,N014,5.65685424949,-5.65685424949,230,400,60,0.001,0.0001,0.08,0.1,2e-07,10000,0,1,12,0,0,0,0,False,800,15,12,16,7,1.6e-05,2.22946851304,5.6525978446,0.126022889114,0.262547685654,5.66371383788,8.80957317352,0.0539445430699,5.67313515477,-5.63198564463,0.0162809052787,0.0248686048608,0.3,922.647837861,922.647837861,915.955505399,920,920,0,0,0,0.00368677411047,-0.172922834754,60,0.5,0.75,True,True,True,True,True,True,True,5.6525978446,0.00534282512652,0.0847766561642,0.0133288655473,0.0467249449886,0.00670663361679,0.0262742458429,0.00732381863414,0.0513839556473,0.00570850753768,0.028375363972,0.00216314376863,0.013458424734,0.000526966315936,0.000573358202921,0.00024328970786,0.00745988608255,0.00122259753415,0.0139408954475,0.00213964158444,0.0149442692597,0.00278588197334,0.0153148917333,0.00269346529324,0.0160281221021,0.0030979711411,0.0164210260171,0.00297843233064,0.0138837713012,0.00291367367374,0.0117083390134,0.0026163397199,0.0100215305295,0.00234318574518,0.00829634560813,0.00197987639507,0.00634249440113,0.00136619027342,0.00327244693564,0.00106755881947,46875,46875,46874,90,3c84d3460bb1fbe965d46cad77960fc1734734f8ae90c61f5b39cb1a045dada8,932811
doe_N015_C18,doe,C18,N015,5.65685424949,0,230,400,60,0.001,0.0001,0.08,0.1,2e-07,10000,0,1,12,0,0,0,0,False,800,15,12,16,7,1.6e-05,3.53631410729,3.99396536256,0.141239160556,0.294248251159,4.01041458577,6.14041757584,0.0602591654358,5.64826431068,0.0250781040011,-0.00858993881206,0.0250781040011,0.3,918.602979084,918.602979084,-4.07856640165,920,-0,0,0,0,0.00212869331134,-0.172922834754,60,0.5,0.75,True,True,True,True,True,True,True,3.99396536256,0.00480895605605,0.0765866152481,0.0180911172185,0.0437606313746,0.00892356054693,0.029913651544,0.00540288401698,0.0739652780411,0.00382603913445,0.0540598287045,0.0020050278909,0.0364870135242,0.00163451960124,0.0239812361539,0.000940424612988,0.0178389229262,0.000491559647162,0.00991092396895,0.000586307065971,0.00667477128249,0.000146452779365,0.00259753953738,0.000520254106926,0.00104193646455,0.00052287551704,0.00203520285072,0.000550615476272,0.00122109841229,0.000596357147521,0.00193031269093,0.000539616171303,0.00203626924743,0.000670830272799,0.00173746370828,0.00052855305676,0.00146350410378,0.000524312876837,0.00106411441595,0.000498934307638,46875,46875,46874,90,e3a8f1f1c87b1498a4a49bede6d01709b54d54dfccc7654dd6a1b17faadd2114,935850
doe_N016_C18,doe,C18,N016,5.65685424949,5.65685424949,230,400,60,0.001,0.0001,0.08,0.1,2e-07,10000,0,1,12,0,0,0,0,False,800,15,12,16,7,1.6e-05,2.22546525303,5.65273660897,0.125799689078,0.262082685579,5.66407451489,8.77157402039,0.055073014916,5.62362040963,5.68170360273,-0.0332338398603,0.0248493532345,0.3,914.595029088,914.595029088,-924.041363621,920,-920,0,0,0,0.00234249579853,-0.172922834754,60,0.5,0.75,True,True,True,True,True,True,True,5.65273660897,0.00691069069189,0.0847619892641,0.0129721300988,0.0463978796333,0.00963399493191,0.0256558904731,0.00756575461985,0.0502637315166,0.00289798968982,0.0269577742847,0.00131399119175,0.0160067498493,0.00133374333789,0.00342901044368,0.000577557220344,0.00940613268038,0.0017916185846,0.0148572678947,0.00196469046953,0.0138160117992,0.00250373345393,0.0148880194189,0.00287309879671,0.0177657212753,0.00304295450194,0.0171407128732,0.00275111499395,0.0121944112332,0.00274726290739,0.0111834746158,0.00265615684829,0.0118140337323,0.00245038168216,0.00906796019298,0.00171573646381,0.00523528233877,0.00150104908695,0.00326582684902,0.00121189411738,46875,46875,46874,90,1455349f682323ac7e71906dd637755ea33144ce771062c1f675e809b8846d38,925990
doe_N022_C18,doe,C18,N022,11.313708499,-11.313708499,230,400,60,0.001,0.0001,0.08,0.1,2e-07,10000,0,1,12,0,0,0,0,False,800,15,12,16,7,1.6e-05,1.38732591379,11.3097548511,0.156903159835,0.32688158299,11.3156464266,16.7604808807,0.0572744785962,11.3556248176,-11.2636980865,0.0419163186462,0.0500104124524,0.32,1846.81704203,1846.81704203,1831.86657859,1840,1840,0,0,0,0.00246512577163,-0.172922834754,60,0.5,0.75,True,True,True,True,True,True,True,11.3097548511,0.00331932706193,0.0880558514936,0.0150686646279,0.0512243480274,0.00720912819763,0.0324827274687,0.00691542977927,0.0761674307614,0.00545955690648,0.058389475963,0.00154532122504,0.0436071178802,0.00188879268016,0.0299055921909,0.00211358058196,0.0200672876215,0.00177999847605,0.0125975719953,0.000716244108948,0.00932775065791,0.000577428956227,0.00586696247801,0.000478497893337,0.00169537752824,0.000287560714483,0.00124346543598,0.000138506625423,0.00167501881234,0.000364367241746,0.00306182027669,0.000596393589145,0.00459963953598,0.000588899422666,0.00526467947709,0.000689679006539,0.00489582373553,0.000846668558966,0.00458368845474,0.00110297002183,46875,46875,46874,90,05ed91a0bb70012144edab8582ee11365e5030dd339b40e3aa4185254fcb2f81,938320
doe_N024_C18,doe,C18,N024,11.313708499,0,230,400,60,0.001,0.0001,0.08,0.1,2e-07,10000,0,1,12,0,0,0,0,False,800,15,12,16,7,1.6e-05,2.20248250345,7.99445065263,0.176076376871,0.366825785148,8.00335439974,11.789355278,0.0620013044826,11.3057525892,0.0494051260495,-0.00795590978732,0.0494051260495,0.3,1838.70609411,1838.70609411,-8.03498092065,1840,-0,0,0,0,0.00247978083264,-0.172922834754,60,0.5,0.75,True,True,True,True,True,True,True,7.99445065263,0.00342434163681,0.0786479011473,0.0173481663672,0.0461578456616,0.00846358440493,0.0337624846175,0.00565652643417,0.0874373134122,0.00352817272857,0.0722528869045,0.00200800255575,0.0539460491396,0.0016540950223,0.0424726019135,0.00085431347266,0.03541051075,0.000747579372532,0.0275224968679,0.000435194796086,0.0224824347638,0.000436889197032,0.0179434310339,0.000345890174393,0.0151010824716,0.000358351823972,0.0123864219696,0.0001887177575,0.0103123876283,0.000177122524184,0.00831815613445,0.000262866144081,0.00711479846444,0.000144674303153,0.00574306726528,0.000406093612679,0.00547654228925,0.000189109850038,0.00444514246885,0.000321256459581,46875,46875,46874,90,0e8686fffe466a290b0025915393986a88a178838e249034ac31ddba1dc592cc,950099
doe_N026_C18,doe,C18,N026,11.313708499,11.313708499,230,400,60,0.001,0.0001,0.08,0.1,2e-07,10000,0,1,12,0,0,0,0,False,800,15,12,16,7,1.6e-05,1.37996235076,11.3102909043,0.156077756241,0.325161992168,11.3163949832,16.7320976257,0.0595277557448,11.2554183391,11.3648985342,-0.0582901598488,0.0511900351812,0.32,1830.52000552,1830.52000552,-1848.32526883,1840,-1840,0,0,0,0.00211447447254,-0.172922834754,60,0.5,0.75,True,True,True,True,True,True,True,11.3102909043,0.00516246194955,0.0871768622295,0.0139223628905,0.050805345043,0.00843878275059,0.0332212359301,0.00669762404245,0.0750476089709,0.00262307128282,0.0559069637201,0.00186496218192,0.0455627336464,0.00304956293677,0.0330600632329,0.00182398774022,0.019604536779,0.000957499980025,0.0107713468352,0.00113078663952,0.00886826583595,0.0011231996072,0.00728194692519,0.000284503043425,0.00224056431303,0.000168034315784,0.00279369599761,0.000329574440634,0.00300002582518,0.000302735531652,0.00155176861322,0.000799115226312,0.00533133888883,0.000909146435361,0.00687726313992,0.000549180351262,0.00563315617166,0.000681171648068,0.00429124401177,0.00113779283102,46875,46875,46874,90,fd069378e343be25122c49cdf8e9abb7b2be545b81c520fc2d65aa477eeb177d,932838
doe_N030_C18,doe,C18,N030,22.627416998,-22.627416998,230,400,60,0.001,0.0001,0.08,0.1,2e-07,10000,0,1,12,0,0,0,0,False,800,15,12,16,7,1.6e-05,0.802313357331,22.6232961675,0.18150972702,0.378145264626,22.6263430426,32.7055778503,0.0582831261187,22.719907541,-22.5262704479,0.0924905430745,0.101146550096,0.64,3695.04215875,3695.04215875,3663.55007536,3680,3680,0,0,0,0.00244139417291,-0.172922834754,60,0.5,0.75,True,True,True,True,True,True,True,22.6232961675,0.00150309660992,0.0890503357726,0.0156533490407,0.053194292725,0.00789223610658,0.0349708912828,0.00645106418327,0.0857020101718,0.00404195768377,0.0704649346591,0.000788265035936,0.0562764468745,0.00170542317374,0.0425765434269,0.00203694498719,0.0332646400727,0.00137467126716,0.0257545596559,0.00112812418003,0.0226526734013,0.00107318853638,0.0189934662929,0.00123248145091,0.0141391765293,0.000673400336917,0.011806001215,0.0006456375504,0.0107134176195,0.000780636275947,0.0086429419438,0.000733108625381,0.00659046851039,0.000336010410389,0.00530729478685,0.000447790717893,0.00496579969697,0.000380312312192,0.00456616127732,0.000387580185368,46875,46875,46874,90,3ed0eeee448a4bb54f451aa95bc171c4e2f24f1c74c9dfc0a565b31b45d091a4,938751
doe_N033_C18,doe,C18,N033,22.627416998,0,230,400,60,0.001,0.0001,0.08,0.1,2e-07,10000,0,1,12,0,0,0,0,False,800,15,12,16,7,1.6e-05,1.15793885722,15.9940826847,0.185201698262,0.385836871379,15.9986105301,23.0820102692,0.0619047071841,22.6188153203,0.102739254018,-0.00860167764388,0.102739254018,0.452548339959,3678.60106994,3678.60106994,-16.7089533383,3680,-0,0,0,0,0.00236286763347,-0.172922834754,60,0.5,0.75,True,True,True,True,True,True,True,15.9940826847,0.00224171783141,0.0790039134088,0.0174796116961,0.0466174812811,0.00784793411566,0.0347035558576,0.00564458073987,0.0894263333822,0.00288323412555,0.075248644596,0.00239211041791,0.0580320577989,0.00126213664629,0.0468385785445,0.00113434072112,0.0385540617269,0.000771135493672,0.0318457016088,0.000719129982166,0.0264745601868,0.000274553245308,0.0221821477199,0.000662235031147,0.0189198866413,0.000133238730027,0.0166069974636,0.000251510441137,0.0140390938178,0.000123099324202,0.0124095360165,0.000114494929214,0.0112228725975,0.000149755944119,0.00968236496909,0.000118721621769,0.00876290930896,7.73104187386e-05,0.00787187529711,3.0850023982e-05,46875,46875,46874,90,d8a3d1144a932947d9300c6cb84a691d3fd5c73eccb48ac65075a2b3cab4a194,947229
doe_N036_C18,doe,C18,N036,22.627416998,22.627416998,230,400,60,0.001,0.0001,0.08,0.1,2e-07,10000,0,1,12,0,0,0,0,False,800,15,12,16,7,1.6e-05,0.801826155774,22.623590082,0.181401862652,0.377920547192,22.6268587267,32.7056846619,0.0614341121286,22.5184092281,22.7282841901,-0.10900776984,0.100867192165,0.64,3662.27156935,3662.27156935,-3696.40449138,3680,-3680,0,0,0,0.00394285653908,-0.172922834754,60,0.5,0.75,True,True,True,True,True,True,True,22.623590082,0.00501795382122,0.0880009974944,0.014440378211,0.0529768929938,0.00797389170625,0.0350815280601,0.00635199621711,0.0866220589801,0.00235431809689,0.0678835934438,0.00040763625825,0.0574044779502,0.00221642757699,0.04596539999,0.00200562770272,0.0342987895657,0.00085883808987,0.0244336150138,0.000984429149301,0.021049970894,0.00125695014632,0.0202146369466,0.00113254428132,0.0151312957101,0.00054469227164,0.0101011395929,0.000590483363999,0.00922435235487,0.000808063019684,0.00975033542074,0.000737934873739,0.00770815910869,0.000366624275053,0.00427169129056,0.000462641822022,0.00353347093078,0.000474258908073,0.00442713332283,0.000488881224193,46875,46875,46874,90,668eaff36dcbdc1cd8e41a8e1ba861da017bf532c7f802b950fe757bf5d26bfe,935388
doe_N014_C19,doe,C19,N014,5.65685424949,-5.65685424949,230,400,60,0.001,0.0001,0.08,0.1,2e-07,10000,0,1,12,0,0,0,0,False,800,15,18,4,3,1.6e-05,3.28634125447,5.65273289106,0.185768093004,0.387016860425,5.6654907215,8.70725440979,0.0531698324476,5.67350592658,-5.63188323532,0.01665167709,0.0249710141723,0.3,922.708138171,922.708138171,915.938850105,920,920,0,0,0,0.00385992721686,-0.172922834754,60,0.5,0.75,True,True,True,True,True,True,True,5.65273289106,0.00733974632735,0.0638861716596,0.0136019435325,0.141623955427,0.00655305907921,0.0775816034684,0.00710222550531,0.0403680765279,0.00371960424981,0.0166138401992,0.000894909750542,0.00433640984428,0.00104306391846,0.00619105813516,0.000570392382369,0.0124875645948,0.00222907991765,0.0179433316918,0.0026178340905,0.0182777660759,0.00331886390922,0.017322919768,0.00303147582709,0.0164415987842,0.00338564861931,0.0155540437371,0.00297295640848,0.0123448667856,0.00267458494681,0.00975549864707,0.00215309163384,0.0073404345995,0.0018316625458,0.00572719284389,0.00136289794031,0.0035147806321,0.000564338089141,0.000640946243221,0.000245596925397,46875,46875,46874,90,e77f4b550a0924e08bbd06791ed95fb1e0f0c3d7324f1b0348dcac74ab3d8710,933393
doe_N015_C19,doe,C19,N015,5.65685424949,0,230,400,60,0.001,0.0001,0.08,0.1,2e-07,10000,0,1,12,0,0,0,0,False,800,15,18,4,3,1.6e-05,5.00086483473,3.99380145822,0.199724612693,0.416092943111,4.01271813835,6.03991031647,0.0590072337902,5.64803346279,0.0248631974554,-0.00882078670038,0.0248631974554,0.3,918.565435239,918.565435239,-4.04361517021,920,-0,0,0,0,0.00107082384085,-0.172922834754,60,0.5,0.75,False,True,True,True,True,True,False,3.99380145822,0.0056528404566,0.0553469779073,0.0199904226837,0.147502746843,0.00896418589521,0.0915258255082,0.00509780493836,0.0605606332468,0.00288957200345,0.0392506084527,0.00206741590657,0.0240566282098,0.000882655545519,0.0142228648319,0.000974543840188,0.00952813973535,0.000726683293204,0.00423989822705,0.000558169404053,0.00251446866998,0.00102591163587,0.00231619619671,0.000592919158488,0.00228713620226,0.00117861973885,0.00254007333226,0.000586997695444,0.00224256405779,0.000902434295159,0.0021154255319,0.000606595582374,0.00128042443657,0.000506484993068,0.000862179894618,0.000580287359042,0.000500586316462,0.000255625012541,0.000864956414903,0.000528290172504,46875,46875,46874,90,96729b6de8ec44d984b663f281d81d1d8ae6e92241f536e6655db7a8320a89ab,935962
doe_N016_C19,doe,C19,N016,5.65685424949,5.65685424949,230,400,60,0.001,0.0001,0.08,0.1,2e-07,10000,0,1,12,0,0,0,0,False,800,15,18,4,3,1.6e-05,3.29289403579,5.65251078913,0.186131190648,0.38777331385,5.66549331896,8.6998758316,0.054136182065,5.62321999621,5.68165058031,-0.0336342532816,0.0247963308181,0.3,914.529908028,914.529908028,-924.032740344,920,-920,0,0,0,0.00398203949192,-0.172922834754,60,0.5,0.75,True,True,True,True,True,True,True,5.65251078913,0.00643512829057,0.0644914005563,0.0128911872455,0.141622164173,0.0093463813023,0.0782084235765,0.00723507338699,0.0389655074753,0.00240825746238,0.016286350464,0.000202448121111,0.00718093961289,0.000324771767656,0.00532922103522,0.00119282280403,0.0140558458992,0.00222672185706,0.0183039351445,0.00242287013079,0.0168979443147,0.00285493847744,0.0171182646349,0.00306592616108,0.018363025912,0.00335739060217,0.0156418981762,0.00280863859854,0.0104687705832,0.00264880970014,0.00941941609103,0.00235569483298,0.00944184164968,0.0018411192706,0.00632745559504,0.00112740262131,0.00249495570968,0.000773583611128,0.00133773330842,0.000409782234147,46875,46875,46874,90,22573ca81a6d1af944bf0a2196298951871b64ad45239500a15a5d8d42b84627,926309
doe_N022_C19,doe,C19,N022,11.313708499,-11.313708499,230,400,60,0.001,0.0001,0.08,0.1,2e-07,10000,0,1,12,0,0,0,0,False,800,15,18,4,3,1.6e-05,1.99653195512,11.3095460006,0.225798699881,0.470413958086,11.3166038531,16.6532363892,0.0568981359561,11.3556445724,-11.2632587569,0.0419360734042,0.0504497420633,0.32,1846.82025483,1846.82025483,1831.79512841,1840,1840,0,0,0,0.00237921715382,-0.172922834754,60,0.5,0.75,True,True,True,True,True,True,True,11.3095460006,0.00494760043905,0.066832252541,0.0153339352445,0.161051530838,0.00698159745799,0.102428198298,0.00654200405792,0.0695914853173,0.00385814086248,0.0482923639134,0.00113276773032,0.0361667791168,0.002053635907,0.0250030586693,0.00187603971814,0.0171643714239,0.0014895368026,0.0100674834429,0.000680048283278,0.00724710970441,0.000656294551806,0.00423968151448,0.000304968346605,0.000616919350541,0.00011057468191,0.00231079847858,0.000330706438981,0.0029994489936,0.000414344948981,0.00372725325513,0.000655332137607,0.00459813719513,0.000773729251016,0.00557763509567,0.000902623840411,0.00546744802475,0.000870726860491,0.00464608835728,0.00104648871266,46875,46875,46874,90,bcc6001c279344ca00c7657ba6d21917ae8bfb025357cba55658e84b337f89fc,941008
doe_N024_C19,doe,C19,N024,11.313708499,0,230,400,60,0.001,0.0001,0.08,0.1,2e-07,10000,0,1,12,0,0,0,0,False,800,15,18,4,3,1.6e-05,2.99595104675,7.99410182311,0.239499377247,0.498957035932,8.00464771072,11.6946229935,0.0617711761191,11.3052541137,0.0505701676128,-0.0084543853147,0.0505701676128,0.3,1838.62502477,1838.62502477,-8.22445694229,1840,-0,0,0,0,0.00215144208944,-0.172922834754,60,0.5,0.75,True,True,True,True,True,True,True,7.99410182311,0.00374388299343,0.0574102804757,0.0187094154488,0.159796299736,0.00830528147559,0.108982765375,0.00417810756569,0.079720103259,0.00295198149522,0.0609503784728,0.00172850666591,0.0458533777925,0.00147974827924,0.036322465981,0.000862806841583,0.0303929720357,0.000835874140326,0.0240709752088,0.000638381305008,0.0202582375543,0.000524023841824,0.015735825036,0.000274488215554,0.0132860439602,0.000146812882787,0.0112675350914,0.00028868281285,0.00902670057242,0.000279324927671,0.00704753926135,0.000470564365075,0.00634987359169,0.000294579705191,0.0048732897183,0.00035903820787,0.00432371129384,0.000281570178615,0.00371944043861,0.00038458240668,46875,46875,46874,90,a4b44c5064cd9211ee88143476f6743e70eb36e90ee7606638e354c4c62b926f,949432
doe_N026_C19,doe,C19,N026,11.313708499,11.313708499,230,400,60,0.001,0.0001,0.08,0.1,2e-07,10000,0,1,12,0,0,0,0,False,800,15,18,4,3,1.6e-05,2.00260711126,11.3097135753,0.226489128323,0.471852350672,11.3169963779,16.6556186676,0.0583615267905,11.2549474059,11.3642158199,-0.0587610930929,0.0505073209479,0.32,1830.4434155,1830.4434155,-1848.2142359,1840,-1840,0,0,0,0.00219985692039,-0.172922834754,60,0.5,0.75,True,True,True,True,True,True,True,11.3097135753,0.00469165760575,0.0671645732835,0.0145727725335,0.161035947818,0.00842378812596,0.103778719048,0.0064543516052,0.0684327642101,0.00309814388175,0.0473030908375,0.00122977794028,0.0384179031786,0.00208335762598,0.0267875371542,0.00181635865604,0.0163601553301,0.00118779237833,0.00931250232335,0.000676770346877,0.00757694698139,0.000605022251354,0.00508595385973,0.000306761759163,0.00161309537418,7.91630985247e-05,0.00344017436517,0.000207283574905,0.0027210863861,0.000354257850628,0.00281240193796,0.000641255549891,0.00577793156609,0.000845101858803,0.00677673921917,0.000703908806902,0.00543207655737,0.000851375016595,0.00462936233532,0.00112464360624,46875,46875,46874,90,aabfc1aed6b701b7fd1e879438f6539c678df053cd7038afec599aaf5fcd9232,933308
doe_N030_C19,doe,C19,N030,22.627416998,-22.627416998,230,400,60,0.001,0.0001,0.08,0.1,2e-07,10000,0,1,12,0,0,0,0,False,800,15,18,4,3,1.6e-05,1.09531814804,22.623388215,0.247798076821,0.516245993376,22.6270655344,32.6219291687,0.0582724186991,22.7196565608,-22.5267084683,0.0922395628132,0.100708529654,0.64,3695.00134068,3695.00134068,3663.62131262,3680,3680,0,0,0,0.00434984799482,-0.172922834754,60,0.5,0.75,True,True,True,True,True,True,True,22.623388215,0.00208608706615,0.0681081616326,0.0168647862438,0.167275307442,0.00681139382334,0.110535026246,0.0054323325301,0.07927409244,0.00283038527508,0.0597269638732,0.000368356832341,0.0478084839949,0.00129080722735,0.0369916019736,0.00174093877906,0.0290097770436,0.00109263566252,0.0230446260051,0.000835114985015,0.0203955840911,0.00111269836023,0.0176319923558,0.00106472016309,0.0133217243846,0.000658817407418,0.0113622630175,0.000791534612711,0.0100662582589,0.000749304391004,0.00811410050529,0.000657956935423,0.00616268692734,0.000452015542463,0.00513509305686,0.000345405391036,0.00451603279308,0.000433655679794,0.00424506017232,0.000286322667046,46875,46875,46874,90,ddd15018ff24c282e55b4a0ffcdb37f97e3b78f53e0af3af20b0f50b68dd46b3,940865
doe_N033_C19,doe,C19,N033,22.627416998,0,230,400,60,0.001,0.0001,0.08,0.1,2e-07,10000,0,1,12,0,0,0,0,False,800,15,18,4,3,1.6e-05,1.54520651551,15.9944226874,0.247146861484,0.514889294758,15.999786939,22.9958934784,0.0623905326875,22.6192991804,0.102072500303,-0.00811781755645,0.102072500303,0.452548339959,3678.67976232,3678.67976232,-16.6005161414,3680,-0,0,0,0,0.00258129278555,-0.172922834754,60,0.5,0.75,True,True,True,True,True,True,True,15.9944226874,0.00249797291079,0.0578001041189,0.0183537544119,0.160812012733,0.00730599541001,0.111198634227,0.00384941771893,0.0820774847387,0.00247634313828,0.0643287150745,0.00153426396283,0.0497021400765,0.00125208316581,0.0407981387687,0.000667577373785,0.0341196702255,0.000567876442169,0.028448933234,0.000168302160483,0.0239416470717,0.000146291249408,0.0202416142015,0.000126601457962,0.0169070910309,6.63194232905e-05,0.0150765698608,0.000261595905405,0.0130817000864,0.000199992653787,0.0113534369368,0.000210417070754,0.0103334620199,7.83886278211e-05,0.0091177140174,0.000248437787374,0.00823891883571,7.51646702562e-05,0.00745426597478,0.000122613846937,46875,46875,46874,90,53eb4532c66d446e6e62dfc009c542e6be0462c7c43ab70726463bba5204c215,948004
doe_N036_C19,doe,C19,N036,22.627416998,22.627416998,230,400,60,0.001,0.0001,0.08,0.1,2e-07,10000,0,1,12,0,0,0,0,False,800,15,18,4,3,1.6e-05,1.09871854952,22.6241489862,0.248575721582,0.51786608663,22.6280536211,32.6328163147,0.0616005248382,22.5191919566,22.7286213467,-0.108225041371,0.101204348691,0.64,3662.39886805,3662.39886805,-3696.45932469,3680,-3680,0,0,0,0.00322911406286,-0.172922834754,60,0.5,0.75,True,True,True,True,True,True,True,22.6241489862,0.00458026883739,0.0679871534472,0.0156879693599,0.166622626379,0.00717537089991,0.113533783766,0.00523144745206,0.0786376364627,0.00262072909289,0.0577668908103,0.000354154689245,0.0489502348225,0.00192551895119,0.0402596176081,0.00172733771465,0.0295352967961,0.00111927562656,0.0218439337269,0.000891360484399,0.0188659972663,0.00108852320192,0.0188113445385,0.00103060922852,0.0139652772932,0.000605691081715,0.00962478991755,0.00067749449535,0.00888370326278,0.000618686204328,0.00950709491838,0.000650046476933,0.00707160556508,0.000367051334613,0.00396644015871,0.000354627694776,0.00318579170203,0.000554819201165,0.00428012005691,0.000418915746163,46875,46875,46874,90,56a78cd16c6bd4e43e3be5612c49af9680585ed996184585d68995d1e45cb6fb,933876
doe_N014_C20,doe,C20,N014,5.65685424949,-5.65685424949,230,400,60,0.001,0.0001,0.08,0.1,2e-07,10000,0,1,12,0,0,0,0,False,800,15,18,4,5,1.6e-05,2.34532345146,5.65273203672,0.132574850105,0.276197604386,5.66399831554,8.81865692139,0.0538609981446,5.67372839346,-5.63165740038,0.0168741439672,0.0251968491154,0.3,922.744318974,922.744318974,915.902121539,920,920,0,0,0,0.0025555914177,-0.172922834754,60,0.5,0.75,True,True,True,True,True,True,True,5.65273203672,0.0066760156498,0.0645495217233,0.0118223152579,0.0359859955871,0.0058861664979,0.0853012553998,0.00738612153917,0.0463142442761,0.00401201739277,0.02195538837,0.00100755919517,0.0093307777496,0.000444620497272,0.00137765193382,0.000301704966153,0.00911177351122,0.00166652699874,0.0148139942004,0.00211270118865,0.0158943993388,0.00274656878704,0.0153568144119,0.00271357825281,0.0159141040561,0.00302230113121,0.016141844429,0.00298892308982,0.0133691759701,0.00266975887523,0.0106036275567,0.00242007398015,0.00882926658307,0.00208102115355,0.00764402363386,0.00171551012454,0.00555021105877,0.00110505542595,0.00242283993083,0.000718974578485,46875,46875,46874,90,9e3d682786f0b2a77db1d979ae3defc4cd52085bf7bd6d54c63f8b542385bc72,932157
doe_N015_C20,doe,C20,N015,5.65685424949,0,230,400,60,0.001,0.0001,0.08,0.1,2e-07,10000,0,1,12,0,0,0,0,False,800,15,18,4,5,1.6e-05,3.8069892312,3.99460510554,0.152074186197,0.316821221244,4.01144233222,6.22144889832,0.0598548762576,5.64916854206,0.0251928930158,-0.00768570743069,0.0251928930158,0.3,918.750038356,918.750038356,-4.09723506251,920,-0,0,0,0,0.00137582746772,-0.172922834754,60,0.5,0.75,True,True,True,True,True,True,True,3.99460510554,0.00530129510052,0.0565339338926,0.0187273269876,0.0318629737508,0.00926648816037,0.100464315453,0.00500841138595,0.0670782400444,0.00310460800798,0.0467807681185,0.00189543476135,0.0297120444239,0.00146513732442,0.0205135400874,0.000818977371187,0.0138978700224,0.000617070903368,0.00854836499652,0.000753618259181,0.00539778271634,0.000561861638154,0.002091410881,0.000806366679294,0.00162800516386,0.000500527676685,0.00143346745858,0.000781270578485,0.00195138886314,0.00060348010645,0.00209445110421,0.000714193123171,0.00192553754026,0.00054578027631,0.00166859688305,0.000699591168595,0.000767038197239,0.000500704838185,0.000335492262407,0.000519792994388,46875,46875,46874,90,ee5f92a9e094449d28ba4930340ba7bc677f99b2a5ea689c0a18e9eb6b2935a8,940823
doe_N016_C20,doe,C20,N016,5.65685424949,5.65685424949,230,400,60,0.001,0.0001,0.08,0.1,2e-07,10000,0,1,12,0,0,0,0,False,800,15,18,4,5,1.6e-05,2.35908899636,5.65273425902,0.133353031898,0.277818816455,5.66423839143,8.84060573578,0.0549149728571,5.62364233322,5.68167722722,-0.0332119162728,0.0248229777279,0.3,914.598594621,914.598594621,-924.037074053,920,-920,0,0,0,0.00331618341689,-0.172922834754,60,0.5,0.75,True,True,True,True,True,True,True,5.65273425902,0.00591312619191,0.0654095724358,0.0117310880271,0.0351303000174,0.0106380890079,0.0861298493459,0.00741872654696,0.0445782589544,0.00243791325866,0.0218023279751,0.000578649235939,0.0120435205135,0.000725459640602,0.00261495754695,0.000757989280699,0.0109315119091,0.0016562267344,0.0150231415893,0.00190013358649,0.0144245128419,0.00243647341482,0.0152129685592,0.00279699037047,0.0181431680269,0.00293832828505,0.0163517767734,0.00258371458719,0.0114454706733,0.00263548219631,0.0103063197539,0.00251173679842,0.0110547609673,0.00209176308287,0.00806736552918,0.00155706798633,0.0042651175642,0.00118770059508,0.00281250655368,0.000875687885667,46875,46875,46874,90,66a99cfa0ca1b4f110ae666251011bbb8fa892818e05b752d53c826d3cbf5cb2,925979
doe_N022_C20,doe,C20,N022,11.313708499,-11.313708499,230,400,60,0.001,0.0001,0.08,0.1,2e-07,10000,0,1,12,0,0,0,0,False,800,15,18,4,5,1.6e-05,1.49787320277,11.3093552096,0.169399801091,0.352916252272,11.3154251358,16.8146190643,0.0568802470278,11.3555675369,-11.262953273,0.0418590378677,0.0507552259362,0.32,1846.80772619,1846.80772619,1831.74544618,1840,1840,0,0,0,0.00309831023546,-0.172922834754,60,0.5,0.75,True,True,True,True,True,True,True,11.3093552096,0.00415611083107,0.0671764914984,0.0137256708686,0.0401101263295,0.0068660504962,0.10765064371,0.00669972316917,0.0724042137301,0.00387737080002,0.0504942957542,0.00137183631628,0.038299390158,0.00167253066399,0.027172321029,0.00215010126546,0.0181447112201,0.00128648970653,0.0110762825193,0.000813370766056,0.00865690300044,0.000678337019536,0.00579566978891,0.000505060656378,0.00167675620028,0.000191043468765,0.00136512647383,0.000125593248008,0.0021671922332,0.000253052126755,0.00254277011302,0.000517556070737,0.00414465232276,0.000674067846289,0.00532330600614,0.000763812726052,0.00479271848956,0.000854821888115,0.00400613488546,0.000932777843322,46875,46875,46874,90,16be6352a9ea28b5029ad42d8138f6ad0bd08a68aa2c514c1334ac9b580579d1,940239
doe_N024_C20,doe,C20,N024,11.313708499,0,230,400,60,0.001,0.0001,0.08,0.1,2e-07,10000,0,1,12,0,0,0,0,False,800,15,18,4,5,1.6e-05,2.35551465314,7.99452101428,0.18831211394,0.392316904041,8.00369870877,11.8802709579,0.0615679298552,11.3058474195,0.0504640721001,-0.00786107949166,0.0504640721001,0.3,1838.7215168,1838.7215168,-8.2072021453,1840,-0,0,0,0,0.00270891456454,-0.172922834754,60,0.5,0.75,True,True,True,True,True,True,True,7.99452101428,0.0037698874536,0.0577827241975,0.0178492231695,0.0342896306947,0.0087324383496,0.113626049971,0.00420137124154,0.0824685202555,0.00286252665802,0.0636055793441,0.00162372574727,0.047315038892,0.0015223612216,0.0384393340847,0.00106148236503,0.0314676034558,0.000866615322242,0.0259088706944,0.000613423544034,0.0214873078926,0.0006233502562,0.0169696905692,0.00045089960915,0.0136218064456,0.000405532367351,0.0121963574116,0.000392175192745,0.0100320555209,0.000297727178928,0.00790567807322,0.000325606636033,0.00645442557838,0.00014485023556,0.00550653462759,0.00022484142831,0.00545176226393,0.000224735036082,0.00437740472929,0.000346897354351,46875,46875,46874,90,0438c578b5182968fc40d202f433001e1abfec460a0824bef98ed989dd483392,951967
doe_N026_C20,doe,C20,N026,11.313708499,11.313708499,230,400,60,0.001,0.0001,0.08,0.1,2e-07,10000,0,1,12,0,0,0,0,False,800,15,18,4,5,1.6e-05,1.50484436717,11.310023955,0.170198258412,0.354579705026,11.3163238455,16.8316078186,0.0586886118156,11.2550234567,11.3647582779,-0.0586850423342,0.0510497788954,0.32,1830.45578398,1830.45578398,-1848.30245831,1840,-1840,0,0,0,0.00205927851383,-0.172922834754,60,0.5,0.75,True,True,True,True,True,True,True,11.310023955,0.0048180263601,0.0677177921652,0.0135297253206,0.039241960397,0.00952143243663,0.108831597664,0.00672996124573,0.0710282545398,0.00291579052815,0.04970099193,0.00106818219951,0.0401546607441,0.00242953463478,0.0290807471504,0.00194448052458,0.0174466412072,0.00110854929267,0.0103637941922,0.000782484794133,0.00863605494564,0.00065628871194,0.00661821039663,0.000173698977846,0.00155294445129,5.021358234e-05,0.00254357988955,6.66256959613e-05,0.00241423040341,0.000294253143259,0.00153440974823,0.000540033907928,0.00533374528693,0.00078277446444,0.00639636029154,0.000633781310594,0.00504339681729,0.000814321641192,0.00390423270598,0.00101102619936,46875,46875,46874,90,41f4070c3b68c077e01548cc4ea8afd79c5c6e4ad454659c352e30a99b6744b3,932653
doe_N030_C20,doe,C20,N030,22.627416998,-22.627416998,230,400,60,0.001,0.0001,0.08,0.1,2e-07,10000,0,1,12,0,0,0,0,False,800,15,18,4,5,1.6e-05,0.851303013193,22.6237025381,0.192596261403,0.401242211255,22.6268397904,32.7946548462,0.0579649823369,22.7201571529,-22.526834931,0.0927401549664,0.10058206696,0.64,3695.08275427,3695.08275427,3663.64187983,3680,3680,0,0,0,0.00393739704397,-0.172922834754,60,0.5,0.75,True,True,True,True,True,True,True,22.6237025381,0.00191150480051,0.0675327469719,0.015890674523,0.041757072204,0.00712803104044,0.115092103913,0.00602372390641,0.0819714608393,0.00301619334154,0.0612762360485,0.000387347502392,0.0490545941443,0.00101955586127,0.0381428725651,0.00186081658521,0.0304964121828,0.00124762951394,0.0237012929607,0.001058905586,0.0207557863073,0.000770924374394,0.0177603318457,0.000956468713853,0.0138050891212,0.000799187765061,0.0115282295918,0.000916117944477,0.00998809231575,0.000596563731699,0.0082651102074,0.000562237551263,0.00660819654291,0.000475947820016,0.00536435681215,0.000623938726985,0.00476735970366,0.000500078037438,0.00428875771728,0.000352573751581,46875,46875,46874,90,c34c3f46a39a88660d72bc9fadc59300b9f84f176a01a3e571c7b4a47fc560d1,940796
doe_N033_C20,doe,C20,N033,22.627416998,0,230,400,60,0.001,0.0001,0.08,0.1,2e-07,10000,0,1,12,0,0,0,0,False,800,15,18,4,5,1.6e-05,1.21857209785,15.9939239062,0.194897494072,0.406036445982,15.9985659859,23.1778774261,0.0620662943421,22.6186062682,0.0992689260381,-0.00881072980242,0.0992689260381,0.452548339959,3678.56707084,3678.56707084,-16.1445580754,3680,-0,0,0,0,0.00250687843117,-0.172922834754,60,0.5,0.75,True,True,True,True,True,True,True,15.9939239062,0.0021310590163,0.0578854051462,0.0177470509389,0.0348976275548,0.00814477216443,0.115371272813,0.00447024955858,0.0849840037714,0.00268052674842,0.0652427223406,0.00204826219904,0.0501210782501,0.00130326570084,0.040337309206,0.00113277857,0.033769057193,0.000555467607795,0.0280082587453,0.000591718742215,0.0238798972172,0.000364860104454,0.0201536412664,0.000380973191951,0.0173910249438,0.000285661575049,0.0155364791868,0.000165248857782,0.0133760129081,0.00012429389012,0.011665975616,0.000152094735563,0.0103634463834,8.05909970314e-05,0.00899223006285,6.86470775252e-05,0.00814340641843,0.000194589619475,0.00719955325416,0.000157657854109,46875,46875,46874,90,e68751fc9bbb78842aeeb82ce101908eff8c7aedcbdcd3554352bd513b2c1121,948015
doe_N036_C20,doe,C20,N036,22.627416998,22.627416998,230,400,60,0.001,0.0001,0.08,0.1,2e-07,10000,0,1,12,0,0,0,0,False,800,15,18,4,5,1.6e-05,0.854966094624,22.6233092402,0.193421623485,0.402961715595,22.6266748186,32.8158874512,0.0611776030836,22.5176691506,22.7284583282,-0.10974784736,0.101041330249,0.64,3662.15120717,3662.15120717,-3696.43281225,3680,-3680,0,0,0,0.0037747003346,-0.172922834754,60,0.5,0.75,True,True,True,True,True,True,True,22.6233092402,0.00472744515514,0.0681909701887,0.0146419815232,0.0406901855496,0.00866098720108,0.116217251882,0.00567509270818,0.0816119795257,0.00270622155594,0.0599647485677,0.000485271145715,0.0506529265336,0.00162495218197,0.0404454191337,0.00192535380409,0.0305039496148,0.00104561361654,0.0229060300007,0.00087557262101,0.0199416796504,0.00107312407049,0.018932386735,0.00101071912301,0.0140423126515,0.000511758902392,0.00965900895377,0.000625889220527,0.00932030171862,0.000591716635261,0.00949822376099,0.000585220947144,0.00701837762656,0.000374172076624,0.00396083697206,0.000311928487793,0.00369539010044,0.000416876091053,0.00455335002016,0.00031659559758,46875,46875,46874,90,ac263baa80abb1cdfb0f7e347c58029ceeb60a2bd3e5188aaafd4829a56616d3,935121
doe_N014_C21,doe,C21,N014,5.65685424949,-5.65685424949,230,400,60,0.001,0.0001,0.08,0.1,2e-07,10000,0,1,12,0,0,0,0,False,800,15,18,4,7,1.6e-05,1.8992061695,5.65284652916,0.107359210034,0.223665020904,5.66358328863,8.76102542877,0.0545321625866,5.67364056901,-5.63197571533,0.0167863195223,0.0248785341658,0.3,922.730035684,922.730035684,915.953890551,920,920,0,0,0,0.00326126848768,-0.172922834754,60,0.5,0.75,True,True,True,True,True,True,True,5.65284652916,0.00599236130659,0.064977407954,0.0112165183218,0.0365073012777,0.00576653106493,0.0201873393077,0.00782392187287,0.052540651697,0.00385024840042,0.0267445881714,0.00144128594942,0.0135019720918,0.00010434304517,0.00182282927657,0.000201888465346,0.00612034370041,0.00148169462379,0.0123077153669,0.00158865628186,0.0133526262165,0.00215542755096,0.0136662268323,0.00240071255004,0.0148618641692,0.0029782786262,0.0157490375085,0.00270497210507,0.0133781525405,0.00242977498764,0.0115173882398,0.00251757220167,0.00988820029644,0.00250550955248,0.00880942631184,0.00193921967249,0.00691027583564,0.00117744840285,0.00387823661552,0.00117498165637,46875,46875,46874,90,3478ede32eece78b446adff9e541700cf66aae651f24a1f26502793a0cacae87,932027
doe_N015_C21,doe,C21,N015,5.65685424949,0,230,400,60,0.001,0.0001,0.08,0.1,2e-07,10000,0,1,12,0,0,0,0,False,800,15,18,4,7,1.6e-05,3.16701355525,3.99395606587,0.126489129997,0.263519020827,4.00991141066,6.09956502914,0.0600797720876,5.64825044502,0.0252393060898,-0.00860380446998,0.0252393060898,0.3,918.600724049,918.600724049,-4.10478343236,920,-0,0,0,0,0.00173261280364,-0.172922834754,60,0.5,0.75,True,True,True,True,True,True,True,3.99395606587,0.00456873203572,0.0555752565461,0.0184317447257,0.0336053613258,0.0084817041795,0.0227459696955,0.00601750723734,0.0754257727769,0.00291559993414,0.0510935061671,0.00250575374848,0.0355067313111,0.00103504193262,0.0247319888176,0.00142656357584,0.0188237314509,0.000698024079531,0.0112827166938,0.000667701954049,0.00864958234074,0.000805957169813,0.00465318400729,0.000264028632445,0.00251256823813,0.000925254819394,0.00183096077081,0.000286967049873,0.00148251483162,0.000824903104659,0.00161022258669,0.000426106963603,0.00179988414895,0.000637593595813,0.00164471353244,0.00062622764222,0.00124062379669,0.000467934679576,0.000876117706654,0.000531561267072,46875,46875,46874,90,37a50b043000da16aeb1ef64b53790363f33965a87fc89adb9d2902b97d39499,935111
doe_N016_C21,doe,C21,N016,5.65685424949,5.65685424949,230,400,60,0.001,0.0001,0.08,0.1,2e-07,10000,0,1,12,0,0,0,0,False,800,15,18,4,7,1.6e-05,1.89961766468,5.65292756282,0.107384010555,0.223716688656,5.66388381268,8.77459526062,0.0549924787031,5.62358370714,5.68211988168,-0.0332705423548,0.025265632191,0.3,914.589059994,914.589059994,-924.109064966,920,-920,0,0,0,0.0028924602113,-0.172922834754,60,0.5,0.75,True,True,True,True,True,True,True,5.65292756282,0.00554794073738,0.0654350447897,0.0112370928841,0.0357781560716,0.0091731761967,0.0201218684063,0.00844638885907,0.0509466469192,0.00221524417911,0.0265454495943,0.000834424586332,0.0158079810017,0.00109412370887,0.00422718485188,0.000846583686894,0.00777909273328,0.00150364370528,0.0125163483834,0.00153064699675,0.0122646316132,0.00207556979431,0.0134765771581,0.00239511101688,0.0168717986464,0.0027304011988,0.0159039297164,0.002486157825,0.0116989457845,0.00251558623436,0.0110906817078,0.00253439128296,0.0119738587312,0.0021533768512,0.00922415656846,0.00178021550138,0.0056577166354,0.00149691442913,0.00408615462019,0.0012854559001,46875,46875,46874,90,dd1aa3e925be0245161fe5cd4c7ffd46b38b325d80651bf6cb1852b5a0006cd4,926790
doe_N022_C21,doe,C21,N022,11.313708499,-11.313708499,230,400,60,0.001,0.0001,0.08,0.1,2e-07,10000,0,1,12,0,0,0,0,False,800,15,18,4,7,1.6e-05,1.21982183385,11.3096212631,0.137957229492,0.287410894775,11.3152646997,16.7042865753,0.0573240240506,11.3557019773,-11.2633520246,0.0419934782991,0.0503564743537,0.32,1846.82959085,1846.82959085,1831.81029697,1840,1840,0,0,0,0.00239885110731,-0.172922834754,60,0.5,0.75,True,True,True,True,True,True,True,11.3096212631,0.00417074317262,0.0672248771427,0.0143718657985,0.0399781822411,0.00719608579323,0.0243099017502,0.006918962904,0.0769258738141,0.00411614841546,0.0537071947487,0.00108081220875,0.040255540261,0.00173434827988,0.0281124224569,0.00190914622377,0.0197478350604,0.00120620502126,0.0124556900368,0.000680571681537,0.00957977473124,0.000807585594897,0.00661310753321,0.000293990329741,0.00265453930705,6.30822895472e-05,0.000380714872398,6.79913135499e-05,0.000874966931439,0.000150032251171,0.00208879452384,0.000451130798559,0.00349310462645,0.000683186102515,0.00438904025937,0.000719530290498,0.00422614662134,0.000692866772993,0.00391670440986,0.000763679455117,46875,46875,46874,90,045f3e12a43bed4c8a66e105e6bb16acdb6114f92a9b50c42fb62fb5fb576c1c,938082
doe_N024_C21,doe,C21,N024,11.313708499,0,230,400,60,0.001,0.0001,0.08,0.1,2e-07,10000,0,1,12,0,0,0,0,False,800,15,18,4,7,1.6e-05,1.97640664848,7.99411152528,0.157996151673,0.329158649318,8.00263580802,11.7450408936,0.0615803917633,11.305271671,0.0497051588165,-0.00843682801988,0.0497051588165,0.3,1838.62788019,1838.62788019,-8.08377661759,1840,-0,0,0,0,0.00291449090145,-0.172922834754,60,0.5,0.75,True,True,True,True,True,True,True,7.99411152528,0.00385578476938,0.05739982906,0.0174214136197,0.034512727211,0.00835064494,0.0251757968418,0.00474487487778,0.0877794689498,0.00322933117205,0.0660848372148,0.00178596825626,0.0492491227554,0.00164415521667,0.0390496161335,0.00123298979683,0.0336282823191,0.000946860072316,0.0268248839921,0.0006358229301,0.0221880875625,0.000471539267252,0.017416722891,0.000336920450836,0.0154720088526,0.000306576054355,0.0128071181187,0.000473950535268,0.0105708087796,0.000190945752413,0.00849707578233,0.000253908536959,0.00779075444459,0.000129253440838,0.00606232513722,0.000313869490512,0.0058728100263,0.000177603893586,0.00491964629789,0.000251126481108,46875,46875,46874,90,02b69980d2682aeec9e208602e142402fb835bd7c852e4f7ef7d27861c375026,949012
doe_N026_C21,doe,C21,N026,11.313708499,11.313708499,230,400,60,0.001,0.0001,0.08,0.1,2e-07,10000,0,1,12,0,0,0,0,False,800,15,18,4,7,1.6e-05,1.21707870129,11.3096646895,0.137647520124,0.286765666924,11.3155273469,16.7186508179,0.0592432402128,11.2548085741,11.3642560135,-0.058899924917,0.0505475145326,0.32,1830.42083665,1830.42083665,-1848.22077277,1840,-1840,0,0,0,0.00100922638259,-0.172922834754,60,0.5,0.75,True,True,True,True,True,True,True,11.3096646895,0.00463384060121,0.0668667346665,0.0134975736875,0.0398717315718,0.00831584505992,0.0245349389921,0.006787141603,0.0761236476069,0.00277698388098,0.0517846316935,0.00114427716079,0.0422902878125,0.00234224291967,0.0304481969284,0.00196278775666,0.0193974056417,0.00107760173323,0.0113245368187,0.00067402317675,0.00946051591373,0.000821621987219,0.00726569333957,0.000549047236006,0.00266783420388,0.000179552761033,0.00153208314112,0.000109629555287,0.00208525833259,0.000184951633664,0.00111103215423,0.000356231219122,0.00451893300176,0.000586465531022,0.00574861560086,0.000598814415678,0.00451866849306,0.000694746086998,0.00378837401375,0.000802312803521,46875,46875,46874,90,829d4962b0827da479bc1fe549fa758068f8dce2533640e74e0262e4a0261802,933653
doe_N030_C21,doe,C21,N030,22.627416998,-22.627416998,230,400,60,0.001,0.0001,0.08,0.1,2e-07,10000,0,1,12,0,0,0,0,False,800,15,18,4,7,1.6e-05,0.70914706439,22.6234025223,0.160433194852,0.334235822608,22.6262891267,32.6695137024,0.058230602047,22.720453334,-22.5259335804,0.0930363360249,0.101483417566,0.64,3695.13092354,3695.13092354,3663.49528907,3680,3680,0,0,0,0.00333527141079,-0.172922834754,60,0.5,0.75,True,True,True,True,True,True,True,22.6234025223,0.0023209591704,0.0675815942739,0.0160018945119,0.0414332728288,0.00710704576704,0.0262193937779,0.00641609289692,0.0854859888387,0.00300049940256,0.0634795589701,0.000170821501846,0.0508735540425,0.0012065311386,0.039139591214,0.00182290564917,0.0307543927764,0.0014602279915,0.0239868095237,0.00105457039484,0.0212704653121,0.000821280506618,0.018372288594,0.000793612914898,0.0138309845118,0.000915899819559,0.0115616361762,0.000698976665369,0.0103899651919,0.00067333090954,0.00859691315028,0.000391984728132,0.00670340662542,0.000544718202364,0.00534080221633,0.00056263551298,0.00489635457353,0.000343971849778,0.00449502601753,0.000206221308975,46875,46875,46874,90,54dd4b6ce99609b5edf46d8c692a13424bf61550305b35cd9976333302825636,939514
doe_N033_C21,doe,C21,N033,22.627416998,0,230,400,60,0.001,0.0001,0.08,0.1,2e-07,10000,0,1,12,0,0,0,0,False,800,15,18,4,7,1.6e-05,1.02266380568,15.9943699468,0.163568632393,0.340767984152,15.9986626996,23.0500240326,0.0622360344294,22.6192288869,0.101116546073,-0.0081881110798,0.101116546073,0.452548339959,3678.66833016,3678.66833016,-16.4450449463,3680,-0,0,0,0,0.00178111747942,-0.172922834754,60,0.5,0.75,True,True,True,True,True,True,True,15.9943699468,0.00269559846432,0.0579045253192,0.0171990035364,0.0343316517895,0.00780665961421,0.0256454814488,0.00482281291871,0.0884354805706,0.00327481217845,0.0680497904314,0.00169992038821,0.0516820548315,0.00159664673282,0.0419713791535,0.000910304858857,0.0348065668054,0.000705558305539,0.0291028010037,0.000420368231943,0.0243524442702,0.000582184985863,0.0204968975336,0.00017509758518,0.017560542519,0.000375270768834,0.0157386013911,0.000195592382303,0.0134230525949,0.000231654619522,0.0117672635983,0.000160643663367,0.0106663380701,0.000206344261567,0.00950694056854,5.83174235414e-05,0.00837918533533,0.000107449867042,0.00740393577908,6.19264090575e-05,46875,46875,46874,90,834a6f229c423584ac8730b447b9fa3233b1a7537c174691dab6aed8eae7554d,947448
doe_N036_C21,doe,C21,N036,22.627416998,22.627416998,230,400,60,0.001,0.0001,0.08,0.1,2e-07,10000,0,1,12,0,0,0,0,False,800,15,18,4,7,1.6e-05,0.711459672957,22.623440254,0.160956654043,0.335326362589,22.6265532209,32.6851844788,0.0611112811175,22.5178554784,22.7285345437,-0.109561519538,0.101117545729,0.64,3662.18151051,3662.18151051,-3696.44520752,3680,-3680,0,0,0,0.00368277616203,-0.172922834754,60,0.5,0.75,True,True,True,True,True,True,True,22.623440254,0.00454818653581,0.0682607302492,0.014789547886,0.0406029412448,0.0072741920656,0.0263322085492,0.00596829061692,0.0854576730857,0.00278735753843,0.0624246873469,0.000186468457636,0.0519272271106,0.00174068600767,0.0417628427997,0.00177830116826,0.0313739110965,0.00143562443585,0.0236413876134,0.000859476290528,0.0201105627336,0.00101858680837,0.0192582332951,0.000843919495451,0.0142124703418,0.000897605766431,0.0101564527225,0.000692951428956,0.00947024103256,0.00076901047567,0.0097247917795,0.000590211627502,0.00720548003231,0.000336253508492,0.00441651089511,0.000473584249811,0.00371267373206,0.000520892820698,0.00474491231121,0.000308381198231,46875,46875,46874,90,c4be56343b8b125c6707f53bff9cf221578312ec843cf0a000af2ff7293f85a1,935786
doe_N014_C22,doe,C22,N014,5.65685424949,-5.65685424949,230,400,60,0.001,0.0001,0.08,0.1,2e-07,10000,0,1,12,0,0,0,0,False,800,15,18,8,3,1.6e-05,3.29012444485,5.65295528388,0.185989263651,0.387477632607,5.66571549094,8.71955680847,0.0527360282742,5.67371436966,-5.63211968398,0.0168601201682,0.0247345655163,0.3,922.74203822,922.74203822,915.977304829,920,920,0,0,0,0.00286640477717,-0.172922834754,60,0.5,0.75,True,True,True,True,True,True,True,5.65295528388,0.00648054764351,0.0639581727471,0.0148482081522,0.140595345404,0.0059470676256,0.0790318507163,0.00762903643589,0.0410922898618,0.00393879118209,0.0172288091168,0.000638019598307,0.00417777384167,0.000836520508587,0.00614450793616,0.000701611983217,0.0127295447407,0.00230172784091,0.0179694366309,0.00295469903718,0.0184887137814,0.00334153360746,0.0174096678948,0.00343865260763,0.0167406600244,0.00329363720489,0.0155800332164,0.00330315939756,0.0122906607215,0.00267547884863,0.00972349161492,0.00253907432452,0.00743419408506,0.00179535580245,0.00562424921593,0.0013760078264,0.00335054544244,0.000471873947203,0.000371143862851,0.000239191649902,46875,46875,46874,90,8b900963ebbd9b2bd9976742f2c30faddcec5ee3c8d05be19fe43903486f393c,933079
doe_N015_C22,doe,C22,N015,5.65685424949,0,230,400,60,0.001,0.0001,0.08,0.1,2e-07,10000,0,1,12,0,0,0,0,False,800,15,18,8,3,1.6e-05,5.0081696698,3.99424770214,0.200038701955,0.41674729574,4.01318094476,6.04465246201,0.059167916189,5.64866323587,0.0251606790459,-0.00819101362194,0.0251606790459,0.3,918.667858106,918.667858106,-4.0919959577,920,-0,0,0,0,0.00183997891314,-0.172922834754,60,0.5,0.75,False,True,True,True,True,True,False,3.99424770214,0.00480301771767,0.0556959908655,0.0209535884537,0.145866913803,0.00839102300188,0.0935528114309,0.00569876312239,0.0614830098599,0.00272895447117,0.0399107540027,0.00217715691517,0.0241693248027,0.00108542735915,0.0143082947048,0.000548954048056,0.00911584299666,0.00102414840349,0.00384794773638,0.000283397392126,0.0024577166074,0.00111555784045,0.00227003930527,0.000777233474595,0.00254919105414,0.000945751560116,0.00281828449032,0.000907675967739,0.00235345458635,0.000599414524933,0.00217243733913,0.000882553074876,0.00133591714287,0.000298241082586,0.000844968967493,0.000651778312534,0.000299299812859,0.000198645382254,0.000844927836428,0.000282905307926,46875,46875,46874,90,8d1b36357cf1fc8c225d598bb22d924e2f51118ef666853d7084943a5aa4a2b1,935509
doe_N016_C22,doe,C22,N016,5.65685424949,5.65685424949,230,400,60,0.001,0.0001,0.08,0.1,2e-07,10000,0,1,12,0,0,0,0,False,800,15,18,8,3,1.6e-05,3.29554162959,5.6528715819,0.186292736249,0.388109867186,5.66585705373,8.69504261017,0.0539533856461,5.62365080826,5.68194208257,-0.0332034412289,0.0250878330824,0.3,914.599972956,914.599972956,-924.080148687,920,-920,0,0,0,0.00364650894398,-0.172922834754,60,0.5,0.75,True,True,True,True,True,True,True,5.6528715819,0.00684703159649,0.0647784861053,0.0146010901372,0.140082929472,0.0100791823321,0.0800237174991,0.00755861388786,0.0393960715981,0.00247095335935,0.0166103875212,0.000242241382878,0.00687125305789,0.000440720853821,0.00530661602819,0.00123124619789,0.0145334299799,0.00237478157982,0.0186015610263,0.00268200053008,0.0173248882891,0.0028848216816,0.0170200826789,0.00332588753109,0.0186609531936,0.00330912351985,0.0160603636467,0.00296776266998,0.0105304628081,0.00266761835163,0.00921568059462,0.00248533861117,0.00915331504934,0.00184374466751,0.0064085321517,0.00117280252665,0.00243670238379,0.000681296291741,0.00111034878742,0.000345757732105,46875,46875,46874,90,c2c89ab1018e536afb8ce770ffb9db0ad26ce4c22ad7696fdda94a4ff8afacf6,925122
doe_N022_C22,doe,C22,N022,11.313708499,-11.313708499,230,400,60,0.001,0.0001,0.08,0.1,2e-07,10000,0,1,12,0,0,0,0,False,800,15,18,8,3,1.6e-05,2.00779610201,11.3095379425,0.227072461965,0.473067629093,11.3166187774,16.6629142761,0.0564219761034,11.3556950323,-11.2631917003,0.0419865333312,0.0505167986899,0.32,1846.82846136,1846.82846136,1831.78422269,1840,1840,0,0,0,0.00221903719355,-0.172922834754,60,0.5,0.75,True,True,True,True,True,True,True,11.3095379425,0.00440553329982,0.066600627466,0.0165840332915,0.160674945997,0.00713093286188,0.104455200542,0.00677275059235,0.0707470768752,0.00401753735049,0.0489889005443,0.00123000077686,0.0366377230052,0.00191483024108,0.0250462038037,0.00207655414623,0.0169334005976,0.00125291492862,0.00979353761677,0.000753334082915,0.00731942570511,0.000638813787352,0.00423383886012,0.000274000762025,0.000538706569694,0.000188800778149,0.00251892552954,0.000437652378794,0.00300239488218,0.000528173607371,0.00396862695841,0.000640698196348,0.00494491922305,0.000964004888232,0.00594371230839,0.000936872051113,0.00562214231869,0.000925029166303,0.00479482609994,0.00114607292504,46875,46875,46874,90,fd94d563c8868e93a0499ae79c243e1cf0e526a4007dab0f9e7655ac3f256854,940217
doe_N024_C22,doe,C22,N024,11.313708499,0,230,400,60,0.001,0.0001,0.08,0.1,2e-07,10000,0,1,12,0,0,0,0,False,800,15,18,8,3,1.6e-05,3.01513592206,7.99392708582,0.241027767148,0.502141181557,8.00452071913,11.6973428726,0.061815171843,11.3050072205,0.0505198207557,-0.00870127853353,0.0505198207557,0.3,1838.5848714,1838.5848714,-8.21626880335,1840,-0,0,0,0,0.00181022322639,-0.172922834754,60,0.5,0.75,True,True,True,True,True,True,True,7.99392708582,0.00358052043961,0.0574791540158,0.0196642374462,0.15917262347,0.00836882654858,0.110842496113,0.00444311849352,0.0815140105643,0.00269648407404,0.0618802505482,0.00172872962308,0.0465394073396,0.00138862533474,0.0368599829539,0.00101136322479,0.0305444095479,0.000579330330186,0.024065155987,0.000663670069737,0.0200310932076,0.000503294991411,0.0155634050396,0.00043731505965,0.012837915775,0.000260728916888,0.0109924422045,0.000436750009514,0.00884604516182,0.000390179486941,0.00706687760676,0.000372946960523,0.00620412736124,0.000351208702045,0.00490374957599,0.000250817640255,0.00432183616019,0.000371804034025,0.00387826359803,0.000185065626385,46875,46875,46874,90,c84f3c00ab0553fa0f1fa4542170703a057efb9fe52f1cde355af42d5dd16a6d,948608
doe_N026_C22,doe,C22,N026,11.313708499,11.313708499,230,400,60,0.001,0.0001,0.08,0.1,2e-07,10000,0,1,12,0,0,0,0,False,800,15,18,8,3,1.6e-05,2.01046278728,11.3094064139,0.227371407414,0.473690432112,11.316706381,16.6566257477,0.0582996171496,11.254516832,11.3640308759,-0.0591916669876,0.0503223769034,0.32,1830.3733893,1830.3733893,-1848.18415761,1840,-1840,0,0,0,0.00240806425221,-0.172922834754,60,0.5,0.75,True,True,True,True,True,True,True,11.3094064139,0.00517270431126,0.0670374256209,0.0159611588754,0.159856290266,0.00926047921203,0.105612284253,0.00645414925442,0.0701248843842,0.00313158803869,0.0479814727552,0.00125648920262,0.0386721736675,0.00237650730515,0.0270201017224,0.00196105355051,0.0167577175102,0.000985525084702,0.00895948170369,0.000859164221594,0.00735365142512,0.000721227012344,0.00511560346066,0.000257913873255,0.00188310436984,0.000265241210972,0.0035419985188,0.000366683238554,0.00284376445873,0.00035398665623,0.00294186876223,0.000695075680321,0.00586889440192,0.000991399451032,0.00701125299869,0.000900239567318,0.00582536630353,0.000914639898466,0.00467313934176,0.00114666159645,46875,46875,46874,90,122d49bc3b6ada7115c370cd4bb9d4263058a15d6c5521e686e30dd85348cff9,932142
doe_N030_C22,doe,C22,N030,22.627416998,-22.627416998,230,400,60,0.001,0.0001,0.08,0.1,2e-07,10000,0,1,12,0,0,0,0,False,800,15,18,8,3,1.6e-05,1.10445901112,22.6240534885,0.249873397433,0.520569577985,22.6277543257,32.6371765137,0.0586188114743,22.7201973427,-22.527499311,0.0927803447423,0.0999176869952,0.64,3695.08929051,3695.08929051,3663.74993097,3680,3680,0,0,0,0.00479945422667,-0.172922834754,60,0.5,0.75,True,True,True,True,True,True,True,22.6240534885,0.00210074974783,0.0677668788068,0.01834665302,0.166914757474,0.00711995704681,0.113265143066,0.00511626152678,0.0806013253428,0.00298123225804,0.0608626379761,0.000531723928062,0.0488025642024,0.00174083777327,0.0377168809866,0.0015133809018,0.0295803322326,0.00125195055252,0.0231147073448,0.000915930031342,0.0204426973879,0.00109941922142,0.0176625654295,0.000874180847651,0.0133690336609,0.000569127758287,0.0111049363604,0.000751267139401,0.0098987834432,0.0010001431233,0.00821913422229,0.000512715952241,0.00624425520993,0.000441619980207,0.00507100165147,0.000506238769206,0.00453155355625,0.000525715232426,0.00424409962149,0.000340698467926,46875,46875,46874,90,45500a5495c29561c6528bf7e0f551283431bfefdf263924d9451e76ff7150a2,939734
doe_N033_C22,doe,C22,N033,22.627416998,0,230,400,60,0.001,0.0001,0.08,0.1,2e-07,10000,0,1,12,0,0,0,0,False,800,15,18,8,3,1.6e-05,1.55537611042,15.9941654607,0.248769428637,0.518269642993,15.9995555126,23.0057029724,0.0624494362238,22.6189350677,0.102146812924,-0.00848193023374,0.102146812924,0.452548339959,3678.62054501,3678.62054501,-16.6126019419,3680,-0,0,0,0,0.00232279265358,-0.172922834754,60,0.5,0.75,True,True,True,True,True,True,True,15.9941654607,0.00273746810674,0.0575797560308,0.0191714389882,0.159276014444,0.00791012886197,0.113256215181,0.00344237103734,0.0841025277866,0.00224146424388,0.0657436943902,0.000918970134103,0.0506616601766,0.0011796033906,0.0417385100604,0.000541999188038,0.0347921772635,0.000700476327098,0.0290096172565,0.000271806315162,0.0243908293584,0.000462384768204,0.0203857101948,0.000131793159965,0.0171968559636,0.000224238210826,0.0152963770682,0.000196303594415,0.0131900585738,9.19817213323e-05,0.0113994855876,0.000258756926294,0.0104759628688,4.03538306007e-05,0.00911827759619,0.00021482978885,0.0083066089013,0.000114965932448,0.00739533765854,0.000115278876823,46875,46875,46874,90,c0935be84f0840869ba8d62250102f27455c55c2eec9b84d4ad67f6ac36fd0ad,947332
doe_N036_C22,doe,C22,N036,22.627416998,22.627416998,230,400,60,0.001,0.0001,0.08,0.1,2e-07,10000,0,1,12,0,0,0,0,False,800,15,18,8,3,1.6e-05,1.1048421473,22.6234069367,0.249952934993,0.520735281234,22.627325235,32.6333808899,0.0611222298069,22.517980696,22.7283441593,-0.109436301926,0.100927161335,0.64,3662.20187522,3662.20187522,-3696.41424444,3680,-3680,0,0,0,0.00530016236736,-0.172922834754,60,0.5,0.75,True,True,True,True,True,True,True,22.6234069367,0.00478770395178,0.0682516708363,0.0170181754067,0.165672504016,0.00764346615879,0.115038558851,0.00544214364536,0.0803505242243,0.00257182135165,0.059153447331,0.000297491034427,0.0499232415021,0.00175115333161,0.0402053589042,0.0019168158121,0.0299515249729,0.00119313278999,0.0222529811953,0.000994597942446,0.0191788477639,0.000942004927699,0.0187315581776,0.00104975209747,0.0138768931273,0.000566144387728,0.00938268753797,0.000621038745482,0.00887815927095,0.000787987529213,0.00924292845852,0.000529135841775,0.00701126148277,0.000353369900302,0.00399563575065,0.000342165962679,0.00337954605717,0.000492217989461,0.00443636639463,0.00045294298284,46875,46875,46874,90,d1681a666ecb577cbae222a99bc2376ae1a788b70648627d92f7fe3b0352e745,933092
doe_N014_C23,doe,C23,N014,5.65685424949,-5.65685424949,230,400,60,0.001,0.0001,0.08,0.1,2e-07,10000,0,1,12,0,0,0,0,False,800,15,18,8,5,1.6e-05,2.37584738852,5.65281948761,0.134302364174,0.279796592029,5.6641226889,8.80793952942,0.0533711886136,5.67355034285,-5.63201232475,0.0166960933529,0.0248419247431,0.3,922.715361791,922.715361791,915.959844508,920,920,0,0,0,0.00148639369614,-0.172922834754,60,0.5,0.75,True,True,True,True,True,True,True,5.65281948761,0.0059066856239,0.0643402668801,0.0123035699316,0.0359397007123,0.00581655994476,0.0863786379712,0.00770325009409,0.0481319028935,0.0042386257528,0.0229724938138,0.00129699278867,0.0097191393333,0.000493958053979,0.00150830393114,0.000185047278087,0.00953818654031,0.0016244040258,0.0153597984402,0.00205966889605,0.0162893169962,0.0028828817562,0.0157215998671,0.00277964035469,0.0162877229471,0.00330030322244,0.0163790381844,0.00299060492083,0.0134932763642,0.00283183696931,0.0105836210415,0.0023673040875,0.00883171153123,0.00220060843868,0.00760092782925,0.00169912012762,0.0054757655056,0.00116936043615,0.0023032945711,0.000643297206037,46875,46875,46874,90,75a45f0252bc0d688ddebf09eb07b57e666566163e5df66cf84de612c2e6e2a0,932576
doe_N015_C23,doe,C23,N015,5.65685424949,0,230,400,60,0.001,0.0001,0.08,0.1,2e-07,10000,0,1,12,0,0,0,0,False,800,15,18,8,5,1.6e-05,3.85596471898,3.99459798744,0.154030289061,0.320896435543,4.01151266868,6.22040557861,0.0599800269124,5.64915681637,0.0255622100736,-0.00769743312361,0.0255622100736,0.3,918.748131353,918.748131353,-4.15729877958,920,-0,0,0,0,0.00144812475119,-0.172922834754,60,0.5,0.75,True,True,True,True,True,True,True,3.99459798744,0.00491288146721,0.0559636519183,0.0188054226109,0.0313219735752,0.00972761112252,0.101367271757,0.00532886619346,0.0694026325155,0.00323174979244,0.0484061424637,0.00192838599951,0.0303253970663,0.00138998108683,0.0209894783475,0.000693590544454,0.0135006172348,0.000554987148843,0.00814324645605,0.000546735884006,0.00454343390896,0.000578229392024,0.00160639735365,0.000664800515948,0.00163146492788,0.000527944639092,0.00167226985706,0.000768241206644,0.00237268268866,0.000541544317573,0.00212427808767,0.000726893624079,0.00213470063697,0.000468676694596,0.00149928438282,0.000575980110544,0.00108705797603,0.000342663250675,0.000518467038272,0.000401991346163,46875,46875,46874,90,78a6e9a3eb1a1ab9a0c26afab540b1fa2129e54c17e1e879f6c6d786ae8a45cd,940176
doe_N016_C23,doe,C23,N016,5.65685424949,5.65685424949,230,400,60,0.001,0.0001,0.08,0.1,2e-07,10000,0,1,12,0,0,0,0,False,800,15,18,8,5,1.6e-05,2.37927698691,5.65297639323,0.1344999664,0.280208263333,5.66451230848,8.84938621521,0.0553151268311,5.62362246375,5.6821786834,-0.0332317857424,0.0253244339126,0.3,914.595363159,914.595363159,-924.118628158,920,-920,0,0,0,0.00341464434081,-0.172922834754,60,0.5,0.75,True,True,True,True,True,True,True,5.65297639323,0.00629206468703,0.0650959089714,0.0116139931574,0.0349583493349,0.0114853856419,0.086397851007,0.00784354307787,0.0465108438554,0.00204390346239,0.0224704988534,0.00102193550224,0.0120530847619,0.000644880403353,0.00263007041765,0.000837758817466,0.0114014352779,0.00196263336385,0.0154551090176,0.00180320048547,0.0152988751917,0.00253549957558,0.0157154117023,0.00293530452336,0.0183092892108,0.00306473340208,0.0164846732361,0.00260380936818,0.0117638018345,0.00285913390493,0.0102892798928,0.00267860096976,0.0108339905462,0.00227940618518,0.00798697198188,0.00144221158891,0.00438259769495,0.00123353482617,0.00254547019575,0.00101395816983,46875,46875,46874,90,4e5f9a0744870dd9c683a71e99480174cf8f972dddf80862c9c83cbb5410f3d6,926085
doe_N022_C23,doe,C23,N022,11.313708499,-11.313708499,230,400,60,0.001,0.0001,0.08,0.1,2e-07,10000,0,1,12,0,0,0,0,False,800,15,18,8,5,1.6e-05,1.52259505718,11.3097699409,0.172201998098,0.358754162704,11.3158851384,16.8020381927,0.0573315756813,11.3557828712,-11.2635690442,0.0420743722198,0.0501394547664,0.32,1846.842747,1846.842747,1831.84559185,1840,1840,0,0,0,0.00217217085948,-0.172922834754,60,0.5,0.75,True,True,True,True,True,True,True,11.3097699409,0.00334431013936,0.0669703960085,0.0139867332056,0.0398017500167,0.0066051345514,0.108450349309,0.00709170431543,0.0755145941037,0.00412299000973,0.0528210204909,0.00178202124762,0.0395188553281,0.00172112184934,0.0273459383816,0.00201561779858,0.0184585827942,0.00114261269411,0.0114975741224,0.00114352793049,0.00846210022433,0.000636806194296,0.00526640439444,0.000329024683987,0.00139780803179,0.00015638593474,0.00158534905891,0.000148984790083,0.00238901540809,0.000293638677804,0.0030552225903,0.000603950057601,0.00455560432686,0.000936604788198,0.00548374795817,0.000723149749663,0.00497204558018,0.000699443371598,0.00433139967647,0.00112405223927,46875,46875,46874,90,4ada5f9448f87d75fdaf39fbf0b6e03146b37f8ee7d99f3e3225a86d1a385cd4,940458
doe_N024_C23,doe,C23,N024,11.313708499,0,230,400,60,0.001,0.0001,0.08,0.1,2e-07,10000,0,1,12,0,0,0,0,False,800,15,18,8,5,1.6e-05,2.4022767108,7.99466968117,0.192054087856,0.400112683034,8.00393729477,11.8766736984,0.0615927388925,11.3060581038,0.0503664251188,-0.00765039523298,0.0503664251188,0.3,1838.75578134,1838.75578134,-8.19132137149,1840,-0,0,0,0,0.00266334351306,-0.172922834754,60,0.5,0.75,True,True,True,True,True,True,True,7.99466968117,0.00348998617959,0.0574695292317,0.0181990887711,0.0341381640352,0.00915876090289,0.114777790424,0.0048106268446,0.0854953507187,0.00288703174139,0.0660865464955,0.00192347199249,0.0491887702482,0.00136457174376,0.0395086963379,0.00102486297501,0.0322975439793,0.000665362420436,0.0264129368967,0.000531670621117,0.0216561530224,0.000320034874378,0.0172662239641,0.000325025124414,0.0136470251709,0.000379124005187,0.0120949773769,0.00039860769147,0.00973791791076,0.000353451308333,0.00800936615729,0.000275623222628,0.0064251922423,0.000195543322575,0.00539073130664,0.000239810736451,0.00530519683763,0.000216384578986,0.00451582503509,0.000315372702968,46875,46875,46874,90,e0928d1891e3dae4ad821ff30dae151ccce81234c099b49d5c1c8cc3a2f55e7c,951147
doe_N026_C23,doe,C23,N026,11.313708499,11.313708499,230,400,60,0.001,0.0001,0.08,0.1,2e-07,10000,0,1,12,0,0,0,0,False,800,15,18,8,5,1.6e-05,1.52986908807,11.3100586883,0.173029091715,0.360477274406,11.3164023102,16.836025238,0.0586709085692,11.2554188064,11.3644358662,-0.0582896925587,0.0507273671873,0.32,1830.52008152,1830.52008152,-1848.25002303,1840,-1840,0,0,0,0.00313040191318,-0.172922834754,60,0.5,0.75,True,True,True,True,True,True,True,11.3100586883,0.00507951038129,0.0672347174371,0.0139999345011,0.0390665986386,0.0107995807732,0.109719864067,0.0072139424132,0.0742011541995,0.00287674505173,0.0512164973053,0.00135479484044,0.0415463713919,0.00246494761657,0.0299395392211,0.00223826177815,0.0178051568553,0.00103140395047,0.0104704018929,0.00066700259059,0.00822495859755,0.0006412676735,0.00639156653737,0.000468905328794,0.00189752112452,0.00015707155487,0.00303568114049,0.000111553217042,0.00300789987833,0.000280366518541,0.00182874730218,0.000615139692364,0.00577941310328,0.000800398276166,0.00683178833852,0.0007225405157,0.0053295767819,0.000721340094376,0.00407715079626,0.0010213825747,46875,46875,46874,90,14648acb7a05a3f86927eea32d8a03688e01985ae3b1a2d1370cc11be7b67703,932002
doe_N030_C23,doe,C23,N030,22.627416998,-22.627416998,230,400,60,0.001,0.0001,0.08,0.1,2e-07,10000,0,1,12,0,0,0,0,False,800,15,18,8,5,1.6e-05,0.869316612591,22.6234899961,0.196669756884,0.409728660174,22.6266649462,32.7894096375,0.0588370160462,22.7202529273,-22.5263114185,0.092835929348,0.101105579484,0.64,3695.09833049,3695.09833049,3663.5567386,3680,3680,0,0,0,0.00330807375543,-0.172922834754,60,0.5,0.75,True,True,True,True,True,True,True,22.6234899961,0.00156476386937,0.0676553362353,0.0152553095155,0.0413434742177,0.00774360905139,0.11647624881,0.00537612264599,0.0850555774323,0.00323557126483,0.0639326159591,0.000961352188588,0.05154224105,0.00161602630326,0.0393736177155,0.00166268348445,0.0309646037085,0.000812423102918,0.0240786740894,0.00121961116222,0.0214361117886,0.00131253604399,0.0183803432095,0.000941588523154,0.01391641071,0.000624782629925,0.0113635402245,0.000836945624019,0.0103581460673,0.000896432513683,0.00845392220404,0.000685660616386,0.0064446969761,0.000340003995753,0.00516561202054,0.000615282037524,0.00477142119825,0.000562578427042,0.00444448530588,0.000258356291554,46875,46875,46874,90,470ac787cd017d948f7234443ee9dd1d7a0a32e11c9c2e919d8d7fc22049cc93,940509
doe_N033_C23,doe,C23,N033,22.627416998,0,230,400,60,0.001,0.0001,0.08,0.1,2e-07,10000,0,1,12,0,0,0,0,False,800,15,18,8,5,1.6e-05,1.25651750238,15.9940321637,0.200967813474,0.418682944737,15.998752175,23.1757564545,0.0625610209739,22.6187479421,0.101839269844,-0.00866905583993,0.101839269844,0.452548339959,3678.59011192,3678.59011192,-16.5625848084,3680,-0,0,0,0,0.00204246175243,-0.172922834754,60,0.5,0.75,True,True,True,True,True,True,True,15.9940321637,0.00216644591261,0.0575196911811,0.0178455507666,0.0350914291292,0.00861687223285,0.116496421821,0.00460550345982,0.0889280727004,0.00249606713474,0.0690770318006,0.00121127035054,0.0532178268526,0.000864745154429,0.0428681938053,0.000655489954464,0.0359441567688,0.0001863964776,0.0296561358861,3.95246930339e-05,0.0251272654621,9.84003468893e-05,0.0210969121849,5.63971574518e-05,0.0179811010008,0.000120386622399,0.0159439848504,0.000137671883012,0.0139295721757,0.000137541299419,0.0120292260622,3.88577366482e-05,0.010645872072,0.000117114933238,0.00941135236604,2.74851575526e-05,0.00862447121063,0.000137397493021,0.00767691834104,0.000128901950656,46875,46875,46874,90,ad629cdbaff868617d7c5b1b29a86815f671356f36b68d48c816067f4e771267,947575
doe_N036_C23,doe,C23,N036,22.627416998,22.627416998,230,400,60,0.001,0.0001,0.08,0.1,2e-07,10000,0,1,12,0,0,0,0,False,800,15,18,8,5,1.6e-05,0.872339739026,22.6237983025,0.197356383069,0.411159131395,22.6271981095,32.8152961731,0.0612231148629,22.5182929692,22.7288138937,-0.10912402874,0.101396895718,0.64,3662.25266164,3662.25266164,-3696.49063949,3680,-3680,0,0,0,0.00331940161261,-0.172922834754,60,0.5,0.75,True,True,True,True,True,True,True,22.6237983025,0.00495257533773,0.0672112195407,0.0147062589218,0.0408491066122,0.00943567387268,0.117637146294,0.00581832506724,0.085226166634,0.00223179613086,0.0620721528973,0.000596410178845,0.0526242769348,0.00209123547701,0.0421313908777,0.00190003556976,0.0315698507314,0.00102360967546,0.0232300257926,0.00100161560432,0.0199806462154,0.00108896266281,0.0190596400116,0.00131074432375,0.0145177471829,0.000585138688947,0.00968888162483,0.000451700829976,0.00924213415613,0.000621314980641,0.00952779759268,0.000836614220281,0.00718700691488,0.000373142875125,0.00404293559993,0.00038831456494,0.00355882876023,0.000389370681046,0.00443646803923,0.000472384120291,46875,46875,46874,90,39dd029c0dba7d54afab470d24d92d4b67d9c54e4411562a38d3cff069f7955c,935208
doe_N014_C24,doe,C24,N014,5.65685424949,-5.65685424949,230,400,60,0.001,0.0001,0.08,0.1,2e-07,10000,0,1,12,0,0,0,0,False,800,15,18,8,7,1.6e-05,1.93783880732,5.65272951595,0.109540786233,0.228209971319,5.66350252777,8.77288627625,0.0539481025836,5.6735010226,-5.63188140034,0.0166467731126,0.0249728491551,0.3,922.707340615,922.707340615,915.938551674,920,920,0,0,0,0.00257868369331,-0.172922834754,60,0.5,0.75,True,True,True,True,True,True,True,5.65272951595,0.00530868674909,0.0648362473302,0.0120384263378,0.0363385277473,0.00609377361579,0.0199477298195,0.00822867004379,0.0548960008861,0.00523751475955,0.0287661993316,0.00133906750791,0.014036955656,0.000363895823033,0.00142661197474,0.000531543045101,0.00635272711145,0.00128661776183,0.0126609112042,0.00185378092743,0.014172752649,0.00231346006823,0.0146018777683,0.00264379075563,0.0154763804498,0.00275894844816,0.0159125690051,0.00288524547729,0.0136971919279,0.00263135501427,0.0117668917007,0.00259903000361,0.0102069433657,0.00219093415737,0.00857055253339,0.00199390266414,0.00670238344147,0.00138034831639,0.00377854355934,0.00110140068415,46875,46875,46874,90,4892570c492f71e80baeee7f9d3ed52bd5e8c0e546e8be8bec58f8010aa6e508,931740
doe_N015_C24,doe,C24,N015,5.65685424949,0,230,400,60,0.001,0.0001,0.08,0.1,2e-07,10000,0,1,12,0,0,0,0,False,800,15,18,8,7,1.6e-05,3.24128442353,3.9936998878,0.129447172386,0.269681609137,4.00975031024,6.09896278381,0.0600469100543,5.64788792006,0.0252909096679,-0.00896632942996,0.0252909096679,0.3,918.541764961,918.541764961,-4.11317595757,920,-0,0,0,0,0.00270374492244,-0.172922834754,60,0.5,0.75,True,True,True,True,True,True,True,3.9936998878,0.00428974068407,0.0555219819111,0.0186820049949,0.0326341611134,0.00840706110626,0.0223515294903,0.00636510236889,0.0784575035068,0.00299162040892,0.0540537712024,0.00252056630566,0.0365141472881,0.00105764753352,0.0249725046522,0.0011369868735,0.0188694825907,0.000999486523325,0.0111764274994,0.000304387378243,0.00762444170968,0.000963767681126,0.00358140502241,0.000210721219101,0.00202123920328,0.000664973760725,0.0017917491304,0.000631563596194,0.00131385205609,0.000592419235275,0.00185424890579,0.000705888836193,0.00178422133703,0.000419357474933,0.00172159911956,0.000755828109826,0.00140435436339,0.000414181788127,0.00111119790685,0.000507904461468,46875,46875,46874,90,a5a3e51cde6239b6e6b01206bd31497c3390b487875f7daf0cd195ee55ddeb69,934483
doe_N016_C24,doe,C24,N016,5.65685424949,5.65685424949,230,400,60,0.001,0.0001,0.08,0.1,2e-07,10000,0,1,12,0,0,0,0,False,800,15,18,8,7,1.6e-05,1.93377750001,5.65305293343,0.10931746569,0.227744720188,5.66404636311,8.7606086731,0.0550019230841,5.62355246417,5.68240025158,-0.0333017853249,0.0255460020903,0.3,914.583978807,914.583978807,-924.154662801,920,-920,0,0,0,0.00243017235781,-0.172922834754,60,0.5,0.75,True,True,True,True,True,True,True,5.65305293343,0.00615680352961,0.065216805149,0.0118253455346,0.0357855036583,0.00981328720848,0.0194524982653,0.0089312941931,0.0529988773652,0.00214546291741,0.0279464275758,0.00103475291715,0.0166350514359,0.00138422949867,0.00407555688389,0.00109962832123,0.0083633299342,0.00156659047996,0.0134004172878,0.00157569024291,0.0130906411493,0.00209539805496,0.0139790252192,0.00269089887356,0.0173102335794,0.00284812317343,0.0164636074036,0.00257538654759,0.0120699672702,0.00246798199332,0.0111373790971,0.00261786426022,0.0120010220747,0.00221101194333,0.00941611048969,0.00180189351971,0.0056070131278,0.00148989254639,0.00389186862511,0.00128196781146,46875,46875,46874,90,e858f5b4a8e60e586c22725a186a3c6b028202fbb6b1546461afee53cf9a3763,925859
doe_N022_C24,doe,C24,N022,11.313708499,-11.313708499,230,400,60,0.001,0.0001,0.08,0.1,2e-07,10000,0,1,12,0,0,0,0,False,800,15,18,8,7,1.6e-05,1.25294904515,11.3097795298,0.141705774627,0.295220363806,11.3154698123,16.7154827118,0.0573450163225,11.3562052657,-11.2631624329,0.0424967667157,0.0505460660811,0.32,1846.91144294,1846.91144294,1831.7794628,1840,1840,0,0,0,0.0017843729469,-0.172922834754,60,0.5,0.75,True,True,True,True,True,True,True,11.3097795298,0.00356513407527,0.0667353588389,0.0144202300857,0.0399482805422,0.00726409982592,0.0244932499151,0.00719731317892,0.0797102471706,0.00467871638441,0.0568898366511,0.00144543414954,0.0424760837002,0.0016587649443,0.0297338007609,0.00201304920405,0.020409392414,0.00133689881166,0.0123894630927,0.000699240553521,0.00938461002488,0.000718867346985,0.00640775588891,0.000451720065783,0.00250439083192,6.55172389431e-05,0.000818017777623,6.87681978564e-05,0.00143671501376,0.000329320855997,0.00260727548882,0.000506860738188,0.00384432815301,0.000680353796262,0.00469283686492,0.000609873510104,0.0046495080309,0.000725574749273,0.00420771018151,0.000895911686095,46875,46875,46874,90,e362a733ba1d7d67c9a0e2ac437f920dbde119fad660095aae7676816f4b3975,937859
doe_N024_C24,doe,C24,N024,11.313708499,0,230,400,60,0.001,0.0001,0.08,0.1,2e-07,10000,0,1,12,0,0,0,0,False,800,15,18,8,7,1.6e-05,2.06056959454,7.99358764485,0.164713436523,0.343152992756,8.00225003589,11.7452516556,0.0618552338137,11.3045311609,0.0496195931717,-0.0091773380775,0.0496195931717,0.3,1838.50744766,1838.50744766,-8.06986068663,1840,-0,0,0,0,0.00293875222454,-0.172922834754,60,0.5,0.75,True,True,True,True,True,True,True,7.99358764485,0.00365951405548,0.0576820785009,0.0174426537012,0.0345388039097,0.00848008399728,0.0247511927264,0.00515354466069,0.0924352133045,0.00310428096145,0.0711391643231,0.00212748555817,0.0522102775252,0.00169161017588,0.0409848934247,0.0011235541571,0.0352403850062,0.000753170838119,0.027522862105,0.000684286426785,0.0224602960559,0.000429474269464,0.0177304012839,0.000454313453611,0.0151002181422,0.000244470588207,0.0128022287247,0.000370257888298,0.0107016639152,0.00015925355517,0.00864576285091,0.00029452868063,0.0072659865255,0.000226113992308,0.0062365817745,0.000193495156665,0.00589412322088,0.000303351293973,0.00498420390862,0.000149095498637,46875,46875,46874,90,226fcdbb8c8da2a15c9723f8f59683d7d4247401536a7014c2e4aeaf38eaf97b,948738
doe_N026_C24,doe,C24,N026,11.313708499,11.313708499,230,400,60,0.001,0.0001,0.08,0.1,2e-07,10000,0,1,12,0,0,0,0,False,800,15,18,8,7,1.6e-05,1.25371222986,11.3093972374,0.141787296288,0.2953902006,11.3153094331,16.7056980133,0.0588747708675,11.2547240339,11.3638074018,-0.0589844650809,0.0500989028387,0.32,1830.40708749,1830.40708749,-1848.147813,1840,-1840,0,0,0,0.00307036778679,-0.172922834754,60,0.5,0.75,True,True,True,True,True,True,True,11.3093972374,0.00516706469868,0.0669073025978,0.0138539704182,0.0395385526122,0.00865993121893,0.0240187132617,0.00708706493865,0.079080569897,0.00293497070759,0.0554721017346,0.00124396370566,0.0447749131967,0.00254859629768,0.0316549693909,0.00197444873115,0.0196242273641,0.00125610391201,0.0112886154721,0.000735705013946,0.00943625982479,0.00083522098729,0.00725869902547,0.000325605607405,0.00250632133739,5.94585422516e-05,0.00219125532295,0.000175262541687,0.00235144176205,0.000231477455747,0.00132228200969,0.000483258693163,0.00488950213202,0.00064955826221,0.0063192094116,0.000636632174937,0.00508955992532,0.000705741899375,0.00411607690034,0.000914459366422,46875,46875,46874,90,d5da8ee256949cd5b3fe32891159826bd383ade0d309fe7d3e398e1fc7335324,932951
doe_N030_C24,doe,C24,N030,22.627416998,-22.627416998,230,400,60,0.001,0.0001,0.08,0.1,2e-07,10000,0,1,12,0,0,0,0,False,800,15,18,8,7,1.6e-05,0.73739854805,22.6234128849,0.166824718133,0.34755149611,22.6263462608,32.6734313965,0.0582994739544,22.7200293981,-22.5263819836,0.0926124001189,0.101035014336,0.64,3695.06197691,3695.06197691,3663.56821493,3680,3680,0,0,0,0.00233643911648,-0.172922834754,60,0.5,0.75,True,True,True,True,True,True,True,22.6234128849,0.00188494885523,0.0676286919705,0.0157830856029,0.0409112735726,0.00704223682875,0.0261393517901,0.00680215570881,0.089540909242,0.00375151743452,0.0683620705448,0.000466580885221,0.0543770172874,0.00142561251835,0.0412006097214,0.00202265318788,0.0324043935257,0.00124219498774,0.0251408320129,0.000832986601343,0.0222756715045,0.00106239186776,0.0187951555957,0.00103745988791,0.0140347872244,0.00086835516163,0.0118270210438,0.000539849131052,0.0107364287668,0.000748176013436,0.00870697457087,0.000582162376913,0.00653568544282,0.000587036346191,0.00537222600453,0.00041118999381,0.0051390529604,0.000278337190578,0.0045895807894,0.000286340460745,46875,46875,46874,90,45c804191fd009d72a7ac753ddae466958f53b26285219dcf9a5b1035dffadbe,939196
doe_N033_C24,doe,C24,N033,22.627416998,0,230,400,60,0.001,0.0001,0.08,0.1,2e-07,10000,0,1,12,0,0,0,0,False,800,15,18,8,7,1.6e-05,1.07986132243,15.9943455523,0.172716751395,0.359826565407,15.9987360762,23.0512008667,0.0624860541157,22.6191920512,0.101637792193,-0.00822494672193,0.101637792193,0.452548339959,3678.66233941,3678.66233941,-16.5298175795,3680,-0,0,0,0,0.00364742083154,-0.172922834754,60,0.5,0.75,True,True,True,True,True,True,True,15.9943455523,0.00258341051884,0.0580994487466,0.0168844190414,0.0346979565819,0.00801241609473,0.0263282207229,0.00512268242089,0.0934766964034,0.00337933736642,0.0738918977729,0.00168085016031,0.0559960478222,0.00148101409062,0.0452632280852,0.000935369610829,0.0373352958146,0.000785608449696,0.030992938938,0.000575694937596,0.0259576593524,0.000464032071725,0.0215453554734,0.000246186549302,0.0184782657677,0.000435915172419,0.0164038691034,7.21395001888e-05,0.0138082616148,0.000247062410728,0.0119475991052,0.000107890669023,0.010872518254,0.000258087903894,0.00944097062892,0.000145103887416,0.00847950469116,0.000101091841051,0.0077069554295,6.35944935252e-05,46875,46875,46874,90,e34fdecb5b0a1ae7838b7685679db08bc2902be7f6109d8f038f91baa76c4577,947286
doe_N036_C24,doe,C24,N036,22.627416998,22.627416998,230,400,60,0.001,0.0001,0.08,0.1,2e-07,10000,0,1,12,0,0,0,0,False,800,15,18,8,7,1.6e-05,0.736618776228,22.6238514297,0.166651537537,0.347190703202,22.6270064864,32.6756706238,0.0614279436803,22.5178747022,22.7293340404,-0.109542295736,0.101917042462,0.64,3662.18463697,3662.18463697,-3696.57523332,3680,-3680,0,0,0,0.00248977565749,-0.172922834754,60,0.5,0.75,True,True,True,True,True,True,True,22.6238514297,0.00502756194021,0.0671593769825,0.0144805953584,0.0406217153813,0.00798631178265,0.0268135233365,0.0066736399757,0.0890669577444,0.00276374803133,0.0656635620127,9.04108366553e-05,0.0557889735013,0.00186921448208,0.0453547966411,0.00201037829807,0.033088005988,0.00110705078581,0.0235428815446,0.000962593600007,0.0205638924647,0.00112152223506,0.0203993982603,0.000920656640477,0.0152142379456,0.000710330255216,0.0097319581903,0.000521981501156,0.00916425353533,0.000747377890511,0.0101726000823,0.000651898494631,0.00774665939707,0.00046522381839,0.00430841943355,0.000447182054615,0.00335717956563,0.000394809748707,0.00472038048245,0.000497838779768,46875,46875,46874,90,775726f4ca5fa91cb511819a16f54ffa4e7179869951886e194580a2b9d6f8ee,935550
doe_N014_C25,doe,C25,N014,5.65685424949,-5.65685424949,230,400,60,0.001,0.0001,0.08,0.1,2e-07,10000,0,1,12,0,0,0,0,False,800,15,18,16,3,1.6e-05,3.18231819261,5.65280145332,0.179890129041,0.374771102169,5.66536401261,8.76399612427,0.0527746854216,5.67341391265,-5.63211355682,0.0165596631597,0.0247406926711,0.3,922.693173526,922.693173526,915.976308341,920,920,0,0,0,0.00359094923401,-0.172922834754,60,0.5,0.75,True,True,True,True,True,True,True,5.65280145332,0.00579256414199,0.063993770869,0.0174042895745,0.129910955533,0.0067023678061,0.0808384194336,0.00744964283445,0.0434664504132,0.00465058722936,0.0183425411434,0.00154052604467,0.00566173602534,0.000795245756919,0.00558187539251,0.000954264939765,0.0121972280618,0.00207115867399,0.0179520048243,0.00310214540364,0.0178103170845,0.00355996203625,0.0173783384343,0.00345120373846,0.0169694291303,0.00369572757829,0.0161961121526,0.00342742429812,0.0127083005302,0.00323438730662,0.0100942527575,0.00254659804766,0.00788087805012,0.00215592019411,0.00586746401712,0.00141267556954,0.00365077684427,0.000727654598901,0.000481152317069,0.000284188862373,46875,46875,46874,90,6eab4f7e976a3718a402462f405025f11af44c389b8b40b815f459284784f577,931825
doe_N015_C25,doe,C25,N015,5.65685424949,0,230,400,60,0.001,0.0001,0.08,0.1,2e-07,10000,0,1,12,0,0,0,0,False,800,15,18,16,3,1.6e-05,4.85029329923,3.99427984404,0.193734287628,0.403613099225,4.01291500218,6.08889532089,0.0598550563035,5.64870650728,0.0256464360011,-0.00814774221458,0.0256464360011,0.3,918.674895533,918.674895533,-4.17099682622,920,-0,0,0,0,0.00124769480446,-0.172922834754,60,0.5,0.75,True,True,True,True,True,True,True,3.99427984404,0.00491074600296,0.0552935189675,0.0198495587425,0.133402768013,0.00975521279718,0.0953873431711,0.00500231049113,0.0644911976769,0.00348990911068,0.0423403642917,0.00173100024748,0.0260456552947,0.00126079871618,0.0152962275507,0.000588853405122,0.00955953848385,0.000162376451315,0.0038022220261,0.000818489316621,0.00221301377876,0.000514099149096,0.00247944445808,0.000806871532095,0.00263550091549,0.000850837989021,0.00342761300923,0.00082883000961,0.0025886599606,0.000818639311257,0.00253384611581,0.000551449298701,0.00190362419614,0.000573525255346,0.00136237457408,0.000347812558923,0.00084817416035,0.00035183439339,0.00119877722872,0.00023685216771,46875,46875,46874,90,763d2931c6f2de36dd97788b5437ed16853595c1fdc8caf0934ab8469ff243a8,935156
doe_N016_C25,doe,C25,N016,5.65685424949,5.65685424949,230,400,60,0.001,0.0001,0.08,0.1,2e-07,10000,0,1,12,0,0,0,0,False,800,15,18,16,3,1.6e-05,3.17134873677,5.65276357584,0.179268846255,0.373476763031,5.66552229862,8.71001815796,0.0538190928897,5.6233901332,5.68198517232,-0.0334641162877,0.0251309228292,0.3,914.557578183,914.557578183,-924.087156568,920,-920,0,0,0,0.00399503086991,-0.172922834754,60,0.5,0.75,True,True,True,True,True,True,True,5.65276357584,0.00729099699306,0.0644237601422,0.0162747642945,0.128587653386,0.0111258594199,0.0814602684926,0.00770731709498,0.0416428515475,0.00297086893824,0.0169326228926,0.000457207867372,0.00799748260075,0.000583967264158,0.00500013557373,0.000954309887506,0.0137594642826,0.00241709819148,0.0189674092746,0.00292016276415,0.0169416163448,0.0031189997912,0.0168901633959,0.00347323886101,0.0186941568093,0.00357415666051,0.0170203679687,0.00323503792372,0.0110738056091,0.00285299033146,0.00924562865547,0.00255551551765,0.00943153003448,0.00208371488508,0.0069096210014,0.00135114435172,0.00293409297001,0.000760646650206,0.000340321875166,0.000374174766607,46875,46875,46874,90,16b89ff989de1126243f0d6950ea5822fad49228c984fa500e7d7a0b97d295fe,923881
doe_N022_C25,doe,C25,N022,11.313708499,-11.313708499,230,400,60,0.001,0.0001,0.08,0.1,2e-07,10000,0,1,12,0,0,0,0,False,800,15,18,16,3,1.6e-05,1.94845599359,11.3099809071,0.220370000859,0.459104168455,11.3169283874,16.7088603973,0.0564451335434,11.3560703949,-11.2637028291,0.0423618959528,0.0500056698589,0.32,1846.8895083,1846.8895083,1831.8673499,1840,1840,0,0,0,0.00172178600068,-0.172922834754,60,0.5,0.75,True,True,True,True,True,True,True,11.3099809071,0.00328306952973,0.0670911742755,0.0178993781328,0.147160954959,0.00697827977432,0.106298370585,0.00713224439572,0.0729979214779,0.00449625255662,0.05113423637,0.00137480810019,0.0375963568852,0.00194011267099,0.0259489497716,0.00211740334159,0.0168296107031,0.00152275489313,0.0101333786035,0.000679814179401,0.00719023344508,0.000557330024885,0.00435795894355,0.000285092673541,0.000471918102533,1.79546838813e-05,0.00240313720365,0.000415811869239,0.002861956855,0.000523536813921,0.0039252735223,0.000809467950159,0.00522325237271,0.000880913743666,0.00596186251225,0.00100192799482,0.00563762227502,0.00105236343752,0.0050144952147,0.00125285615713,46875,46875,46874,90,023216be57b649290f54b735ee3db47131793d112dd18d7a03d05200a3ce7dea,939580
doe_N024_C25,doe,C25,N024,11.313708499,0,230,400,60,0.001,0.0001,0.08,0.1,2e-07,10000,0,1,12,0,0,0,0,False,800,15,18,16,3,1.6e-05,2.94174567979,7.99414082911,0.235167292476,0.489931859326,8.00456489361,11.7398576736,0.0622224379605,11.3053088495,0.0506656637806,-0.00839964951567,0.0506656637806,0.3,1838.6339267,1838.6339267,-8.2399879195,1840,-0,0,0,0,0.00243956154963,-0.172922834754,60,0.5,0.75,True,True,True,True,True,True,True,7.99414082911,0.00336157394381,0.0578719769613,0.0196090920165,0.144714371559,0.00867020616837,0.112687385067,0.00431257764915,0.0841200345095,0.00298099983223,0.0644448047503,0.00173182985872,0.048441360334,0.00163345039767,0.0383843323013,0.000821589673914,0.031310317754,0.000684669451278,0.0248141007936,0.000332456392322,0.020424294134,0.000548251831875,0.0158356543794,0.000347888929638,0.0128878452425,0.000111748485591,0.0107132618376,0.000339047814362,0.008776854495,7.15707876283e-05,0.00687126785341,0.000280779407158,0.00602107157468,9.34273143621e-05,0.00458854658167,0.000317896752912,0.00425556378946,0.000195207282039,0.00370740723558,0.000325062966821,46875,46875,46874,90,e8e7abda47c1ebd5e731f9c11ca3a30d6b11d3fb1810ad86bc66dcd47dbffeaa,947621
doe_N026_C25,doe,C25,N026,11.313708499,11.313708499,230,400,60,0.001,0.0001,0.08,0.1,2e-07,10000,0,1,12,0,0,0,0,False,800,15,18,16,3,1.6e-05,1.9456469676,11.3099206318,0.220051127812,0.458439849608,11.3170753126,16.6850852966,0.0581510804628,11.2553593703,11.3642199399,-0.0583491286683,0.050511440906,0.32,1830.51041515,1830.51041515,-1848.21490595,1840,-1840,0,0,0,0.00276429349952,-0.172922834754,60,0.5,0.75,True,True,True,True,True,True,True,11.3099206318,0.00570073164545,0.0674687639792,0.0174407303053,0.145605714504,0.00978133042551,0.107282777504,0.00736753686081,0.07200545848,0.00328294031233,0.0497389394323,0.00135764653187,0.0395759266069,0.00245399176798,0.0281225183626,0.00209691108074,0.0166107915132,0.0011195989674,0.0089795070251,0.000624744529143,0.00713023332419,0.000585000197944,0.00551617557981,0.000339220148922,0.00195147026102,0.000301803961565,0.00354611671008,0.000342229144035,0.00330699390872,0.000436849996834,0.00265998446181,0.000884665591597,0.00597631800842,0.00100785553917,0.00740873728368,0.000865828332894,0.00630993552467,0.0010350481182,0.00489722259139,0.00124861674042,46875,46875,46874,90,ef9be3fdd21c38e0c218d2bade05590582eb5a275608b1805ae40d46334fb7f1,930917
doe_N030_C25,doe,C25,N030,22.627416998,-22.627416998,230,400,60,0.001,0.0001,0.08,0.1,2e-07,10000,0,1,12,0,0,0,0,False,800,15,18,16,3,1.6e-05,1.08220441948,22.6234061534,0.244831501228,0.510065627559,22.6270499275,32.6613044739,0.0579937133652,22.7200824146,-22.5263149902,0.092665416639,0.101102007789,0.64,3695.07059923,3695.07059923,3663.55731948,3680,3680,0,0,0,0.00415628246815,-0.172922834754,60,0.5,0.75,True,True,True,True,True,True,True,22.6234061534,0.00193761302938,0.0674559344419,0.0189396644056,0.154049493444,0.00710164187911,0.115213787431,0.00638194580329,0.0835949120325,0.00321621042365,0.0632287251796,0.000466463215994,0.0511528430824,0.00155659916302,0.0391028621351,0.00205414378663,0.0304431516539,0.00120775645563,0.0233635729244,0.000951044677204,0.0209164849111,0.000973052921214,0.017713156521,0.00114676033833,0.0132439042977,0.00076447559955,0.0107737271317,0.000776681472354,0.00982770579947,0.000625753555074,0.00806290270745,0.000681037936374,0.00610071527999,0.000501035980255,0.00486179169642,0.000539159773069,0.00452375366151,0.000348528702196,0.00430282654547,0.000325891331074,46875,46875,46874,90,15d6e5c438fa26cde06f44a317e853a94b3cc78cc6e74e90fd9c761276a0833e,938194
doe_N033_C25,doe,C25,N033,22.627416998,0,230,400,60,0.001,0.0001,0.08,0.1,2e-07,10000,0,1,12,0,0,0,0,False,800,15,18,16,3,1.6e-05,1.52968015284,15.9944025633,0.244663201575,0.509715003282,15.9997283136,23.0311069489,0.0617683178262,22.6192745067,0.101229946951,-0.00814249125961,0.101229946951,0.452548339959,3678.67574952,3678.67574952,-16.463487848,3680,-0,0,0,0,0.00221046819611,-0.172922834754,60,0.5,0.75,True,True,True,True,True,True,True,15.9944025633,0.00221465294748,0.0577429560422,0.0201699895413,0.14623619255,0.00825148762722,0.115254944906,0.00464323862372,0.0869916820016,0.00223929304602,0.068674535579,0.00183307003985,0.0528940088102,0.000942797402495,0.0427982428746,0.000795561215575,0.0357608790579,0.00044545957335,0.029341548129,0.000359649401486,0.0247197570734,0.000190699278408,0.0211070311476,0.000272253825939,0.0179338397336,0.000181972319634,0.0158085333487,0.00024894365564,0.0138178804631,0.000200126023338,0.0119731677106,0.000132601306458,0.0107350528289,0.000139771842843,0.00935537321381,0.000133100308203,0.0084836784968,2.50059175139e-05,0.00742078245593,0.000152639007072,46875,46875,46874,90,fddf9c86f65dde6b8384744b40529c584455af50ab10e7031176408d9d5d918e,944637
doe_N036_C25,doe,C25,N036,22.627416998,22.627416998,230,400,60,0.001,0.0001,0.08,0.1,2e-07,10000,0,1,12,0,0,0,0,False,800,15,18,16,3,1.6e-05,1.07816885023,22.6232294433,0.243916612775,0.508159609948,22.627081851,32.6660003662,0.0610996768221,22.5177965551,22.728173248,-0.10962044285,0.100756250048,0.64,3662.17192755,3662.17192755,-3696.38644836,3680,-3680,0,0,0,0.00268605223159,-0.172922834754,60,0.5,0.75,True,True,True,True,True,True,True,22.6232294433,0.00530032886145,0.0679305314103,0.0179424696116,0.151256200967,0.00880559943763,0.11675026695,0.00609256460087,0.0834792650186,0.00255107705332,0.0611193962016,0.000302269088915,0.0519249663763,0.00180846367627,0.0418241525842,0.00181871528409,0.0310288153965,0.00127110025339,0.0224432255815,0.000905147329315,0.0193160384693,0.00102520326385,0.0189866728227,0.00109919834823,0.0141277531411,0.000665234277942,0.00909960654872,0.000665145782078,0.00856875403903,0.000754046237048,0.00919306293856,0.000572924079917,0.00726602450021,0.000420230208542,0.00388431775199,0.00034114231665,0.00302696110036,0.000496829255492,0.0043973668149,0.00042784109413,46875,46875,46874,90,f3bf8e9f2ad9e6cdf4531283b4c3d6103aefbf3abf840f2c79babde1c3c6b61b,931663
doe_N014_C26,doe,C26,N014,5.65685424949,-5.65685424949,230,400,60,0.001,0.0001,0.08,0.1,2e-07,10000,0,1,12,0,0,0,0,False,800,15,18,16,5,1.6e-05,2.30910800146,5.65272750723,0.13052758317,0.271932464938,5.66395002488,8.78586387634,0.0540676693685,5.67331890513,-5.63206082555,0.0164646556384,0.0247934239445,0.3,922.67772202,922.67772202,915.967732414,920,920,0,0,0,0.00239604960629,-0.172922834754,60,0.5,0.75,True,True,True,True,True,True,True,5.65272750723,0.0047300774504,0.0642594032048,0.0139203053521,0.0354426232655,0.0057067219572,0.0774581378624,0.00695020718969,0.0506196803271,0.00554618377158,0.0261185060808,0.00161741539119,0.0116958287812,0.00040867801926,0.000659008174353,0.000851666803452,0.00909739155301,0.00130559173909,0.0147817374439,0.0024495291601,0.0158551511285,0.00254108236093,0.0157632156583,0.00354185005973,0.0166352978511,0.00338611744012,0.0165963380838,0.00344987529568,0.0138126399613,0.00288878831996,0.0111941030901,0.00303575620988,0.00947612979072,0.00253616029698,0.00781666668081,0.00200700015093,0.00564106954855,0.00107369136808,0.00261726691033,0.000989751583121,46875,46875,46874,90,f531eadcf3cb857797698caff22d867931b77948a1ea1cbdcf44ca432a86b5a7,930831
doe_N015_C26,doe,C26,N015,5.65685424949,0,230,400,60,0.001,0.0001,0.08,0.1,2e-07,10000,0,1,12,0,0,0,0,False,800,15,18,16,5,1.6e-05,3.7607854791,3.99389109412,0.150201676319,0.312920158997,4.01067117491,6.19222450256,0.0604139874329,5.64815905163,0.0251290821242,-0.00869519785928,0.0251290821242,0.3,918.585860325,918.585860325,-4.08685720625,920,-0,0,0,0,0.0018684447205,-0.172922834754,60,0.5,0.75,True,True,True,True,True,True,True,3.99389109412,0.00435550172027,0.0552934730123,0.0184537562683,0.03201543051,0.00955576943192,0.0892905473114,0.00556192326889,0.0733206523538,0.00403532755418,0.0515746090019,0.00228665472143,0.033614096702,0.00163516707174,0.0220318970482,0.000630563445921,0.0148147591267,0.000243400237982,0.00814116167281,0.000540478360143,0.00506192557366,0.000361070257154,0.00147139737406,0.000682196995749,0.001241963037,0.000584002817572,0.00167764477045,0.000763339989594,0.00211094666026,0.000550584732896,0.00246803320287,0.000527577719687,0.00233369068696,0.000548942540126,0.00209019668784,0.000456888624498,0.00200376848183,0.000447231335453,0.00152281843745,0.000335652237293,46875,46875,46874,90,5dbc9df643fb6af576b8870145dc9d78a5172ae8183561c2da2ff5e79e73eaa9,938412
doe_N016_C26,doe,C26,N016,5.65685424949,5.65685424949,230,400,60,0.001,0.0001,0.08,0.1,2e-07,10000,0,1,12,0,0,0,0,False,800,15,18,16,5,1.6e-05,2.29908533041,5.65294680857,0.129966070812,0.270762647524,5.66437803699,8.84260749817,0.0551251497459,5.62374534522,5.68199819898,-0.0331089042745,0.0251439494878,0.3,914.615347932,914.615347932,-924.089275153,920,-920,0,0,0,0.00296674023208,-0.172922834754,60,0.5,0.75,True,True,True,True,True,True,True,5.65294680857,0.00714910457841,0.0642116434041,0.0134480157052,0.0344738170123,0.0114904030737,0.0763757059122,0.00759993725824,0.0493885322499,0.00297483912732,0.0250013313068,0.00126640067146,0.0137905658065,0.00151940493788,0.00300638862795,0.00106090219674,0.010789730514,0.00179414279202,0.0157492011412,0.00228196822164,0.01536062159,0.00257682493753,0.0156249398639,0.00351012273078,0.0184839210675,0.00317580270734,0.0172064562162,0.00295551013719,0.0122758638133,0.00278403862944,0.0106271517084,0.00305117494383,0.0110332047625,0.00244903731113,0.00862965381021,0.0016965062171,0.00471199429239,0.0014336633593,0.00263211606479,0.00133351316942,46875,46875,46874,90,50ae40fe6a3b3592ff87477877f22dfea1da0d77565b635429a997f183cf59a1,925035
doe_N022_C26,doe,C26,N022,11.313708499,-11.313708499,230,400,60,0.001,0.0001,0.08,0.1,2e-07,10000,0,1,12,0,0,0,0,False,800,15,18,16,5,1.6e-05,1.4852248715,11.3096239624,0.167973347964,0.349944474924,11.3156756825,16.7764339447,0.0571751265139,11.3553863006,-11.2636757014,0.0416778016478,0.0500327975647,0.32,1846.77825092,1846.77825092,1831.862938,1840,1840,0,0,0,0.00273542502055,-0.172922834754,60,0.5,0.75,True,True,True,True,True,True,True,11.3096239624,0.0026445853178,0.0666116456047,0.015624382081,0.0391789126619,0.00727009212449,0.0960757094324,0.00721772768165,0.0777440415673,0.00531466077505,0.0565180161532,0.00166452375605,0.0422935857569,0.00221014788985,0.0289587500828,0.00205181517427,0.0191938238529,0.00165973306998,0.0119259525557,0.000609429964494,0.0087067549639,0.000705259505272,0.0052344514834,0.000212239161706,0.00142136694181,0.000129331488119,0.00160500384807,0.000380228230847,0.00228412874561,0.000306909547313,0.0034183526308,0.000659847292765,0.00487102359886,0.000719927707012,0.00556947821587,0.000942970963518,0.00533697529227,0.000739442041943,0.00492132447832,0.00116235696674,46875,46875,46874,90,59f502d3b5f7d7db75c737dc876debe603b4a89233151ef98312e3d3c2c020fa,938738
doe_N024_C26,doe,C26,N024,11.313708499,0,230,400,60,0.001,0.0001,0.08,0.1,2e-07,10000,0,1,12,0,0,0,0,False,800,15,18,16,5,1.6e-05,2.3588777344,7.9940902803,0.18857081569,0.39285586602,8.00328069091,11.8439836502,0.0619677291162,11.3052408059,0.049891281015,-0.00846769308647,0.049891281015,0.3,1838.62286046,1838.62286046,-8.1140465194,1840,-0,0,0,0,0.00239965931412,-0.172922834754,60,0.5,0.75,True,True,True,True,True,True,True,7.9940902803,0.00317400332755,0.0564071652942,0.0177764148087,0.0341330835623,0.00912648643034,0.101067212192,0.00509668761197,0.0886100225097,0.0033071496505,0.0698922358379,0.00201057208671,0.0530122703379,0.00157876202925,0.0417517040635,0.000809306024918,0.0338235074542,0.000739347615542,0.0264145903919,0.000444135522561,0.0221430941644,0.000495041351707,0.0174333265779,0.000286947984287,0.0141195259778,0.000358128275851,0.0117641386844,0.000228075107128,0.00971304884371,0.000237426913561,0.00791827506135,0.000210631086657,0.00698767320354,0.000235920331956,0.00528659370213,0.000228017301251,0.00523075222556,0.000153835810041,0.00417736646052,0.000176909961806,46875,46875,46874,90,d76495f8625f8ddf3c74c264725cd9a6c37ee1dc562cbb6bdfa45ce0b9624d9d,951111
doe_N026_C26,doe,C26,N026,11.313708499,11.313708499,230,400,60,0.001,0.0001,0.08,0.1,2e-07,10000,0,1,12,0,0,0,0,False,800,15,18,16,5,1.6e-05,1.4796728318,11.3097636457,0.167347500007,0.348640625014,11.3160225693,16.8109645844,0.0585120776468,11.2548819188,11.3643803367,-0.0588265801897,0.0506718377186,0.32,1830.43276503,1830.43276503,-1848.24099202,1840,-1840,0,0,0,0.00270717767715,-0.172922834754,60,0.5,0.75,True,True,True,True,True,True,True,11.3097636457,0.00582928640509,0.0661365535915,0.0148118742225,0.0385630871104,0.010501989415,0.0956103803701,0.00728165115965,0.0767702748598,0.00337513595119,0.0544786797477,0.00128180255434,0.0442655651677,0.00293162740087,0.0314264496817,0.0021718129261,0.0187774824219,0.0011940052723,0.0103472217276,0.000728597410337,0.008535522182,0.000942108556132,0.00661582767845,0.000256762605627,0.00224094267423,0.000164460430302,0.00328616494938,0.000302857286786,0.00311718674654,0.000255114394586,0.00182788520919,0.000811367204942,0.00566507918592,0.000794988207491,0.00728181155214,0.000861289789588,0.00585732597873,0.000736333398222,0.00441952642017,0.0010960055984,46875,46875,46874,90,d7d36666a0d32aca0973aea8a61dd5039290d90321b1453f7885a277e8256b08,931588
doe_N030_C26,doe,C26,N030,22.627416998,-22.627416998,230,400,60,0.001,0.0001,0.08,0.1,2e-07,10000,0,1,12,0,0,0,0,False,800,15,18,16,5,1.6e-05,0.860820920454,22.6234605433,0.194747481288,0.40572391935,22.6266199514,32.7587585449,0.0589730979409,22.7199003559,-22.5266078611,0.0924833579469,0.100809136837,0.64,3695.0409902,3695.0409902,3663.60495042,3680,3680,0,0,0,0.00316717357666,-0.172922834754,60,0.5,0.75,True,True,True,True,True,True,True,22.6234605433,0.00181991337952,0.0674303864668,0.0164233158962,0.0409665110347,0.00792016206691,0.103602648889,0.00620050243756,0.0882375194042,0.00358980018892,0.0687872399921,0.0007017861402,0.0555516524195,0.00137116659159,0.0423738809216,0.00178168864478,0.0324382467339,0.00130738789486,0.0252053779694,0.0011949574901,0.0225428573199,0.00107859033198,0.0187838772816,0.000719171166484,0.0137699691765,0.00076179346252,0.0112822670705,0.000924692590685,0.0105360078641,0.000719213599948,0.00877228433107,0.000267179315328,0.00645526091493,0.000440979000205,0.00520142580236,0.000601055820771,0.00499041963207,0.000435017202775,0.00464329470077,0.000185269797478,46875,46875,46874,90,8e69477a782f780619be22c4aec1120a6b9fc6118c2fb6edc947d5e9ceb9107f,938803
doe_N033_C26,doe,C26,N033,22.627416998,0,230,400,60,0.001,0.0001,0.08,0.1,2e-07,10000,0,1,12,0,0,0,0,False,800,15,18,16,5,1.6e-05,1.24902463572,15.9944309122,0.199774382437,0.416196630078,15.9991349189,23.1464614868,0.0620335247161,22.619314926,0.101156747883,-0.00810207194764,0.101156747883,0.452548339959,3678.6823231,3678.6823231,-16.4515831498,3680,-0,0,0,0,0.00275513154116,-0.172922834754,60,0.5,0.75,True,True,True,True,True,True,True,15.9944309122,0.00249317298279,0.0575580965679,0.017824201177,0.034160434613,0.00935689508039,0.103345293114,0.00499548697445,0.0917062819554,0.00327318455834,0.0743415298179,0.00177573137644,0.0572123729506,0.00150670948709,0.0463432861804,0.000561120432853,0.0379848474828,0.000331536112905,0.0316271824219,0.000235291123534,0.0264270340248,0.000192869730777,0.0223144005756,9.07153648e-05,0.018516822121,0.000189861274823,0.0164289820774,0.00010851667015,0.013901414699,6.25859129105e-05,0.0123106773946,0.000152194424233,0.0106549217181,6.48073302354e-05,0.00960153291711,0.000109169248382,0.00868667549532,7.05089131563e-05,0.00778513214761,0.000151001574227,46875,46875,46874,90,9d25baaa265ecc64b9fb90c2f144d7bbab16973bc4ed33bebda8836431c6ad37,947163
doe_N036_C26,doe,C26,N036,22.627416998,22.627416998,230,400,60,0.001,0.0001,0.08,0.1,2e-07,10000,0,1,12,0,0,0,0,False,800,15,18,16,5,1.6e-05,0.859946237402,22.6236796955,0.194551482303,0.405315588132,22.6270559031,32.7825126648,0.0612553161071,22.5182409695,22.7286292937,-0.109176028492,0.101212295707,0.64,3662.24420468,3662.24420468,-3696.46061715,3680,-3680,0,0,0,0.00359592844571,-0.172922834754,60,0.5,0.75,True,True,True,True,True,True,True,22.6236796955,0.00527251068354,0.0668046479137,0.0154560097847,0.0397918253309,0.0097405460402,0.103801165009,0.00629159154718,0.0883770008711,0.00276323482837,0.0666264598076,0.000448826557075,0.0562836513029,0.00231955226436,0.0453590148212,0.00210690705126,0.0335057262386,0.00106565903056,0.0241306961422,0.000775066052236,0.0206230728131,0.00124846955896,0.0200232193791,0.00105243175218,0.0149803167442,0.000692053353262,0.00975421199561,0.00049358725764,0.00895447756017,0.000690467200129,0.00955186465165,0.000851508999782,0.00756179532865,0.000500575792956,0.0043421343369,0.000299103158037,0.00328881891005,0.000483788439584,0.00442735390501,0.000421895473272,46875,46875,46874,90,e907f25ea4d4f1c31726882b5afa19df692aa9f2b00a8305a5be2279762bd140,935058
doe_N014_C27,doe,C27,N014,5.65685424949,-5.65685424949,230,400,60,0.001,0.0001,0.08,0.1,2e-07,10000,0,1,12,0,0,0,0,False,800,15,18,16,7,1.6e-05,1.90882152975,5.65282548712,0.107902349937,0.224796562369,5.66357403085,8.8049030304,0.0544740120257,5.67339138902,-5.63218448941,0.0165371395242,0.0246697600822,0.3,922.689510405,922.689510405,915.987844432,920,920,0,0,0,0.00198695414062,-0.172922834754,60,0.5,0.75,True,True,True,True,True,True,True,5.65282548712,0.00434720367611,0.0643946994611,0.0133635417114,0.0356315271989,0.00685127718816,0.0195968674519,0.00608352443218,0.0486483950199,0.006051899819,0.0319684561219,0.00259670777721,0.0172637047613,0.000538639943525,0.00329984546204,0.000366929015299,0.00577988042267,0.00128354857292,0.0129642127485,0.00184211306555,0.0141511446206,0.00236479591729,0.0146471393326,0.00292287288615,0.015738472321,0.0034135887394,0.0166089804786,0.00295776101072,0.0140312431908,0.00288314394293,0.0120836631672,0.00278700529081,0.0107084765425,0.0027782663918,0.00915774123056,0.002098307202,0.00714261379704,0.00157850375197,0.00391493283295,0.00138899572117,46875,46875,46874,90,50d0e01fa0729f14c68b8a5d81c67695f80cfac7ea726faa4c6f36b5d29a4dcb,931598
doe_N015_C27,doe,C27,N015,5.65685424949,0,230,400,60,0.001,0.0001,0.08,0.1,2e-07,10000,0,1,12,0,0,0,0,False,800,15,18,16,7,1.6e-05,3.20896003099,3.99411611937,0.128169589862,0.267019978879,4.01012980726,6.13924694061,0.0604980492265,5.64847795267,0.0249793552525,-0.00837629681918,0.0249793552525,0.3,918.637724655,918.637724655,-4.0625064424,920,-0,0,0,0,0.00175115213043,-0.172922834754,60,0.5,0.75,True,True,True,True,True,True,True,3.99411611937,0.00433239485116,0.0555346387703,0.0178712811636,0.0318956151109,0.00890717245387,0.022084148081,0.00519019769215,0.0690908898362,0.00409483476611,0.0586471432414,0.00238566347468,0.0411879210251,0.00181708116331,0.0280398948254,0.000983364423746,0.020357369122,0.000633178380252,0.0122320766335,0.000532537994637,0.00823243020163,2.29987631789e-05,0.00360119912378,0.000452684839456,0.00175446719681,0.000367716443816,0.00162833177928,0.000629741921525,0.000953131723786,0.000583180557767,0.00178475204893,0.000553518583779,0.0019319998012,0.000559788919234,0.00189168689079,0.000505194097066,0.00191070833599,0.000459589487304,0.00170487437319,0.000324107332052,46875,46875,46874,90,182ea8f2a57d693522d03cf345ce143c65fcc63f0b2e1b41f73995523c01ae9e,936173
doe_N016_C27,doe,C27,N016,5.65685424949,5.65685424949,230,400,60,0.001,0.0001,0.08,0.1,2e-07,10000,0,1,12,0,0,0,0,False,800,15,18,16,7,1.6e-05,1.91093679011,5.65294454946,0.10802419712,0.225050410667,5.66391372456,8.74652290344,0.0550188901522,5.62362445498,5.68211335226,-0.0332297945135,0.0252591027706,0.3,914.595687001,914.595687001,-924.108003057,920,-920,0,0,0,0.00220585814258,-0.172922834754,60,0.5,0.75,True,True,True,True,True,True,True,5.65294454946,0.00688789413758,0.0642504117599,0.0131325175601,0.0349365167543,0.00968552411013,0.0190754529333,0.00681086892553,0.0481608530808,0.00274705393835,0.0306704263164,0.00194858594622,0.0193924395388,0.00224604217465,0.00550079086586,0.000595277565319,0.00789178358138,0.0016633305777,0.0138977004551,0.00228859794934,0.0132317698987,0.0023212963513,0.014563182181,0.00297252667057,0.0174381645661,0.00305875127351,0.0171800764755,0.00292907976473,0.0125098143083,0.00286750566305,0.0116590101388,0.00287901351071,0.0123406278753,0.00254569383026,0.00998631715494,0.0020761908581,0.00616998530188,0.00175435770216,0.00400202365516,0.00156615277054,46875,46875,46874,90,7a4b6c9ce573c67c4c33f9943c84ea7150270130449e571520a07825f049d643,925184
doe_N022_C27,doe,C27,N022,11.313708499,-11.313708499,230,400,60,0.001,0.0001,0.08,0.1,2e-07,10000,0,1,12,0,0,0,0,False,800,15,18,16,7,1.6e-05,1.23570413129,11.3096812944,0.139754198991,0.291154581231,11.3153515263,16.7527580261,0.057710789526,11.3558819587,-11.2632911221,0.0421734596911,0.0504173768493,0.32,1846.85886205,1846.85886205,1831.80039212,1840,1840,0,0,0,0.00328985904769,-0.172922834754,60,0.5,0.75,True,True,True,True,True,True,True,11.3096812944,0.00190898536991,0.0665927138507,0.014714624818,0.0384901735499,0.00696606936725,0.0235938215818,0.00644117160128,0.069420213709,0.00559706086281,0.0608044681594,0.00246933546213,0.0471023367064,0.00205943389911,0.0325882499999,0.00219348947221,0.0216905303694,0.00179766580611,0.0132384876585,0.0010616393011,0.0100295497145,0.000875081009923,0.00648935096197,0.00027009899681,0.00220052236367,0.000247090800277,0.00121610103289,6.75503529135e-05,0.00157302591974,0.000169835089831,0.00274756381994,0.000714624357666,0.00443817230808,0.000832139325298,0.00527911430449,0.000586030361326,0.00487878514828,0.000637341017887,0.00449423410371,0.0011215500157,46875,46875,46874,90,5698ae0c3e939b8e0b29f26c3bcfc120fe94d8de35146506f5332b465aa2579d,938809
doe_N024_C27,doe,C27,N024,11.313708499,0,230,400,60,0.001,0.0001,0.08,0.1,2e-07,10000,0,1,12,0,0,0,0,False,800,15,18,16,7,1.6e-05,2.05923723805,7.9940282388,0.164616006314,0.342950013154,8.00268931359,11.7892818451,0.0619681651089,11.305152795,0.0499524451225,-0.00855570396146,0.0499524451225,0.3,1838.60854685,1838.60854685,-8.12399391708,1840,-0,0,0,0,0.00216471225962,-0.172922834754,60,0.5,0.75,True,True,True,True,True,True,True,7.9940282388,0.00307222727762,0.0572085137755,0.0172290954445,0.0333415902794,0.00836154365727,0.0245626876544,0.00526248914513,0.0803475471658,0.00377436650207,0.0758374908387,0.0022490524183,0.0588945381502,0.00191824533428,0.046383200323,0.000972391281908,0.0372697079081,0.000888231980414,0.0289567797758,0.000367792933495,0.023650020493,0.00040426370135,0.0185898012549,0.000317884555946,0.0154949325759,0.000260922082202,0.0127315263967,0.000225365827768,0.010353075939,0.000172198898442,0.00832509425027,0.000209360011036,0.00730778024846,0.000195503884733,0.00606570155329,0.000286626984455,0.00561957360764,0.000111706177851,0.00461776309093,0.000256984721956,46875,46875,46874,90,8af84402d00b58519d7a2e81ca1186bf9cf001005fcba4fca4499b8205d1a72e,950421
doe_N026_C27,doe,C27,N026,11.313708499,11.313708499,230,400,60,0.001,0.0001,0.08,0.1,2e-07,10000,0,1,12,0,0,0,0,False,800,15,18,16,7,1.6e-05,1.23622444749,11.3097274798,0.13981361605,0.291278366771,11.3156163279,16.7154026031,0.0590694608342,11.2551428711,11.3640499068,-0.0585656278734,0.0503414078649,0.32,1830.4752049,1830.4752049,-1848.1872527,1840,-1840,0,0,0,0.00273294307328,-0.172922834754,60,0.5,0.75,True,True,True,True,True,True,True,11.3097274798,0.00531404328892,0.0661225432069,0.0139081764084,0.0381793111258,0.0082364635123,0.0236514923719,0.0066003315346,0.0693049541486,0.0022814669279,0.0588264983416,0.00211255550192,0.048871399817,0.00327987152033,0.0352749373066,0.00242128525159,0.0213468224043,0.00116736073964,0.012017600078,0.00117302414604,0.00954016239207,0.00101582541012,0.00774565350112,0.000457989884839,0.00245882306958,0.000216703821127,0.00241324828237,0.000218720419179,0.00275006299866,0.000292584088875,0.00139636747069,0.000765452065093,0.00521451354383,0.00098492691402,0.00676667157815,0.000626879230118,0.00563588574534,0.000571775216628,0.00424466076791,0.0010339961678,46875,46875,46874,90,4701840cc48963c75814a1ffc68cdeb7ef545d03d42d33d37c392719129efab0,932420
doe_N030_C27,doe,C27,N030,22.627416998,-22.627416998,230,400,60,0.001,0.0001,0.08,0.1,2e-07,10000,0,1,12,0,0,0,0,False,800,15,18,16,7,1.6e-05,0.743580854931,22.6234231088,0.168223442967,0.350465506181,22.6263679014,32.7040138245,0.0582665944884,22.7196714856,-22.5267635027,0.0922544875888,0.100653495262,0.64,3695.00376797,3695.00376797,3663.63026312,3680,3680,0,0,0,0.00317936651313,-0.172922834754,60,0.5,0.75,True,True,True,True,True,True,True,22.6234231088,0.00120450618184,0.0671400295557,0.0163259965601,0.0401080712558,0.00767033620314,0.0257586440987,0.00689204662389,0.0789656181613,0.00482845536729,0.0734672566628,0.00119093402208,0.0603115212631,0.00113269650958,0.0461238075673,0.00214978189904,0.0360851201493,0.00168124098597,0.0276485055129,0.00141585066872,0.0237056369124,0.000970589258712,0.0194886333256,0.00112591646639,0.0150354745719,0.000766149808207,0.0124403938884,0.00101361348418,0.0109004525979,0.000759361282183,0.00857292066856,0.000456829523762,0.00687368279097,0.000350574688548,0.00575176352292,0.000524374132161,0.00515474250118,0.000530865453654,0.0042072736493,0.000345343463927,46875,46875,46874,90,1e84160c90b3c78cec31984d5c1697ea5277fab1676af0830e1671566f086e51,938735
doe_N033_C27,doe,C27,N033,22.627416998,0,230,400,60,0.001,0.0001,0.08,0.1,2e-07,10000,0,1,12,0,0,0,0,False,800,15,18,16,7,1.6e-05,1.09504527376,15.9940804332,0.175142421866,0.364880045554,15.9984981006,23.0832386017,0.0625554598791,22.6188174897,0.10155382611,-0.00859950830694,0.10155382611,0.452548339959,3678.60142275,3678.60142275,-16.5161617924,3680,-0,0,0,0,0.0021798636862,-0.172922834754,60,0.5,0.75,True,True,True,True,True,True,True,15.9940804332,0.00202236811252,0.0567100381939,0.0171718681696,0.0337892163712,0.00782711677968,0.0252652265974,0.00556533540278,0.0825541571456,0.00345525725535,0.0792718804401,0.00255760319787,0.0630018906586,0.00150798484269,0.0508102501298,0.00101157115713,0.0416867375019,0.000345768117147,0.0337217889185,0.000539658621384,0.0279268732189,0.000231893985712,0.0231893252017,0.00031400611309,0.0195251023242,0.000261471689561,0.0170339565747,0.000258092381248,0.0146429118899,0.000106674066527,0.0127730150499,0.000270386638778,0.0114082227215,3.35424431358e-05,0.0099627789903,0.000181488551437,0.00899167646293,6.61193683738e-05,0.00793780778299,0.000216797527346,46875,46875,46874,90,adf82e3f76855a2ea12420619cd7f6fcec2b148619fd8beff168555740b51763,946775
doe_N036_C27,doe,C27,N036,22.627416998,22.627416998,230,400,60,0.001,0.0001,0.08,0.1,2e-07,10000,0,1,12,0,0,0,0,False,800,15,18,16,7,1.6e-05,0.7402159099,22.6231912043,0.167460460621,0.348875959628,22.6263513868,32.6993637085,0.0612618715963,22.5173533213,22.7285362471,-0.110063676669,0.101119249126,0.64,3662.09984241,3662.09984241,-3696.44548456,3680,-3680,0,0,0,0.00238751681824,-0.172922834754,60,0.5,0.75,True,True,True,True,True,True,True,22.6231912043,0.00486289474649,0.0662667721628,0.0151934678605,0.0398849136638,0.00805134465729,0.0253503614561,0.00619478955447,0.0786736345686,0.00286570794248,0.0706783382724,0.000600184094031,0.0617227993049,0.00247681050286,0.0494945995984,0.00226910777976,0.0364765035927,0.00123965733093,0.0256909700059,0.00111456812911,0.02210763325,0.00118091803234,0.0211395167523,0.00113342600296,0.0157775998318,0.000640642980582,0.0102943896275,0.000667731764873,0.00950311098717,0.000835365276764,0.0100297881456,0.000626877408146,0.00796785661595,0.000381952631495,0.00445618671777,0.000446438959452,0.0034218318114,0.000522998207664,0.00459033832629,0.000438158865945,46875,46875,46874,90,ad3ac8c660019bbec6460f560c8fccbdb7fb1f4a53253ef5c97c39524428e8f7,934592
improved_N001_selected,improved,selected,N001,0,-67.8822509939,230,400,60,0.001,0.0001,0.08,0.1,2e-07,10000,0,1,12,0,0,0,0,False,800,15,18,4,7,1.6e-05,0.351934379874,48.0010368778,0.168932151469,0.351941982228,48.0023463018,68.0356140137,0.0579092674874,0.295443346617,-67.8830744437,0.295443346617,-0.000823449745184,1.35764501988,48.0492985854,48.0492985854,11040.1339214,0,11040,0,0,0,0.00275230530155,-0.172922834754,60,0.5,0.75,True,True,False,True,True,True,False,48.0010368778,0.00464864244058,0.065243320344,0.01820675357,0.0374783926141,0.00750897960531,0.0285156904581,0.00439270664755,0.0885426151757,0.00210770154171,0.068701364219,0.00121909410128,0.0526070477529,0.00115797377341,0.0439402143116,0.00078526162145,0.0343855164164,0.000380526007945,0.0296016776897,0.000186569092496,0.0244075825847,0.000182376617164,0.0214186811793,0.000143390914352,0.0180336649767,0.000218219742248,0.0157049233428,3.5348627663e-05,0.0136926410413,0.000409599647689,0.012295579502,0.000217071347424,0.0107513814877,0.000169423517615,0.00952649344937,0.000159246745316,0.00886238674785,0.000113942996394,0.0077371680627,0.000266875586104,46875,46875,46874,90,6022dc6b2e7f6c2a5675e8031d6e6927680802bdf918f469085bcd00719efa6c,944264
improved_N002_selected,improved,selected,N002,0,-45.2548339959,230,400,60,0.001,0.0001,0.08,0.1,2e-07,10000,0,1,12,0,0,0,0,False,800,15,18,4,7,1.6e-05,0.524775236264,32.0004685187,0.167930534275,0.349855279739,32.0025069927,45.3989028931,0.0590081199245,0.194423909975,-45.2550789434,0.194423909975,-0.000244947453005,0.905096679919,31.6200469886,31.6200469886,7360.03983692,0,7360,0,0,0,0.00402726354922,-0.172922834754,60,0.5,0.75,True,True,True,True,True,True,True,32.0004685187,0.0024173820045,0.065216187045,0.0185556844192,0.0371644772196,0.00680479789093,0.0285694768387,0.00513681022012,0.0881909281834,0.0020123866509,0.0690671510649,0.00178171583652,0.0517205033433,0.000682390771308,0.0433696217958,0.0011155636286,0.0338298716687,0.000423005569853,0.0296283071055,0.000480638890743,0.0237235319444,0.000257644445895,0.021072788015,0.000508194720224,0.0172069702585,0.000385860995945,0.0156793370731,0.000410622871221,0.0132560029436,0.000258697175041,0.0120745364051,0.000363363066507,0.0104540391005,0.000161709832449,0.00936780383843,0.000338890860724,0.00819825561863,0.000191504598311,0.00748829587114,0.000332517576855,46875,46875,46874,90,0395091a263e5d3fc0ab21b361072807257df046367d2f77a52ae9cf909e54df,950401
improved_N003_selected,improved,selected,N003,0,-22.627416998,230,400,60,0.001,0.0001,0.08,0.1,2e-07,10000,0,1,12,0,0,0,0,False,800,15,18,4,7,1.6e-05,1.00438577823,16.0001535611,0.160703266863,0.334798472632,16.0043109476,22.8057556152,0.0596952611846,0.0921148361904,-22.6274466702,0.0921148361904,-2.96722345219e-05,0.452548339959,14.9810558232,14.9810558232,3680.00482573,0,3680,0,0,0,0.00247928255013,-0.172922834754,60,0.5,0.75,True,True,True,True,True,True,True,16.0001535611,0.000490448541852,0.0649535716196,0.0183546402133,0.0374059314827,0.00631732825907,0.0278195862487,0.00569731904623,0.0863998740054,0.00175694618323,0.0662951559118,0.00249026864231,0.0493672241321,0.000712729391054,0.0400397159336,0.0013369221939,0.0308590713433,0.000561498494992,0.0266824337134,0.000831111546446,0.0205601651245,0.000407485251598,0.0181079488091,0.000773881415342,0.01435908854,0.000456348341377,0.0129227488733,0.00060028328576,0.0100427716278,0.000449533982988,0.00886945140292,0.000548593106497,0.00732870578629,0.000410213742218,0.00645992540513,0.000481379509534,0.00499308316841,0.000320323314592,0.00454670607845,0.000347163319602,46875,46875,46874,90,50406a5a9b775b5adc2ea6df926c298d7e8d60643f312743952a5d002a771de0,941071
improved_N004_selected,improved,selected,N004,0,-11.313708499,230,400,60,0.001,0.0001,0.08,0.1,2e-07,10000,0,1,12,0,0,0,0,False,800,15,18,4,7,1.6e-05,1.72466431026,8.00043652332,0.137980673383,0.287459736214,8.00849075045,11.6021947861,0.0593744753812,0.0419168143374,-11.3142481901,0.0419168143374,-0.000539691154598,0.3,6.81712264265,6.81712264265,1840.08777243,0,1840,0,0,0,0.0042247846029,-0.172922834754,60,0.5,0.75,True,True,True,True,True,True,True,8.00043652332,0.000843179022256,0.0641636673949,0.0187357357178,0.0363552935905,0.00498374271418,0.0260897312075,0.00602434963646,0.0774049909003,0.00115573188826,0.0573693148807,0.00253182062356,0.0391070611347,0.00130418021844,0.0292651298326,0.00139321562616,0.0197688883954,0.00094484144609,0.0154347688142,0.000706318156199,0.00845903814265,0.000685862987848,0.00636092461169,0.000391775708283,0.00326429079073,0.000166887911403,0.00186232426641,0.000350036850668,0.00139567514938,0.000410417276573,0.00177648972817,0.00035370757533,0.00292442017656,0.00045698813179,0.00351913258495,0.000481686894238,0.00461201047264,0.000679864834121,0.00450444471925,0.000570540358843,46875,46875,46874,90,60847ce9538b429633978193c1336f3f1d1d8b3226a532876fad43867a58fa6c,941935
improved_N005_selected,improved,selected,N005,0,-5.65685424949,230,400,60,0.001,0.0001,0.08,0.1,2e-07,10000,0,1,12,0,0,0,0,False,800,15,18,4,7,1.6e-05,2.65690926421,4.00030427662,0.106284454922,0.221425947755,4.01551566927,6.11424827576,0.0565927938825,0.0167564400447,-5.65725974592,0.0167564400447,-0.000405496430338,0.3,2.72517624835,2.72517624835,920.065947733,0,920,0,0,0,0.00302797173003,-0.172922834754,60,0.5,0.75,True,True,True,True,True,True,True,4.00030427662,0.00212573374856,0.0621342189761,0.0201930058123,0.0333097582137,0.00444078296423,0.0218031196076,0.00674636203629,0.0543197274811,0.00190151086894,0.0319410851017,0.00219923011331,0.0137861923246,0.00105719896914,0.00422741046872,0.000390633542826,0.00471326928586,0.000613327128073,0.00825149986375,0.00142602619143,0.0121560840577,0.00110880728502,0.0121060461089,0.00195509874322,0.0131552016644,0.00157984405378,0.0125311598053,0.00216203149741,0.0118966770201,0.00165037720865,0.0100745849675,0.00195479878961,0.00931109471426,0.00136664571677,0.00739367730765,0.00146007795469,0.00621419630483,0.00112017524386,0.00445691422899,0.000871047041063,46875,46875,46874,90,07345f6f7ad0b7be6c718b4609e2bd0cd97b5a1e20561f0918109c3e6d451b05,926704
improved_N006_selected,improved,selected,N006,0,5.65685424949,230,400,60,0.001,0.0001,0.08,0.1,2e-07,10000,0,1,12,0,0,0,0,False,800,15,18,4,7,1.6e-05,2.6113657314,3.99978438754,0.104448998826,0.217602080888,4.01525078459,6.06112098694,0.0564738350277,-0.0326669484821,5.65645499973,-0.0326669484821,-0.000399249758362,0.3,-5.31277478225,-5.31277478225,-919.935068191,0,-920,0,0,0,0.00212938129327,-0.172922834754,60,0.5,0.75,True,True,True,True,True,True,True,3.99978438754,0.00142029964959,0.0612183951233,0.0204551375927,0.0336341015343,0.00401393206964,0.0205386791696,0.00737365510288,0.051553318708,0.00152459314742,0.0318095847459,0.00238430015515,0.00974467626029,0.000826462927566,0.00423345085941,0.000309347501755,0.00711823018689,0.0011101203955,0.00803497541635,0.00138182832871,0.0143350255632,0.00162558353361,0.0116153573638,0.00218225578412,0.0152147059225,0.00185305605419,0.0118930114862,0.00222324368418,0.0133444590972,0.00172148257545,0.00929876069707,0.00194081393998,0.0102028255502,0.00126907852195,0.00646339121196,0.00157877790652,0.00663709597841,0.000776897031974,0.0035083589875,0.000964835343526,46875,46875,46874,90,8ec3d577afca9674482f4cc01093d525422548244ed8c0aa1f4b1682a2fbdc24,926961
improved_N007_selected,improved,selected,N007,0,11.313708499,230,400,60,0.001,0.0001,0.08,0.1,2e-07,10000,0,1,12,0,0,0,0,False,800,15,18,4,7,1.6e-05,1.69205985908,8.00032020863,0.135370206848,0.282021264267,8.00863903875,11.5287542343,0.0596529618846,-0.0580811568138,11.3140122618,-0.0580811568138,0.000303762829608,0.3,-9.44600336371,-9.44600336371,-1840.04940233,0,-1840,0,0,0,0.00310105379314,-0.172922834754,60,0.5,0.75,True,True,True,True,True,True,True,8.00032020863,0.00150461184235,0.0635521018032,0.0189702835631,0.0367854486729,0.00473686108491,0.0257426676327,0.00682105498116,0.07452771216,0.00145142236932,0.0581619641141,0.00299048912409,0.0349745278118,0.0010120061703,0.0302536235189,0.00180000503389,0.0171605920076,0.000887661193197,0.0157909592792,0.000729234579802,0.00597629681973,0.000559628186996,0.00708202035062,0.000327114353278,0.000889310743063,0.000162908010697,0.00198390834223,0.000249349161001,0.00400971029543,0.000263720144248,0.0014123497565,0.000432740131278,0.0054036829086,0.000435378011444,0.00292821498097,0.000712071029982,0.00628475943957,0.000579220564718,0.00382510250259,0.000854236424112,46875,46875,46874,90,6c18050df13f47117e09cce9a6820bc9dd6332f9f9dd30b7e7a56dc46cfc41c2,941799
improved_N008_selected,improved,selected,N008,0,22.627416998,230,400,60,0.001,0.0001,0.08,0.1,2e-07,10000,0,1,12,0,0,0,0,False,800,15,18,4,7,1.6e-05,0.994070287671,16.0000771643,0.159052013094,0.331358360613,16.0045281231,22.7724056244,0.0619206485723,-0.109313785188,22.6272620752,-0.109313785188,-0.000154922745331,0.452548339959,-17.7781993202,-17.7781993202,-3679.97480421,0,-3680,0,0,0,0.00347277861196,-0.172922834754,60,0.5,0.75,True,True,True,True,True,True,True,16.0000771643,0.00318046382891,0.0647401562068,0.0179970609969,0.0379735615824,0.00552241020627,0.0281243571149,0.00572283837807,0.0840897832164,0.00108028391557,0.0686833738357,0.00241259023731,0.0464417805242,0.00090179606062,0.0419901716345,0.00177305852289,0.0287074152908,0.0010462512711,0.0266893709184,0.00120366693752,0.0179774195915,0.000841189106623,0.0185681882546,0.000829189663815,0.0114154522862,0.000650305237625,0.0131744292139,0.000436548333762,0.00732668087855,0.000375852119278,0.0095119656134,0.000260810299727,0.00468249559988,0.000361748169385,0.00673016914437,0.000163335563069,0.0031230996226,0.000403419380685,0.00469410589565,0.00020223677686,46875,46875,46874,90,49a7d4b7020949fad900c3d2272a2b2504ae60416eda100812cb08c2d11fd9bc,941185
improved_N009_selected,improved,selected,N009,0,45.2548339959,230,400,60,0.001,0.0001,0.08,0.1,2e-07,10000,0,1,12,0,0,0,0,False,800,15,18,4,7,1.6e-05,0.520224783982,32.0005604799,0.16647484663,0.346822597146,32.0028905344,45.3996658325,0.0643273994965,-0.209426135696,45.2551420587,-0.209426135696,0.000308062751444,0.905096679919,-34.0599273629,-34.0599273629,-7360.05010165,0,-7360,0,0,0,0.00213276913712,-0.172922834754,60,0.5,0.75,True,True,True,True,True,True,True,32.0005604799,0.00615126637834,0.0653084632207,0.0167164989442,0.0379208579988,0.00571221671058,0.0281476498652,0.00524202901437,0.0857709005073,0.000947046980341,0.0713031769669,0.00212860064847,0.0490933911845,0.000135028546546,0.0446538847664,0.00122132898869,0.0325104499827,0.000395026894866,0.0299669601784,0.000786219375589,0.0214288000255,0.00076174970467,0.0220418791039,0.000563905189559,0.0154694349255,0.000591260190782,0.0163097244175,0.000632588240673,0.0111790634383,0.000445704990497,0.0131657299301,0.00046801169976,0.00869795757315,0.000570826794343,0.0096822221487,0.000349398010351,0.00724164231097,0.000356186672638,0.00775606363487,0.000366520906395,46875,46875,46874,90,33c91b86907c3014efe55a0f1c8203733efea4143f2e8812bb6103529b71eb46,949919
improved_N010_selected,improved,selected,N010,0,67.8822509939,230,400,60,0.001,0.0001,0.08,0.1,2e-07,10000,0,1,12,0,0,0,0,False,800,15,18,4,7,1.6e-05,0.349351403412,48.0009621806,0.167692035029,0.349358406311,48.0025485558,68.0275192261,0.0655063856909,-0.309334232794,67.882906927,-0.309334232794,0.000655933050567,1.35764501988,-50.3084367422,-50.3084367422,-11040.1066774,0,-11040,0,0,0,0.00397079605417,-0.172922834754,60,0.5,0.75,True,True,False,True,True,True,False,48.0009621806,0.0082015936881,0.0651740903725,0.0159986066134,0.0374941051104,0.0054780481221,0.0285350726091,0.00504707820683,0.0859724547041,0.00118417770911,0.0713165594814,0.00210812975362,0.0500597351775,0.000211668449782,0.0448313267657,0.00112422747661,0.0336457031153,0.000636526707922,0.0301330424173,0.000655507680982,0.0228706193931,0.000646241784874,0.0223743964905,0.000642206092939,0.0169484491336,0.000260985665134,0.0163993758487,0.000519775624061,0.0126698265323,0.000309736194474,0.0127139533499,0.000481634936923,0.0104724616473,0.000387244949333,0.00930970916809,0.00027143393393,0.00851251296499,0.00047703860396,0.00774808411703,0.000455883086401,46875,46875,46874,90,a08fcda2f6aba5fd48e56e60d2b4205b68651f70cdc81cbe5922e42a37ef219f,943403
improved_N011_selected,improved,selected,N011,5.65685424949,-45.2548339959,230,400,60,0.001,0.0001,0.08,0.1,2e-07,10000,0,1,12,0,0,0,0,False,800,15,18,4,7,1.6e-05,0.520908253761,32.248908107,0.167987224077,0.349973383494,32.2509247001,46.0020828247,0.0598210198225,5.85147552289,-45.2299058411,0.194621273399,0.024928154845,0.912140340079,951.652145102,951.652145102,7355.94582051,920,7360,0,0,0,0.00424406015,-0.172922834754,60,0.5,0.75,True,True,True,True,True,True,True,32.248908107,0.00359859786365,0.0670536086143,0.0175946093079,0.0351359520421,0.00669172912217,0.0289475504094,0.00374857729879,0.0886274134478,0.00199922366076,0.0672194026924,0.000852930161395,0.0531496404059,0.00101175657627,0.0426723903863,0.00037545635019,0.0358110039713,0.000638058918619,0.0269842247531,0.00046950774482,0.0253888829217,0.000314546469765,0.0196144113246,0.000422964222779,0.0180332996736,0.000561850060019,0.0151915618281,0.00027669070395,0.0134658649196,0.000624730780153,0.0119328488153,0.000204426375098,0.0103843254116,0.000572809703799,0.00953654166246,0.00016630880902,0.00776188977037,0.000398874275811,0.00798468409904,0.000268329701278,46875,46875,46874,90,d4a26f317353ab88b1ec689cd998b033f67d451759859f3d5311b85adad86245,947753
improved_N012_selected,improved,selected,N012,5.65685424949,-22.627416998,230,400,60,0.001,0.0001,0.08,0.1,2e-07,10000,0,1,12,0,0,0,0,False,800,15,18,4,7,1.6e-05,0.97759184699,16.4911481522,0.161216119811,0.335866916273,16.4951717353,23.9264831543,0.0592642603815,5.74901230711,-22.6023182937,0.0921580576145,0.0250987042884,0.466476151588,934.98808512,934.98808512,3675.91808328,920,3680,0,0,0,0.00261385436292,-0.172922834754,60,0.5,0.75,True,True,True,True,True,True,True,16.4911481522,0.00105695434935,0.068658404418,0.0176539851904,0.0343935708834,0.0076918357218,0.0284896159494,0.00304591442611,0.0877635971602,0.00358070641237,0.0632663706428,0.000379641253201,0.0511601739155,0.00177973799678,0.038482903272,0.00114117854581,0.0312421748006,0.00103536532712,0.0266977044518,0.00121669750042,0.0197506617996,0.000691586630114,0.0185552443081,0.00118863712149,0.0142106079508,0.000513794710969,0.0123385560996,0.000739323987421,0.0101801386852,0.000549878684132,0.00816023460257,0.000410859553831,0.00744281219204,0.000447095580435,0.00532006075224,0.000291048400611,0.00520443864357,0.000260327970553,0.00393754831899,0.000219390910967,46875,46875,46874,90,e48ed2af14fef5a845ea745f32c31e09a88b1e02b2de98eaeaa2317fb4e94d42,939154
improved_N013_selected,improved,selected,N013,5.65685424949,-11.313708499,230,400,60,0.001,0.0001,0.08,0.1,2e-07,10000,0,1,12,0,0,0,0,False,800,15,18,4,7,1.6e-05,1.52956980976,8.94213568844,0.136776207839,0.284950432997,8.94928651808,13.3634786606,0.0573028533191,5.69872228068,-11.2892934105,0.041868031185,0.0244150884672,0.3,926.809188816,926.809188816,1836.02926284,920,1840,0,0,0,0.00361064177211,-0.172922834754,60,0.5,0.75,True,True,True,True,True,True,True,8.94213568844,0.0029915525229,0.0694843560452,0.0156109260762,0.0349600056522,0.00989818075819,0.0243059890231,0.00450276111062,0.077337246568,0.00236642573275,0.0547475497598,0.00371394427467,0.0359462541481,0.0014106366117,0.0269015134414,0.001604534415,0.0187765661011,0.00137819075025,0.00982900404416,0.000750003531432,0.00760901282413,0.000432049958591,0.00395630977894,0.000351293478912,0.000471410576663,0.000267031317863,0.00110545964012,0.000270119331328,0.00297260399939,0.000482160301638,0.00475003293259,0.000525153245461,0.0045291101734,0.000719290674459,0.00531630730968,0.00094001733674,0.00645269449463,0.000902820478427,0.00500460320621,0.000992511180718,46875,46875,46874,90,01b023a7c780d9b7f39b2ebc6dd8033d42bf892e72c19b07e4009a2f0b3f23a8,937176
improved_N014_selected,improved,selected,N014,5.65685424949,-5.65685424949,230,400,60,0.001,0.0001,0.08,0.1,2e-07,10000,0,1,12,0,0,0,0,False,800,15,18,4,7,1.6e-05,1.8992061695,5.65284652916,0.107359210034,0.223665020904,5.66358328863,8.76102542877,0.0545321625866,5.67364056901,-5.63197571533,0.0167863195223,0.0248785341658,0.3,922.730035684,922.730035684,915.953890551,920,920,0,0,0,0.00326126848768,-0.172922834754,60,0.5,0.75,True,True,True,True,True,True,True,5.65284652916,0.00599236130659,0.064977407954,0.0112165183218,0.0365073012777,0.00576653106493,0.0201873393077,0.00782392187287,0.052540651697,0.00385024840042,0.0267445881714,0.00144128594942,0.0135019720918,0.00010434304517,0.00182282927657,0.000201888465346,0.00612034370041,0.00148169462379,0.0123077153669,0.00158865628186,0.0133526262165,0.00215542755096,0.0136662268323,0.00240071255004,0.0148618641692,0.0029782786262,0.0157490375085,0.00270497210507,0.0133781525405,0.00242977498764,0.0115173882398,0.00251757220167,0.00988820029644,0.00250550955248,0.00880942631184,0.00193921967249,0.00691027583564,0.00117744840285,0.00387823661552,0.00117498165637,46875,46875,46874,90,8828685aeb1567956f51a924c4f578609b0ec193d3ae7eb6b872b8e5cdd8d86b,932033
improved_N015_selected,improved,selected,N015,5.65685424949,0,230,400,60,0.001,0.0001,0.08,0.1,2e-07,10000,0,1,12,0,0,0,0,False,800,15,18,4,7,1.6e-05,3.16701355525,3.99395606587,0.126489129997,0.263519020827,4.00991141066,6.09956502914,0.0600797720876,5.64825044502,0.0252393060898,-0.00860380446998,0.0252393060898,0.3,918.600724049,918.600724049,-4.10478343236,920,-0,0,0,0,0.00173261280364,-0.172922834754,60,0.5,0.75,True,True,True,True,True,True,True,3.99395606587,0.00456873203572,0.0555752565461,0.0184317447257,0.0336053613258,0.0084817041795,0.0227459696955,0.00601750723734,0.0754257727769,0.00291559993414,0.0510935061671,0.00250575374848,0.0355067313111,0.00103504193262,0.0247319888176,0.00142656357584,0.0188237314509,0.000698024079531,0.0112827166938,0.000667701954049,0.00864958234074,0.000805957169813,0.00465318400729,0.000264028632445,0.00251256823813,0.000925254819394,0.00183096077081,0.000286967049873,0.00148251483162,0.000824903104659,0.00161022258669,0.000426106963603,0.00179988414895,0.000637593595813,0.00164471353244,0.00062622764222,0.00124062379669,0.000467934679576,0.000876117706654,0.000531561267072,46875,46875,46874,90,dbc88d127ec97fab36c6c5cdafaf9f8b99e66bff58ddb16b6963cfde67c37940,935117
improved_N016_selected,improved,selected,N016,5.65685424949,5.65685424949,230,400,60,0.001,0.0001,0.08,0.1,2e-07,10000,0,1,12,0,0,0,0,False,800,15,18,4,7,1.6e-05,1.89961766468,5.65292756282,0.107384010555,0.223716688656,5.66388381268,8.77459526062,0.0549924787031,5.62358370714,5.68211988168,-0.0332705423548,0.025265632191,0.3,914.589059994,914.589059994,-924.109064966,920,-920,0,0,0,0.0028924602113,-0.172922834754,60,0.5,0.75,True,True,True,True,True,True,True,5.65292756282,0.00554794073738,0.0654350447897,0.0112370928841,0.0357781560716,0.0091731761967,0.0201218684063,0.00844638885907,0.0509466469192,0.00221524417911,0.0265454495943,0.000834424586332,0.0158079810017,0.00109412370887,0.00422718485188,0.000846583686894,0.00777909273328,0.00150364370528,0.0125163483834,0.00153064699675,0.0122646316132,0.00207556979431,0.0134765771581,0.00239511101688,0.0168717986464,0.0027304011988,0.0159039297164,0.002486157825,0.0116989457845,0.00251558623436,0.0110906817078,0.00253439128296,0.0119738587312,0.0021533768512,0.00922415656846,0.00178021550138,0.0056577166354,0.00149691442913,0.00408615462019,0.0012854559001,46875,46875,46874,90,88903530d53aeb6ba5089fae20cb10e355e03bb2da37eb2a58edd82d0c369368,926796
improved_N017_selected,improved,selected,N017,5.65685424949,11.313708499,230,400,60,0.001,0.0001,0.08,0.1,2e-07,10000,0,1,12,0,0,0,0,False,800,15,18,4,7,1.6e-05,1.53383002788,8.94211213123,0.137156800996,0.285743335408,8.94955242376,13.341375351,0.0585991843691,5.59780436516,11.3396351363,-0.0590498843301,0.0259266373078,0.3,910.396448063,910.396448063,-1844.21656724,920,-1840,0,0,0,0.00229406733584,-0.172922834754,60,0.5,0.75,True,True,True,True,True,True,True,8.94211213123,0.00276023171135,0.0693086763865,0.0163229732854,0.0345883214542,0.00921748921658,0.0240480132773,0.00119966207358,0.0787969530138,0.00383394947363,0.0548991784162,0.00334411613347,0.0337412932072,0.000668179290124,0.0283999448035,0.00197944904579,0.0185483901653,0.000943375136307,0.00898783044879,0.00087652899614,0.00884567325736,0.000389913825459,0.00365880895942,0.000282977213577,0.0016638376604,0.000224176130955,0.000743985836479,0.000424419532625,0.00408037123937,0.000532456730847,0.00497480619506,0.000436456599781,0.00299732904882,0.000793170718727,0.00642870231869,0.000772460016124,0.00589718512375,0.00073568138189,0.00481905442079,0.00108066044217,46875,46875,46874,90,05a90ffadd20c68392d68855370611969f42564b2839b4a9c721ea5914ab4760,932464
improved_N018_selected,improved,selected,N018,5.65685424949,22.627416998,230,400,60,0.001,0.0001,0.08,0.1,2e-07,10000,0,1,12,0,0,0,0,False,800,15,18,4,7,1.6e-05,0.975493616845,16.4910018312,0.160868670217,0.335143062952,16.495321077,23.8869476318,0.0618199091527,5.5477763943,22.6523389493,-0.109077855189,0.0249219512893,0.466476151588,902.260171051,902.260171051,-3684.05317057,920,-3680,0,0,0,0.00224571775829,-0.172922834754,60,0.5,0.75,True,True,True,True,True,True,True,16.4910018312,0.00316684389704,0.0684902371971,0.017511361213,0.0350896157123,0.00638304009501,0.0286947739057,0.00487136258034,0.0894740864201,0.00326626951982,0.0605833590309,0.000764605097786,0.0533566634568,0.00196380916016,0.0363580184676,0.000635373415894,0.0314439397027,0.00131094212942,0.0258175471714,0.000765046062692,0.0184355464385,0.000902397567885,0.018910629348,0.0006507181257,0.0115786241883,0.000818760625327,0.0129361345669,0.000635691649251,0.00859223740017,0.000576548872552,0.00763444286146,0.000644437757774,0.00745861286786,0.000370879425601,0.00327294272974,0.000565226549832,0.00529354844409,0.000297039448098,0.00224854913713,0.000299648544621,46875,46875,46874,90,8543c85c55d336e34e498778147cde1fa6b455c9cfee195b42920c212f8d5d7d,936959
improved_N019_selected,improved,selected,N019,5.65685424949,45.2548339959,230,400,60,0.001,0.0001,0.08,0.1,2e-07,10000,0,1,12,0,0,0,0,False,800,15,18,4,7,1.6e-05,0.522901682129,32.2492299885,0.168631766084,0.351316179341,32.2515484936,45.9383773804,0.0644299271762,5.44688515479,45.2808691592,-0.209969094701,0.0260351632972,0.912140340079,885.851768738,885.851768738,-7364.23421732,920,-7360,0,0,0,0.00430789525246,-0.172922834754,60,0.5,0.75,True,True,True,True,True,True,True,32.2492299885,0.00570122084986,0.0677768169477,0.016750780419,0.0357642878676,0.00605894691652,0.0300512190281,0.00482816504458,0.0889935658677,0.00201058420823,0.0682313599242,0.00173566419497,0.0535774658512,0.00110617245708,0.0399436384982,0.000885598364229,0.0368364809,0.00081095463467,0.0262547078194,0.000573986105738,0.0261272203984,0.000994389427504,0.0180540060192,0.000514118259367,0.0191296860523,0.000692229927794,0.0140081157893,0.000540380880191,0.0136696539835,0.000588721630321,0.0114873009804,0.00030194506271,0.00914848479054,0.000609782263865,0.0101062903542,0.000172810410898,0.00637943592632,0.000496134592776,0.00840751013929,0.000330003964845,46875,46875,46874,90,feb00ffd1edfa9b5f33404ac5f34285a12c2c6742cf9ec18d5a7a20b0564a916,945963
improved_N020_selected,improved,selected,N020,11.313708499,-45.2548339959,230,400,60,0.001,0.0001,0.08,0.1,2e-07,10000,0,1,12,0,0,0,0,False,800,15,18,4,7,1.6e-05,0.512198467421,32.9840351615,0.168943722591,0.351966088731,32.9860017324,47.2511329651,0.0583730303132,11.5081223695,-45.2046045287,0.194413870483,0.050229467212,0.932952303175,1871.61841422,1871.61841422,7351.83095272,1840,7360,0,0,0,0.00290737404143,-0.172922834754,60,0.5,0.75,True,True,True,True,True,True,True,32.9840351615,0.00274805216382,0.0683189760955,0.0181068596341,0.0340908683829,0.00796602577704,0.0290389234139,0.00409167188243,0.089813272362,0.00267426161684,0.0664667887168,0.000908591133104,0.0540818354598,0.00117915999405,0.0416550179727,0.000926826670864,0.0348059144317,0.000593480793233,0.030297353632,0.000633492127606,0.0229972342241,0.000302740457571,0.0219827640484,0.000498065435605,0.0172944473217,0.000433071735409,0.0155321716614,0.000402600184921,0.0134943973095,0.000412088355136,0.0113343593901,0.000465816379314,0.0103690453937,0.000322095839404,0.00882044877065,0.000432355840175,0.00840327882768,0.000364758627725,0.00695273907294,0.000194396964247,46875,46875,46874,90,fb94df8ec179f4ec6a6a4c97da0292adbee331679a4f05f82f87ae15017461bb,946472
improved_N021_selected,improved,selected,N021,11.313708499,-22.627416998,230,400,60,0.001,0.0001,0.08,0.1,2e-07,10000,0,1,12,0,0,0,0,False,800,15,18,4,7,1.6e-05,0.906876249525,17.8860025084,0.162203908738,0.33792480987,17.8897050623,25.9896869659,0.0586030983695,11.4064779086,-22.5767675538,0.0927694095707,0.0506494441375,0.505964425627,1855.08751208,1855.08751208,3671.76264996,1840,3680,0,0,0,0.00244921766687,-0.172922834754,60,0.5,0.75,True,True,True,True,True,True,True,17.8860025084,0.0016701629294,0.0696710306012,0.0169816949025,0.0358837805027,0.00887797290078,0.0265913979417,0.00421583121504,0.0885844193783,0.00193897418097,0.0661421159149,0.00319392952322,0.0490055337812,0.00139495701424,0.039744857811,0.00142532166165,0.0317782389555,0.00128418831082,0.0233709747327,0.00069490233864,0.0211058604715,0.000710547574293,0.0171944745793,0.000698904230779,0.0132652843862,0.000672926907812,0.0117255786398,0.000957551585895,0.00921855288911,0.000728930113287,0.00726533696184,0.0006240131901,0.00639699010285,0.00046292042876,0.00483465149344,0.000195218513524,0.00404437484555,0.000198088518342,0.00420030147361,0.000206843651298,46875,46875,46874,90,31af173061db869a25b032988d5db9831d97719979675bb10c83cd1b965d7899,937179
improved_N022_selected,improved,selected,N022,11.313708499,-11.313708499,230,400,60,0.001,0.0001,0.08,0.1,2e-07,10000,0,1,12,0,0,0,0,False,800,15,18,4,7,1.6e-05,1.21982183385,11.3096212631,0.137957229492,0.287410894775,11.3152646997,16.7042865753,0.0573240240506,11.3557019773,-11.2633520246,0.0419934782991,0.0503564743537,0.32,1846.82959085,1846.82959085,1831.81029697,1840,1840,0,0,0,0.00239885110731,-0.172922834754,60,0.5,0.75,True,True,True,True,True,True,True,11.3096212631,0.00417074317262,0.0672248771427,0.0143718657985,0.0399781822411,0.00719608579323,0.0243099017502,0.006918962904,0.0769258738141,0.00411614841546,0.0537071947487,0.00108081220875,0.040255540261,0.00173434827988,0.0281124224569,0.00190914622377,0.0197478350604,0.00120620502126,0.0124556900368,0.000680571681537,0.00957977473124,0.000807585594897,0.00661310753321,0.000293990329741,0.00265453930705,6.30822895472e-05,0.000380714872398,6.79913135499e-05,0.000874966931439,0.000150032251171,0.00208879452384,0.000451130798559,0.00349310462645,0.000683186102515,0.00438904025937,0.000719530290498,0.00422614662134,0.000692866772993,0.00391670440986,0.000763679455117,46875,46875,46874,90,f287e8f1762b2530e23af1f1b62e671341627ddba7107667569c3543a796d6cf,938088
improved_N023_selected,improved,selected,N023,11.313708499,-5.65685424949,230,400,60,0.001,0.0001,0.08,0.1,2e-07,10000,0,1,12,0,0,0,0,False,800,15,18,4,7,1.6e-05,1.45003451936,8.93896327332,0.129618053136,0.2700376107,8.94603902124,13.2668476105,0.0571742158038,11.3304614655,-5.60631534799,0.0167529665639,0.0505389015031,0.3,1842.72461134,1842.72461134,911.780628008,1840,920,0,0,0,0.00371305972578,-0.172922834754,60,0.5,0.75,True,True,True,True,True,True,True,8.93896327332,0.00521041076713,0.0614019899779,0.0166363189342,0.0385030274327,0.00520128779783,0.0264613866729,0.00100837644986,0.0753843468529,0.00238025768798,0.0517539035824,0.00345334568703,0.0336023018442,0.00232594201217,0.0222455857578,0.00175002173638,0.0130235654682,0.000524957806854,0.00697689790034,0.000808190350808,0.00380397077176,0.000256830245721,0.00135788499091,0.000446537973906,0.00189752915155,0.000539047720863,0.00352165347128,0.000676568569903,0.00536779520701,0.000891391315589,0.00666564226032,0.00100768679632,0.00709761948206,0.00108406947768,0.00669451829149,0.00101911688757,0.00633842940061,0.00113824521951,0.00605437755652,0.00123035284474,46875,46875,46874,90,e3c5c0a241c26a2e09acc2d1543acf05f46885e907a100412b9f572ecf0cff6c,938467
improved_N024_selected,improved,selected,N024,11.313708499,0,230,400,60,0.001,0.0001,0.08,0.1,2e-07,10000,0,1,12,0,0,0,0,False,800,15,18,4,7,1.6e-05,1.97640664848,7.99411152528,0.157996151673,0.329158649318,8.00263580802,11.7450408936,0.0615803917633,11.305271671,0.0497051588165,-0.00843682801988,0.0497051588165,0.3,1838.62788019,1838.62788019,-8.08377661759,1840,-0,0,0,0,0.00291449090145,-0.172922834754,60,0.5,0.75,True,True,True,True,True,True,True,7.99411152528,0.00385578476938,0.05739982906,0.0174214136197,0.034512727211,0.00835064494,0.0251757968418,0.00474487487778,0.0877794689498,0.00322933117205,0.0660848372148,0.00178596825626,0.0492491227554,0.00164415521667,0.0390496161335,0.00123298979683,0.0336282823191,0.000946860072316,0.0268248839921,0.0006358229301,0.0221880875625,0.000471539267252,0.017416722891,0.000336920450836,0.0154720088526,0.000306576054355,0.0128071181187,0.000473950535268,0.0105708087796,0.000190945752413,0.00849707578233,0.000253908536959,0.00779075444459,0.000129253440838,0.00606232513722,0.000313869490512,0.0058728100263,0.000177603893586,0.00491964629789,0.000251126481108,46875,46875,46874,90,917a5671234b349ca1e52dffea89d8f5a2a3fbdcc9c9b20fcdc893e9fddb7350,949018
improved_N025_selected,improved,selected,N025,11.313708499,5.65685424949,230,400,60,0.001,0.0001,0.08,0.1,2e-07,10000,0,1,12,0,0,0,0,False,800,15,18,4,7,1.6e-05,1.46147209464,8.93931323618,0.130645568399,0.272178267499,8.94654964471,13.2746152878,0.0572475087146,11.280376469,5.70751688444,-0.0333320299523,0.0506626349445,0.3,1834.57905999,1834.57905999,-928.239495326,1840,-920,0,0,0,0.00336027684823,-0.172922834754,60,0.5,0.75,True,True,True,True,True,True,True,8.93931323618,0.00594045194262,0.0613831276438,0.0152291104163,0.038214561319,0.00381381331933,0.0265738386138,0.00444786636758,0.0766224980112,0.00413491106152,0.0532589600734,0.00375930170221,0.0339122934673,0.00241770215827,0.0205653226241,0.00143853326446,0.0112967652944,0.000728593468503,0.00592696000697,0.000653573798278,0.00397448427805,0.000505502590374,0.00263514036586,0.000199016900578,0.0013190400806,0.000436026490913,0.00404852329796,0.000792609638852,0.00682229318218,0.00108946645072,0.00853189632556,0.00108000799393,0.008143070699,0.00114967309895,0.00632802966649,0.00107626221057,0.00610504875605,0.00128959850914,0.00592241276161,0.00156355330668,46875,46875,46874,90,bbfdd86f794d9f14f80d36e3ce4ed34dd1abf6decd1f106a95fc4de2fb077a8d,933802
improved_N026_selected,improved,selected,N026,11.313708499,11.313708499,230,400,60,0.001,0.0001,0.08,0.1,2e-07,10000,0,1,12,0,0,0,0,False,800,15,18,4,7,1.6e-05,1.21707870129,11.3096646895,0.137647520124,0.286765666924,11.3155273469,16.7186508179,0.0592432402128,11.2548085741,11.3642560135,-0.058899924917,0.0505475145326,0.32,1830.42083665,1830.42083665,-1848.22077277,1840,-1840,0,0,0,0.00100922638259,-0.172922834754,60,0.5,0.75,True,True,True,True,True,True,True,11.3096646895,0.00463384060121,0.0668667346665,0.0134975736875,0.0398717315718,0.00831584505992,0.0245349389921,0.006787141603,0.0761236476069,0.00277698388098,0.0517846316935,0.00114427716079,0.0422902878125,0.00234224291967,0.0304481969284,0.00196278775666,0.0193974056417,0.00107760173323,0.0113245368187,0.00067402317675,0.00946051591373,0.000821621987219,0.00726569333957,0.000549047236006,0.00266783420388,0.000179552761033,0.00153208314112,0.000109629555287,0.00208525833259,0.000184951633664,0.00111103215423,0.000356231219122,0.00451893300176,0.000586465531022,0.00574861560086,0.000598814415678,0.00451866849306,0.000694746086998,0.00378837401375,0.000802312803521,46875,46875,46874,90,1459484c7fd1572995c731eb4cf40f1eb0bb4fd9437b7f4e1e780f4e2c9fc326,933659
improved_N027_selected,improved,selected,N027,11.313708499,22.627416998,230,400,60,0.001,0.0001,0.08,0.1,2e-07,10000,0,1,12,0,0,0,0,False,800,15,18,4,7,1.6e-05,0.89839772067,17.8861955534,0.160689173166,0.334769110763,17.8901638797,25.9627037048,0.0611494615655,11.204261528,22.6781063222,-0.10944697098,0.0506893242226,0.505964425627,1822.20014007,1822.20014007,-3688.24383593,1840,-3680,0,0,0,0.00333538879365,-0.172922834754,60,0.5,0.75,True,True,True,True,True,True,True,17.8861955534,0.00350398736139,0.0707387521084,0.0160043348528,0.0366299464339,0.00836810392106,0.0259516434783,0.00226274916895,0.0874887478413,0.00289222697238,0.0662922515003,0.00289920878293,0.0450055455519,0.000419022530852,0.0399195930962,0.00179964422729,0.0319351185787,0.00109927650406,0.0223971142506,0.00105684820585,0.0212194860521,0.00102221832295,0.016842251231,0.000800448435123,0.0112545358957,0.000617010192589,0.0125559741268,0.000846714782537,0.00877345471998,0.000302864003162,0.00590069592702,0.000613674069696,0.00781613458852,0.000310272698931,0.00494694854212,0.000417747058497,0.00291359392151,0.00042421714308,0.00428094942705,0.000329441290683,46875,46875,46874,90,b62be3c113192e23ece8faea8bdb40025fe05e5303360382d6469b2359c33758,932527
improved_N028_selected,improved,selected,N028,11.313708499,45.2548339959,230,400,60,0.001,0.0001,0.08,0.1,2e-07,10000,0,1,12,0,0,0,0,False,800,15,18,4,7,1.6e-05,0.513789823184,32.9840835722,0.169468864665,0.353060134718,32.9863491194,47.2028236389,0.0636922893785,11.1036963786,45.3057111735,-0.210012120413,0.0508771775298,0.932952303175,1805.84477127,1805.84477127,-7368.27438736,1840,-7360,0,0,0,0.00329100044423,-0.172922834754,60,0.5,0.75,True,True,True,True,True,True,True,32.9840835722,0.00563209045883,0.0692428818678,0.016649658078,0.0351306623917,0.00639576875641,0.0290573485348,0.00475351757047,0.0925407296018,0.00309662036615,0.0632974050249,0.000741363621442,0.0563373500295,0.00182517450236,0.0406754345133,0.000650104686009,0.0333818807907,0.00101977208335,0.0304515968033,0.000592295768813,0.0209831137291,0.000432163249836,0.0225335208241,0.000685374230908,0.0156337954564,0.000364531763578,0.0151248514157,0.000459685024395,0.0137306200738,0.000198531927134,0.00962632712788,0.000488623315737,0.0116141778911,9.37120841178e-05,0.00740432897416,0.000450185699999,0.00838487004061,0.000384035797782,0.0073721586977,0.000307861682709,46875,46875,46874,90,9be7e64428f96a82c36b4ed9a7fbda4f99fe5a44384c8beaf75fd0620d81ab5f,945506
improved_N029_selected,improved,selected,N029,22.627416998,-45.2548339959,230,400,60,0.001,0.0001,0.08,0.1,2e-07,10000,0,1,12,0,0,0,0,False,800,15,18,4,7,1.6e-05,0.474181298044,35.77526081,0.169639596088,0.353415825183,35.7770627575,51.2924957275,0.057782480423,22.822004268,-45.1541215532,0.194587270058,0.100712442709,1.01192885125,3711.64661498,3711.64661498,7343.62067623,3680,7360,0,0,0,0.00352299400937,-0.172922834754,60,0.5,0.75,True,True,True,True,True,True,True,35.77526081,0.00358578769719,0.0689381005546,0.017602726249,0.0349563304409,0.00837139187128,0.0264844239612,0.00459844807505,0.0910273534539,0.00215212299325,0.0688905648859,0.00197180660603,0.0518990836875,0.000570408862893,0.0431467273989,0.00104784315134,0.0349428308342,0.000861904913048,0.0268603468009,0.000505309811029,0.0245553832889,0.000606211035878,0.0206403962306,0.000746155906968,0.016563477771,0.000363114837392,0.01559995674,0.000489771123615,0.0130378506296,0.000337118580052,0.0110327250156,0.000404056784981,0.0104303232422,0.000379176161079,0.00880137412102,0.000341075724319,0.00785340207995,0.000408364478742,0.00767836727772,0.000246642246233,46875,46875,46874,90,158c9f8b46309f250ebef909496199bb849b56e09dd2fbd4f8114884d1eb0699,943909
improved_N030_selected,improved,selected,N030,22.627416998,-22.627416998,230,400,60,0.001,0.0001,0.08,0.1,2e-07,10000,0,1,12,0,0,0,0,False,800,15,18,4,7,1.6e-05,0.70914706439,22.6234025223,0.160433194852,0.334235822608,22.6262891267,32.6695137024,0.058230602047,22.720453334,-22.5259335804,0.0930363360249,0.101483417566,0.64,3695.13092354,3695.13092354,3663.49528907,3680,3680,0,0,0,0.00333527141079,-0.172922834754,60,0.5,0.75,True,True,True,True,True,True,True,22.6234025223,0.0023209591704,0.0675815942739,0.0160018945119,0.0414332728288,0.00710704576704,0.0262193937779,0.00641609289692,0.0854859888387,0.00300049940256,0.0634795589701,0.000170821501846,0.0508735540425,0.0012065311386,0.039139591214,0.00182290564917,0.0307543927764,0.0014602279915,0.0239868095237,0.00105457039484,0.0212704653121,0.000821280506618,0.018372288594,0.000793612914898,0.0138309845118,0.000915899819559,0.0115616361762,0.000698976665369,0.0103899651919,0.00067333090954,0.00859691315028,0.000391984728132,0.00670340662542,0.000544718202364,0.00534080221633,0.00056263551298,0.00489635457353,0.000343971849778,0.00449502601753,0.000206221308975,46875,46875,46874,90,1162754ec7d5b85b964c074ff286d00fd01a73496eba3feada9ee972b89307d7,939521
improved_N031_selected,improved,selected,N031,22.627416998,-11.313708499,230,400,60,0.001,0.0001,0.08,0.1,2e-07,10000,0,1,12,0,0,0,0,False,800,15,18,4,7,1.6e-05,0.871868227723,17.8833657825,0.155919384305,0.324832050635,17.8870445048,25.9109039307,0.058265707879,22.6697402431,-11.2121550438,0.0423232451768,0.101553455143,0.505964425627,3686.88322234,3686.88322234,1823.48389854,3680,1840,0,0,0,0.00381560207344,-0.172922834754,60,0.5,0.75,True,True,True,True,True,True,True,17.8833657825,0.00305175795193,0.0626634354534,0.0167656891708,0.0402436086323,0.00631293074508,0.0288154854509,0.00240512305,0.0868899757712,0.00193106443594,0.0645274304359,0.00310805251753,0.0475379049386,0.0023098845632,0.036594366001,0.00218644214732,0.0277975951768,0.000953612356992,0.0225847934886,0.00105390733208,0.0186193158629,0.000560418073727,0.0160291932734,0.000852720125914,0.0120122999964,0.000520211098581,0.00961072089259,0.000748423865083,0.00703320693354,0.000511670847302,0.00579354278519,0.000715372577235,0.004410679909,0.000358357029327,0.00379237663019,0.00057016296284,0.00321348436411,0.000212963071114,0.00257614187715,0.000131040355156,46875,46875,46874,90,f6a6499f7a89a9de5c8953b2a98234e549a7ff86391a201ce9489cd780379c78,933123
improved_N032_selected,improved,selected,N032,22.627416998,-5.65685424949,230,400,60,0.001,0.0001,0.08,0.1,2e-07,10000,0,1,12,0,0,0,0,False,800,15,18,4,7,1.6e-05,0.959638958945,16.4867156968,0.158212946877,0.329610305993,16.4907728883,23.7983436584,0.0600661758593,22.6441429377,-5.55575193367,0.0167259397537,0.101102315822,0.466476151588,3682.72021585,3682.72021585,903.557269384,3680,920,0,0,0,0.00343386179589,-0.172922834754,60,0.5,0.75,True,True,True,True,True,True,True,16.4867156968,0.00282998539696,0.0589495900752,0.0175730119664,0.0365980437217,0.0075911841066,0.0268531761579,0.00461671211872,0.0871601023308,0.00194476677032,0.0640530072808,0.000543111173068,0.0511450034744,0.000390697507602,0.0402379127676,0.000782049485142,0.0327490895015,0.00137640713411,0.0267950421381,0.00103027170956,0.0219906784587,0.000958688632482,0.0175989571985,0.00080165667312,0.0139451851759,0.000534838332254,0.0113378145311,0.000332944081022,0.00911313592576,0.000458771715334,0.0076318797347,0.000259639435001,0.00655698936182,0.000339417849236,0.00521517214052,0.000382360590098,0.00447525482512,0.000488162148121,0.00405403094201,0.000390500409539,46875,46875,46874,90,e4454d6e290e05d752a316923ab0d17d1fb279725b9c671587bc3380dd3fdd41,934020
improved_N033_selected,improved,selected,N033,22.627416998,0,230,400,60,0.001,0.0001,0.08,0.1,2e-07,10000,0,1,12,0,0,0,0,False,800,15,18,4,7,1.6e-05,1.02266380568,15.9943699468,0.163568632393,0.340767984152,15.9986626996,23.0500240326,0.0622360344294,22.6192288869,0.101116546073,-0.0081881110798,0.101116546073,0.452548339959,3678.66833016,3678.66833016,-16.4450449463,3680,-0,0,0,0,0.00178111747942,-0.172922834754,60,0.5,0.75,True,True,True,True,True,True,True,15.9943699468,0.00269559846432,0.0579045253192,0.0171990035364,0.0343316517895,0.00780665961421,0.0256454814488,0.00482281291871,0.0884354805706,0.00327481217845,0.0680497904314,0.00169992038821,0.0516820548315,0.00159664673282,0.0419713791535,0.000910304858857,0.0348065668054,0.000705558305539,0.0291028010037,0.000420368231943,0.0243524442702,0.000582184985863,0.0204968975336,0.00017509758518,0.017560542519,0.000375270768834,0.0157386013911,0.000195592382303,0.0134230525949,0.000231654619522,0.0117672635983,0.000160643663367,0.0106663380701,0.000206344261567,0.00950694056854,5.83174235414e-05,0.00837918533533,0.000107449867042,0.00740393577908,6.19264090575e-05,46875,46875,46874,90,33581f725c39cc88cabd1909c070f5c47787029f35fdf1dfa96df3e55d7d6f19,947454
improved_N034_selected,improved,selected,N034,22.627416998,5.65685424949,230,400,60,0.001,0.0001,0.08,0.1,2e-07,10000,0,1,12,0,0,0,0,False,800,15,18,4,7,1.6e-05,0.948189726414,16.4868445242,0.156326565988,0.325680345809,16.4909683928,23.8158550262,0.0606079384743,22.5937194496,5.75811828311,-0.0336975483523,0.101264033617,0.466476151588,3674.51961406,3674.51961406,-936.469031518,3680,-920,0,0,0,0.00260410266445,-0.172922834754,60,0.5,0.75,True,True,True,True,True,True,True,16.4868445242,0.00414105042007,0.058254448462,0.0176462430553,0.0364232549628,0.00719742558502,0.0261518825025,0.00349729800448,0.0846297651093,0.00117126027548,0.0627881198324,0.000360936822745,0.0504946212277,0.000932657233779,0.0403916126665,0.00147607317417,0.0326914442103,0.00135286433795,0.0270141649318,0.00138347256361,0.0226520912111,0.00132036155268,0.0191322265675,0.000939668533939,0.0159724585004,0.000713351691396,0.0128872532871,0.000603491324443,0.010301120472,0.000351966689223,0.007651311203,0.000280240355712,0.00612246337732,0.000274604178488,0.00425394656034,0.000332875506356,0.00380521420662,0.000312181942226,0.00309249825145,0.000343299230598,46875,46875,46874,90,ae031baf93f961cfbd0271c5ca4203d99eebd739d8585c8616cc8c1f408a7156,933016
improved_N035_selected,improved,selected,N035,22.627416998,11.313708499,230,400,60,0.001,0.0001,0.08,0.1,2e-07,10000,0,1,12,0,0,0,0,False,800,15,18,4,7,1.6e-05,0.882057978071,17.8832499933,0.157740633305,0.328626319385,17.8870938462,25.9209747314,0.0606822112489,22.5680384396,11.4151172415,-0.0593785583719,0.101408742515,0.505964425627,3670.34299431,3670.34299431,-1856.49256619,3680,-1840,0,0,0,0.00397437713099,-0.172922834754,60,0.5,0.75,True,True,True,True,True,True,True,17.8832499933,0.00455244773423,0.0619806420907,0.0154609138186,0.0395580328709,0.00460377803487,0.0290021401052,0.00342772168424,0.0885572381762,0.00317467246475,0.0664813839831,0.002747857257,0.0494935992888,0.00195462322548,0.0365719451635,0.00132680573882,0.0275773674969,0.00114314877335,0.0212485505503,0.00126497843287,0.0177257991667,0.00131587612403,0.0165877374122,0.00116809525391,0.0144182405374,0.000948512045055,0.0113754885536,0.000442060121073,0.00775998328317,0.000286786777478,0.00464770971488,0.000422696175037,0.00299424997573,0.000599833572708,0.00326476536352,0.000625199535,0.00331016520459,0.000483359574806,0.00312756618911,0.000403257579146,46875,46875,46874,90,a916d45fce584ca5946523d268625cc9821ef10ef982621beae62a3f8fbffcc6,932590
improved_N036_selected,improved,selected,N036,22.627416998,22.627416998,230,400,60,0.001,0.0001,0.08,0.1,2e-07,10000,0,1,12,0,0,0,0,False,800,15,18,4,7,1.6e-05,0.711459672957,22.623440254,0.160956654043,0.335326362589,22.6265532209,32.6851844788,0.0611112811175,22.5178554784,22.7285345437,-0.109561519538,0.101117545729,0.64,3662.18151051,3662.18151051,-3696.44520752,3680,-3680,0,0,0,0.00368277616203,-0.172922834754,60,0.5,0.75,True,True,True,True,True,True,True,22.623440254,0.00454818653581,0.0682607302492,0.014789547886,0.0406029412448,0.0072741920656,0.0263322085492,0.00596829061692,0.0854576730857,0.00278735753843,0.0624246873469,0.000186468457636,0.0519272271106,0.00174068600767,0.0417628427997,0.00177830116826,0.0313739110965,0.00143562443585,0.0236413876134,0.000859476290528,0.0201105627336,0.00101858680837,0.0192582332951,0.000843919495451,0.0142124703418,0.000897605766431,0.0101564527225,0.000692951428956,0.00947024103256,0.00076901047567,0.0097247917795,0.000590211627502,0.00720548003231,0.000336253508492,0.00441651089511,0.000473584249811,0.00371267373206,0.000520892820698,0.00474491231121,0.000308381198231,46875,46875,46874,90,0148d8d250055abb14466a582beae31993c543d2960d6bcd49397a8b62df836d,935792
improved_N037_selected,improved,selected,N037,22.627416998,45.2548339959,230,400,60,0.001,0.0001,0.08,0.1,2e-07,10000,0,1,12,0,0,0,0,False,800,15,18,4,7,1.6e-05,0.471892671142,35.7752629387,0.168820843889,0.351710091436,35.7773359778,51.271270752,0.0642303102351,22.4169626202,45.3565724405,-0.210454377791,0.101738444553,1.01192885125,3645.77284494,3645.77284494,-7376.54618713,3680,-7360,0,0,0,0.00348458148784,-0.172922834754,60,0.5,0.75,True,True,True,True,True,True,True,35.7752629387,0.00557406227978,0.0707621956,0.0151687281057,0.0373019354054,0.00747928428612,0.0260203134554,0.00283060341028,0.088782837738,0.00224379816615,0.0700009826077,0.00209481588857,0.048643696805,0.000443045375887,0.0420540102843,0.00105655955648,0.0365625086163,0.000676598401738,0.0270030689358,0.000639444805628,0.0240464810885,0.000908014894793,0.022104576591,0.000364854281915,0.0151849088802,0.00059516947291,0.0150712517777,0.000830785029935,0.0143119852522,0.000323633555459,0.00890125528035,0.00070608394927,0.0101834436173,0.000667512862954,0.00995075778566,0.000191759298599,0.00640243771823,0.000495276393795,0.00698183508439,0.000544420308847,46875,46875,46874,90,8528b30347481ebfb605db4ef2b760a2a8702a6b00847cb7528a5fe49130d598,942150
improved_N038_selected,improved,selected,N038,45.2548339959,-45.2548339959,230,400,60,0.001,0.0001,0.08,0.1,2e-07,10000,0,1,12,0,0,0,0,False,800,15,18,4,7,1.6e-05,0.372104932295,45.2513379205,0.168382460332,0.350796792357,45.2527291177,64.6377105713,0.0566235575038,45.4495648717,-45.0522387918,0.194730875774,0.20259520409,1.28,7391.66997024,7391.66997024,7327.05101819,7360,7360,0,0,0,0.00273951507648,-0.172922834754,60,0.5,0.75,True,True,True,True,True,True,True,45.2513379205,0.00368270465381,0.0674873270635,0.0179485613297,0.0420024624818,0.00812158089081,0.0265182314411,0.00580116251085,0.0881044388259,0.00288974423869,0.0666107823152,0.00109695180936,0.0537278291011,0.00116112977012,0.0416958582977,0.00156458560494,0.0335020848084,0.000764007425597,0.0272443811128,0.00029630108608,0.0250423761702,0.000769948782911,0.020885072575,0.000774474573091,0.0166694653383,0.000401858092106,0.0149524153787,0.000297592719459,0.0135979872361,0.000426231692587,0.0118214733178,0.000523746236569,0.00973273621823,0.000494464959587,0.00895146583512,0.00017597967046,0.00848439389576,0.000482352733687,0.00730251133851,0.000323654171206,46875,46875,46874,90,e27e974dc9e9d1de29acc8b063f854f3679cd0627ec29489224eda31fafe89c1,944601
improved_N039_selected,improved,selected,N039,45.2548339959,-22.627416998,230,400,60,0.001,0.0001,0.08,0.1,2e-07,10000,0,1,12,0,0,0,0,False,800,15,18,4,7,1.6e-05,0.467921015015,35.7723123919,0.167386167239,0.348721181747,35.7741378209,51.1863746643,0.0587493538831,45.3482602094,-22.4243609433,0.0934262134146,0.20305605464,1.01192885125,7375.19433108,7375.19433108,3646.97606796,7360,3680,0,0,0,0.00217645892519,-0.172922834754,60,0.5,0.75,True,True,True,True,True,True,True,35.7723123919,0.000894946658117,0.0632927022213,0.017125935422,0.0411174662497,0.00699581510195,0.0287770155057,0.00342674658763,0.0905407902065,0.00250141509427,0.0687772017221,0.00231766231299,0.0520274018451,0.00164437617306,0.0409707813044,0.000885678709349,0.0323028139472,0.000357658193594,0.0272447332006,0.000871321744883,0.0240022704499,0.000604974748653,0.0210985379318,0.000647567461259,0.0170626679015,0.000530022652849,0.0143144639667,0.000415408363811,0.0115146518378,0.000191201997654,0.010549827829,0.000543932109661,0.0094841220918,0.000357583945627,0.00860011017007,0.000420649339226,0.00755419702012,0.000385100445708,0.006262859203,0.000257862432947,46875,46875,46874,90,09914a168a977ac0cd7b06eae88b220da7c50404ea7dc5e2bf704ce5f1a78c51,941219
improved_N040_selected,improved,selected,N040,45.2548339959,-11.313708499,230,400,60,0.001,0.0001,0.08,0.1,2e-07,10000,0,1,12,0,0,0,0,False,800,15,18,4,7,1.6e-05,0.500610481281,32.9794057697,0.165098361947,0.343954920723,32.9814167887,47.1011276245,0.0600594092146,45.2970945437,-11.1110591637,0.0422605477896,0.202649335273,0.932952303175,7366.87302558,7366.87302558,1807.04221459,7360,1840,0,0,0,0.00204094729049,-0.172922834754,60,0.5,0.75,True,True,True,True,True,True,True,32.9794057697,0.000953966341408,0.0597000456864,0.0174682767611,0.0364082035673,0.00710873544484,0.0273452256997,0.00400054329524,0.0890248640749,0.00171556147031,0.0665253030805,0.00119998117442,0.0530937651873,0.000376600324524,0.0426390477684,0.000785842355476,0.0356341163538,0.000534281124528,0.0300023741208,0.000668833292074,0.0248054328514,0.000819741711972,0.020318246469,0.000734929626359,0.0168978933531,0.000727222966884,0.0143251046898,0.000471968241465,0.0116806832705,0.000572849948239,0.0108602856959,0.000469476607344,0.00988441127079,0.000577660992493,0.00894448073544,0.000286448465895,0.00805527615559,0.000236641163622,0.00804038942251,0.000286786521944,46875,46875,46874,90,100c7e3b6ad0c04bb024c94feed18892b05e4442d1d09bac1d4fb3713df44a44,940481
improved_N041_selected,improved,selected,N041,45.2548339959,-5.65685424949,230,400,60,0.001,0.0001,0.08,0.1,2e-07,10000,0,1,12,0,0,0,0,False,800,15,18,4,7,1.6e-05,0.509679436428,32.2433230425,0.164337587168,0.342369973268,32.2453963691,46.0163040161,0.0608832437696,45.2716234155,-5.45379454726,0.0167894196075,0.203059702232,0.912140340079,7362.73053987,7362.73053987,886.97547474,7360,920,0,0,0,0.00259259780892,-0.172922834754,60,0.5,0.75,True,True,True,True,True,True,True,32.2433230425,0.000918672549281,0.0586829398471,0.017752662194,0.0356998978013,0.00750294916303,0.0264479256101,0.00496879198545,0.0881539231632,0.00221360342854,0.0666399929111,0.00120631728811,0.0527977841837,0.000883671125542,0.0426363150526,0.000169143979145,0.0339895464617,0.000216882336796,0.0285343895172,0.000619566028715,0.0244702175914,0.000222569965551,0.0214932753738,0.000383243065163,0.0185541419376,0.000412091309765,0.0161188193813,0.000366151071909,0.0147175407857,0.000208826529972,0.0125884991754,0.000364081601436,0.0110071445512,0.000258170324239,0.00992038711477,0.000173910513131,0.00873841231743,0.000203312366481,0.00780888802605,9.59031245644e-05,46875,46875,46874,90,65ddb62b22a9daf0dd31e297ad6413e74f6714116913c61c28b489358fba8af5,942279
improved_N042_selected,improved,selected,N042,45.2548339959,0,230,400,60,0.001,0.0001,0.08,0.1,2e-07,10000,0,1,12,0,0,0,0,False,800,15,18,4,7,1.6e-05,0.512081212462,31.9945058652,0.163837853556,0.341328861574,31.9966152967,45.6510276794,0.0613860822179,45.2466120026,0.202270602918,-0.00822199329076,0.202270602918,0.905096679919,7358.66281974,7358.66281974,-32.8961904403,7360,-0,0,0,0,0.00192204576363,-0.172922834754,60,0.5,0.75,True,True,True,True,True,True,True,31.9945058652,0.000998834233502,0.0578781562655,0.0172058426247,0.0350796287738,0.00788892639905,0.0254735782702,0.00449593800822,0.0887427318717,0.00244726850771,0.0679107687714,0.00189478236457,0.0525025794315,0.00101351715257,0.0419132684049,0.000443297666662,0.0349309388037,0.000653776944969,0.028669300725,0.000429382388747,0.0240713589594,0.00013162669797,0.0203777243212,0.000396326093775,0.017864177668,0.000190217010723,0.0150957700335,0.000125727831225,0.0133856732396,0.000475234968298,0.0119820130705,0.000243692594083,0.0105470360506,2.93079372058e-05,0.00942027133749,0.000257336095703,0.00826541823241,0.000321523409791,0.00682873040865,0.00019537266591,46875,46875,46874,90,7867ae0b2db88837ff784c25d8afa2d700545307cd281c94cc9e3b57f654ad03,954527
improved_N043_selected,improved,selected,N043,45.2548339959,5.65685424949,230,400,60,0.001,0.0001,0.08,0.1,2e-07,10000,0,1,12,0,0,0,0,False,800,15,18,4,7,1.6e-05,0.495444188331,32.243446993,0.159748284244,0.332808925509,32.2455422441,46.0224304199,0.0619259650762,45.2210475639,5.85974446529,-0.0337864320139,0.202890215795,0.912140340079,7354.50515851,7354.50515851,-952.996960908,7360,-920,0,0,0,0.00449086603421,-0.172922834754,60,0.5,0.75,True,True,True,True,True,True,True,32.243446993,0.00123161888418,0.0576870067419,0.0165433356499,0.0346532051424,0.00717552858291,0.0257477154557,0.00418487703847,0.0877105609158,0.00158823223599,0.0661899907629,0.00127017477931,0.0500312228322,0.000597170311596,0.039796552721,7.53474145619e-05,0.0333499928759,0.00028756470563,0.0273939667735,7.21950235903e-05,0.0231347849387,0.000533930902567,0.0191131188152,0.000263320951947,0.0161371437285,0.00017563648303,0.0143394480426,0.000461520016799,0.0126612722145,0.000484190599975,0.0109266521648,0.000221970082905,0.0100905458845,0.000365970549399,0.00904976157206,0.00046106364351,0.00812133549885,0.000388430341441,0.00760750138224,0.000408658846652,46875,46875,46874,90,ee11e44fd3821d2aa8c347fa45311da0b6561a41b3e88d8d1685e414d2b4f2d3,942460
improved_N044_selected,improved,selected,N044,45.2548339959,11.313708499,230,400,60,0.001,0.0001,0.08,0.1,2e-07,10000,0,1,12,0,0,0,0,False,800,15,18,4,7,1.6e-05,0.491420937985,32.9797744075,0.162069516739,0.337644826539,32.9818500482,47.1094017029,0.0614491243622,45.1964737826,11.5156327466,-0.0583602133263,0.20192424761,0.932952303175,7350.5086124,7350.5086124,-1872.8398611,7360,-1840,0,0,0,0.00338040106453,-0.172922834754,60,0.5,0.75,True,True,True,True,True,True,True,32.9797744075,0.00312827145469,0.058798748214,0.017145153245,0.0356090083715,0.00718453947809,0.0270603139249,0.00400386575352,0.0863786384122,0.00166131006554,0.0649232103409,0.000763053644669,0.0510678402362,0.00047003258313,0.0416794985067,0.000592395465368,0.0336651555312,0.000690708545114,0.0292021422173,0.000552275567801,0.0243425724966,0.000494009191166,0.0220393851417,0.000463530998556,0.0196191342408,0.000485198983769,0.0169573228611,0.000397341398777,0.0145405252929,0.000340799768953,0.0126349947399,0.000214684631993,0.0105835634723,0.000257010112196,0.00896262661693,0.000142866050437,0.00781580041223,0.000223217197886,0.00699519704519,0.000209629675197,46875,46875,46874,90,8479f5360116c30ccfb64319edcb013edac58f33d60970076da907dad19002ea,941629
improved_N045_selected,improved,selected,N045,45.2548339959,22.627416998,230,400,60,0.001,0.0001,0.08,0.1,2e-07,10000,0,1,12,0,0,0,0,False,800,15,18,4,7,1.6e-05,0.471077216918,35.772311248,0.168515208255,0.35107335053,35.7742858249,51.2051925659,0.0616076780617,45.145124999,22.8305539327,-0.109708996931,0.203136934724,1.01192885125,7342.15752559,7342.15752559,-3713.03708593,7360,-3680,0,0,0,0.00292994391523,-0.172922834754,60,0.5,0.75,True,True,True,True,True,True,True,35.772311248,0.00403311622304,0.0618821277658,0.0166591903759,0.0390662038672,0.00637155679843,0.0289516628273,0.00358910050142,0.0911083582874,0.002141903863,0.0698604661695,0.00231540062002,0.0550664281963,0.00169163260441,0.0428121857602,0.00145576716552,0.0334146136845,0.000848759573739,0.0264543713388,0.000566684212315,0.0216067424231,0.000500308429953,0.0192835943292,0.000481660994942,0.0180796712146,0.000642560280556,0.0163108993409,0.000695512439536,0.0142369553382,0.000622807054655,0.01178253966,0.000482070589938,0.00871367993264,0.000416488761375,0.00692275549197,0.000456759104606,0.00635443938332,0.000429650123377,0.00611721887959,0.00046731951896,46875,46875,46874,90,1b50b0dc280c9796fc74e7cf7226231067cc16a5915e448329985c201b5686f0,938429
improved_N046_selected,improved,selected,N046,45.2548339959,45.2548339959,230,400,60,0.001,0.0001,0.08,0.1,2e-07,10000,0,1,12,0,0,0,0,False,800,15,18,4,7,1.6e-05,0.372623314523,45.2516307475,0.168618126367,0.351287763265,45.2532454639,64.6543502808,0.0630693898371,45.0442690148,45.4580465874,-0.210564981177,0.203212591451,1.28,7325.754857,7325.754857,-7393.04939033,7360,-7360,0,0,0,0.00407767638077,-0.172922834754,60,0.5,0.75,True,True,True,True,True,True,True,45.2516307475,0.00542735993238,0.0671737377235,0.0153384443272,0.0414659296594,0.00666463093766,0.0272614237146,0.00465330717969,0.0896521428557,0.00269565723985,0.0640201097412,0.00038341907127,0.0529078338823,0.000716670867691,0.0445170786036,0.00108675687773,0.0362213985282,0.000658265710381,0.0276475584395,0.000441428072681,0.0219100655106,0.000705488386518,0.0215140421535,0.000476702104822,0.0194006490053,0.000655088220158,0.0148501235067,0.000228699054738,0.01120604017,0.000393703731194,0.0112579849808,0.000722009449343,0.0118491902859,0.000344721789155,0.00999592388066,0.000160811096193,0.00729250923417,0.000341351679423,0.00593107381084,0.000443145972926,46875,46875,46874,90,da905be968e0749170c28f93979071218dbb3ac943c3b299d8182c13749e42c8,938550
improved_N047_selected,improved,selected,N047,67.8822509939,0,230,400,60,0.001,0.0001,0.08,0.1,2e-07,10000,0,1,12,0,0,0,0,False,800,15,18,4,7,1.6e-05,0.340695175804,47.9944779377,0.163514870986,0.340655981221,47.9958566101,68.2565078735,0.0609158006326,67.8737617545,0.303793229769,-0.00848923939928,0.303793229769,1.35764501988,11038.6193563,11038.6193563,-49.4072781551,11040,-0,0,0,0,0.00384015054781,-0.172922834754,60,0.5,0.75,True,True,True,True,True,True,True,47.9944779377,0.000344286601852,0.058864540038,0.0175713128774,0.0340353583168,0.0072273173679,0.025913031224,0.00488064075695,0.0883637097552,0.00253518384161,0.0676531060947,0.00159729854791,0.0522248207015,0.00100450270037,0.0421901487804,0.000619216025905,0.0342858324983,0.000438513651428,0.0283109947089,0.000163932175213,0.0235216072011,0.000124369515695,0.0199144557292,0.000185896975014,0.0178313151986,0.000164012861192,0.0157088315127,0.000203135036922,0.0129760141694,3.0649670041e-05,0.0119454316516,0.000138750352359,0.0109075446651,7.94179296249e-05,0.00987744070812,0.000105439788916,0.00870247888968,0.000128434861028,0.00767587497065,0.000326407074901,46875,46875,46874,90,331cfc90a6e41e74ea34206c073419d763cf57d2f68e9366a660ded955787600,951624
voltage_V001_initial,voltage,initial,V001,5.65685424949,0,207,400,60,0.001,0.0001,0.08,0.1,2e-07,10000,0,1,12,0,0,0,0,False,800,15,0,8,7,1.6e-05,7.89474959573,3.99732932426,0.315579140667,0.657456543057,4.02521804647,6.51527452469,0.0624222775591,5.65302213483,0.0249839221355,-0.00383211466151,0.0249839221355,0.3,827.439089147,827.439089147,-3.65692425788,828,-0,0,0,0,0.00107634167624,-0.172922834754,60,0.5,0.75,False,True,True,True,True,True,False,3.99732932426,0.0131574862292,0.260915394129,0.0175664245202,0.138878605476,0.00817312471764,0.0850836343113,0.00456104921996,0.0535682922273,0.00270507717624,0.0316640985877,0.00158651349339,0.0185745871493,0.000723837874212,0.0101311635648,0.000740872323677,0.00546908968588,0.000932534690662,0.00180154222978,0.000795184543774,0.00245406813956,0.00119520937951,0.00329027359041,0.000880171196283,0.00278821570142,0.00103706622679,0.0029005696706,0.000632971309037,0.0016984954493,0.000815460286644,0.00119343170569,0.000493113205902,0.000667318456161,0.000545058010302,0.00121561143992,0.000341481078699,0.00188832753551,0.000264893733095,0.00199256616176,0.000532296017454,46875,46875,46874,90,9d5561dbb38ac831ae4ea57e75b4f1470cc86eaa844d9a54c5510b8c66460d23,876341
voltage_V001_selected,voltage,selected,V001,5.65685424949,0,207,400,60,0.001,0.0001,0.08,0.1,2e-07,10000,0,1,12,0,0,0,0,False,800,15,18,4,7,1.6e-05,3.22823083659,3.99731409929,0.129042526388,0.268838596643,4.01491846565,6.26806592941,0.0641020868968,5.653000241,0.0250657514352,-0.00385400848794,0.0250657514352,0.3,827.435884524,827.435884524,-3.66890170278,828,-0,0,0,0,0.00196692976878,-0.172922834754,60,0.5,0.75,True,True,True,True,True,True,True,3.99731409929,0.0113094693952,0.0564724806573,0.0163468809364,0.0329309891351,0.00761195137655,0.0240567034651,0.00551208056172,0.0768085669788,0.00251716618725,0.051028669169,0.00240918224772,0.0372393163295,0.000969003634605,0.0267511087566,0.00140549127141,0.0202623195883,0.000619490770839,0.0121389475828,0.000687945079756,0.00867227176282,0.000625032656421,0.00544762244444,0.000241851579329,0.00363085170536,0.000887217639237,0.00178233161329,0.000159275799088,0.00145848043924,0.000756495478524,0.00155345419405,0.000300328983927,0.00162757001712,0.000533941322156,0.00143565058922,0.00052769927742,0.00137224516351,0.000463095616634,0.00110620171817,0.000455113887181,46875,46875,46874,90,66cb9e7635c0d65ff07d3848f6454b47d6ccde133ae41c01b0a35cf74f275b5d,935126
voltage_V002_initial,voltage,initial,V002,0,5.65685424949,207,400,60,0.001,0.0001,0.08,0.1,2e-07,10000,0,1,12,0,0,0,0,False,800,15,0,8,7,1.6e-05,7.16413140409,4.00003620552,0.286567849974,0.597016354113,4.0256934637,6.13567256927,0.0554956982953,-0.0292586850299,5.65682978533,-0.0292586850299,-2.44641605986e-05,0.3,-4.28262602081,-4.28262602081,-827.996419154,0,-828,0,0,0,0.00301736358793,-0.172922834754,60,0.5,0.75,False,True,True,True,True,True,False,4.00003620552,0.00536804417771,0.250540219775,0.0214105792582,0.111893933486,0.00248070782734,0.0551803988247,0.00534837927749,0.0120162069135,0.00163360891282,0.00377125259687,0.000963449512208,0.0214819490473,0.0036110754094,0.0214853140624,0.00355323981076,0.0273612072241,0.00439607204027,0.0210144144727,0.00404518113959,0.0215471451585,0.0036343278164,0.0132922684266,0.00296700512033,0.0123676240691,0.00206528504292,0.00509887968667,0.00125725634767,0.00429111716687,0.000330738165145,0.0017902678736,0.000381623472811,0.00130591292428,0.00100667493833,0.00430577545185,0.00131037457408,0.00339748609329,0.00141116798569,0.00429208164949,0.00146068136022,46875,46875,46874,90,93ebe4a3b32a20741568cad328aa3deb092847776ecc71fe501d3cdc6dcf5c42,863561
voltage_V002_selected,voltage,selected,V002,0,5.65685424949,207,400,60,0.001,0.0001,0.08,0.1,2e-07,10000,0,1,12,0,0,0,0,False,800,15,18,4,7,1.6e-05,2.4451550729,3.99987300897,0.0978030977884,0.203756453726,4.01656513905,5.99537420273,0.0586833218399,-0.0290240573518,5.65660019622,-0.0290240573518,-0.000254053272729,0.3,-4.24828330859,-4.24828330859,-827.962813942,0,-828,0,0,0,0.00376161275829,-0.172922834754,60,0.5,0.75,True,True,True,True,True,True,True,3.99987300897,0.00415379797629,0.0602050396326,0.0192478266186,0.0323606051666,0.00297015398876,0.018937635149,0.00654809437446,0.0400615151936,0.0016048838063,0.0219284771862,0.00125853683627,0.00153762883219,0.000623837157276,0.00516058261677,0.00154250245814,0.0159489405404,0.0019185905802,0.0144234914105,0.00304364729361,0.0205796974193,0.00250952941849,0.0152222382857,0.00351927693225,0.0177575795089,0.00258903790967,0.0123019687366,0.00313685713459,0.0133897713662,0.00190210406453,0.00756087500939,0.00230105470441,0.00805550879634,0.000938782918018,0.00339249531285,0.00123942602411,0.00397371759072,0.000222946258094,0.00109084107154,0.000341179002867,46875,46875,46874,90,168f22c04b4ac644175e410dde6cdf53280c45b7e0c8282c62b21a2b91d2d8a6,925862
voltage_V003_initial,voltage,initial,V003,0,-5.65685424949,207,400,60,0.001,0.0001,0.08,0.1,2e-07,10000,0,1,12,0,0,0,0,False,800,15,0,8,7,1.6e-05,7.21039233802,3.99970774033,0.288394620452,0.600822125942,4.02542882065,6.19280958176,0.0556202005398,0.0203957482333,-5.65640416074,0.0203957482333,0.000450088752068,0.3,2.98534817981,2.98534817981,827.934120013,0,828,0,0,0,0.002108797463,-0.172922834754,60,0.5,0.75,False,True,True,True,True,True,False,3.99970774033,0.00480151822925,0.252110457587,0.0209464020386,0.113733627653,0.00245682916378,0.0544893971339,0.00520759069193,0.0150921868071,0.00127883017611,0.00439652238181,0.000959520012945,0.0186654263694,0.00329312530049,0.0227030293691,0.00359095419966,0.0256381631715,0.00424257781721,0.0225471595733,0.00385579371654,0.0200217496418,0.00367974210636,0.0148371807943,0.00291821935782,0.0111730804777,0.00211028446332,0.00645254648211,0.00115452233371,0.00300903180472,0.000383688738941,0.000239547217959,0.000438907776305,0.0025758310914,0.0009346455721,0.00298602147661,0.00148030258136,0.00417878252342,0.00142613198551,0.00336037940382,0.001554062676,46875,46875,46874,90,c2785e3d301ff39c7068f2811f2cae46ea6070ded69e9397cc429d8ffc96c544,863819
voltage_V003_selected,voltage,selected,V003,0,-5.65685424949,207,400,60,0.001,0.0001,0.08,0.1,2e-07,10000,0,1,12,0,0,0,0,False,800,15,18,4,7,1.6e-05,2.47130844215,4.00008352404,0.0988544018227,0.205946670464,4.01671205434,6.05404520035,0.0580716590418,0.0205713326386,-5.65693496682,0.0205713326386,-8.0717323848e-05,0.3,3.011048663,3.011048663,828.011814684,0,828,0,0,0,0.00294807253531,-0.172922834754,60,0.5,0.75,True,True,True,True,True,True,True,4.00008352404,0.00367146014041,0.0612082092114,0.0198774676574,0.0312226045159,0.00331888039684,0.0193525282818,0.00675266480999,0.0431253848502,0.00140943721176,0.0207910922965,0.00162679274778,0.00202424949056,0.00085264547765,0.00626527191964,0.0010994895147,0.014048886018,0.00208460223389,0.0155730901944,0.00271849813862,0.0184213836624,0.00274673175705,0.0165929794068,0.00306888756267,0.0162132072242,0.00281418210865,0.0137195282864,0.00279802953963,0.0119849076656,0.0022436436722,0.00887630346792,0.00191682738673,0.00729220425349,0.00133863362464,0.00458712187475,0.000885198985652,0.0031489463045,0.000511643864189,0.000975094716002,0.000131341454534,46875,46875,46874,90,a026351820a80de12f055180b27f83c9558f162cf1c51cd00cdead677b2a820e,925868
voltage_V004_initial,voltage,initial,V004,11.313708499,11.313708499,207,400,60,0.001,0.0001,0.08,0.1,2e-07,10000,0,1,12,0,0,0,0,False,800,15,0,8,7,1.6e-05,3.04937478648,11.3121850373,0.344950918326,0.718647746513,11.3229659178,17.0332145691,0.0616011259086,11.2598637747,11.3642654144,-0.0538447242528,0.0505569154133,0.32,1648.11868828,1648.11868828,-1663.40007151,1656,-1656,0,0,0,0.00437374103371,-0.172922834754,60,0.5,0.75,True,True,True,True,True,True,True,11.3121850373,0.0104308905663,0.274030709424,0.0111825622979,0.15775075583,0.00701264137496,0.101004059313,0.00584591559272,0.0648024113593,0.00288782251442,0.0438419644304,0.00126227268097,0.0348711749667,0.00219726715083,0.0244567631292,0.0019306290443,0.0140045240872,0.00109914282795,0.00661930560596,0.000667107229229,0.00678885207834,0.000433070299546,0.00418451030686,0.000243194414773,0.00294606145173,0.000390949719306,0.00520368526478,0.00045633812565,0.00351292502772,0.000616951475291,0.0035739389482,0.00096034383688,0.00640316342171,0.00110727482741,0.00798216683257,0.00104247239383,0.00602103395862,0.00118026443443,0.00504555780884,0.0013350004357,46875,46875,46874,90,b1815be02aefc6958b248133172d42197bb86122b3effabd75a84e0b6b91e883,868708
voltage_V004_selected,voltage,selected,V004,11.313708499,11.313708499,207,400,60,0.001,0.0001,0.08,0.1,2e-07,10000,0,1,12,0,0,0,0,False,800,15,18,4,7,1.6e-05,1.21466992273,11.312063088,0.13740422797,0.28625880827,11.3184251403,16.7942466736,0.0625443016279,11.2595573903,11.3643262003,-0.054151108709,0.0506177013596,0.32,1648.07384245,1648.07384245,-1663.40896882,1656,-1656,0,0,0,0.00348218863232,-0.172922834754,60,0.5,0.75,True,True,True,True,True,True,True,11.312063088,0.0105777016391,0.0663931007904,0.0117493709176,0.0405135302879,0.00751860166738,0.0256051747646,0.00634746906735,0.0757622616228,0.00280463386116,0.0516629175643,0.00127407230031,0.0413594653723,0.00233511034889,0.0305869849801,0.00192380023579,0.019247445897,0.00109300627166,0.0106979876441,0.000800834797644,0.0100838243778,0.000914845609,0.00724373243236,0.00043255187548,0.00293451556597,6.83061780107e-05,0.00235650345585,0.000248951777137,0.00224753354793,0.000201146560801,0.00115285470546,0.000429901794022,0.00418742525739,0.000650584661288,0.00602888007936,0.000612871654995,0.004586137958,0.000744380535301,0.00380683873927,0.000916271268656,46875,46875,46874,90,8e14eb7970c0ca1bff4a32d6c01caa39f4990918da317f4e6fb3a97747f7d966,932537
voltage_V005_initial,voltage,initial,V005,11.313708499,-11.313708499,207,400,60,0.001,0.0001,0.08,0.1,2e-07,10000,0,1,12,0,0,0,0,False,800,15,0,8,7,1.6e-05,3.04654476345,11.3115054644,0.344610077392,0.717937661234,11.3221981682,17.0170211792,0.0608147442826,11.359714554,-11.2630900287,0.0460060549832,0.0506184703023,0.32,1662.73395705,1662.73395705,1648.59091863,1656,1656,0,0,0,0.00430430324361,-0.172922834754,60,0.5,0.75,True,True,True,True,True,True,True,11.3115054644,0.0112302415922,0.274522028227,0.0117970626063,0.156433113413,0.00640599861063,0.098964926254,0.00596261250138,0.0667151990144,0.00345769393963,0.0464552502008,0.00111873635749,0.033091502332,0.00187243188986,0.0229796907434,0.00169236574464,0.0146376046601,0.00111342885459,0.0075855201191,0.000554988890416,0.00561184553278,0.000413463102932,0.00276641113671,6.6155631915e-05,0.000744504087677,0.000327779375543,0.00370067216499,0.000518086711327,0.00403727993257,0.000705013260613,0.00474667455299,0.000835114179679,0.00593344442721,0.00116280498997,0.00732782753704,0.00111961620399,0.00623919177093,0.00116075951265,0.00585368647586,0.00120024327245,46875,46875,46874,90,f9ab9231c056012f6eb570b385a65186ed6ad24cc03c706626a02d97e8e4883f,875519
voltage_V005_selected,voltage,selected,V005,11.313708499,-11.313708499,207,400,60,0.001,0.0001,0.08,0.1,2e-07,10000,0,1,12,0,0,0,0,False,800,15,18,4,7,1.6e-05,1.222390294,11.3116595849,0.138272628857,0.288067976785,11.3179538719,16.7844638824,0.0613200899431,11.3598257879,-11.2632874064,0.0461172889298,0.050421092595,0.32,1662.75023848,1662.75023848,1648.61980903,1656,1656,0,0,0,0.00236471153422,-0.172922834754,60,0.5,0.75,True,True,True,True,True,True,True,11.3116595849,0.0102067636615,0.0666734949853,0.0125493635885,0.040139738607,0.00636760256679,0.0243867955387,0.00666295016333,0.077348151113,0.00407504269592,0.0545011123804,0.00125320360298,0.0397590990367,0.00179579653585,0.0285721998099,0.00184075762213,0.0195087086936,0.00127100503403,0.0120647092124,0.00075657383891,0.00928484894413,0.000692735291633,0.00573408566861,0.000413707793367,0.00251446286586,0.000151974046251,0.000658802672359,6.48311834092e-05,0.000973728776226,0.000264698599971,0.00225871369694,0.000491603084305,0.00379550086955,0.000743493658973,0.00535477346501,0.000682707665657,0.00438319927509,0.000656780733632,0.00457029172306,0.000735877993024,46875,46875,46874,90,e3c924c973cc1168ad7877e5507db04ff3f994ec66d0b051e52e52c18bb98120,937433
voltage_V006_initial,voltage,initial,V006,22.627416998,22.627416998,207,400,60,0.001,0.0001,0.08,0.1,2e-07,10000,0,1,12,0,0,0,0,False,800,15,0,8,7,1.6e-05,1.60663823501,22.6261815171,0.363520883377,0.757335173701,22.6318776227,33.0143165588,0.0644914809263,22.5228082986,22.729084593,-0.104608699356,0.101667595028,0.64,3296.68830922,3296.68830922,-3326.8811981,3312,-3312,0,0,0,0.00258007048089,-0.172922834754,60,0.5,0.75,True,True,True,True,True,True,True,22.6261815171,0.0106164070452,0.277931311078,0.0128850411167,0.164339938979,0.00602512299819,0.111280726274,0.00478905407526,0.0761489179379,0.00271176241591,0.055394564127,0.000572545945462,0.0472054021246,0.00148248669538,0.0395739266697,0.00149394964188,0.029947415809,0.00138602361445,0.0206470409355,0.000929936148862,0.0188712186739,0.00106800799253,0.0181128956212,0.000942508150489,0.0136948581575,0.000915998911487,0.00802379438864,0.000591783747256,0.00794834360381,0.000741266879528,0.00873204689838,0.000476333017981,0.00727832477726,0.000494305096243,0.00385769475313,0.00042834432372,0.00270441419973,0.000510366587514,0.00417479026495,0.000302069558282,46875,46875,46874,90,89708ad67988a4c2767083738b2aa205831c0220cfb820c7ece99d11eb5e29e4,870601
voltage_V006_selected,voltage,selected,V006,22.627416998,22.627416998,207,400,60,0.001,0.0001,0.08,0.1,2e-07,10000,0,1,12,0,0,0,0,False,800,15,18,4,7,1.6e-05,0.709362646108,22.6257457397,0.160498588681,0.334372059752,22.629090021,32.7649612427,0.0644662080162,22.522434501,22.728587389,-0.104982496925,0.10117039104,0.64,3296.63359606,3296.63359606,-3326.8084218,3312,-3312,0,0,0,0.00381050714326,-0.172922834754,60,0.5,0.75,True,True,True,True,True,True,True,22.6257457397,0.0108431441639,0.067377647802,0.0129546868271,0.0415390315892,0.00640025751618,0.0273700995469,0.00557998164254,0.0852465884699,0.00272773589733,0.061277206768,0.000194547745683,0.0512504352412,0.00154897404202,0.0421931462961,0.00170705730902,0.0319682695823,0.00126815517118,0.0226500173685,0.000891288789157,0.0205168016939,0.00100824836628,0.0195441100315,0.000724135817511,0.0148428644014,0.000726747909929,0.00931157246476,0.000562996275537,0.0091970226737,0.000810832882036,0.00979737264202,0.000559582121708,0.00771770543212,0.000289133955052,0.00444420662202,0.000457100948521,0.00336612510581,0.000595021692968,0.00487265352798,0.000336846271834,46875,46875,46874,90,19d97b39e5962f827851b15977737cc21156e591cc0243c01b4837cdbb1d95d5,935096
voltage_V007_initial,voltage,initial,V007,22.627416998,-22.627416998,207,400,60,0.001,0.0001,0.08,0.1,2e-07,10000,0,1,12,0,0,0,0,False,800,15,0,8,7,1.6e-05,1.60398393458,22.6250167076,0.362901633185,0.756045069135,22.6306108818,33.0107078552,0.0629602287006,22.7230805523,-22.5265259695,0.0956635542911,0.100891028487,0.64,3326.00238003,3326.00238003,3297.23246881,3312,3312,0,0,0,0.00368104233659,-0.172922834754,60,0.5,0.75,True,True,True,True,True,True,True,22.6250167076,0.00882146489283,0.279358731977,0.0139023532033,0.162573998845,0.00638743279991,0.107175380303,0.00478904041477,0.0768745769966,0.00255131252412,0.058856824052,0.000479368971136,0.0470464115264,0.0018067112233,0.0377454222291,0.00152936037678,0.0281966977649,0.00139061128951,0.0215992683489,0.00081125461349,0.0195605331768,0.0011141107263,0.0165366861504,0.000670741667423,0.0122112496169,0.000732351952437,0.00946521964407,0.000649740357112,0.00907843801556,0.000710460259968,0.00754444634902,0.000425726074577,0.00533685567905,0.000503104122505,0.00388575383781,0.000356941982073,0.00450065084743,0.000354123181742,0.00378609545991,0.000208861955886,46875,46875,46874,90,46ac3c0a9e9339d09a2084ed9c4e9e083104514dd81dd9b78ebfdac477b41303,875316
voltage_V007_selected,voltage,selected,V007,22.627416998,-22.627416998,207,400,60,0.001,0.0001,0.08,0.1,2e-07,10000,0,1,12,0,0,0,0,False,800,15,18,4,7,1.6e-05,0.712332834128,22.6249501697,0.161164948764,0.335760309925,22.6282083835,32.7591400146,0.0629232933219,22.7231264724,-22.5263459904,0.0957094744361,0.101071007533,0.64,3326.00910141,3326.00910141,3297.20612507,3312,3312,0,0,0,0.00417835915784,-0.172922834754,60,0.5,0.75,True,True,True,True,True,True,True,22.6249501697,0.00780833551321,0.0681149454102,0.0142319673427,0.0405998587881,0.0062567766167,0.0260710994965,0.00593784974688,0.0860916654428,0.00307786637696,0.0647094247673,0.000123102066181,0.0507956490325,0.00144789011199,0.0404143560418,0.00168580937014,0.0305498407929,0.0013245585186,0.0234473598062,0.00107445987176,0.0212047379614,0.000782849264419,0.0179507186113,0.000819463437113,0.0134949245785,0.000914069030778,0.0109706143056,0.000771478283104,0.0100029976719,0.000694390419291,0.00837202683533,0.00034210899328,0.0063027798345,0.000383201022026,0.00475288670767,0.00055112989646,0.00515017276652,0.00037244470765,0.00426852967478,0.000243956151393,46875,46875,46874,90,8fa1f349fcb2ee33dd0f475282a31dfda1ee7627f5014998a8bd1af43c53051e,939125
voltage_V008_initial,voltage,initial,V008,45.2548339959,0,207,400,60,0.001,0.0001,0.08,0.1,2e-07,10000,0,1,12,0,0,0,0,False,800,15,0,8,7,1.6e-05,1.12295276643,31.9967414102,0.359308292833,0.748558943402,32.0006839982,46.0955314636,0.0659308764385,45.2497713673,0.202763280947,-0.00506262867068,0.202763280947,0.905096679919,6623.25897745,6623.25897745,-29.6786852231,6624,-0,0,0,0,0.00300741167581,-0.172922834754,60,0.5,0.75,True,True,True,True,True,True,True,31.9967414102,0.00896870417226,0.272074104018,0.0156291177068,0.157207917205,0.00632573860549,0.10846956436,0.00336310605132,0.0811071314565,0.00157974726519,0.0613563419535,0.00121067929802,0.0490583207098,0.000550287581687,0.0398839683522,0.000426028072752,0.0327428351467,0.000265803947792,0.0272580430499,0.000300084944486,0.0234119250468,7.34177642464e-05,0.0198543566801,0.000116838238154,0.0171636995012,0.000142104591084,0.0148736888705,1.25871569409e-05,0.0132700275491,0.00019148615786,0.0115910439233,0.000137880769904,0.0101698839888,0.000170328327588,0.00860606140257,8.38803981172e-05,0.0078453643202,0.00020626416039,0.00736161714733,0.000137539946756,46875,46875,46874,90,b8521ad62da72435a2b2359980f7e6e512a9bc895ac216736858039d6c262646,891664
voltage_V008_selected,voltage,selected,V008,45.2548339959,0,207,400,60,0.001,0.0001,0.08,0.1,2e-07,10000,0,1,12,0,0,0,0,False,800,15,18,4,7,1.6e-05,0.512410407991,31.9970754117,0.163956344662,0.341575718046,31.999421566,45.84141922,0.0649991453397,45.2502452174,0.20242916697,-0.0045887784914,0.20242916697,0.905096679919,6623.32833543,6623.32833543,-29.6297805916,6624,-0,0,0,0,0.00281599132818,-0.172922834754,60,0.5,0.75,True,True,True,True,True,True,True,31.9970754117,0.00881098286075,0.0582404361175,0.0157963149062,0.0350791249229,0.00725804763429,0.0257339957033,0.00438182354726,0.089762821665,0.00262477279637,0.0666617938163,0.00182132684077,0.0527242641061,0.00117900481695,0.0419506120825,0.000501339205003,0.0345236091741,0.000731287360029,0.0283804242476,0.000513362610204,0.023893284868,0.000339872889029,0.0203589347922,0.000433069534182,0.0175777278528,0.000157629518001,0.0149690783147,0.00017987950084,0.0136605716134,0.000288280606712,0.0118518212452,0.000331591224965,0.0103275197236,0.000172174620835,0.0087464575528,0.000216449280121,0.00804546204012,0.000304772356699,0.00727615510475,0.000156160936599,46875,46875,46874,90,cf48098a505735a93b4ff45e4cff681a0f9bec2a62db41a3e91bf4af0379d7cd,954557
voltage_V009_initial,voltage,initial,V009,0,45.2548339959,207,400,60,0.001,0.0001,0.08,0.1,2e-07,10000,0,1,12,0,0,0,0,False,800,15,0,8,7,1.6e-05,1.14516350464,32.0008401742,0.366461942855,0.763462380947,32.0049315378,45.6707077026,0.0662176210428,-0.205870595885,45.2555539244,-0.205870595885,0.000719928499365,0.905096679919,-30.1335063402,-30.1335063402,-6624.10537673,0,-6624,0,0,0,0.00319607723573,-0.172922834754,60,0.5,0.75,True,True,True,True,True,True,True,32.0008401742,0.0129939075719,0.281686200494,0.01528380775,0.155813537577,0.00433437615897,0.113024117369,0.00390214204365,0.0759277107435,0.000652466018842,0.0663093727486,0.00223353837082,0.0449284082697,0.000479851541046,0.0412467089486,0.00109842049549,0.0299254087655,0.000672204251539,0.0294460250608,0.000964961353032,0.0198738336969,0.000522728338594,0.0212109431611,0.000794754932864,0.0140572115069,0.000584771009741,0.0161783930776,0.000550685466767,0.0107885751361,0.000587342210279,0.0118111171866,0.000438773313915,0.00803066392315,0.000492497701501,0.00926271707986,0.000425493081754,0.00644927821679,0.000374592317302,0.00714472433767,0.000385567571932,46875,46875,46874,90,06397c82678ba7b36468b101ccbc18013872ecd61c3bfe93231ef88648377292,887005
voltage_V009_selected,voltage,selected,V009,0,45.2548339959,207,400,60,0.001,0.0001,0.08,0.1,2e-07,10000,0,1,12,0,0,0,0,False,800,15,18,4,7,1.6e-05,0.518067204245,32.0005462015,0.165784335049,0.345384031353,32.0029708109,45.4127464294,0.0665734111148,-0.20539606755,45.2551403362,-0.20539606755,0.000306340269653,0.905096679919,-30.064049104,-30.064049104,-6624.04483936,0,-6624,0,0,0,0.00249093414989,-0.172922834754,60,0.5,0.75,True,True,True,True,True,True,True,32.0005462015,0.0117330753116,0.0656952885382,0.0152052760217,0.0375418714913,0.00458859937878,0.0283909472165,0.00502312057639,0.0843586765436,0.00065208982759,0.0720519877622,0.00229144472049,0.0486093311686,0.000577081142056,0.044093844455,0.00114589805515,0.0318017428412,0.000611201924406,0.0309641876617,0.000850398238007,0.0208320268572,0.00083295552972,0.0219345149712,0.000703721399868,0.0147264332456,0.000703670374567,0.0166783075606,0.000701693069671,0.0111056391484,0.000578588609887,0.0121232692985,0.000456679264005,0.00846353270947,0.000538131607619,0.00952037764281,0.00046431941721,0.00681184182529,0.000458177102307,0.00719045291395,0.000421470537686,46875,46875,46874,90,708198857a156eeec94de51529c912bb1557c39a2117c1ee279e6616a02178f1,948588
voltage_V010_initial,voltage,initial,V010,67.8822509939,0,207,400,60,0.001,0.0001,0.08,0.1,2e-07,10000,0,1,12,0,0,0,0,False,800,15,0,8,7,1.6e-05,0.746849054775,47.9966717207,0.35846268907,0.746797268895,47.9992786407,68.7020950317,0.064987018597,67.8768636568,0.303928666594,-0.00538733706273,0.303928666594,1.35764501988,9935.21144953,9935.21144953,-44.4863743771,9936,-0,0,0,0,0.00325675449022,-0.172922834754,60,0.5,0.75,True,True,True,True,True,True,True,47.9966717207,0.00834642336798,0.271488799554,0.016029310205,0.157490937349,0.00708500714083,0.10774438209,0.00338967077337,0.08047375282,0.00206521096477,0.0614775836893,0.0013413699725,0.048774167936,0.00122623211198,0.0396051997988,0.000473294517728,0.0318256572822,0.000239806201263,0.0265134965536,0.000163691445728,0.0229070201174,0.000268660718245,0.0196605244437,0.000102351625248,0.0171668527247,0.000328690541935,0.0146055063356,0.000211025321003,0.0131823606836,0.000325374728138,0.0121022620885,0.000151022457442,0.0103270847795,0.000287150503124,0.00913918555931,0.000334505462715,0.0083760459637,0.000348355620253,0.00784310613489,0.000130888440326,46875,46875,46874,90,d98c532f437cf01af14bd501ec4fe49813c518cdadf341949f15e4183740a5e9,888775
voltage_V010_selected,voltage,selected,V010,67.8822509939,0,207,400,60,0.001,0.0001,0.08,0.1,2e-07,10000,0,1,12,0,0,0,0,False,800,15,18,4,7,1.6e-05,0.34055332423,47.9963414907,0.163453136455,0.340527367615,47.9978910111,68.4444503784,0.0654421326707,67.8763966381,0.303928292362,-0.00585435583253,0.303928292362,1.35764501988,9935.14309148,9935.14309148,-44.4863196003,9936,-0,0,0,0,0.00359510169341,-0.172922834754,60,0.5,0.75,True,True,True,True,True,True,True,47.9963414907,0.00743344608089,0.0582100663598,0.0159716407588,0.0348665013187,0.00674250887535,0.0254992427456,0.0044141994595,0.0894619318133,0.00208959999821,0.0669307442781,0.00138755501322,0.052219370735,0.000844383996498,0.0418414958722,0.000454757699704,0.034013512072,0.000158555747633,0.0278644141506,0.000182267880817,0.023819270912,0.000115250042749,0.0201756697104,0.000171440659254,0.0174613981063,0.000117568123023,0.0152776945443,0.000248103485349,0.0134953855828,8.24995256369e-05,0.0121698925612,0.000172503112411,0.0107083167631,6.43112048081e-06,0.00962162597186,0.000135556402296,0.00849769536008,0.000101814902914,0.00795950459725,0.000197251855225,46875,46875,46874,90,a1442d7dc93af011712ac1fe907b428a137d8bb7d821bde34c4fa1fd84a54ad1,951681
voltage_V011_initial,voltage,initial,V011,0,67.8822509939,207,400,60,0.001,0.0001,0.08,0.1,2e-07,10000,0,1,12,0,0,0,0,False,800,15,0,8,7,1.6e-05,0.765795072406,48.000682239,0.367586859308,0.765805956891,48.0034340293,68.282409668,0.066990029597,-0.307494131888,67.8825193859,-0.307494131888,0.000268392035622,1.35764501988,-45.0082554675,-45.0082554675,-9936.03928484,0,-9936,0,0,0,0.00400800001196,-0.172922834754,60,0.5,0.75,True,True,False,True,True,True,False,48.000682239,0.0144383358228,0.281640534792,0.0143723265922,0.156161520841,0.00444334918042,0.113450890413,0.00384543181414,0.076616290252,0.000461206467918,0.0664057996646,0.00164829530722,0.0471195336565,0.000462047415896,0.0412798171314,0.000969370128025,0.0310247854886,0.000557273430136,0.0294376381159,0.000755664760902,0.0221839543863,0.000345591380938,0.0212038602179,0.000548958153826,0.0157670945005,0.00043776439248,0.0158663889143,0.000459121660962,0.0130217383898,0.000328268698722,0.0114400589838,0.000568970652505,0.0101774251854,0.000425241851311,0.00897716495789,0.000249679930655,0.00859304534257,0.000323132007766,0.00715328572327,0.000435496064235,46875,46875,46874,90,bc5d8ccdddfdce3702b6ef851194d77362ebbb302d65bbc58e2512323dbcbb54,881808
voltage_V011_selected,voltage,selected,V011,0,67.8822509939,207,400,60,0.001,0.0001,0.08,0.1,2e-07,10000,0,1,12,0,0,0,0,False,800,15,18,4,7,1.6e-05,0.348856411698,48.001026431,0.167454658385,0.348863871636,48.0026638862,68.0302581787,0.0669620521134,-0.306844648808,67.8830090908,-0.306844648808,0.000758096884368,1.35764501988,-44.9131899122,-44.9131899122,-9936.11096348,0,-9936,0,0,0,0.00449403786894,-0.172922834754,60,0.5,0.75,True,True,False,True,True,True,False,48.001026431,0.013643093583,0.0655742421153,0.0145224050444,0.0372702723784,0.00471532860476,0.0288547624289,0.00442848036479,0.0849050691506,0.00114758508856,0.0720881737917,0.00189172048214,0.0501783895344,0.000281102513072,0.0442768099434,0.000973536412959,0.0327044981428,0.00046719210541,0.0306891180344,0.000642926313954,0.0228647278916,0.00064545653221,0.0220829474238,0.000713969328866,0.01631727595,0.000178577477605,0.016206039992,0.000490425937548,0.0133715111001,0.000399211657341,0.0118054027203,0.000434848564298,0.0103911387774,0.000293965065398,0.0089668170236,0.000402013840095,0.00876153313347,0.000449474517421,0.0073372780197,0.000452855505125,46875,46875,46874,90,e0ff5e7a8031263422147c6c7d08c5192f99536d4e5d3568b4fcc604f6bb6c9c,942462
voltage_V012_initial,voltage,initial,V012,0,-67.8822509939,207,400,60,0.001,0.0001,0.08,0.1,2e-07,10000,0,1,12,0,0,0,0,False,800,15,0,8,7,1.6e-05,0.766844343655,48.0006009993,0.368089893683,0.766853945174,48.0032120407,68.2810592651,0.0627399011056,0.29644175759,-67.8824536598,0.29644175759,-0.000202665841513,1.35764501988,43.3905072428,43.3905072428,9936.02966442,0,9936,0,0,0,0.00368528074811,-0.172922834754,60,0.5,0.75,True,True,False,True,True,True,False,48.0006009993,0.00382992240877,0.281529335408,0.0169835666233,0.158297043314,0.0061888523482,0.111411892036,0.00406803788657,0.0796078963746,0.00170391887009,0.063431355808,0.00157509513938,0.048734485231,0.00085827818068,0.0407849688686,0.000908587623241,0.0327922448188,0.000224241815128,0.0280851908018,0.000629507997074,0.0236113420737,0.000177167377806,0.0202048731287,0.000463402629426,0.0172781242815,0.000255466903589,0.0150773152858,0.000390513933434,0.0132875278383,0.000127505129605,0.011680370972,0.000352795431916,0.0104207333597,0.000268177867957,0.00922861209982,0.000360228257873,0.00900220472489,4.01064039485e-05,0.00718323471506,0.000415355937671,46875,46875,46874,90,b9f3187f469e3408c482116e71c45df7d4fa8f5baea1c1c7010a413571194101,881449
voltage_V012_selected,voltage,selected,V012,0,-67.8822509939,207,400,60,0.001,0.0001,0.08,0.1,2e-07,10000,0,1,12,0,0,0,0,False,800,15,18,4,7,1.6e-05,0.350825152062,48.0008990794,0.168399227186,0.350831723305,48.0023931036,68.0235824585,0.0635861651361,0.296020836586,-67.8828770496,0.296020836586,-0.000626055654024,1.35764501988,43.3288965709,43.3288965709,9936.09163646,0,9936,0,0,0,0.00266615517056,-0.172922834754,60,0.5,0.75,True,True,False,True,True,True,False,48.0008990794,0.00285659270993,0.0656893486826,0.0164643439685,0.0375202193861,0.00595359164196,0.0289745964319,0.00366719288422,0.0880960743817,0.00104117875682,0.0690009110154,0.00119374863572,0.0522304066759,0.000826513979529,0.0438487646268,0.000744728457764,0.0341448483861,0.000135464217622,0.0294993587357,0.000338438163826,0.0242763013186,0.000606410985196,0.0210606205521,0.000441336138274,0.0177782536542,0.000477694437654,0.0154589438184,0.000337816696268,0.0136575881604,0.000402947254321,0.0120911973359,0.000503527637032,0.010605454865,0.000222309216085,0.00911345167495,0.000557641148685,0.00915670271319,4.00973927534e-05,0.00728368395193,0.000528607275985,46875,46875,46874,90,792f47a9db14ce20808d6276994faf3e2f8a718099aa7b48700250d9c8fe11a0,943589
voltage_V013_initial,voltage,initial,V013,5.65685424949,0,253,400,60,0.001,0.0001,0.08,0.1,2e-07,10000,0,1,12,0,0,0,0,False,800,15,0,8,7,1.6e-05,7.7703524554,3.99378301575,0.310331016628,0.646522951307,4.01746351806,6.1448931694,0.050991297234,5.64800824337,0.0246665092831,-0.00884600612697,0.0246665092831,0.3,1010.41746706,1010.41746706,-4.41278956353,1012,-0,0,0,0,0.00143145337872,-0.172922834754,60,0.5,0.75,False,True,True,True,True,True,False,3.99378301575,0.00270860215452,0.26005241498,0.0219628930194,0.134688841524,0.0101604652092,0.0806457547822,0.00578235294143,0.047918374279,0.00319278135402,0.027776554524,0.00181230139355,0.0150812816526,0.00068716139598,0.00485659169026,0.000788116092129,0.00190488644569,0.00114439371195,0.0025395991805,0.00132953657311,0.00291665937117,0.0015230803084,0.00358221096691,0.00117479053602,0.00256174343294,0.0012843063971,0.00244010903615,0.000670447103357,0.000941818952038,0.000756713037251,0.000477343824798,0.000392992468106,0.00154145310026,0.000467420214831,0.00162301941363,0.000676399396349,0.00242204984615,0.000404471253815,0.00258034508709,0.000739294693868,46875,46875,46874,90,8f816538ef15f3d14f948a06bb0fc021832ab3419faf05a6ef6785bfdf0f2248,874780
voltage_V013_selected,voltage,selected,V013,5.65685424949,0,253,400,60,0.001,0.0001,0.08,0.1,2e-07,10000,0,1,12,0,0,0,0,False,800,15,18,4,7,1.6e-05,3.12116771303,3.99383368064,0.124654247352,0.259696348651,4.00749292411,5.90958690643,0.0539172842283,5.64807845487,0.0249940968619,-0.00877579462144,0.0249940968619,0.3,1010.43002776,1010.43002776,-4.47139433131,1012,-0,0,0,0,0.00370789479766,-0.172922834754,60,0.5,0.75,True,True,True,True,True,True,True,3.99383368064,0.00395307851966,0.0574350503649,0.020568963642,0.0316186233831,0.00952770967645,0.0230511852017,0.00641058187887,0.0735761450279,0.00329001276825,0.0491702865675,0.00279849410709,0.0355985497719,0.00122680278441,0.0229125837482,0.00135736372464,0.016615184663,0.000669075215887,0.0105387191946,0.000686289330721,0.00771075421278,0.000871539651874,0.00428942331968,0.000399199350881,0.00250395462086,0.000967269756448,0.00151864601361,0.00048609103932,0.00153922129389,0.000903997274859,0.00142575779106,0.000592111390274,0.0017254031686,0.000757304226466,0.00172934196793,0.000609785105766,0.00150376050687,0.000444351829924,0.000967117488366,0.000600878015062,46875,46875,46874,90,ad051af5d276d471151c6ee32a5a3d5b71a8b355af943262ee308cffda67e691,935160
voltage_V014_initial,voltage,initial,V014,0,5.65685424949,253,400,60,0.001,0.0001,0.08,0.1,2e-07,10000,0,1,12,0,0,0,0,False,800,15,0,8,7,1.6e-05,7.85228815365,3.99996597301,0.314088854249,0.654351779685,4.02413840406,6.25435066223,0.0524270090393,-0.0338450041133,5.65670487883,-0.0338450041133,-0.00014937066205,0.3,-6.05480407521,-6.05480407521,-1011.97327788,0,-1012,0,0,0,0.00222630218521,-0.172922834754,60,0.5,0.75,False,True,True,True,True,True,False,3.99996597301,0.00877558547233,0.264915381571,0.0215417203578,0.134223749162,0.00457754787165,0.0806858365974,0.00555388439389,0.0409216167266,0.00114288527544,0.0245972917962,0.00168341503215,0.00521538668959,0.000881667771074,0.0017917899933,0.000262189396666,0.0101300231124,0.00100506621771,0.00936748635355,0.00126028358781,0.0141712013446,0.00131508351635,0.0110113223821,0.0017543171695,0.0135862092738,0.00137139785921,0.00955124227013,0.00156982646754,0.0103966758843,0.00109131164943,0.00666399976664,0.00117240002547,0.00675104399823,0.000643967656382,0.0041806490572,0.000686670307241,0.00364747727081,0.000442729860494,0.00223753515707,0.000239760938206,46875,46875,46874,90,cf5dc3ae97838bf1199546fb174dc162ab9fe0a44102cd05d0aff07f7fc62b9e,864848
voltage_V014_selected,voltage,selected,V014,0,5.65685424949,253,400,60,0.001,0.0001,0.08,0.1,2e-07,10000,0,1,12,0,0,0,0,False,800,15,18,4,7,1.6e-05,2.93484011347,3.99994230875,0.117391911393,0.244566482069,4.01359013998,6.11879968643,0.0536309060827,-0.0337313827174,5.65667209059,-0.0337313827174,-0.000182158906676,0.3,-6.03447743294,-6.03447743294,-1011.96741213,0,-1012,0,0,0,0.00321219716771,-0.172922834754,60,0.5,0.75,True,True,True,True,True,True,True,3.99994230875,0.00789410617936,0.0624020247416,0.020666248137,0.0357069083809,0.00562099837704,0.0235186378903,0.00682192480028,0.0636791024092,0.00165547273189,0.0448275412048,0.00260864475121,0.0228967145963,0.000786598924536,0.0177729137401,0.000944428307362,0.00464414514848,0.000342123119829,0.00258480542781,0.000312944784359,0.00485774590044,0.000292484323679,0.00341960183711,0.00080315522247,0.00885073013059,0.000550100682935,0.00674345313593,0.00119487024072,0.0100345020232,0.000714367631658,0.00709551180572,0.00112712103207,0.00948730098264,0.000795092315015,0.00665576011642,0.00118744801106,0.00806274977671,0.000636413021818,0.00546178552458,0.00101291381916,46875,46875,46874,90,ed42e6fbdd462002f67719fb20ffc1403439162e8ef24a9e74f24d4fb2d1d8cb,926630
voltage_V015_initial,voltage,initial,V015,0,-5.65685424949,253,400,60,0.001,0.0001,0.08,0.1,2e-07,10000,0,1,12,0,0,0,0,False,800,15,0,8,7,1.6e-05,7.89147802843,4.00004325746,0.31566253479,0.657630280813,4.02403259764,6.30462551117,0.0517291094372,0.0163123647057,-5.65689190544,0.0163123647057,-3.76559508419e-05,0.3,2.91824967625,2.91824967625,1012.00673657,0,1012,0,0,0,0.00312095760554,-0.172922834754,60,0.5,0.75,False,True,True,True,True,True,False,4.00004325746,0.0101237318685,0.265434699368,0.0210149380096,0.13578715945,0.00467319890821,0.0810207942031,0.00523040782951,0.044870819792,0.00125087989226,0.0246647986976,0.00161644219321,0.00862313787969,0.000700512648968,0.00023671686782,0.000135555967203,0.00690277571345,0.000774476617195,0.00950176615636,0.00099466340476,0.0120164286684,0.00112308156482,0.011547150745,0.00138271437094,0.0119339416626,0.00106067386272,0.0103134745198,0.0013856363914,0.00919445074733,0.00106940673358,0.00770568773996,0.00111789096128,0.00610474643569,0.000748984221166,0.00428681633969,0.000660009294863,0.00324398162153,0.000448856554743,0.0021449833622,0.000209088762228,46875,46875,46874,90,f524588b7c15ed245111b634e1b9322cf969dadf981fe16a246e5ef93f7ebd6e,864636
voltage_V015_selected,voltage,selected,V015,0,-5.65685424949,253,400,60,0.001,0.0001,0.08,0.1,2e-07,10000,0,1,12,0,0,0,0,False,800,15,18,4,7,1.6e-05,2.98581340604,4.00023641386,0.119439595118,0.24883248983,4.01362974933,6.1547369957,0.0532067518286,0.0163661938177,-5.65716491551,0.0163661938177,-0.000310666021309,0.3,2.92787959757,2.92787959757,1012.05557753,0,1012,0,0,0,0.00448403849988,-0.172922834754,60,0.5,0.75,True,True,True,True,True,True,True,4.00023641386,0.00894945177636,0.0626350145059,0.0204505731255,0.0351690783143,0.00577483924367,0.0241063929065,0.00607937919651,0.066811392444,0.00174704842491,0.0442343331727,0.00208915273686,0.0268390717639,0.00119348580187,0.01683829325,0.000806134221358,0.00812396246631,0.000517769329019,0.00337576798001,0.000182804281499,0.00229826343918,0.000139676293559,0.00373909356393,0.000759987489153,0.00655845244996,0.000363705347656,0.00743884533102,0.000936579891429,0.00780088938483,0.000524317697366,0.00763157085999,0.00106811029835,0.00804744781631,0.000583372982138,0.00722742400269,0.00105809663815,0.00691893964442,0.000692923633727,0.00610784783444,0.000854234625219,46875,46875,46874,90,8fc42b63f8727527c7c59f2c411b29594a557c6b42d5a0ef20b000406acae01b,926488
voltage_V016_initial,voltage,initial,V016,11.313708499,11.313708499,253,400,60,0.001,0.0001,0.08,0.1,2e-07,10000,0,1,12,0,0,0,0,False,800,15,0,8,7,1.6e-05,3.06098518814,11.3093787873,0.346178409549,0.721205019894,11.3189061556,16.8741188049,0.0526717205771,11.2544851136,11.364007301,-0.0592233853915,0.0502988020018,0.32,2013.40505387,2013.40505387,-2032.99835587,2024,-2024,0,0,0,0.00379871068111,-0.172922834754,60,0.5,0.75,True,True,True,True,True,True,True,11.3093787873,0.00683133347986,0.274109367185,0.0149488555989,0.158784647878,0.00798996850056,0.101050520762,0.00631688159879,0.0656680934383,0.00309079015172,0.0459143768631,0.000785994995467,0.0357138889161,0.00212008293806,0.0253999614848,0.00212326621045,0.0148104290757,0.00124114595225,0.00903209482072,0.00063151384384,0.00780530347468,0.000482648096612,0.00523796119175,0.000245888421546,0.00191447943431,0.000232091723119,0.00314217160282,0.00035205514621,0.00207307531692,0.000327216737342,0.00278439621357,0.000676392246891,0.0056624108509,0.000902879797441,0.0068550066017,0.000866240653792,0.00478353424085,0.000950869778284,0.00471819061385,0.00106578980389,46875,46875,46874,90,80d10dd074ea4d3e4452e36494c6cc0966494c57c68aa6d506cc6b45a8068074,869731
voltage_V016_selected,voltage,selected,V016,11.313708499,11.313708499,253,400,60,0.001,0.0001,0.08,0.1,2e-07,10000,0,1,12,0,0,0,0,False,800,15,18,4,7,1.6e-05,1.22673378692,11.3092959872,0.138734954938,0.289031156121,11.3143848632,16.6423797607,0.0543931214023,11.2542594763,11.3640659577,-0.0594490226396,0.050357458683,0.32,2013.36468782,2013.36468782,-2033.00884943,2024,-2024,0,0,0,0.00299150336452,-0.172922834754,60,0.5,0.75,True,True,True,True,True,True,True,11.3092959872,0.00648794611748,0.0654023929904,0.0148476377469,0.0412157739067,0.00840768151776,0.0253276959207,0.00680618070508,0.076340559731,0.002506062491,0.0530581780728,0.00131140590433,0.0421205010105,0.00234656835427,0.0314813643011,0.00182433459457,0.0197460941057,0.000924382370268,0.0127040484251,0.000913578928218,0.0108648201343,0.000956234612838,0.00819196646077,0.000459894030355,0.00399781839965,3.99984935917e-05,0.00123992775187,0.000159371612032,0.00205061070392,0.000344763958741,0.000453315897586,0.000496192871214,0.00357521824837,0.000550197257814,0.00517429718511,0.000372742464339,0.00343169239331,0.000517595412192,0.00325874537163,0.000878807050816,46875,46875,46874,90,8c695b3cf2e5ced57eba22d4a47b5a271b301da73935859e03f6d83c5a4af843,934404
voltage_V017_initial,voltage,initial,V017,11.313708499,-11.313708499,253,400,60,0.001,0.0001,0.08,0.1,2e-07,10000,0,1,12,0,0,0,0,False,800,15,0,8,7,1.6e-05,3.05791911663,11.3098561274,0.345846252584,0.720513026217,11.3191577817,16.8508090973,0.0509942498547,11.355921577,-11.2636022827,0.0422130780125,0.0501062162416,0.32,2031.55183589,2031.55183589,2015.03609734,2024,2024,0,0,0,0.00445183469228,-0.172922834754,60,0.5,0.75,True,True,True,True,True,True,True,11.3098561274,0.0075165056421,0.274405030746,0.0151776100797,0.15803920102,0.00720664175788,0.0997533924625,0.00620133155054,0.067104299242,0.00374180384554,0.047330957309,0.00123356141925,0.0340304778417,0.00187472158503,0.0233942067645,0.0018517170696,0.0153681295542,0.00126396445192,0.00909293243198,0.00091472608582,0.00669056272656,0.000655703376712,0.00431336314514,0.000352657907796,0.000980623133825,0.000234809690054,0.00232205065404,0.000276954494418,0.00307628601751,0.000471224899834,0.00368727467711,0.000768828405964,0.00499683191654,0.000945191761513,0.00567274538569,0.000892304524282,0.0054088590498,0.000922060324266,0.00550586152638,0.00112317966952,46875,46875,46874,90,520a7f1df5040ad56cc101523c0ef9473beacfd592dd364701cc9cc2216422bb,875853
voltage_V017_selected,voltage,selected,V017,11.313708499,-11.313708499,253,400,60,0.001,0.0001,0.08,0.1,2e-07,10000,0,1,12,0,0,0,0,False,800,15,18,4,7,1.6e-05,1.23547757534,11.3098014645,0.139730060908,0.291104293559,11.3146765628,16.6229629517,0.0511294571834,11.3562339192,-11.2631775935,0.042525420236,0.0505309054596,0.32,2031.60771329,2031.60771329,2014.96012128,2024,2024,0,0,0,0.00290562264844,-0.172922834754,60,0.5,0.75,True,True,True,True,True,True,True,11.3098014645,0.00790249757346,0.0655192456899,0.0160728425135,0.041605832978,0.0076287976234,0.0249768709527,0.00720409714853,0.0775278271812,0.00453665065463,0.0553380046054,0.00124355540859,0.0407327057936,0.00166706412691,0.0291967653329,0.00218767098949,0.0204409988648,0.00159909382913,0.0132772223686,0.00083584968343,0.0105186813067,0.000906246480311,0.00744546022719,0.000543069604574,0.0036673125477,0.000283322934178,0.000710643115498,0.000204210183249,5.30637866571e-05,7.67580957243e-05,0.00105956052004,0.00047966200506,0.00293016112683,0.000495487690054,0.00362897362994,0.000524753577172,0.00367155760463,0.000515482425074,0.003908641192,0.000695672024878,46875,46875,46874,90,82359da95e276b466fb89de34c18ab9bf98c386c87541c7f59fc0d03081b0822,938925
voltage_V018_initial,voltage,initial,V018,22.627416998,22.627416998,253,400,60,0.001,0.0001,0.08,0.1,2e-07,10000,0,1,12,0,0,0,0,False,800,15,0,8,7,1.6e-05,1.60588230694,22.6234068745,0.363305288223,0.756886017132,22.6284715465,32.8516349792,0.0561400219655,22.5174689522,22.7288510313,-0.109948045806,0.101434033376,0.64,4028.33051278,4028.33051278,-4066.14634729,4048,-4048,0,0,0,0.00332784592725,-0.172922834754,60,0.5,0.75,True,True,True,True,True,True,True,22.6234068745,0.00562485922449,0.277841618855,0.0160521456248,0.16459476189,0.00718265559493,0.109697147066,0.00547543952115,0.0756450582562,0.00251106178975,0.0569479664036,0.000498681614528,0.0472439889396,0.00149638716553,0.0394222467651,0.00168034375296,0.0288433283641,0.00127821295464,0.022130141043,0.000956332402517,0.0192594512253,0.000980476643834,0.0177368570347,0.000811337750595,0.0136614145367,0.000538878750307,0.00875033684843,0.000807699487277,0.00905429382491,0.000733488029627,0.00883300326334,0.000518729371562,0.00685050221566,0.000362983243247,0.00357164564007,0.000578723931205,0.00408479081283,0.000537029407596,0.00473090733297,0.000426015266662,46875,46875,46874,90,87c503d4f1fd44770252b07aa3f73e062f1d9dcbb2c65dbd3e16fa884f298e27,871068
voltage_V018_selected,voltage,selected,V018,22.627416998,22.627416998,253,400,60,0.001,0.0001,0.08,0.1,2e-07,10000,0,1,12,0,0,0,0,False,800,15,18,4,7,1.6e-05,0.711042416633,22.6235208977,0.160862829719,0.335130895247,22.6262394426,32.6034164429,0.0560153629595,22.5178060966,22.7287440087,-0.10961090137,0.101327010757,0.64,4028.39082725,4028.39082725,-4066.12720116,4048,-4048,0,0,0,0.00336403120998,-0.172922834754,60,0.5,0.75,True,True,True,True,True,True,True,22.6235208977,0.00488634645937,0.0671150929249,0.0168295994043,0.0419239554724,0.00786640831768,0.0270597982614,0.0065079027699,0.0844379316745,0.00269468339273,0.0627668939109,0.000267725465143,0.0511640049743,0.00174400584093,0.0426478706258,0.00184259934112,0.0307632960449,0.00129263428115,0.0240700603003,0.000919086341873,0.0207439123443,0.000987009202055,0.0190688603536,0.000723533621453,0.0145416079039,0.000656142569815,0.00999662176338,0.000504818647474,0.00992311603159,0.000673163340982,0.00987100424394,0.000422748982283,0.00732853300108,0.000376873867708,0.00408579511381,0.000414971517402,0.00441893416644,0.000500608135439,0.00533938665334,0.000312241386385,46875,46875,46874,90,3f4cd5aed5af32a7e64708fc5bcc008d57cffda016ed8fe149458bc4784ee791,936334
voltage_V019_initial,voltage,initial,V019,22.627416998,-22.627416998,253,400,60,0.001,0.0001,0.08,0.1,2e-07,10000,0,1,12,0,0,0,0,False,800,15,0,8,7,1.6e-05,1.60779419611,22.6243317258,0.363752692396,0.757818109159,22.6291896394,32.8346710205,0.051801692118,22.7213225179,-22.5269233389,0.0939055199733,0.100493659119,0.64,4064.79951118,4064.79951118,4030.0218838,4048,4048,0,0,0,0.00430596212058,-0.172922834754,60,0.5,0.75,True,True,True,True,True,True,True,22.6243317258,0.00971551471657,0.278232993023,0.0173423686047,0.164327796386,0.00751949389742,0.108192871865,0.00543154687405,0.0772275509565,0.00297669342489,0.0591706770268,0.000274361883199,0.0470168989024,0.00163259247784,0.0371829346967,0.00165057731677,0.0291838599913,0.00139499500762,0.0231454668689,0.000720633065702,0.0201890565492,0.000981194744408,0.0172796467428,0.000802904026952,0.0130119899572,0.000743476404767,0.0103887819852,0.000589696386519,0.00961675142372,0.000782146117514,0.00820037988706,0.000582462625967,0.00615528797235,0.000498820526079,0.0050886935608,0.000345727592034,0.00469779419238,0.000411137239328,0.00402345849794,0.000309119777931,46875,46875,46874,90,13ccf031190803654b4aa2f8bb847c98ff8df111f6c3ba0105d43c00d3360660,876728
voltage_V019_selected,voltage,selected,V019,22.627416998,-22.627416998,253,400,60,0.001,0.0001,0.08,0.1,2e-07,10000,0,1,12,0,0,0,0,False,800,15,18,4,7,1.6e-05,0.715942932309,22.6243876623,0.161977704447,0.337453550931,22.6268979454,32.5824432373,0.0512940276566,22.7219050626,-22.5264481115,0.094488064601,0.100968886469,0.64,4064.90372726,4064.90372726,4029.93686657,4048,4048,0,0,0,0.00376736466391,-0.172922834754,60,0.5,0.75,True,True,True,True,True,True,True,22.6243876623,0.00995955969974,0.0656305427511,0.0178844175722,0.0429572120995,0.00765706413785,0.0266957732905,0.00682913202782,0.0859865955257,0.00330984675788,0.0648147249418,0.00031646422269,0.0509968104082,0.00113812796107,0.0397714456107,0.00175911445011,0.0313806670716,0.00162882878098,0.0246160944901,0.000816267857102,0.0216443615882,0.000770535799235,0.0185082177089,0.000879286932532,0.0142239454272,0.00085554740237,0.0115782738037,0.000700416570409,0.0103561618181,0.000524611501421,0.00878985654818,0.00036854069128,0.00691521156914,0.000524397407486,0.0056432168436,0.000624992834764,0.00510325158997,0.000409160947384,0.0043633704293,0.000240515789786,46875,46875,46874,90,1db8a3d21ea4708ecd3c36867d969bfa375afd1d261322832f3178df45a54ee8,939222
voltage_V020_initial,voltage,initial,V020,45.2548339959,0,253,400,60,0.001,0.0001,0.08,0.1,2e-07,10000,0,1,12,0,0,0,0,False,800,15,0,8,7,1.6e-05,1.12868495528,31.9944116026,0.36111611029,0.75232522977,31.9978588629,45.7101097107,0.0541644326792,45.2464774247,0.202554322495,-0.00835657125429,0.202554322495,0.905096679919,8094.50502599,8094.50502599,-36.2365663537,8096,-0,0,0,0,0.00205818753846,-0.172922834754,60,0.5,0.75,True,True,True,True,True,True,True,31.9944116026,0.00764157330219,0.274677579384,0.0195791433314,0.155571942004,0.00816620331244,0.108793333524,0.00457111094644,0.0800878989398,0.0027203086731,0.0619902771474,0.00182174071847,0.0500582030283,0.00108323614931,0.0400720172429,0.00121312247447,0.0329146086252,0.000709629366185,0.0278877289167,0.000799952037922,0.0235766204514,0.000407141814592,0.0199836144013,0.000401564379301,0.0174497236377,0.000324891592911,0.0152474221703,0.000344010440724,0.013585885013,0.000253443368846,0.0117397847625,0.000320444869268,0.0104289495726,0.000153895330953,0.00940266360095,0.000273689562642,0.00859752727581,0.000144275533265,0.007652559557,8.98912483809e-05,46875,46875,46874,90,8d8ec887fcf30d9b93bc6a953c8a8c6bb1943b365acb8172c98e149b03e17a3d,891870
voltage_V020_selected,voltage,selected,V020,45.2548339959,0,253,400,60,0.001,0.0001,0.08,0.1,2e-07,10000,0,1,12,0,0,0,0,False,800,15,18,4,7,1.6e-05,0.516538079426,31.9948389767,0.165265526766,0.344303180762,31.9966784804,45.4571228027,0.0547831125513,45.2470831024,0.202269647743,-0.00775089349782,0.202269647743,0.905096679919,8094.61338053,8094.61338053,-36.1856386055,8096,-0,0,0,0,0.00278541608298,-0.172922834754,60,0.5,0.75,True,True,True,True,True,True,True,31.9948389767,0.00795211820461,0.0602265884397,0.0192509283075,0.0333355848313,0.0088406356117,0.0258994762643,0.00508166778288,0.0888016562544,0.00279274397772,0.0675368473874,0.00192168727021,0.0531137335619,0.00121019708111,0.0419821331138,0.000758581925953,0.0350090792734,0.000645099498914,0.0288139815458,0.000228655630583,0.0242959224622,0.000206571802222,0.0208290205149,0.000291540618298,0.0179624292501,4.86075471609e-05,0.0154130088337,8.82364065912e-05,0.0139883565334,0.000182640500114,0.0120631418356,0.000126550161349,0.0104601597986,0.000127585227597,0.00968259862855,0.000203627106613,0.00889073144604,9.9635903618e-05,0.0075597340727,0.000152631274592,46875,46875,46874,90,1d19f0478b4456750d5bc2beb3a54a8339c6632190a37c56fb7f52db6357d53c,955294
voltage_V021_initial,voltage,initial,V021,0,45.2548339959,253,400,60,0.001,0.0001,0.08,0.1,2e-07,10000,0,1,12,0,0,0,0,False,800,15,0,8,7,1.6e-05,1.1481897811,32.0006598615,0.367428306414,0.765475638363,32.0044093668,45.6538009644,0.059433730047,-0.211472971769,45.2552730886,-0.211472971769,0.000439092698308,0.905096679919,-37.8320950111,-37.8320950111,-8096.07855281,0,-8096,0,0,0,0.00272976122743,-0.172922834754,60,0.5,0.75,True,True,True,True,True,True,True,32.0006598615,0.000830512113007,0.280715204679,0.0182726197794,0.157966543942,0.00589233415722,0.112619395205,0.00440226914961,0.0776504740343,0.00160047740772,0.0650792963266,0.00220634236886,0.046385038489,0.000293094912864,0.0430928370232,0.000994643230077,0.0313398808651,0.000450983520585,0.0291337496607,0.000710463806259,0.0217220258074,0.000204857519853,0.0213687855614,0.000642912922786,0.0151855149692,0.000249583713105,0.0168012085075,0.000235540761163,0.0121783987894,0.000308854689214,0.0131653031754,0.000478146577441,0.00873118348839,0.000400089260106,0.0104943679747,0.000270878359037,0.00697773433989,0.000361009815274,0.00802103308385,7.06535664377e-05,46875,46875,46874,90,cf1a8f6e83169d1bdfb96eab4b4cf34f99515d5ff7e4d3354ee43d254b45fd84,888411
voltage_V021_selected,voltage,selected,V021,0,45.2548339959,253,400,60,0.001,0.0001,0.08,0.1,2e-07,10000,0,1,12,0,0,0,0,False,800,15,18,4,7,1.6e-05,0.524035551203,32.0004155434,0.16769355398,0.349361570791,32.0024986159,45.3951644897,0.0599761962192,-0.212183797292,45.2549242396,-0.212183797292,9.02436853423e-05,0.905096679919,-37.9592602866,-37.9592602866,-8096.01614442,0,-8096,0,0,0,0.00352368090736,-0.172922834754,60,0.5,0.75,True,True,True,True,True,True,True,32.0004155434,0.00151334578258,0.0651830093328,0.0184379192152,0.0380321834304,0.00675996238139,0.0282764183658,0.00579575996011,0.0861675738819,0.00118340955676,0.0707288109008,0.00222495744409,0.0499090983455,0.00020052762582,0.0457216712569,0.00139239658163,0.0328076264038,0.000192468813777,0.0305377520928,0.00082393832567,0.022529983921,0.000671071777639,0.0220206485156,0.000486958258472,0.0158613328176,0.000386706180631,0.017079859057,0.000580874489376,0.0123214542276,0.000331983362547,0.0134390824173,0.000440703690563,0.00881407403853,0.000388430631701,0.0105689269093,0.00033583351237,0.00722740629204,0.000275724741481,0.00813592987808,0.000378273646961,46875,46875,46874,90,a3820ca1eb64a892cc0bb4bca92c876222fceb113dbdc46a5b02ee28363fb776,951084
voltage_V022_initial,voltage,initial,V022,67.8822509939,0,253,400,60,0.001,0.0001,0.08,0.1,2e-07,10000,0,1,12,0,0,0,0,False,800,15,0,8,7,1.6e-05,0.751922095083,47.9957583024,0.360890711378,0.751855648705,47.9980309866,68.3164672852,0.0536545504165,67.8755712861,0.304060237931,-0.00667970778423,0.304060237931,1.35764501988,12142.8050135,12142.8050135,-54.395773201,12144,-0,0,0,0,0.00277414391642,-0.172922834754,60,0.5,0.75,True,True,True,True,True,True,True,47.9957583024,0.00925598618828,0.275170174899,0.0197952067918,0.15534516962,0.00831733396675,0.108230537003,0.00418085771971,0.0800172169802,0.00280433464807,0.0616830487563,0.00185418302288,0.048884696623,0.00122372256949,0.0401193134894,0.000827435747806,0.0329695226662,0.000539422352614,0.0273957534034,0.000418797593674,0.0226551254748,0.000263490159437,0.0196404624819,0.000250426639311,0.0171296536547,0.000263140152873,0.0146723597394,0.000244873374711,0.0133761779212,0.00041396910092,0.0118376874791,4.51950594629e-05,0.00994056319473,0.000212518969463,0.00954482241926,0.000285131360438,0.00879752384844,0.000255371089052,0.00776638010182,0.000133859472304,46875,46875,46874,90,5dbb368dd80ed9f1cf69377af3c1fa09da6283d07f99700f0e9403cf541c35b4,889170
voltage_V022_selected,voltage,selected,V022,67.8822509939,0,253,400,60,0.001,0.0001,0.08,0.1,2e-07,10000,0,1,12,0,0,0,0,False,800,15,18,4,7,1.6e-05,0.343855221721,47.9954396009,0.165034825256,0.343822552616,47.9966412877,68.0617370605,0.0538856900715,67.8751210253,0.303958488744,-0.00712996859406,0.303958488744,1.35764501988,12142.7244628,12142.7244628,-54.3775704733,12144,-0,0,0,0,0.00302144279609,-0.172922834754,60,0.5,0.75,True,True,True,True,True,True,True,47.9954396009,0.0096172214908,0.0612270262353,0.0192335565024,0.032601347091,0.00793601987087,0.0263524161905,0.00528815492082,0.0885275565411,0.00283696782003,0.0674094194468,0.0016210094782,0.0525870127634,0.000985381272562,0.0422961121605,0.000942887462342,0.0348350831578,0.00062909028638,0.0288695569064,0.000144291121891,0.0233695972312,0.000139118407674,0.0202455976128,0.0001350625707,0.0175308022092,0.000175719155312,0.0154472624714,0.000102679125308,0.0136956776282,0.000128726274057,0.0120337612387,0.000201351007547,0.0103566110939,3.82979248916e-05,0.00979025838701,0.000197247916916,0.00895008658047,0.00020791272962,0.00799223902752,0.000144737803657,46875,46875,46874,90,2f671d3956b738af8a0d07c619448522ada1dcf40ab8ca00784019b3f521e631,952227
voltage_V023_initial,voltage,initial,V023,0,67.8822509939,253,400,60,0.001,0.0001,0.08,0.1,2e-07,10000,0,1,12,0,0,0,0,False,800,15,0,8,7,1.6e-05,0.76663346222,48.0007611938,0.367989897432,0.76664561965,48.0033199913,68.28931427,0.0617436824744,-0.314089779581,67.8826008487,-0.314089779581,0.000349854762021,1.35764501988,-56.1900382999,-56.1900382999,-12144.0625883,0,-12144,0,0,0,0.0034921501136,-0.172922834754,60,0.5,0.75,True,True,False,True,True,True,False,48.0007611938,0.00138944545233,0.281460399443,0.0175576514394,0.157217500292,0.00612176538101,0.113562833557,0.00423758139872,0.0773573764919,0.00132873939985,0.0650080508111,0.0019655037736,0.0460454066326,0.000700095374344,0.0431693494686,0.000892205489036,0.03184811376,0.000342810871513,0.0293902153815,0.000618130235033,0.0225593157329,0.000267290061418,0.0216126673942,0.000508051176836,0.0157291229217,0.000242147709103,0.0161129652815,0.000409783076917,0.0124657324802,0.000188538175078,0.0129427233682,0.000282517156031,0.00976316712885,0.000246528734724,0.0103786827511,0.0002405552772,0.00834743014764,0.000232756527773,0.00761950248102,0.0002018708781,46875,46875,46874,90,8dabc620a7bb95a3a5a25e4f123f30c1479c9ac48d1496b27d0c368fd9d1f532,882707
voltage_V023_selected,voltage,selected,V023,0,67.8822509939,253,400,60,0.001,0.0001,0.08,0.1,2e-07,10000,0,1,12,0,0,0,0,False,800,15,18,4,7,1.6e-05,0.349465303281,48.0008468266,0.16774630494,0.349471468625,48.002290872,68.0346603394,0.0623403177235,-0.313591386939,67.8827242572,-0.313591386939,0.000473263280284,1.35764501988,-56.1008768452,-56.1008768452,-12144.0846659,0,-12144,0,0,0,0.00272933853634,-0.172922834754,60,0.5,0.75,True,True,False,True,True,True,False,48.0008468266,0.000804069499815,0.0651247293183,0.0173652054444,0.0378181983551,0.00609839163654,0.02891651182,0.0051304912937,0.0860348708589,0.00150143353918,0.0703065844073,0.0017940154438,0.049721421707,0.000182801393415,0.0457887498079,0.000917378349121,0.0336217359757,0.000463406348827,0.0304515030769,0.000564286076476,0.0236689548289,0.000704060288517,0.0225723968793,0.000587762450132,0.016238197561,0.000229985275783,0.0163179696929,0.000479153237873,0.0130007377298,0.000465358398413,0.0132630813125,0.000486944930922,0.0100215410625,0.000221897329634,0.0104068299267,0.000259645740617,0.00845965597081,0.000521534661052,0.00774052752233,0.000514775290983,46875,46875,46874,90,2f17e780ac72f108200efcac2c4f08fa8b64370968e1b84abce34f7773e10116,944290
voltage_V024_initial,voltage,initial,V024,0,-67.8822509939,253,400,60,0.001,0.0001,0.08,0.1,2e-07,10000,0,1,12,0,0,0,0,False,800,15,0,8,7,1.6e-05,0.764960387132,48.0005774346,0.367185402969,0.764969589519,48.00282704,68.3053512573,0.0503114061291,0.298877990203,-67.8824096512,0.298877990203,-0.000158657288381,1.35764501988,53.4686793658,53.4686793658,12144.0283835,0,12144,0,0,0,0.0017271936721,-0.172922834754,60,0.5,0.75,True,True,False,True,True,True,False,48.0005774346,0.0148531638396,0.279452659579,0.0198379481147,0.157884257857,0.0084048507831,0.111491294285,0.00397280604639,0.0800888889431,0.00270082385391,0.0635481325107,0.00149661556378,0.0489803304363,0.00121867924041,0.0409352248455,0.000590832462288,0.0328862882434,0.000573409720748,0.0285925209029,0.000285715650406,0.0236384337835,0.000274832766147,0.0208346265241,0.000172298512843,0.0177124260157,0.00031133768993,0.0157424790639,0.00011722970749,0.0135176711406,0.000272819248837,0.0120696252256,8.40421630872e-05,0.0108578267328,0.000151632873909,0.0095144028093,0.000184736062794,0.00889361964546,9.82010603398e-05,0.00800625112427,0.000158903585834,46875,46875,46874,90,6c4788cf4bb7f4276fafb488a92e75d326c228e9d62a4261d89a5701cce18246,882718
voltage_V024_selected,voltage,selected,V024,0,-67.8822509939,253,400,60,0.001,0.0001,0.08,0.1,2e-07,10000,0,1,12,0,0,0,0,False,800,15,18,4,7,1.6e-05,0.353581682845,48.0010147087,0.16972279559,0.353589157479,48.0021604011,68.04246521,0.0499435094086,0.298468336634,-67.8830298586,0.298468336634,-0.000778864646648,1.35764501988,53.3953931553,53.3953931553,12144.1393373,0,12144,0,0,0,0.00296163094654,-0.172922834754,60,0.5,0.75,True,True,False,True,True,True,False,48.0010147087,0.0144113856899,0.064192526831,0.0197528202935,0.0372235172815,0.00844037549467,0.0284177039569,0.00510847633524,0.0889693464526,0.00264238541985,0.0686915870878,0.001040648487,0.0528223934039,0.00133370522715,0.0439389498106,0.000769441941206,0.034615082992,0.000678622437401,0.0296131138592,0.000181716444419,0.0244899211179,0.000136653271849,0.0215384361382,7.05361674131e-05,0.0182507296035,0.000140417517305,0.0158516184477,0.000340397063632,0.0138599570302,0.000198395459027,0.0125823933078,0.000285584968876,0.0108789170711,0.000102082064995,0.0095639286658,0.000203851766266,0.00901458993027,0.000154109476303,0.00811646401147,0.000230844980928,46875,46875,46874,90,7a9b838cc9bad7134d39b8b2df3f71a5e28691bd5ee24dd2983a69a00c7a2dd1,944274
variation_R001_initial,variation,initial,R001,5.65685424949,0,230,407.449318837,60.081068526,0.00102233573377,0.000171466625985,0.0949636183155,0.104304614107,2.41289662201e-07,9070.28572835,0.036651040746,1.00416568281,12,0.0114798523625,0.00514674728196,0,0,False,800,15,0,8,7,1.6e-05,9.32608420188,3.98101830462,0.371273119182,0.773485664962,4.01037937262,6.30720043182,0.0224326165178,5.62996299072,0.0230262163098,-0.0268912587735,0.0230262163098,0.3,916.258024179,915.62655197,-3.74485855048,920,-0,0,0,0,0.00131017804315,-0.282401144505,60.0810699463,0.500337329744,0.75,False,True,True,True,True,True,False,3.98101830462,0.00186061438501,0.313109521647,0.0126714726676,0.165542035968,0.00342333498128,0.0915978561709,0.00116536083799,0.052949095539,0.000323390804722,0.0276875446733,0.000594407468753,0.0109183980791,0.000668984948771,0.00361268274762,0.000762619987739,0.00262583005942,0.0006296616951,0.00434250793669,0.000473880834942,0.00413693312056,0.000301178748352,0.00453541932759,0.000226794259799,0.00266136582441,0.000225155351812,0.00108527949958,0.000202199008204,0.00141906349677,0.000230634275869,0.00207530262402,0.00021379781075,0.00289972776539,0.000233041044738,0.00367425524486,0.000140422224297,0.00409617913127,0.000127637501706,0.00360456712116,0.000138998880567,46875,46875,46874,90,3018a5ae8860ee5ae7737bbd6950a599909b6bcbda3fcd7b3cbcab706b2acbf1,939564
variation_R001_selected,variation,selected,R001,5.65685424949,0,230,407.449318837,60.081068526,0.00102233573377,0.000171466625985,0.0949636183155,0.104304614107,2.41289662201e-07,9070.28572835,0.036651040746,1.00416568281,12,0.0114798523625,0.00514674728196,0,0,False,800,15,18,4,7,1.6e-05,3.67590121094,3.98166143163,0.146361940781,0.30492070996,3.99649036238,6.03032016754,0.022757389251,5.63087028673,0.0235653615942,-0.0259839627611,0.0235653615942,0.3,915.915752973,915.774109658,-3.8325422064,920,-0,0,0,0,0.00268770095657,-0.282401144505,60.0810699463,0.500337329744,0.75,True,True,True,True,True,True,True,3.98166143163,0.00168865050197,0.0698386265289,0.0126219432683,0.042162142482,0.00400274545614,0.028944411596,0.00191437555115,0.0872843801888,0.00048618995301,0.0585099021238,0.000404528740498,0.0379690376634,0.000284120823973,0.0270057051762,0.000669094096645,0.0178269983209,0.000572158555291,0.0111901203824,0.000606322067245,0.00716161998935,0.000357666093129,0.0030608893682,0.000400485721017,0.00222024010242,0.000245812733641,0.00179586548794,0.000204616631744,0.00230905547428,0.000103968048071,0.00213635797246,4.15053810762e-05,0.0024000750856,7.07302887592e-05,0.00143784784779,4.66010935105e-05,0.00114412058241,1.15571657019e-05,0.00112488969372,0.000120133657927,46875,46875,46874,90,0dc6521d1f7fbb1fc1bd86e1a4a7a6b5576238ded40dd839184243c2b2b37060,1000874
variation_R002_initial,variation,initial,R002,0,5.65685424949,230,397.027157469,60.106101272,0.00105010735139,0.000211751066552,0.0677924376439,0.0616618261015,2.26806260055e-07,11682.9352047,-0.0458210736467,0.999948423771,12,0.002989007454,0.00319259202549,1,0,False,800,15,0,8,7,1.6e-05,8.69289618904,4.00367723619,0.348035505886,0.725073970597,4.0298657866,6.22357273102,0.0905606385733,-0.0215894785858,5.66201348618,-0.0215894785858,0.0051592366833,0.3,-3.50985918686,-3.51119534337,-920.839070186,0,-920,0,0,0,0.0031109430307,-0.316343456507,60.1061019897,0.500441308244,0.75,False,True,True,True,True,True,False,4.00367723619,0.00966652724968,0.29958043093,0.0273535184424,0.146393735305,0.00373077949317,0.0774543307838,0.00858431926419,0.0297826039485,0.00176174599852,0.0126070982087,0.00111893189328,0.0095435219975,0.00263334014874,0.0110207642333,0.00339772313722,0.0203739327706,0.00457600363329,0.0162836768655,0.00508487284387,0.0195805153459,0.0048367222433,0.0135060477021,0.00470930605966,0.0142471324391,0.00378454211072,0.00813778343213,0.00321572476154,0.00792774806467,0.00207907789513,0.00396526370867,0.00150886655324,0.00339430004441,0.000567695458406,0.00209410688392,0.00016823359357,0.00123240841977,0.00053349010098,0.00183530639555,0.000706731166172,46875,46875,46873,90,8fd64a21e823cd822c741f7888154ac1bc85fff10b7121cb89e32713d1a6b8cd,925182
variation_R002_selected,variation,selected,R002,0,5.65685424949,230,397.027157469,60.106101272,0.00105010735139,0.000211751066552,0.0677924376439,0.0616618261015,2.26806260055e-07,11682.9352047,-0.0458210736467,0.999948423771,12,0.002989007454,0.00319259202549,1,0,False,800,15,18,4,7,1.6e-05,3.06575537994,4.00350009826,0.122737519648,0.255703165934,4.01664450768,6.05989551544,0.0952690776112,-0.0221857187504,5.66176066851,-0.0221857187504,0.00490641901435,0.3,-3.59638663812,-3.6081646,-920.797953296,0,-920,0,0,0,0.00299823395896,-0.316343456507,60.1061019897,0.500441308244,0.75,True,True,True,True,True,True,True,4.00350009826,0.00660829309694,0.0707071677633,0.0244222608734,0.0414701542356,0.00389092657405,0.0250519990386,0.00999793334556,0.0619853810495,0.00373974845739,0.0405733826216,0.00384407974768,0.015539454065,0.00173415288866,0.00996625479834,0.000475213021426,0.00382783122679,0.000966567564026,0.00442005189503,0.00198801315119,0.0116336298274,0.00211193513487,0.00905313680272,0.00329038627608,0.0142037501713,0.00284147163812,0.0102190145447,0.00364299848566,0.0127583022288,0.00289972676517,0.00858000045766,0.00331818466605,0.0105837113409,0.0025632465526,0.0064484947209,0.00285161575542,0.00737071124702,0.00186657603459,0.00402885680914,0.00197105446431,46875,46875,46873,90,69e302f7117f55bcb6d1c82a476fd28682ff9c8fc9e1f3487b01346060dd62f3,985928
variation_R003_initial,variation,initial,R003,0,-5.65685424949,230,392.043319254,59.7628171018,0.000985362011865,0.000241158569598,0.08345757437,0.157749637578,1.56407150479e-07,11537.0723903,-0.00395225674287,1.00268780366,12,0.0107947169786,0.00225812236005,0,0,False,800,15,0,8,7,1.6e-05,5.87690112899,3.98156529984,0.233992656058,0.48748470012,3.99873626468,6.11649847031,0.0572181684341,0.0276670365836,-5.63071567466,0.0276670365836,0.0261385748354,0.3,4.53842388292,4.49961631223,915.748964391,0,920,0,0,0,0.00162498616296,0.14842556417,59.7628173828,0.499007815772,0.75,False,True,True,True,True,True,False,3.98156529984,0.00364492770578,0.195206561138,0.0216645343361,0.100058064257,0.00416007587208,0.0616583293952,0.00605371058964,0.0346448850465,0.00159208529599,0.019458292733,0.00232078461649,0.0077236716588,0.00109476598439,0.0009386246049,0.000496399553287,0.00452153723389,0.00103155516596,0.00714580333587,0.000906019219839,0.00889760671355,0.00144530316313,0.0093772382574,0.00151717195085,0.00952276473857,0.00180899841875,0.00927310212369,0.00168554153205,0.0082739149911,0.00172176022119,0.00729630314633,0.00151342047263,0.00623251539676,0.00145474686941,0.0050854423277,0.00116566376533,0.00378965958499,0.00103535737296,0.00309855196671,0.000613108053811,46875,46875,46874,90,91bf8340621f11fcb2bc9281722f27d76320afd6459292348031195197d56425,939662
variation_R003_selected,variation,selected,R003,0,-5.65685424949,230,392.043319254,59.7628171018,0.000985362011865,0.000241158569598,0.08345757437,0.157749637578,1.56407150479e-07,11537.0723903,-0.00395225674287,1.00268780366,12,0.0107947169786,0.00225812236005,0,0,False,800,15,18,4,7,1.6e-05,2.22473612151,3.98139284761,0.0885754848198,0.184532260041,3.99270976859,6.01094007492,0.0585771852219,0.0276943369125,-5.63047165321,0.0276943369125,0.0263825962782,0.3,4.51409592816,4.5040562892,915.709278071,0,920,0,0,0,0.00166595153208,0.14842556417,59.7628173828,0.499007815772,0.75,True,True,True,True,True,True,True,3.98139284761,0.00307424671988,0.0468184270757,0.0204877713584,0.027093641151,0.00450630506214,0.0185058513775,0.00650551213953,0.0482960983067,0.00157812464028,0.0310308264909,0.00238462570935,0.0179349704007,0.000899535330087,0.00984674604738,0.00103387998138,0.00423990747259,0.000118311540383,0.000876180779399,0.000272491447606,0.00306409152104,0.000559058644479,0.00451483974323,0.000597544089095,0.00554540517224,0.000962015106381,0.00624581059139,0.000953548663214,0.00691099396914,0.00120987998327,0.00671263199597,0.00114293094451,0.00654175956768,0.00124311023797,0.00615879605683,0.00110920899559,0.00557658285583,0.00123136283039,0.0052405154458,0.00107154882758,46875,46875,46874,90,8a6b99509376fc423d91d6e7ba39ddb34521fb764c393982e06a36571386ba51,1001611
variation_R004_initial,variation,initial,R004,11.313708499,11.313708499,230,405.919982207,59.5839924177,0.000956209607736,9.44686551055e-05,0.0661089741545,0.0741116315398,2.18394402368e-07,11239.2070659,0.00437123829497,1.00205002509,12,0.00863294515776,0.00485999666379,1,0,False,800,15,0,8,7,1.6e-05,3.27576189363,11.2472733639,0.368433894925,0.767570614428,11.2590930606,16.9691791534,0.0657495706114,11.1448196583,11.3488021846,-0.168888840657,0.0350936856465,0.32,1812.23159437,1812.53283777,-1845.70744611,1840,-1840,0,0,0,0.00168890340615,0.391641706228,59.5839958191,0.498254532948,0.75,True,True,True,True,True,True,True,11.2472733639,0.00564000112325,0.292065855475,0.01550924696,0.163702889096,0.00933081742687,0.111751374871,0.00828206259276,0.0724527879902,0.00336255553428,0.0492473671974,0.0015807019973,0.039282833896,0.00263251666318,0.0258078411897,0.00230284017628,0.0126128066289,0.000710729158691,0.00534495292753,0.000470866469353,0.00458797123291,0.00019446254744,0.00289425582665,0.000484604421476,0.0061666966417,0.000939102606086,0.00823619297708,0.000842113244497,0.00611408870024,0.0012270877802,0.00723826283724,0.00165190083727,0.0113241719991,0.00185414905128,0.0109334287378,0.00167525893383,0.00850414783533,0.00181328429121,0.0079463456718,0.00195293694813,46875,46875,46873,89,3b9d91d96ee0879e03e127de732c9d9410d090d363f5bb9f603c2bfc3dcdf87a,954736
variation_R004_selected,variation,selected,R004,11.313708499,11.313708499,230,405.919982207,59.5839924177,0.000956209607736,9.44686551055e-05,0.0661089741545,0.0741116315398,2.18394402368e-07,11239.2070659,0.00437123829497,1.00205002509,12,0.00863294515776,0.00485999666379,1,0,False,800,15,18,4,7,1.6e-05,1.36213740405,11.2471282059,0.153201340175,0.319169458697,11.2539669945,16.6995716095,0.067158975972,11.1443425231,11.3489830156,-0.1693659759,0.035274516656,0.32,1812.41022184,1812.45523909,-1845.73685548,1840,-1840,0,0,0,0.00115412508034,0.391641706228,59.5839958191,0.498254532948,0.75,True,True,True,True,True,True,True,11.2471282059,0.0064003080386,0.0686890519901,0.0165035045345,0.0455008837999,0.00998501134954,0.0327728320979,0.00844552611763,0.085162945901,0.00318216301639,0.0588907877385,0.00180344982707,0.048161871923,0.00329349851537,0.0335880745072,0.00226925031304,0.0191388413951,0.00121550093779,0.0107208687444,0.00104171071928,0.00968657655314,0.00103945078923,0.00611887283437,0.000294073820536,0.00270999796218,0.000196629989227,0.00488890214984,0.000352829716286,0.00294492466708,0.000456841665883,0.00425952642759,0.00110432148983,0.00869026717744,0.00112670148485,0.00899677857164,0.000963145973516,0.0067202493595,0.00120930243137,0.0064857310722,0.0015914836713,46875,46875,46873,89,1cf0059ad70ffa01144e29a5211856cbca48b11d2bd292c012e3f736722f6bf6,1019044
variation_R005_initial,variation,initial,R005,11.313708499,-11.313708499,230,418.365842315,60.1494480233,0.000909128672938,0.000245539834158,0.0753609456981,0.130665433031,1.17241186786e-07,10750.027982,-0.0323601115624,0.999455693676,12,0.00460529177844,0.00719359543398,0,0,False,800,15,0,8,7,1.6e-05,1.91397191907,11.330331002,0.216859353716,0.451790320242,11.3376895185,16.946931839,0.0921988040526,11.3524883171,-11.3081302716,0.0387798181645,0.00557822741276,0.32,1846.28051933,1846.30693865,1839.09278744,1840,1840,0,0,0,0.00205816333138,-0.374817550182,60.1494445801,0.500621152929,0.75,True,True,True,True,True,True,True,11.330331002,0.00722831956662,0.171676713381,0.0142810767462,0.099728716267,0.00666834624286,0.0599850554276,0.0068878366385,0.0418182468189,0.00348809996293,0.030212838585,0.00111646215797,0.0222708947827,0.00162640897596,0.0158969670785,0.00210073561827,0.0109787686549,0.00118332224206,0.00713457372725,0.000778657850848,0.00508537147106,0.000445366428889,0.00283333122183,0.000745187847103,0.00173346494798,0.000181035368274,0.0003487605059,7.83314244221e-06,0.000247029436481,0.000205913145272,0.00101672654692,0.00018336659027,0.00163529758695,0.000450480779219,0.00224395959729,0.000456203686044,0.00205495248215,0.000626112998481,0.00255439891679,0.000721381391487,46875,46875,46874,90,195de6a750e9ff55620b2ca5b20caaef11231fb91e3a9d5328b67164f7e53fa6,933999
variation_R005_selected,variation,selected,R005,11.313708499,-11.313708499,230,418.365842315,60.1494480233,0.000909128672938,0.000245539834158,0.0753609456981,0.130665433031,1.17241186786e-07,10750.027982,-0.0323601115624,0.999455693676,12,0.00460529177844,0.00719359543398,0,0,False,800,15,18,4,7,1.6e-05,0.786698505328,11.3303198847,0.0891354571817,0.185698869129,11.3359590911,16.8019428253,0.0926795723902,11.3522888479,-11.3083082418,0.038580348957,0.00540025718453,0.32,1846.27860356,1846.27449806,1839.12173155,1840,1840,0,0,0,0.00119701792657,-0.374817550182,60.1494445801,0.500621152929,0.75,True,True,True,True,True,True,True,11.3303198847,0.00600645516035,0.0434347883726,0.014509685779,0.0270556416435,0.00666789929061,0.0157720023997,0.0076386458863,0.0476578535299,0.00394517730629,0.0340007868141,0.00117661243538,0.0248797593764,0.00154181292743,0.0181027413121,0.00229113164455,0.0127743584811,0.00129162117485,0.00870199141271,0.00100789403647,0.00676627061629,0.000515409124811,0.00436805494288,0.000882597759712,0.0029977823752,0.000228939833983,0.00152927400253,0.00028730856999,0.000661170509624,8.39332042584e-05,0.000189298812396,7.98591752282e-05,0.000893296643188,0.000431326429487,0.00168822841115,0.00023665975614,0.00148012627343,0.000526887951129,0.00194057954533,0.000429214418127,46875,46875,46874,90,90e35c92a1c2aa56008de4bf8a522ebef07b9b1f4a7a3e4988618af831cea7d1,997800
variation_R006_initial,variation,initial,R006,22.627416998,22.627416998,230,417.407052782,60.45468785,0.00100078704,0.000178252582433,0.0878461703231,0.173106980692,1.98886737922e-07,8244.93001239,0.0152692409687,1.00422247374,12,0.0102222363919,0.00701382239667,1,0,False,800,15,0,8,7,1.6e-05,1.58820511704,22.6164190363,0.359195124426,0.748323175888,22.6217215337,32.925403595,0.0360520158376,22.6036599076,22.629170971,-0.0237570903268,0.00175397300355,0.64,3675.87072881,3676.13627608,-3680.28525663,3680,-3680,0,0,0,0.00300764867899,-0.785362005234,60.4546890259,0.501880283673,0.75,True,True,True,True,True,True,True,22.6164190363,0.00506936455967,0.276484497723,0.0115260936539,0.150400427817,0.0044143231957,0.113472881297,0.00353948390031,0.0802710114025,0.00159824382736,0.0586756985769,0.000377961394793,0.0494847897067,0.00105315922531,0.0411328199267,0.00108191143967,0.0310446201335,0.000696526668496,0.0231451212038,0.000785118574889,0.0200862306328,0.00102467816519,0.0191608946787,0.000621922319707,0.0147312461768,0.000361844131765,0.00965763178871,0.000548832173499,0.00862883038938,0.000621297021791,0.00982280356574,0.000411776109704,0.0075312919876,0.000191837561327,0.00450742494363,0.000326447679398,0.00297853867417,0.000485292618613,0.00416868036583,0.000364528321779,46875,46875,46873,91,4dd77ce5280b0fa28427209aee42c9a18d44ebc6490aa7076cea665c75fb6eaf,930214
variation_R006_selected,variation,selected,R006,22.627416998,22.627416998,230,417.407052782,60.45468785,0.00100078704,0.000178252582433,0.0878461703231,0.173106980692,1.98886737922e-07,8244.93001239,0.0152692409687,1.00422247374,12,0.0102222363919,0.00701382239667,1,0,False,800,15,18,4,7,1.6e-05,0.765839258025,22.6160162508,0.17320233105,0.360838189687,22.6191282835,32.6710281372,0.0359477325284,22.6031557382,22.6288694545,-0.0242612597924,0.00145245654132,0.64,3675.90653807,3676.0542807,-3680.23621963,3680,-3680,0,0,0,0.00363383693933,-0.785362005234,60.4546890259,0.501880283673,0.75,True,True,True,True,True,True,True,22.6160162508,0.00511339297944,0.0762627322253,0.0115196171788,0.0441659777135,0.00490896882804,0.0364104547068,0.00442966066093,0.0910281561701,0.00176965152833,0.0646452071742,0.00016229386095,0.0542031067701,0.00109962439673,0.0444015711865,0.00121391345242,0.0338208770098,0.000637468093909,0.0248186356931,0.000664138223602,0.0216702416928,0.000741302601927,0.020267379485,0.000666390055131,0.0159680950987,0.000277947371721,0.0103124158137,0.000522845916394,0.00911883356328,0.000554889382433,0.0102729674092,0.00053202896232,0.00834935485603,0.000123579202579,0.00517014303339,0.000299917035503,0.00353586089992,0.000349596994005,0.0046239779071,0.000379405711112,46875,46875,46873,91,debb2c65c19bbebbe1495c883b0dd19cf6bac9b3dfb21202fdc17f36db6a75f3,996329
variation_R007_initial,variation,initial,R007,22.627416998,-22.627416998,230,410.512281508,59.9094381963,0.00103222810652,9.14483953476e-05,0.0922048071604,0.138170190892,2.66865840776e-07,8738.77054828,-0.0485732534519,0.996334277956,12,0.0148831308283,0.00572105278282,0,0,False,800,15,0,8,7,1.6e-05,2.21773256728,22.6902064994,0.503208099121,1.0483502065,22.6982812788,33.180519104,0.0933286751422,22.8314389442,-22.5480894469,0.204021946274,0.0793275510703,0.64,3712.33556755,3713.1810194,3667.09859866,3680,3680,0,0,0,0.00359231719073,-0.0503438860178,59.9094390869,0.499622088746,0.75,True,True,True,True,True,True,True,22.6902064994,0.00415433243807,0.392416473997,0.0114638266934,0.223975034475,0.0051755904089,0.147255328786,0.00602027942428,0.103592373739,0.003484820276,0.0765565979117,0.00256122016885,0.0632013316066,0.00251238541713,0.0500219922886,0.00250579213578,0.038005120849,0.00183057381539,0.027759239148,0.0020328809883,0.0253313485698,0.0018304826629,0.0219392388901,0.00138142827803,0.0158286739134,0.000954498747946,0.0109526515476,0.00139283471754,0.0108540056058,0.00136655219509,0.0094742322992,0.000937785329415,0.00693027792821,0.000555491738149,0.00412046165245,0.000869619694107,0.00450760392904,0.000791512777187,0.00502622022064,0.00042426833388,46875,46875,46874,90,3a420d9b1529b04c82ae2edcaf64a3be7a380321fa6a9cc7763e3c1ef4029b9c,953763
variation_R007_selected,variation,selected,R007,22.627416998,-22.627416998,230,410.512281508,59.9094381963,0.00103222810652,9.14483953476e-05,0.0922048071604,0.138170190892,2.66865840776e-07,8738.77054828,-0.0485732534519,0.996334277956,12,0.0148831308283,0.00572105278282,0,0,False,800,15,18,4,7,1.6e-05,0.968697364639,22.690432015,0.219801616954,0.457920035321,22.6939919013,32.8397102356,0.0931782820167,22.8314891856,-22.5484924467,0.204072187617,0.0789245512389,0.64,3712.95451123,3713.18919037,3667.16414036,3680,3680,0,0,0,0.00224340299161,-0.0503438860178,59.9094390869,0.499622088746,0.75,True,True,True,True,True,True,True,22.690432015,0.00392799165671,0.101380098687,0.0118264728025,0.0562570075113,0.00535670119725,0.0368097840593,0.00668401000444,0.115901341493,0.00399899338062,0.0843438429115,0.00207980375814,0.0690041747386,0.00213330045864,0.054363245082,0.00258873856618,0.0411867053631,0.00191111224832,0.0307213506835,0.00204099710542,0.0280484407327,0.001711159396,0.0244139705699,0.00135860712889,0.018058693651,0.00106685456094,0.012997152361,0.00136151809578,0.0127526990353,0.00120910404962,0.0110955675641,0.000972712371832,0.00824497416421,0.000629013209146,0.00538035757695,0.000908833382385,0.00567205199326,0.000780259294553,0.00616171979323,0.000509417849751,46875,46875,46874,90,7764d20b402e0fe77d56d57d0b00c4a640c359154d0d50f4b7b6d56b0484359f,1016080
variation_R008_initial,variation,initial,R008,45.2548339959,0,230,402.193710143,59.8512407702,0.0010878629616,0.000190512961453,0.0784272248467,0.0625407926424,1.00156929319e-07,10273.9498243,0.0113329816358,0.997255896571,12,0.0129460709016,0.00416132065191,1,0,False,800,15,0,8,7,1.6e-05,0.559868662341,32.043689083,0.179402573434,0.37375536132,32.0454352999,45.7620697021,0.0441592537393,45.3157879323,0.274561783257,0.0609539363521,0.274561783257,0.905096679919,7370.19466215,7369.9132166,-44.653234723,7360,-0,0,0,0,0.00234487919939,0.028477428481,59.8512382507,0.499378629299,0.75,True,True,True,True,True,True,True,32.043689083,0.00185164576932,0.133169282717,0.0159829322047,0.0821051000483,0.00583110288056,0.0543915774648,0.00332360196558,0.0401688821127,0.00186173164932,0.0307628570685,0.0011383283808,0.0241770656512,0.000941842105024,0.0193504380766,0.000677955336891,0.0160320177689,0.000212782090324,0.013290322774,0.000176783202341,0.0112875496345,0.000258047839834,0.0094885392303,0.000140358146694,0.00861612540058,9.20396384726e-05,0.00717071652171,0.00011286212522,0.00637323761051,0.000132784192176,0.00572029872694,9.17952966675e-05,0.00502623927646,4.97545104798e-05,0.00451427685288,5.38877820247e-05,0.00393962086542,3.4342362362e-05,0.00333872370441,0.000101418425595,46875,46875,46873,90,208ba25e8bca9a60a580c5109ac367af0d5b9a7cb67a7076a7c7e3314568d640,969270
variation_R008_selected,variation,selected,R008,45.2548339959,0,230,402.193710143,59.8512407702,0.0010878629616,0.000190512961453,0.0784272248467,0.0625407926424,1.00156929319e-07,10273.9498243,0.0113329816358,0.997255896571,12,0.0129460709016,0.00416132065191,1,0,False,800,15,18,4,7,1.6e-05,0.257994894382,32.0439237995,0.0826716873621,0.172232682004,32.0452759066,45.6360168457,0.0443334894596,45.3161189796,0.274709954171,0.0612849836375,0.274709954171,0.905096679919,7369.99461992,7369.96705633,-44.6773324344,7360,-0,0,0,0,0.00254983945057,0.028477428481,59.8512382507,0.499378629299,0.75,True,True,True,True,True,True,True,32.0439237995,0.00161616190579,0.0273999812212,0.0159117721858,0.0162383552335,0.00625704978224,0.0138152299642,0.00436340358953,0.0449537170207,0.00210877642928,0.0342512929577,0.00108419556361,0.026039090202,0.000907971595663,0.0208347085539,0.000576889596531,0.0168980861603,0.000181314350759,0.0140705616273,0.000172712266343,0.0116059991985,9.00291856154e-05,0.0100419890501,0.000203107583625,0.0086190136384,9.15221941737e-05,0.00753681436171,0.000143740810041,0.00645852146609,7.9446706349e-05,0.00592635115537,1.86271692245e-05,0.00503978615245,0.000118051008104,0.00472421656284,9.66994270646e-05,0.00395591921539,4.94552538716e-05,0.00344941564119,1.5512523697e-05,46875,46875,46873,90,4f3b09599e6b3be12c93fb305fe1e300a1e9c80b78aa824507c7086a9fca1fee,1034446
variation_R009_initial,variation,initial,R009,0,45.2548339959,230,401.061063948,59.981915017,0.00107960646716,0.000127638655305,0.0724691391548,0.185589099029,1.66058225706e-07,8082.80729426,-0.0163998902876,0.997834198832,12,0.0079743125181,0.0039489494903,0,0,False,800,15,0,8,7,1.6e-05,0.967171570454,32.0654674574,0.310128085181,0.64610017746,32.0685466268,45.6963882446,0.0609846223855,-0.282472240607,45.3465391839,-0.282472240607,0.0917051879452,0.905096679919,-46.0048022971,-45.939748471,-7374.91443286,0,-7360,0,0,0,0.00145581571283,-0.148430377245,59.981918335,0.499924623184,0.75,True,True,True,True,True,True,True,32.0654674574,0.00483761552006,0.24182090537,0.0125234439482,0.132907357837,0.0029365863705,0.0908237600773,0.00300541963276,0.0638845654484,0.000333801331556,0.0519894512226,0.00148517789256,0.037528034409,0.000480531153105,0.0326971713055,0.000807304424609,0.0253210829781,0.000705762921337,0.0220569026136,0.000529257836681,0.0168354279709,0.000708300289269,0.0161858531953,0.000327489933452,0.0123445379814,0.000673578799549,0.0122008595112,0.000366385171116,0.00893287982453,0.000542278613784,0.00962078215605,0.000424202173678,0.00734451046038,0.000413202134721,0.0071861910324,0.000341435270895,0.00588205627022,0.000439875484574,0.0060156677737,0.000285624507607,46875,46875,46874,90,147ffe2c8428b950b3ed7e16da1a3d0f8268d257dd3524ebac58121c57acbb61,948038
variation_R009_selected,variation,selected,R009,0,45.2548339959,230,401.061063948,59.981915017,0.00107960646716,0.000127638655305,0.0724691391548,0.185589099029,1.66058225706e-07,8082.80729426,-0.0163998902876,0.997834198832,12,0.0079743125181,0.0039489494903,0,0,False,800,15,18,4,7,1.6e-05,0.428876387799,32.0652344486,0.137520219242,0.286500456755,32.0671118253,45.4728431702,0.061442555019,-0.282406047033,45.3462100655,-0.282406047033,0.0913760695801,0.905096679919,-45.9381249458,-45.9289831081,-7374.86090684,0,-7360,0,0,0,0.00121318301936,-0.148430377245,59.981918335,0.499924623184,0.75,True,True,True,True,True,True,True,32.0652344486,0.0049351210963,0.0602896503951,0.0120895503952,0.0314468437282,0.003867202209,0.0232492255236,0.00349405253324,0.0710643010213,0.000808798738817,0.0568201354111,0.00163604454956,0.0399613947342,0.000230204627945,0.0346978176545,0.00102166380026,0.0264326235473,1.02735725614e-05,0.0228671278526,0.000611121906455,0.0174619271529,0.000223717950109,0.0165369848321,0.000403306164234,0.0127204910236,0.000341704738346,0.0123098918275,0.000266907426667,0.00912003615576,0.000226649217505,0.00961271549453,0.000242123991975,0.00749894409676,0.000236661755071,0.00711659673235,0.000154185383051,0.00595087086925,0.000254102374785,0.0058018231038,0.000183781270609,46875,46875,46874,90,3c9b16b2360323dff7a81bfc3f5c795787bb00c8df5bca46d8a00d9b7de77f21,1009839
variation_R010_initial,variation,initial,R010,67.8822509939,0,230,386.492213607,60.2665944487,0.000921622072764,0.000204564059287,0.0940074279457,0.124739264264,2.07878186043e-07,11480.7566443,-0.0105562299338,0.995565157925,12,0.00614956204213,0.00121729005134,1,0,False,800,15,0,8,7,1.6e-05,0.742005785592,48.3159607205,0.35850722391,0.746890049813,48.3182011104,68.8527450562,0.070774804679,68.329075484,0.0395498320668,0.446824490068,0.0395498320668,1.35764501988,11112.9982231,11112.6691042,-6.43216952332,11040,-0,0,0,0,0.00381369409932,-0.53272742033,60.2665939331,0.501105896439,0.75,True,True,False,True,True,True,False,48.3159607205,0.00449301580396,0.268730424372,0.0201749512828,0.15716222508,0.00780245223305,0.109940426145,0.00407171422019,0.0811067340133,0.00249337418997,0.063418457497,0.00145230094878,0.0503188118399,0.000946852377207,0.0413690315089,0.000703867094734,0.0338872329248,0.000413807568296,0.0277768198711,0.000298578162485,0.0236035796263,0.000308392803026,0.0203253988729,0.000315461158335,0.0176426607357,0.000304513088766,0.0160506650632,0.000236821149184,0.01388261035,0.0003474138161,0.0119291928319,0.000291296803909,0.0111711911585,0.000310535500389,0.0101119719277,0.000245003029793,0.0088524908874,0.000293452578095,0.00811865499658,0.000327325532577,46875,46875,46873,90,80a5e1802af832b74085eb8e10828889e292a140e3c466087bd63ab75213f0de,947619
variation_R010_selected,variation,selected,R010,67.8822509939,0,230,386.492213607,60.2665944487,0.000921622072764,0.000204564059287,0.0940074279457,0.124739264264,2.07878186043e-07,11480.7566443,-0.0105562299338,0.995565157925,12,0.00614956204213,0.00121729005134,1,0,False,800,15,18,4,7,1.6e-05,0.345675880831,48.3159529934,0.167016596092,0.347951241857,48.3171538477,68.595741272,0.0705769413904,68.3290645176,0.0396165904818,0.446813523655,0.0396165904818,1.35764501988,11112.736391,11112.6673207,-6.44302674875,11040,-0,0,0,0,0.00261443453718,-0.53272742033,60.2665939331,0.501105896439,0.75,True,True,False,True,True,True,False,48.3159529934,0.00451681950842,0.054484573173,0.0205203570103,0.0347534231761,0.00834657329721,0.0297522392192,0.00561271143737,0.0903341786126,0.00291818591517,0.0690828572222,0.00186425534843,0.053989683497,0.0011215712267,0.0438677060283,0.000845849766361,0.03572153075,0.000352120866047,0.0291062088593,0.000348975298146,0.0245923669309,7.09244623855e-05,0.020998679219,0.000229453349507,0.0182265222138,0.000134061271542,0.0164075255034,0.000271901176925,0.0141718505132,9.81165707601e-05,0.0122069991899,0.000260275359052,0.011278785867,0.000159822353971,0.0103015504695,0.000249491072211,0.00904102076197,0.000179636267702,0.00827444319444,0.000259244097414,46875,46875,46873,90,9ebd59e62ad99ff01b560c7ccf852c256f74f21a66726d31cec7199e411389ba,1011610
variation_R011_initial,variation,initial,R011,0,67.8822509939,230,389.547979484,59.7465282953,0.000947672849199,6.55284824847e-05,0.0895325066973,0.0787835940636,1.68667675163e-07,10020.0307175,-0.0334280593583,0.99811464953,12,0.00939529252151,0.00179024615324,0,0,False,800,15,0,8,7,1.6e-05,0.663614002648,47.9901474381,0.318469338291,0.663477788106,47.9926478896,68.2795333862,0.0990809354354,-0.512601090103,67.8663815331,-0.512601090103,-0.0158694608406,1.35764501988,-83.4191521844,-83.3666525768,-11037.4190772,0,-11040,0,0,0,0.00309213985845,0.170572564006,59.7465248108,0.498939387309,0.75,True,True,True,True,True,True,True,47.9901474381,0.00683433788366,0.24822305634,0.0181335780645,0.130826430611,0.0054526573945,0.0946205478294,0.00417483632947,0.0659282731762,0.001031381502,0.0555601235666,0.00197737283432,0.0396909617235,0.000114637334033,0.0361483596062,0.00106576933347,0.0273172907123,0.000463946582823,0.0248189374757,0.000700348517298,0.0188237374275,0.000462758354778,0.0190228349558,0.000555007553273,0.0141870725312,0.00046122247173,0.0145012048908,0.000478745939537,0.0107131301123,0.000444247395674,0.0117021133695,0.00047725415519,0.00875572959346,0.000485781389013,0.0085438714361,0.000415763448173,0.00711218213427,0.000370521463501,0.00709385053835,0.000424360565035,46875,46875,46874,90,9d50548a263956f9c4ca5c18fc46a1d6b12d73c000b2643b7a4e53c14e064324,956552
variation_R011_selected,variation,selected,R011,0,67.8822509939,230,389.547979484,59.7465282953,0.000947672849199,6.55284824847e-05,0.0895325066973,0.0787835940636,1.68667675163e-07,10020.0307175,-0.0334280593583,0.99811464953,12,0.00939529252151,0.00179024615324,0,0,False,800,15,18,4,7,1.6e-05,0.305311119706,47.9897672212,0.146518095647,0.305246032599,47.9914365231,68.0442352295,0.0989958187772,-0.51242349218,67.865845151,-0.51242349218,-0.0164058429339,1.35764501988,-83.3557320496,-83.3377690167,-11037.331843,0,-11040,0,0,0,0.00265254122778,0.170572564006,59.7465248108,0.498939387309,0.75,True,True,True,True,True,True,True,47.9897672212,0.00661039561965,0.0629598308017,0.0180896015101,0.0300495823997,0.0060274038032,0.025440658206,0.00516681342825,0.0727855217185,0.0014150064215,0.0603199756751,0.00221319301014,0.0426943193713,3.79573744504e-05,0.0384573087447,0.00123927890265,0.0289385738511,0.000442137600994,0.0262236910154,0.000852958654687,0.0197496816208,0.000385740916708,0.0196298741857,0.000683075079697,0.0147810477454,0.000410973349245,0.014890290886,0.000548721909061,0.0111320330988,0.000366009661132,0.011823396654,0.000485825013904,0.00908419421386,0.000441984411492,0.00875086207932,0.000399982875028,0.00742354679769,0.000357477777938,0.00716958988811,0.000344178586579,46875,46875,46874,90,4d2a75a406ee959a339018b74f372dd56510907da12ec97913714d74e487385d,1018393
variation_R012_initial,variation,initial,R012,0,-67.8822509939,230,386.970281955,60.4080929107,0.00107401637968,0.000230245170713,0.0762624793722,0.0932432957106,2.49128818715e-07,8622.65345588,-0.0218020158339,1.00298310359,12,0.00166249778575,0.00130692786658,1,0,False,800,15,0,8,7,1.6e-05,0.912087487502,48.0220427098,0.438003042799,0.912506339165,48.0246689028,68.3599777222,0.0589004752636,0.0396293288858,-67.9134125307,0.0396293288858,-0.0311615368153,1.35764501988,6.47103583738,6.44509845347,11045.0679428,0,11040,0,0,0,0.00353197787752,-0.723261713982,60.4080886841,0.501688899993,0.75,True,True,False,True,True,True,False,48.0220427098,0.00762831728972,0.337589299125,0.013750116689,0.186887760628,0.00491278784905,0.132874706391,0.00295278706526,0.0939677751474,0.00126030651901,0.0745609820446,0.00103539842037,0.0562653434639,0.000639115307098,0.0475682501305,0.000446966130996,0.0374071548742,0.000296304742524,0.0327599126626,0.00039940926597,0.026282497142,0.000231652659083,0.0233653124107,0.000408856270631,0.0193583342533,0.000242307674355,0.0173101387711,0.0004460101089,0.0149580118283,0.000180738440349,0.013290880512,0.000394601790645,0.0120599726848,0.000115796178627,0.0103518889951,0.000261672093561,0.00956362204952,7.19437302374e-05,0.00818977469141,0.000294162611414,46875,46875,46873,91,fa667dc889316cb1fcc6377bc10de1365fa5f8ba155962553be650272518dd53,944275
variation_R012_selected,variation,selected,R012,0,-67.8822509939,230,386.970281955,60.4080929107,0.00107401637968,0.000230245170713,0.0762624793722,0.0932432957106,2.49128818715e-07,8622.65345588,-0.0218020158339,1.00298310359,12,0.00166249778575,0.00130692786658,1,0,False,800,15,18,4,7,1.6e-05,0.42294287264,48.0224827572,0.203107668086,0.423140975179,48.0235410142,68.0594329834,0.0587196405095,0.0405630932747,-67.9140343004,0.0405630932747,-0.0317833065154,1.35764501988,6.59070591133,6.59696081371,11045.1690641,0,11040,0,0,0,0.00388287923154,-0.723261713982,60.4080886841,0.501688899993,0.75,True,True,False,True,True,True,False,48.0224827572,0.00746419017603,0.0814829978658,0.0138041011569,0.0489803056229,0.00508730538195,0.0436219378689,0.00343216219171,0.106665403773,0.00165447738181,0.0823390610833,0.000868070819339,0.0608659780694,0.000533624976264,0.0506175163698,0.000400969424303,0.0392785778431,0.000364087029334,0.034258955646,0.000163594036937,0.026989359876,0.000293470353169,0.024335605679,7.3455794241e-05,0.0199791069495,0.000239703889461,0.0180346307771,0.000242310334614,0.0151919987033,0.000178749564945,0.013572285644,0.000169556165256,0.012060165749,0.000196795438108,0.0105634118964,0.000175958164473,0.00964031409352,0.000112066400378,0.00850623931815,0.000164372322374,46875,46875,46873,91,887ced44720a12bd7dc43810745c55689a95993d246ec6e199b44c8aa6bd511e,1008609
variation_R013_initial,variation,initial,R013,5.65685424949,0,230,380.01221002,59.6795399522,0.000904639170489,0.000166442936073,0.0863956531358,0.150422123344,1.10470447928e-07,9876.05274157,-0.0383298304039,1.0016596875,12,0.0090318075993,2.28937873599e-06,0,0,False,800,15,0,8,7,1.6e-05,4.42934012948,3.97728389872,0.176167431789,0.367015482894,3.99367446546,6.09670305252,0.083634959449,5.62453597889,0.0465772921496,-0.0323182706004,0.0465772921496,0.3,915.026858365,914.743932292,-7.57507739951,920,-0,0,0,0,0.00131841323268,0.261586338282,59.6795387268,0.498657579934,0.75,True,True,True,True,True,True,True,3.97728389872,0.00286492093928,0.13716505564,0.0223325241142,0.076304506932,0.0102224674162,0.0520930361159,0.00750480350438,0.0366348424816,0.00487303691754,0.0271970060426,0.00432218582461,0.0198872319304,0.00286988095724,0.0142090177222,0.00259166928172,0.0115090684455,0.00174952555085,0.00819132821368,0.00142017975184,0.00604987558601,0.00114613391495,0.00423135161127,0.000719041233838,0.0030738922599,0.000751947111864,0.00141422124899,0.000478205379537,0.00144438726199,0.000785021968081,0.000555538489322,0.000719971776521,0.000114021886791,0.000797835161561,0.000359359643154,0.000914044184802,0.000400006618683,0.000842946220964,0.000453298313965,0.000937230832198,46875,46875,46874,90,590ede00573db270e2fc08e935c2e6beee73ba8585b02c12adfbfdd1e6868cec,948865
variation_R013_selected,variation,selected,R013,5.65685424949,0,230,380.01221002,59.6795399522,0.000904639170489,0.000166442936073,0.0863956531358,0.150422123344,1.10470447928e-07,9876.05274157,-0.0383298304039,1.0016596875,12,0.0090318075993,2.28937873599e-06,0,0,False,800,15,18,4,7,1.6e-05,2.00888099108,3.97717809881,0.0798967748085,0.166451614184,3.99054156089,5.98608016968,0.0863623530777,5.62438975503,0.0461643024119,-0.0324644944621,0.0461643024119,0.3,914.775856065,914.720151238,-7.50791099536,920,-0,0,0,0,0.00187229115153,0.261586338282,59.6795387268,0.498657579934,0.75,True,True,True,True,True,True,True,3.97717809881,0.00241755443056,0.0288315560411,0.0199598507241,0.0161575131726,0.010405694516,0.0141187207384,0.00619461422637,0.0438256831663,0.00522091271754,0.0324953029876,0.00316986288342,0.0243957083605,0.00322183174477,0.0175348501137,0.00205482109092,0.0156312443858,0.00204554084686,0.0119032808992,0.0016572819072,0.00937712384716,0.00137711609696,0.00683713141211,0.00113251252717,0.0058568287335,0.000828482789006,0.0039900410182,0.00110466393213,0.00351777403734,0.000578090404329,0.00252420355391,0.00083507639638,0.00155762447907,0.000486696603622,0.00132113588733,0.000671983945459,0.000886619447237,0.000560278761244,0.000798775118187,0.000677695842452,46875,46875,46874,90,584b4fa52090a4216d9cd6769f3072466bd36372ca4b6d92b99790f862581855,1015050
variation_R014_initial,variation,initial,R014,0,5.65685424949,230,382.466748725,59.5623853229,0.00109703002558,0.000142557942703,0.0886808302946,0.116190920812,1.80012697789e-07,10607.9739841,0.0215930764131,0.998728013726,12,0.000140889377099,0.000462515386017,1,0,False,800,15,0,8,7,1.6e-05,6.81944540048,3.9907640717,0.272147976931,0.56697495194,4.00933366046,6.09346580505,0.0315362761216,-0.059869584076,5.64347511599,-0.059869584076,-0.0133791335008,0.3,-9.73365581523,-9.73686344399,-917.824090514,0,-920,0,0,0,0.00122664480468,0.421469122171,59.5623855591,0.498163208732,0.75,False,True,True,True,True,True,False,3.9907640717,0.00197962379046,0.228509139825,0.0174847097345,0.117552073155,0.00495171996228,0.0702134442257,0.00439411363981,0.0362736499587,0.00146922739278,0.0216938170936,0.0015331109501,0.00538305666049,0.000882083581822,0.0016046999552,0.000296819472785,0.0081542877237,0.000789318159173,0.00851862709785,0.000593906565329,0.0126511914139,0.000829479560799,0.0106694989134,0.000839636593122,0.0125654255749,0.000846614077461,0.00986679279871,0.000884194822846,0.0100656287332,0.000734112054806,0.00750469458291,0.000739045515448,0.00694003719402,0.000604863302072,0.004817050919,0.000504669315654,0.00390241585313,0.000331364985713,0.00217495775574,0.00021609820299,46875,46875,46873,89,d53e750e4236ecbbf13b3550874e161944b937f04bc761abd98151be29cdcaff,942952
variation_R014_selected,variation,selected,R014,0,5.65685424949,230,382.466748725,59.5623853229,0.00109703002558,0.000142557942703,0.0886808302946,0.116190920812,1.80012697789e-07,10607.9739841,0.0215930764131,0.998728013726,12,0.000140889377099,0.000462515386017,1,0,False,800,15,18,4,7,1.6e-05,2.59087313509,3.99025921474,0.103382554015,0.215380320865,4.00094610879,5.95747947693,0.0322591980813,-0.059511927983,5.64276488364,-0.059511927983,-0.0140893658564,0.3,-9.678352079,-9.6786962028,-917.708582188,0,-920,0,0,0,0.00255434149708,0.421469122171,59.5623855591,0.498163208732,0.75,True,True,True,True,True,True,True,3.99025921474,0.00137062186165,0.0563542563383,0.0169759568624,0.0327401957253,0.00583611301537,0.0239208625781,0.00536199932856,0.0553939346342,0.00194384335887,0.0374013896982,0.00177092256302,0.0188006094988,0.00105991689257,0.0127263445185,0.000657877452222,0.00334417723968,0.000532089524021,0.00109030914132,0.000272345772548,0.00487404104324,0.000352548404727,0.00496805082321,0.000617610575502,0.00818301288915,0.000362146927463,0.0073657761847,0.000706636587919,0.008746277455,0.000408510489917,0.0078316667132,0.00076166740725,0.00838535273971,0.000451503660761,0.00714845901068,0.000699954787229,0.00682310331867,0.000471154555224,0.0057120967015,0.000539495129082,46875,46875,46873,89,e8de8a983b4fc593574ad31e6cb6e8ededac40dc49eaa97d577f2150ecea976e,1007746
variation_R015_initial,variation,initial,R015,0,-5.65685424949,230,403.334868184,60.0413952557,0.00103751275712,0.000107674748036,0.0916756609016,0.0968789239677,1.25243482189e-07,9704.69525071,-0.0193211453013,0.996121019244,12,0.00731916886907,0.00437528778442,0,0,False,800,15,0,8,7,1.6e-05,4.83813099749,4.01709394136,0.194352267175,0.404900556615,4.03496225658,6.1791267395,0.0695503424674,0.0161466130144,-5.68100578721,0.0161466130144,-0.024151537713,0.3,2.6368912271,2.62599729781,923.927874701,0,920,0,0,0,0.000572580525149,-0.228860408068,60.0413970947,0.500172361316,0.75,True,True,True,True,True,True,True,4.01709394136,0.00319062050843,0.163405021508,0.0204042050034,0.0802916491872,0.00258104200286,0.0500470275623,0.00594092913306,0.027594774974,0.00110187493384,0.0142249382131,0.0019302804727,0.00464702112853,0.000690492463934,0.00147236888903,0.000487772708527,0.00606528330173,0.00145528567994,0.00815296624646,0.00184900649846,0.00963584201907,0.00210350234262,0.00957130232723,0.00248382465558,0.00946584449732,0.00235553894748,0.00875050608852,0.00250864101899,0.00775881426987,0.00211343413554,0.00654068657448,0.00207546634862,0.00550124367538,0.00158009409419,0.00417623948697,0.00137299479941,0.00288187582681,0.000808372566555,0.00183639370441,0.000638242957616,46875,46875,46874,90,28333b1785159042badf63a5c9786be3175bf3c78f092bbb5e8f6e2038406d91,928894
variation_R015_selected,variation,selected,R015,0,-5.65685424949,230,403.334868184,60.0413952557,0.00103751275712,0.000107674748036,0.0916756609016,0.0968789239677,1.25243482189e-07,9704.69525071,-0.0193211453013,0.996121019244,12,0.00731916886907,0.00437528778442,0,0,False,800,15,18,4,7,1.6e-05,1.7943401616,4.01721280693,0.0720824627716,0.150171797441,4.03105571735,6.09950447083,0.0710169942242,0.0161698871752,-5.681173823,0.0161698871752,-0.024319573507,0.3,2.62089475304,2.6297824807,923.955203129,0,920,0,0,0,0.00235082370856,-0.228860408068,60.0413970947,0.500172361316,0.75,True,True,True,True,True,True,True,4.01721280693,0.00213228869246,0.0393877699435,0.0191878029918,0.02026817061,0.00335054390437,0.0145833631095,0.00656108057261,0.0379786353996,0.00159829873433,0.0232336336818,0.00211539625155,0.0126685981215,0.00100074030901,0.00551563694704,0.000532293846474,0.00103250031374,7.20496108408e-05,0.00248875419667,0.000928940192047,0.0051980916605,0.000895180021207,0.00623169700384,0.00140167789877,0.00694445744015,0.00137472185936,0.00706748545291,0.0018567330857,0.00734100890641,0.00156787006928,0.00684970505834,0.00189945512184,0.00633771365396,0.00158331944849,0.00560035493486,0.00171755979924,0.00524054700069,0.00135431489383,0.00412696089085,0.00146926374972,46875,46875,46874,90,a3aff01c149adce44c96605d121161e616a30dba090a542339579b2e679d5a8b,992142
variation_R016_initial,variation,initial,R016,11.313708499,11.313708499,230,395.221560942,60.207890035,0.000972039582783,0.000111318211354,0.0737891851785,0.0529175877068,2.87810250728e-07,9411.0258341,0.0463084552713,1.00052973166,12,0.00365981113291,0.00285404267671,1,0,False,800,15,0,8,7,1.6e-05,4.27373584183,11.3232831762,0.483927211575,1.00818169078,11.3384434989,17.0304450989,0.0143893844792,11.2918450977,11.3546342111,-0.021863401332,0.0409257121514,0.32,1836.30390031,1836.44425535,-1846.65593518,1840,-1840,0,0,0,0.00183806275721,-0.453689157963,60.2078895569,0.500863217574,0.75,True,True,True,True,True,True,True,11.3232831762,0.00244329529624,0.387374878607,0.0137397340483,0.217008253977,0.00650218006918,0.143379328391,0.0047738309165,0.0891456131,0.00180647452132,0.0584941644341,0.000517151236492,0.048240423838,0.00147706854504,0.0314345577045,0.00088750288761,0.0136087363383,0.000115647630562,0.00353546499338,0.000316049303011,0.00474401328478,0.000425185846163,0.00275769409057,0.000622849797126,0.011663115551,0.000668471875246,0.0143823113301,0.000379317756685,0.010234861201,0.000572678289401,0.0100829250243,0.00107480377088,0.0159749212446,0.00105624169375,0.0161257119796,0.000622850057688,0.0117381619678,0.000768708519337,0.00946191260576,0.00119830886848,46875,46875,46873,90,5088dd35874dcfd6a936a7cad4003abed2a57299b06b7c52ad7d04e6f595485b,928407
variation_R016_selected,variation,selected,R016,11.313708499,11.313708499,230,395.221560942,60.207890035,0.000972039582783,0.000111318211354,0.0737891851785,0.0529175877068,2.87810250728e-07,9411.0258341,0.0463084552713,1.00052973166,12,0.00365981113291,0.00285404267671,1,0,False,800,15,18,4,7,1.6e-05,1.72889258392,11.3234507067,0.195770299513,0.407854790651,11.3299721704,16.6977024078,0.01511245729,11.292044464,11.354770083,-0.0216640350077,0.041061584058,0.32,1836.42298135,1836.47667921,-1846.67803264,1840,-1840,0,0,0,0.0011958444363,-0.453689157963,60.2078895569,0.500863217574,0.75,True,True,True,True,True,True,True,11.3234507067,0.00253543272988,0.0956980482711,0.0141080323258,0.0551059882369,0.00698101431472,0.0383971412601,0.00546034396297,0.108512990366,0.00168478734782,0.073585755545,0.000947468818397,0.0609982739469,0.0018505230471,0.0441899717525,0.00109010957355,0.0246296023074,0.000207619342168,0.012197607905,0.000792163928265,0.0114451955551,0.000767774082367,0.00868567771678,0.000464410749629,0.00487653496136,0.000437701647361,0.00712095433777,0.000355952777144,0.00560092444384,0.000403799622142,0.00397221813998,0.000768373718404,0.0106151820064,0.000814265690685,0.0126117411422,0.000382750286813,0.00960630937924,0.000473845109293,0.00699961090197,0.000989241361369,46875,46875,46873,90,0eb191f6885ef2baeb243b6cc232ce112267998fae2dd1b3764bd81f935ee6f6,994437
variation_R017_initial,variation,initial,R017,11.313708499,-11.313708499,230,390.234424988,60.2197601387,0.00104759533208,0.000151450381856,0.0843272258874,0.148930386315,2.98416364141e-07,11836.6157497,-0.0276976969914,1.00466786437,12,0.00416064490537,0.00191895468516,0,0,False,800,15,0,8,7,1.6e-05,4.32401631366,11.2775479412,0.487643012759,1.01592294325,11.2919109852,16.9413528442,0.078047486126,11.2837450174,-11.2713474578,-0.0299634816025,0.0423610411373,0.32,1834.90466462,1835.12690236,1833.11063073,1840,1840,0,0,0,0.00281586088637,-0.469681531191,60.2197608948,0.500912325697,0.75,True,True,True,True,True,True,True,11.2775479412,0.00733959440024,0.391514456405,0.0121269818936,0.221714414848,0.00795396745418,0.139581848121,0.00841288729114,0.0902156699132,0.0056633236757,0.0598645893717,0.00267880800761,0.0439448587527,0.00299655030074,0.0298421160896,0.00231810101415,0.0183201351898,0.00160472080395,0.00770514157515,0.000776282833836,0.00535815305192,0.000592431133833,0.00288679776449,0.000480123285016,0.00346988455469,0.000750517023136,0.00676945587154,0.00111113097859,0.00758683201572,0.00115478181225,0.00660128417102,0.00169247803161,0.00847141189749,0.00205661647685,0.0100963849682,0.00203734709787,0.0095844506882,0.00186350093986,0.00751410217134,0.0020424978181,46875,46875,46874,90,60e45170eeaf10503fda0df082af01a4a3427acb675f1982157db6e6be69d9ad,928882
variation_R017_selected,variation,selected,R017,11.313708499,-11.313708499,230,390.234424988,60.2197601387,0.00104759533208,0.000151450381856,0.0843272258874,0.148930386315,2.98416364141e-07,11836.6157497,-0.0276976969914,1.00466786437,12,0.00416064490537,0.00191895468516,0,0,False,800,15,18,4,7,1.6e-05,1.72106237124,11.2771914232,0.194087498117,0.404348954411,11.2826988451,16.5914573669,0.0796496946179,11.2833588399,-11.2710206318,-0.0303496591215,0.0426878672076,0.32,1835.02088397,1835.06409655,1833.05747751,1840,1840,0,0,0,0.00239302454477,-0.469681531191,60.2197608948,0.500912325697,0.75,True,True,True,True,True,True,True,11.2771914232,0.00638558569499,0.0951021845169,0.0127713235378,0.0610965692297,0.00731027352154,0.0400873592135,0.00894312146865,0.107313261946,0.00587028437822,0.0728122162796,0.00293152829948,0.0559520786189,0.00318380543163,0.0396252150769,0.00278862931417,0.0265536607147,0.00204758878085,0.0152716056319,0.00147045775439,0.0133147182944,0.00136103426377,0.0101421333232,0.000579037121836,0.00403074725993,0.000208914261885,0.000705914721508,6.18901607993e-05,0.00223341487521,0.00017143814086,0.00139094399524,0.00081914814338,0.00424579999102,0.000923706272129,0.00634391508123,0.00104121181317,0.00579243941861,0.000828976199915,0.00458832118693,0.00141553532196,46875,46875,46874,90,738a5c62d4b77c28fa15d88e5b4257c794aef5a86a494f180003bac0ec4773f7,990284
variation_R018_initial,variation,initial,R018,22.627416998,22.627416998,230,416.430211347,60.4969016045,0.00101105960818,7.97705661192e-05,0.0787756967693,0.109077008306,1.42671261446e-07,10459.2477067,0.0437143706738,1.00363783838,12,0.0120340351259,0.00683066462755,1,0,False,800,15,0,8,7,1.6e-05,1.14702444864,22.6362562197,0.259643393097,0.540923735619,22.6405696047,32.9412460327,0.0293002590025,22.6686696924,22.6037962666,0.0412526944713,-0.0236207313987,0.64,3686.45015361,3686.7091138,-3676.15845275,3680,-3680,0,0,0,0.00263199446204,-0.841881990433,60.4969024658,0.502053417577,0.75,True,True,True,True,True,True,True,22.6362562197,0.00756307945242,0.1993495652,0.0171982711168,0.106482180953,0.00648919920513,0.0815368464199,0.00447612955142,0.0588491019906,0.00220306635069,0.0438275502684,0.000772923141295,0.0368840074417,0.000927229749742,0.0300181622114,0.00105646425422,0.023282558662,0.00055678454515,0.0177799981018,0.000196426030553,0.0153501566737,0.000530244344777,0.0138599627097,0.00050888067119,0.0107271463083,0.000307683214795,0.00734430671317,0.00024627872252,0.00678648836079,0.000334574191012,0.00736080263651,0.000348419263067,0.00557460885435,0.000101089269048,0.00374930638679,0.000119875627828,0.00272731042558,0.000173129927882,0.00322903410334,0.000275345549469,46875,46875,46873,91,109d0bab1b930eccb48120ddc6c550154ed7bda22ac8166c063cb81b499df1d6,933736
variation_R018_selected,variation,selected,R018,22.627416998,22.627416998,230,416.430211347,60.4969016045,0.00101105960818,7.97705661192e-05,0.0787756967693,0.109077008306,1.42671261446e-07,10459.2477067,0.0437143706738,1.00363783838,12,0.0120340351259,0.00683066462755,1,0,False,800,15,18,4,7,1.6e-05,0.5743573266,22.6363570012,0.130013574912,0.2708616144,22.6395528806,32.7547340393,0.0288333991742,22.6688536543,22.603813629,0.0414366563089,-0.0236033690105,0.64,3686.59894244,3686.73903235,-3676.16127647,3680,-3680,0,0,0,0.00218682766108,-0.841881990433,60.4969024658,0.502053417577,0.75,True,True,True,True,True,True,True,22.6363570012,0.00731273448325,0.0595748474488,0.0171811329075,0.0323156610986,0.00701648883981,0.0264024034219,0.00572844786706,0.0658048553713,0.00255044111511,0.0482865990314,0.000659718788645,0.03990270882,0.00122195636098,0.0322960670137,0.0013666826503,0.0248713407325,0.00076217440326,0.0192238409405,0.000348276570037,0.0164291582199,0.00055163822341,0.0149868759324,0.000649340504208,0.011730724031,0.000481382774081,0.0082032862645,0.000286598415732,0.00713633883418,0.000411740534405,0.00777816148429,0.000423271624132,0.00594314322264,0.00012667540567,0.00410422796251,0.000205263514905,0.00299308453353,0.000256300465755,0.00352039226274,0.000317464309343,46875,46875,46873,91,3441c1581c726f9c85b33cc513a1d80a7f771cd24fefb501e6ddb47579c13349,997839
variation_R019_initial,variation,initial,R019,22.627416998,-22.627416998,230,414.81128823,59.6383113057,0.000936260442097,0.000116922135112,0.0824493489675,0.177976124813,2.16574048431e-07,11072.9875004,0.0277692004521,0.995085724099,12,0.00206377873605,0.00652711654312,0,0,False,800,15,0,8,7,1.6e-05,1.80897265036,22.666164308,0.410024713216,0.854218152534,22.6726984129,33.0762214661,0.0448710872977,22.8450126169,-22.4858935203,0.217595618949,0.141523477668,0.64,3715.49147336,3715.38856767,3656.98339153,3680,3680,0,0,0,0.00101933368803,0.317965567112,59.6383094788,0.498483824045,0.75,True,True,True,True,True,True,True,22.666164308,0.00377800239966,0.3169683828,0.017653549151,0.183907564574,0.00716857914563,0.120676531341,0.00602964980268,0.085613864589,0.00293277159194,0.0636793825209,0.000770051015389,0.052864497248,0.00123472168018,0.0419606612279,0.00167031604272,0.0319635245736,0.00142091980282,0.023929124572,0.00105489408662,0.0213304784215,0.00106883794369,0.018540685439,0.00085508461033,0.0135733326241,0.000741190924033,0.00946824665262,0.00077794289015,0.00904611387737,0.000686179030486,0.00814202675029,0.000717238088945,0.0058321187345,0.000126544653634,0.00369323672583,0.000564370655074,0.00354133562929,0.000626710478976,0.0039903564146,0.000391640996782,46875,46875,46874,89,0b05753fa2696a861af1c4551d102e5971b43505531fe0c3c5b82587c62d860d,937789
variation_R019_selected,variation,selected,R019,22.627416998,-22.627416998,230,414.81128823,59.6383113057,0.000936260442097,0.000116922135112,0.0824493489675,0.177976124813,2.16574048431e-07,11072.9875004,0.0277692004521,0.995085724099,12,0.00206377873605,0.00652711654312,0,0,False,800,15,18,4,7,1.6e-05,0.8124677469,22.6664079018,0.184157253583,0.383660944964,22.6699843318,32.8133850098,0.0458812863361,22.8451839815,-22.486210512,0.217766983574,0.141206485992,0.64,3715.43520687,3715.41643748,3657.03494533,3680,3680,0,0,0,0.000960486114876,0.317965567112,59.6383094788,0.498483824045,0.75,True,True,True,True,True,True,True,22.6664079018,0.00287535484972,0.0858961828904,0.018534881593,0.0482228850401,0.00792063437175,0.0331299012267,0.00607186229965,0.0951453652685,0.00308348014756,0.0698401711333,0.000960377000445,0.0572917978816,0.00139836166166,0.0446386516133,0.00121018057612,0.0344744805818,0.000961686276617,0.026036634709,0.000836249033705,0.0231032506517,0.000742957635914,0.020054912095,0.000838178379505,0.0147428903284,0.000420639684591,0.01076777412,0.000524141368493,0.0106157845762,0.00056411644991,0.00903947065445,0.000468561632188,0.00669295348869,0.000276261562804,0.00458688913898,0.000234777430265,0.00451656472265,0.000467054182264,0.00465281430997,0.000168570259331,46875,46875,46874,89,5a5c96db0f80a7d293667b502c20c1a66bf00d6fd12e2d5f896a880e08ed275e,1002361
variation_R020_initial,variation,initial,R020,45.2548339959,0,230,412.070787757,59.8179843692,0.000932033354693,5.62878413049e-05,0.0714296361375,0.135077109639,2.56408735318e-07,9267.82528047,0.00324325954613,0.997030565276,12,0.00542159962117,0.00601327270449,1,0,False,800,15,0,8,7,1.6e-05,1.52495050156,32.0406995608,0.488604808656,1.0179266847,32.0467140039,46.1217079163,0.0636744605632,45.3112566438,0.320746085378,0.0564226478952,0.320746085378,0.905096679919,7369.32998401,7369.1762725,-52.1643983622,7360,-0,0,0,0,0.00179312159071,0.0736988335848,59.81798172,0.499239293865,0.75,True,True,True,True,True,True,True,32.0406995608,0.00317566217437,0.358496038995,0.0185026837608,0.221006684665,0.0070373007041,0.148633947453,0.00406686539395,0.112605725975,0.00226707701115,0.089089333792,0.00136162017689,0.0709585623599,0.000936193691654,0.0595257707921,0.000462999632243,0.0504911044414,0.000302239433343,0.0424972497697,8.41608051698e-05,0.0368178631522,7.77307228229e-05,0.0315056918978,0.000168497858418,0.0274779470919,0.000154774709156,0.0240320849142,7.08808614838e-05,0.0211365704199,0.000145323113675,0.0188881951982,0.000192385183636,0.0169371949973,0.000123751838649,0.0149454144369,0.000151796259208,0.0129984300329,0.000223868848219,0.0117511743926,0.000219354806278,46875,46875,46873,90,6cd6a3db24ba94c56a64ee6a23790aaa2636db61a9d3c2fbd1ef823c401d0ebb,969902
variation_R020_selected,variation,selected,R020,45.2548339959,0,230,412.070787757,59.8179843692,0.000932033354693,5.62878413049e-05,0.0714296361375,0.135077109639,2.56408735318e-07,9267.82528047,0.00324325954613,0.997030565276,12,0.00542159962117,0.00601327270449,1,0,False,800,15,18,4,7,1.6e-05,0.736038784139,32.04112375,0.235835097674,0.491323120154,32.0442817103,45.7918510437,0.0624431016048,45.3118512119,0.321499721308,0.0570172159828,0.321499721308,0.905096679919,7369.29640447,7369.27296982,-52.2869656099,7360,-0,0,0,0,0.00208168090695,0.0736988335848,59.81798172,0.499239293865,0.75,True,True,True,True,True,True,True,32.04112375,0.00335227241987,0.0770794548314,0.0191746682537,0.051015461412,0.0081353417667,0.0365201884286,0.0059250390723,0.1238749738,0.00334041201649,0.0974348671215,0.00263451836326,0.0761375723626,0.00190277281795,0.0636702297212,0.00141151982987,0.0533797988777,0.000997779826757,0.0451865844731,0.000954190588503,0.0383642651208,0.000515517320293,0.0328767295094,0.000822105138495,0.0284271197188,0.000336254718191,0.0247293543877,0.000324088906277,0.0216496281567,0.000331934431567,0.0192546278537,0.000309432200507,0.0171460270059,0.000194252384802,0.0151707742976,0.000266633383372,0.0132310163157,0.000210973936345,0.0118995929191,0.00033460668919,46875,46875,46873,90,f164334806e3c1e73c474201b938f1aa8cce8d24f32f86f1b6ebc992c4f1b326,1033208
variation_R021_initial,variation,initial,R021,0,45.2548339959,230,399.967432429,60.3424214909,0.000996484322063,0.00013340249539,0.0648998384502,0.0869060691523,1.90795402665e-07,10858.0639528,0.0196691701769,0.998898882905,12,0.0135320223692,0.0037438935805,0,0,False,800,15,0,8,7,1.6e-05,1.13992673113,32.1276998382,0.366232238552,0.762983830316,32.1315241098,45.8415336609,0.0497907243967,-0.00698773142485,45.4354283017,-0.00698773142485,0.180594305718,0.905096679919,-1.314357843,-1.13644662339,-7389.37087539,0,-7360,0,0,0,0.00361831876406,-0.634452819824,60.3424224854,0.501418659885,0.75,True,True,True,True,True,True,True,32.1276998382,0.00699357410244,0.288025718139,0.0180177579503,0.152847272519,0.00497423537965,0.107668744228,0.0038343676846,0.0734186191516,0.000898779369273,0.0619002163479,0.00185481998235,0.0428000611397,3.97015902874e-05,0.039298214593,0.000719593938123,0.0285215080892,0.000454984127007,0.0266475692997,0.000612832869145,0.0189863124765,0.000331211232929,0.0199897793093,0.00033990251239,0.0138762834372,0.00052864277046,0.0152398383966,0.00043135422965,0.0100078286344,0.000331359078302,0.0120647040016,0.000234135135895,0.00813839851117,0.000509773629815,0.00887329861549,0.000205072501925,0.00632044902656,0.000342830280554,0.00744986560383,0.000264201991038,46875,46875,46874,91,00da904e9018218d7cc44b296ff0f89f053df41a45eb9f8ee41b61d6ecb96466,948513
variation_R021_selected,variation,selected,R021,0,45.2548339959,230,399.967432429,60.3424214909,0.000996484322063,0.00013340249539,0.0648998384502,0.0869060691523,1.90795402665e-07,10858.0639528,0.0196691701769,0.998898882905,12,0.0135320223692,0.0037438935805,0,0,False,800,15,18,4,7,1.6e-05,0.510846615439,32.1276895085,0.164123214473,0.341923363486,32.1298488548,45.5796966553,0.0497872308569,-0.00684960873786,45.4354137144,-0.00684960873786,0.180579718441,0.905096679919,-1.12133356043,-1.11398310101,-7389.36850299,0,-7360,0,0,0,0.00209174993481,-0.634452819824,60.3424224854,0.501418659885,0.75,True,True,True,True,True,True,True,32.1276895085,0.00679567321472,0.0736038189561,0.0176526653282,0.0394090619702,0.00566477819477,0.0312139963458,0.00489961659658,0.0818523562016,0.00143128220098,0.0674077130289,0.00202131130003,0.0460980114294,0.000246787470273,0.0417823413417,0.000931864637135,0.0300539229421,0.000373699306729,0.0278730941266,0.000600388690861,0.0198400547494,0.000265176211843,0.0205872148901,0.000485393644885,0.0144102025649,0.000483460968647,0.0155078623532,0.000371206773976,0.0104428154324,0.000229384482329,0.0122328365416,0.000290236353068,0.00845688572955,0.000439791674518,0.00893465163481,0.000173585397838,0.00655180244849,0.000157560317158,0.00747178152842,0.000221471723615,46875,46875,46874,91,dc0401cb5f201322dddc0b9d975e9bd158e5e5cd9678e2e55713b3f8cca479b0,1011879
variation_R022_initial,variation,initial,R022,67.8822509939,0,230,393.45183462,59.9355810264,0.000964083439758,0.000195696421146,0.0697942009223,0.164401753988,2.77235159023e-07,8338.7126936,-0.0074555079441,1.00223797502,12,0.00102192924059,0.00252221899117,1,0,False,800,15,0,8,7,1.6e-05,1.02936916665,47.8634068191,0.492691151904,1.0264398998,47.8668538392,68.3231964111,0.0520513579389,67.6876805445,0.43511742366,-0.194570449401,0.43511742366,1.35764501988,11008.3189523,11008.3561206,-70.7651306029,11040,-0,0,0,0,0.0050724172134,-0.0856994315982,59.9355812073,0.49973129912,0.75,True,True,True,True,True,True,True,47.8634068191,0.00193731002614,0.371706733364,0.0143265055445,0.218567764988,0.00576796844686,0.149091269115,0.00300111593372,0.109829670914,0.00187454967528,0.0854379035023,0.00113948999528,0.0677161212129,0.000794210595092,0.0553483753582,0.000525205385811,0.0453504857663,0.000343931541627,0.0373464427679,0.000321449836264,0.0315649100017,0.000493403306795,0.0267845722635,0.00039322931202,0.023315107335,0.000389328411827,0.0209659408911,0.000350401683723,0.0177212341123,0.000480576038861,0.0155096700644,0.000347048769621,0.014416903273,0.000425813048993,0.0127763720975,0.000359898944028,0.0113623540541,0.000417677744135,0.0102736437475,0.000307993509034,46875,46875,46873,90,1797024f8d7adf82d77a5bd57180c8329d743e913782e3ae4e72cfb23602c33c,949456
variation_R022_selected,variation,selected,R022,67.8822509939,0,230,393.45183462,59.9355810264,0.000964083439758,0.000195696421146,0.0697942009223,0.164401753988,2.77235159023e-07,8338.7126936,-0.0074555079441,1.00223797502,12,0.00102192924059,0.00252221899117,1,0,False,800,15,18,4,7,1.6e-05,0.474470544954,47.8634078239,0.227097771936,0.473120358199,47.8648610128,67.9823150635,0.0524552464304,67.6876831687,0.434930210295,-0.194567825228,0.434930210295,1.35764501988,11008.3485045,11008.3565474,-70.7346832398,11040,-0,0,0,0,0.00394374185592,-0.0856994315982,59.9355812073,0.49973129912,0.75,True,True,True,True,True,True,True,47.8634078239,0.00208001076571,0.0827611752572,0.0140732770104,0.0502228181438,0.00607633515979,0.0370447845035,0.00383186831353,0.122897876107,0.00218434684466,0.0938228597177,0.00119145997614,0.0729877997604,0.000972836342386,0.0588331272632,0.000352832818092,0.0477607999933,0.00050728250255,0.0389216134522,0.000381047639681,0.0326848746679,0.000624207001014,0.0276339043929,0.000427940770789,0.0239077619961,0.000517798056215,0.0214035315607,0.000317312028866,0.0180630441239,0.000518663421545,0.0158769734087,0.000476436166888,0.0147063445902,0.000596614220134,0.0131128679669,0.000429587396547,0.0116057904618,0.000489329451778,0.010547984309,0.000391247673365,46875,46875,46873,90,d1ca35085b2ddf3028478c5f1ff3e23022f54c0eb9bc5214882f84af39818688,1013794
variation_R023_initial,variation,initial,R023,0,67.8822509939,230,409.392790934,60.2927213101,0.00106565797689,0.000222565122821,0.0809186423646,0.198534956733,1.36676299408e-07,8860.60794843,0.0295448560562,1.00036991895,12,0.0140463978261,0.00551114830019,0,0,False,800,15,0,8,7,1.6e-05,0.55935075154,48.1011548025,0.269054170887,0.560529522681,48.1028663807,68.3726882935,0.0233555774977,-0.127967691899,68.0251851224,-0.127967691899,0.142934128486,1.35764501988,-20.980542335,-20.8119692244,-11063.246029,0,-11040,0,0,0,0.00280387363488,-0.567578196526,60.2927207947,0.501213750614,0.75,True,True,False,True,True,True,False,48.1011548025,0.0087632387109,0.216474616276,0.0116570439835,0.110501290569,0.00371357389624,0.0742088256698,0.00236337057929,0.0515918967779,0.00090184570503,0.0423964296001,0.000728572721487,0.0304645301288,0.000217823910061,0.0257466975406,0.000341886518069,0.0205400998638,3.06749376215e-05,0.0177592239855,0.000174388810548,0.014215139561,3.87856313573e-05,0.0124976828907,0.000159371380606,0.0105449649625,4.67302984234e-05,0.009341764795,8.88814508185e-05,0.00824979142903,0.000103341387146,0.00682758187999,0.000151667910262,0.00665302188061,5.28682481754e-05,0.00522798454711,0.000186645342537,0.00547845229254,4.73163196724e-05,0.00415049539924,0.00010652697626,46875,46875,46874,90,3ae555515f349253e8ffe0b6a7e5fe3f92e936b2b1762483633b1ebf3d57e285,947312
variation_R023_selected,variation,selected,R023,0,67.8822509939,230,409.392790934,60.2927213101,0.00106565797689,0.000222565122821,0.0809186423646,0.198534956733,1.36676299408e-07,8860.60794843,0.0295448560562,1.00036991895,12,0.0140463978261,0.00551114830019,0,0,False,800,15,18,4,7,1.6e-05,0.247580852729,48.1011349894,0.119089200179,0.248102500374,48.102241815,68.184211731,0.0232024227448,-0.128094151556,68.0251568644,-0.128094151556,0.142905870515,1.35764501988,-20.8417766458,-20.832535935,-11063.2414333,0,-11040,0,0,0,0.00336565262024,-0.567578196526,60.2927207947,0.501213750614,0.75,True,True,False,True,True,True,False,48.1011349894,0.00833133297556,0.0617744327082,0.0116395406675,0.0268584603106,0.0041840800699,0.0217150443837,0.00304042271969,0.0580759954275,0.00105332610727,0.0460164905198,0.000916554387188,0.0327726453401,0.000317917741691,0.0272328811218,0.000441192944845,0.0216308149857,9.38616118271e-05,0.0183156855443,0.000181773833282,0.0148203408172,4.78857366988e-05,0.0127403330392,0.000223887151443,0.0109155012623,1.52140932616e-05,0.00942161686614,0.000159612618822,0.00853533446749,8.63547368779e-05,0.00681236288356,0.000103676596863,0.00679658157612,1.27493233231e-05,0.00517440562696,0.000176423607696,0.00560711251555,3.6710986511e-05,0.00403131302983,0.000126211574953,46875,46875,46874,90,c895c4a01ffa52c9db40ddb2cab3ca24b94e0cf2a9d4133c8ef92fd1121fbc40,1011375
variation_R024_initial,variation,initial,R024,0,-67.8822509939,230,384.273132469,59.5348468145,0.000981879602564,6.81734842479e-05,0.0683501005808,0.193672828208,2.64712251983e-07,9500.3285965,0.0411287187131,1.00101194856,12,0.00677287581241,0.000801212338024,1,0,False,800,15,0,8,7,1.6e-05,0.975957694587,47.767305567,0.466188694178,0.971226446205,47.7705061384,68.0461807251,0.0144148989133,0.684892708914,-67.5496993646,0.684892708914,0.332551629333,1.35764501988,111.412555067,111.387224137,10985.9156122,0,11040,0,0,0,0.00421287233885,0.45865419507,59.5348472595,0.498046718811,0.75,True,True,True,True,True,True,True,47.767305567,0.0081459146342,0.35119740702,0.01785352227,0.19681003999,0.00726223204364,0.144248746249,0.00316734350214,0.104110904043,0.00253600243661,0.0849820035239,0.000999480678886,0.0665682592476,0.000984017780481,0.0566677574015,0.000258588779735,0.0459392802739,0.000602815778593,0.0391453265346,7.21935548395e-05,0.0348016701289,0.000376269100433,0.028509569894,0.000245009496541,0.026645148498,0.000231098296257,0.0215592396821,6.12701460572e-05,0.020521574,0.000407299555277,0.0164521177581,3.67359260487e-05,0.0172133332624,0.000214846639688,0.0131433517693,4.14688908644e-05,0.013468915588,0.000374936617233,0.0102798943729,0.0002027104598,46875,46875,46873,89,402daaf7d70554cf0f8848ff4f1037672cb4a59312266aa46742419915caa995,962781
variation_R024_selected,variation,selected,R024,0,-67.8822509939,230,384.273132469,59.5348468145,0.000981879602564,6.81734842479e-05,0.0683501005808,0.193672828208,2.64712251983e-07,9500.3285965,0.0411287187131,1.00101194856,12,0.00677287581241,0.000801212338024,1,0,False,800,15,18,4,7,1.6e-05,0.479409010969,47.7675382319,0.229001882602,0.477087255421,47.7690132974,67.7252578735,0.0143685106151,0.684901846724,-67.5500283267,0.684901846724,0.332222667226,1.35764501988,111.401466531,111.388710261,10985.9691128,0,11040,0,0,0,0.0020314055489,0.45865419507,59.5348472595,0.498046718811,0.75,True,True,True,True,True,True,True,47.7675382319,0.00784305232765,0.0866474961168,0.018116753691,0.0527348530902,0.00753386383726,0.0438888042338,0.00421387726667,0.115014712418,0.00258667363174,0.0931820090502,0.00111621558183,0.0716018159133,0.000964535082867,0.0606023545666,0.000404982092556,0.0485454265933,0.000485888790905,0.0413311264679,0.000228933344816,0.0363059761775,0.000160375781835,0.0297744727285,0.000374334996148,0.027623961626,0.00024217261424,0.0221365321957,0.000135135054599,0.0211582209717,0.000254568370403,0.016833204999,0.000149954812048,0.0176636858173,0.000185480711952,0.0133272623198,0.000143984076739,0.0139115152526,0.0002056799374,0.0102615849327,1.14066514432e-05,46875,46875,46873,89,be35cd58cb02391512ebe722c84b1b8e08bfe77f8c8abef495d16a7dcd16c530,1027251
structure_L01_initial,structure,initial,L01,5.65685424949,0,230,400,60,0.001,0.0001,0.08,0.1,2e-07,10000,0,1,12,0,0,0,0,True,800,15,0,8,7,1.6e-05,7.80857129483,3.9939996612,0.31187431106,0.649738148042,4.02003308551,6.33654308319,0.0575655915391,5.64831302548,0.0250310514133,-0.00854122401347,0.0250310514133,0.3,918.610901794,918.610901794,-4.07091402474,920,-0,0.00128,0,0,0.00172697662509,-0.172922834754,60,0.5,0.75,False,True,True,True,True,True,False,3.9939996612,0.00645395930324,0.258824838028,0.0198741737817,0.138032578129,0.00927069388588,0.082101866784,0.0052728106782,0.0508803176293,0.00315940349206,0.030630184456,0.00175613246747,0.0159258004232,0.000792757474363,0.00754898755002,0.000874272980597,0.0037344425597,0.00100586611892,0.00204916073353,0.00097946371889,0.00248014590906,0.00129560128571,0.00369877827248,0.000897092728413,0.00323011753895,0.00115541243285,0.00229215511459,0.000541544048544,0.00120175771785,0.000716472398735,0.000861542452144,0.000432298215087,0.000827694813476,0.000343060329557,0.0013217440714,0.000603986647182,0.00256179610869,0.000347915606004,0.00251190123844,0.000749044528423,46875,46875,46874,90,ee5d8fc336a883ea9d295ff19531745286e3877033ee4122dd0ea21a9a2ea833,875817
structure_L01_selected,structure,selected,L01,5.65685424949,0,230,400,60,0.001,0.0001,0.08,0.1,2e-07,10000,0,1,12,0,0,0,0,True,800,15,18,4,7,1.6e-05,3.16436704407,3.99388412342,0.12638115298,0.263294068708,4.00983211858,6.10047101974,0.0597994224548,5.64814835549,0.0253167346363,-0.00870589400472,0.0253167346363,0.3,918.584120762,918.584120762,-4.11737598994,920,-0,0.0016,0,0,0.00144384882359,-0.172922834754,60,0.5,0.75,True,True,True,True,True,True,True,3.99388412342,0.00481127523701,0.0555162046009,0.0184189826349,0.0334508909687,0.00864561971668,0.0225075490229,0.00600988901547,0.0754309991224,0.0029363554742,0.0509812989058,0.00252167258338,0.0354871313577,0.00132606401531,0.0247589861638,0.00154823728563,0.0189308424458,0.000666631056744,0.0112537685623,0.000722667578865,0.00872295158315,0.000688032189909,0.00466509492814,0.000413468172021,0.00253728329624,0.000844549087006,0.00192684263084,0.000177669187973,0.00152246229072,0.000839053188589,0.00164222843186,0.000328797070952,0.00188193468354,0.000582324002306,0.00167194997564,0.000458078004028,0.00131473182117,0.000367090140628,0.000889074846233,0.000403984846352,46875,46875,46874,90,cda210485e452fc58169a8b4706fe794b2f640ab18154602a7a00b979ab53cc2,935535
structure_L02_initial,structure,initial,L02,11.313708499,11.313708499,230,400,60,0.001,0.0001,0.08,0.1,2e-07,10000,0,1,12,0,0,0,0,True,800,15,0,8,7,1.6e-05,3.06989604607,11.3094065329,0.347187023987,0.723306299973,11.3197427912,16.9618415833,0.0550622826098,11.2551999958,11.3633544918,-0.0585085031658,0.0496459928003,0.32,1830.48449535,1830.48449535,-1848.07415418,1840,-1840,0.0121600003913,0,0,0.00336068840263,-0.172922834754,60,0.5,0.75,True,True,True,True,False,True,False,11.3094065329,0.00634339450104,0.279477246744,0.0151692537827,0.152473710191,0.0094610605832,0.096581532489,0.0081387860498,0.0702081949778,0.004212898633,0.0479685432673,0.00101477438802,0.0317837299269,0.00312842399401,0.0219079863012,0.00347497412493,0.0175139304196,0.00187763594382,0.00986960747231,0.000635388115887,0.00281944750102,0.00113204654945,0.00293794006848,0.00132808452449,0.00187919130084,0.00107891292273,0.00369838928324,0.00124330891961,0.00551635432865,0.000885162741268,0.00482158846518,0.000348205792407,0.00434380363953,0.00135126758769,0.00666578254362,0.00152119543692,0.00795931738202,0.00111429227732,0.00578104375435,0.000583808437867,46875,46875,46874,90,18160f7ff3666c35ba24accc759e342c5a17e6ec90892555179246babd5b48e0,869378
structure_L02_selected,structure,selected,L02,11.313708499,11.313708499,230,400,60,0.001,0.0001,0.08,0.1,2e-07,10000,0,1,12,0,0,0,0,True,800,15,18,4,7,1.6e-05,1.24588550869,11.3094408818,0.140902685061,0.293547260543,11.3153303959,16.7133636475,0.0562375763941,11.2550061865,11.3636148237,-0.0587023124533,0.0499063246777,0.32,1830.45297526,1830.45297526,-1848.11649314,1840,-1840,0.0115200001746,0,0,0.0029887198673,-0.172922834754,60,0.5,0.75,True,True,True,True,False,True,False,11.3094408818,0.00659908597422,0.0679591367023,0.0157073890673,0.0386585671753,0.00999447062244,0.0234703654319,0.00882793838137,0.0803440522795,0.00474008987285,0.0555957805051,0.000987416154498,0.0384470395481,0.00325526683297,0.0271620167825,0.00364553975763,0.0223407095496,0.00219767168026,0.0140639951018,0.000594737435813,0.00641843257663,0.00134489747746,0.00534955622066,0.00156122827275,0.00436524726297,0.0010790597321,0.00171374985655,0.00106808899099,0.00260518918294,0.0006656485177,0.00295933368634,0.000491748860815,0.0022755518314,0.00100906320825,0.00470995233125,0.00119618128344,0.00621352361239,0.000958282149466,0.00512810996428,0.000203227886893,46875,46875,46874,90,0f542089f92329c740bc2fe8c01d40c991ae13807e8df362d97d8907fa676b80,933257
structure_L03_initial,structure,initial,L03,11.313708499,-11.313708499,230,400,60,0.001,0.0001,0.08,0.1,2e-07,10000,0,1,12,0,0,0,0,True,800,15,0,8,7,1.6e-05,3.05513353294,11.3093075713,0.345514447954,0.719821766572,11.3193705135,16.93359375,0.0545601359973,11.3554075446,-11.2630189106,0.0416990455999,0.0506895883601,0.32,1846.78170592,1846.78170592,1831.75612112,1840,1840,0.00192,0,0,0.00394869371583,-0.172922834754,60,0.5,0.75,True,True,True,True,True,True,True,11.3093075713,0.00532746690793,0.275974568513,0.0150344602975,0.156158783848,0.00821059331597,0.0982989218264,0.00774064986183,0.0671284801812,0.00478852809891,0.0461236064861,0.000880627714119,0.0330437327154,0.00210118372774,0.0220009975475,0.00274635933265,0.0150164492588,0.00205726578216,0.00874042103505,0.000530087831123,0.00565275289817,0.000830794021776,0.0030497900976,0.000902385711001,0.000592618582342,0.000755414109192,0.00288509470961,0.00110169786015,0.00398348264158,0.00119894632905,0.00495458238264,0.000504877576181,0.00561751615069,0.000577556796937,0.00597654513466,0.00135113596835,0.00604216382086,0.00149131234201,0.0056719200746,0.000998853686228,46875,46875,46874,90,eb3960570e0f37e691fca7c8ba918e9a0527c0427c48ce59ad12ae9753aee65f,876678
structure_L03_selected,structure,selected,L03,11.313708499,-11.313708499,230,400,60,0.001,0.0001,0.08,0.1,2e-07,10000,0,1,12,0,0,0,0,True,800,15,18,4,7,1.6e-05,1.22643415541,11.3094588605,0.138703066257,0.288964721368,11.3151010948,16.7039108276,0.055306798774,11.3555178698,-11.2632115022,0.0418093708294,0.0504969968026,0.32,1846.79964862,1846.79964862,1831.78744316,1840,1840,0.00192,0,0,0.00189685448882,-0.172922834754,60,0.5,0.75,True,True,True,True,True,True,True,11.3094588605,0.00489096122884,0.0673778274462,0.0156357182429,0.0398774265666,0.00840850388234,0.0241339372226,0.00831173443264,0.0774705267852,0.00529602379132,0.0543361631639,0.00114135180305,0.0397924208641,0.00234893734257,0.0275504196133,0.0029699971938,0.0199401060507,0.00193937270071,0.0129543782156,0.000503548925519,0.00917763210455,0.00101359135685,0.00600830815896,0.00108991398134,0.00280922825368,0.000870507423483,6.3380286826e-05,0.000836467642903,0.00097240368858,0.000909575219308,0.00243778632367,0.000369084595474,0.00335002061828,0.00050281704209,0.00408834059403,0.00112897261595,0.00440768576223,0.00119193023919,0.0042295187953,0.000534747247786,46875,46875,46874,90,3f9bbf9c7d3ebe2ee272fee906e27a06a3461e0a4b705d7167209995f2829005,938967
structure_L04_initial,structure,initial,L04,0,45.2548339959,230,400,60,0.001,0.0001,0.08,0.1,2e-07,10000,0,1,12,0,0,0,0,True,800,15,0,8,7,1.6e-05,1.13446267574,32.0032636592,0.363065081232,0.7563855859,32.007214091,45.6193733215,0.0615889049771,-0.208360110838,45.2589698927,-0.208360110838,0.0041358967704,0.905096679919,-33.8865548795,-33.8865548795,-7360.67263975,0,-7360,0.01376,0,0,0.00430526416912,-0.172922834754,60,0.5,0.75,True,True,True,True,False,True,False,32.0032636592,0.00808703292812,0.27235007434,0.0181141575486,0.165427728834,0.00664561654529,0.105561229338,0.00546879035727,0.08530002542,0.00213678802352,0.0580361438528,0.00346452836881,0.0525020964894,0.00124996818915,0.0360621178464,0.00230488920354,0.0364582412064,0.000415530603159,0.0231602025137,0.00169891612714,0.025758027384,0.000454404781595,0.016578326883,0.00150370863938,0.0193740153346,0.000244508596495,0.0120803870095,0.00126050138761,0.0144552614599,0.000130426233215,0.00924163434884,0.00104728140147,0.0119875803971,0.000186137788868,0.00646104765841,0.000891527182308,0.00993003506211,8.46544071908e-05,0.00516678218833,0.000685829938783,46875,46875,46874,90,ba14f97451817654e2756ad5d44e80067a771395ba653bea0f5c63f21429b3b4,886683
structure_L04_selected,structure,selected,L04,0,45.2548339959,230,400,60,0.001,0.0001,0.08,0.1,2e-07,10000,0,1,12,0,0,0,0,True,800,15,18,4,7,1.6e-05,0.529711717632,32.0009551616,0.169512809245,0.353151685927,32.0032972126,45.3830299377,0.0611249902517,-0.208730992208,45.2557034403,-0.208730992208,0.00086944437755,0.905096679919,-33.9468730079,-33.9468730079,-7360.1414017,0,-7360,0.01344,0,0,0.0027435221499,-0.172922834754,60,0.5,0.75,True,True,True,True,False,True,False,32.0009551616,0.00868093569942,0.0633752137744,0.0186556617443,0.0394282173574,0.00795351239999,0.0263280988857,0.00746445833359,0.094615104337,0.00290418990683,0.063184118216,0.00416698360782,0.056649860271,0.00174134736629,0.0379022876105,0.00288969753546,0.0385506032126,0.00108084201447,0.0241545913647,0.00208719590403,0.026937647644,0.000666513661779,0.0170208236047,0.00183578357777,0.0202584663973,0.00048528882318,0.0120285627039,0.00145484357273,0.0153162568581,0.000413515334375,0.0092899748428,0.00112373439086,0.0124213647508,0.000306681828355,0.00628944136529,0.000890777383116,0.0103692331061,0.000236434597648,0.00485064298984,0.000971690111656,46875,46875,46874,90,cd8d358ea5cf6163f29ae908218064d13e6863b438fde6473f41b4e6db18fd04,948463
structure_L05_initial,structure,initial,L05,45.2548339959,0,230,400,60,0.001,0.0001,0.08,0.1,2e-07,10000,0,1,12,0,0,0,0,True,800,15,0,8,7,1.6e-05,1.14118731318,31.9938954899,0.365110276323,0.760646409005,31.997675763,45.8997077942,0.0600654843176,45.2457235851,0.20783284777,-0.00911041082624,0.20783284777,0.905096679919,7358.51833235,7358.51833235,-33.8008036826,7360,-0,0.01344,0,0,0.00540079254276,-0.172922834754,60,0.5,0.75,True,True,True,True,False,True,False,31.9938954899,0.00240643078852,0.271938428293,0.0185994818121,0.15835638693,0.0080852313794,0.110119388496,0.00475596476701,0.0827761665307,0.00309353160398,0.0656677844601,0.00212413169227,0.0524655201442,0.00187364420881,0.0432445078733,0.00141064678552,0.0375433440818,0.000989651033108,0.0322787304397,0.000898970065008,0.0279974015175,0.000790651523517,0.0245009646638,0.00064878831466,0.0215890345044,0.000680995391269,0.0194393689999,0.000669236530683,0.0176272717712,0.00053460955537,0.015789521965,0.000551298359757,0.0144408574587,0.000463347655918,0.0131991162224,0.000468059702325,0.0122237488352,0.000441256599547,0.0113496022514,0.000527205243513,46875,46875,46874,90,32d1bd3d03a6f509a819e792939fc082caa9cea11d854a0d8c7fbff915f7f458,891444
structure_L05_selected,structure,selected,L05,45.2548339959,0,230,400,60,0.001,0.0001,0.08,0.1,2e-07,10000,0,1,12,0,0,0,0,True,800,15,18,4,7,1.6e-05,0.55410800836,31.9935324265,0.177278725332,0.369330677775,31.9957299723,45.6497459412,0.0623702895512,45.2452151697,0.206732908301,-0.00961882624495,0.206732908301,0.905096679919,7358.43564643,7358.43564643,-33.6219155115,7360,-0,0.0144,0,0,0.0026882511988,-0.172922834754,60,0.5,0.75,True,True,True,True,False,True,False,31.9935324265,0.000861740682109,0.0580908396106,0.0168744913174,0.0346792715944,0.0072004668865,0.0264284494522,0.00413737150336,0.0923741525379,0.00219297809891,0.0720553711962,0.00125883338002,0.056702094048,0.000805835896984,0.0466189311859,0.000681949529859,0.0401746709036,0.000314206725072,0.0341472900885,0.0002611631267,0.0299201393381,0.000243031286947,0.0261831443598,0.000250789196492,0.02270182129,0.000184258521164,0.0206046097512,0.000159995485097,0.0186377914552,0.000180822622336,0.0167453676284,8.11416311371e-05,0.0152728981254,0.000193729593547,0.014104723098,5.72400206231e-05,0.0129280629985,0.000127363424811,0.0121821788413,9.50432554226e-05,46875,46875,46874,90,faf8633140a5e5ed400723dcc964a201426f1feb514552e303a759b9cb83e0e5,954941
structure_L06_initial,structure,initial,L06,0,-67.8822509939,230,400,60,0.001,0.0001,0.08,0.1,2e-07,10000,0,1,12,0,0,0,0,True,800,15,0,8,7,1.6e-05,0.753871231662,47.9996922661,0.36185587128,0.753866398501,48.0020722533,68.3109664917,0.054521856203,0.293162538596,-67.881182746,0.293162538596,0.00106824786999,1.35764501988,47.6783603772,47.6783603772,11039.826266,0,11040,0.0179200004786,0,0,0.00807203538047,-0.172922834754,60,0.5,0.75,True,True,False,True,False,True,False,47.9996922661,0.00222705727608,0.259039810509,0.0206403928328,0.179172692002,0.00967939690255,0.0917517088591,0.00544109937219,0.0985252798157,0.00400022745702,0.0465579780695,0.00318366084001,0.0648633235516,0.00247043883603,0.0271949941582,0.00209841886856,0.0467132453912,0.00205243535515,0.0167192495259,0.00154950573133,0.0351821617839,0.00135045563154,0.0115146827402,0.00121733661051,0.0276067541801,0.00108173470166,0.00948157776979,0.000975140068598,0.0220629054271,0.000980493833008,0.00768292071502,0.00058365728837,0.0181035097127,0.000825049605442,0.00773472227104,0.000718001510991,0.014958404594,0.000583737072613,0.00692493429548,0.00042677035326,46875,46875,46874,90,79f3663c7daffaa288b86db7245e0fc3e2c80d500119d223836a5719efc401b0,882093
structure_L06_selected,structure,selected,L06,0,-67.8822509939,230,400,60,0.001,0.0001,0.08,0.1,2e-07,10000,0,1,12,0,0,0,0,True,800,15,18,4,7,1.6e-05,0.379560127825,47.9968319972,0.182176836881,0.379535076834,47.998193528,68.09715271,0.0543558593723,0.293669352958,-67.8771354865,0.293669352958,0.00511550744324,1.35764501988,47.7607859077,47.7607859077,11039.1680417,0,11040,0.0179200004786,0,0,0.004724232355,-0.172922834754,60,0.5,0.75,True,True,True,True,False,True,False,47.9968319972,0.0017034425754,0.0603850045598,0.0207098056177,0.0422381733146,0.0100106285451,0.0238565717819,0.00660320593597,0.109227348635,0.00451314632094,0.050150079815,0.00321925936479,0.070129068577,0.00300803676313,0.0285836208702,0.00243367918437,0.04934121664,0.00200767439076,0.0170010197562,0.00162275802691,0.036720017129,0.00149889032014,0.0117711413661,0.00117600574035,0.0284987461012,0.00110098707845,0.00934578600161,0.001031976135,0.0227926483508,0.000876895500458,0.00750323198843,0.000755329844138,0.0186696822788,0.00073220621443,0.00739773378066,0.000592815857488,0.0154337811942,0.000481343011151,0.00665627166023,0.000354975959217,46875,46875,46874,90,28d7e17ddaa87d23b86d797901454bcfe34dab6434598d6d174f31f4817bd42f,944427
ablation_A01_nominal,ablation,nominal,A01,5.65685424949,0,230,400,60,0.001,0.0001,0.08,0.1,2e-07,10000,0,1,12,0,0,0,0,False,800,15,0,8,7,1.6e-05,7.80995445731,3.99394892918,0.311925592417,0.649844984202,4.01998955308,6.33698415756,0.0577715500052,5.64824176447,0.0249212336249,-0.00861248502424,0.0249212336249,0.3,918.59931229,918.59931229,-4.05305385709,920,-0,0,0,0,0.00152775900388,-0.172922834754,60,0.5,0.75,False,True,True,True,True,True,False,3.99394892918,0.00641606951202,0.258906672833,0.0198063359154,0.138076499771,0.00928691364211,0.0820394475583,0.00507927934993,0.050898612526,0.00312333917238,0.0305550588586,0.00180558717981,0.0158205928485,0.000766491474769,0.00749585437926,0.000798459546186,0.00377466179494,0.00108391274196,0.0020331074044,0.00106733260478,0.00240451361431,0.00131061838697,0.00371108936972,0.00104287780941,0.00319394436948,0.00120350257142,0.0022406327345,0.000605905537264,0.00115903976494,0.000793486287919,0.000906545043111,0.00045336874942,0.000948197887026,0.000407867370604,0.00122823571738,0.00053992387206,0.00245794673407,0.000239264249891,0.00251057934735,0.000675974108471,46875,46875,46874,90,b502c7120de90ed0d92eb1c8a18738d0cd9f2138b1926d12edfe8daaea25e603,876472
ablation_A01_no_deadtime,ablation,no_deadtime,A01,5.65685424949,0,230,400,60,0.001,0.0001,0.08,0.1,0,10000,0,1,12,0,0,0,0,False,800,15,0,8,7,1.6e-05,0.520732053847,3.99449923884,0.0208006379273,0.0433346623486,4.00854480828,6.09656858444,0.0623022471778,5.64902023339,0.0248745043009,-0.00783401610026,0.0248745043009,0.3,918.725918241,918.725918241,-4.04545405405,920,-0,0,0,0,0.00129269380957,-0.172922834754,60,0.5,0.75,True,True,True,True,True,True,True,3.99449923884,0.00352169593468,0.00594501561055,0.0170290404053,0.00364845434217,0.0072587159755,0.00155786868205,0.00356240443489,0.000502432967028,0.00237937623811,0.000534245814873,0.00134338102016,0.000240676849632,0.00121677732427,0.00066291265001,0.000735444607583,0.000331646501024,0.000680112697529,0.00052440483785,0.000359949337349,0.000428860565738,0.00042002657024,0.00050207833647,0.000335024578356,0.00064915176036,0.000292196637021,0.000283900626008,0.000306958276855,0.000393804345068,0.000151505676239,0.000450405127036,0.000242546279563,0.000283622112732,0.000123960221188,0.000265371517139,0.000204036126354,0.000223241782536,0.000122628561619,0.000385622482025,0.000218179360116,46875,46875,46874,90,c88f475be8f4598f007903e245961aab4ffc0791c4df2cc8fce582090890ce71,873746
ablation_A01_ideal_sensor,ablation,ideal_sensor,A01,5.65685424949,0,230,400,60,0.001,0.0001,0.08,0.1,2e-07,200000,0,1,0,0,0,0,0,False,800,15,0,8,7,1.6e-05,7.10039573909,3.96549725773,0.281565998322,0.586595829837,3.9908235373,6.34692621231,0.119124557131,5.60805289774,-0.00892738964723,-0.048801351749,-0.00892738964723,0.3,912.063213647,912.063213647,1.45190208431,920,-0,0,0,0,0.000329803891427,-0.172922834754,60,0.5,0.75,False,True,True,True,True,True,False,3.96549725773,0.0184157936534,0.230638528218,0.0259172835253,0.121905397435,0.0166070837987,0.0761329784727,0.0133211639008,0.0484395345192,0.00920344760675,0.0311595608064,0.00605565361163,0.0173865336578,0.00356672865158,0.0101637146948,0.00182937107514,0.00596497587983,0.00129971326635,0.00294046067204,0.00174000266615,0.00224581783468,0.00216902651468,0.00212271523661,0.00236005795399,0.00225602196703,0.00237131428932,0.00177536492247,0.00220027958142,0.00142395995005,0.00188656597787,0.000881694947438,0.00151319344101,0.000332354555748,0.00114778100034,0.000299868914092,0.000853231332278,0.00130115002109,0.00070580680436,0.00159625060487,0.000757422042191,46875,46875,46874,90,e61483f99e5180510c1c66fdcfebe1a50660d8516f9482787040762393ff300a,909453
ablation_A02_nominal,ablation,nominal,A02,11.313708499,11.313708499,230,400,60,0.001,0.0001,0.08,0.1,2e-07,10000,0,1,12,0,0,0,0,False,800,15,0,8,7,1.6e-05,3.05727488597,11.3095146344,0.345762950642,0.720339480504,11.3198206632,16.9520130157,0.0582207397612,11.2552298833,11.3635400649,-0.0584786156979,0.0498315658657,0.32,1830.48935609,1830.48935609,-1848.10433477,1840,-1840,0,0,0,0.00419908067659,-0.172922834754,60,0.5,0.75,True,True,True,True,True,True,True,11.3095146344,0.0043718028349,0.275182617794,0.0129447604655,0.157208782596,0.0076257285134,0.100658483774,0.00630884509782,0.0653604050565,0.00296271899774,0.0442438864766,0.00104503012722,0.0361146746613,0.00219650672604,0.0245434609462,0.00196994945516,0.0141956486322,0.00123798371026,0.00729881050978,0.000649272612311,0.00640446078552,0.000514809217835,0.00464544588221,0.000286927092139,0.00264114002426,0.000313515483917,0.00443616917072,0.000380117172604,0.00321251608679,0.000553007440804,0.00343695036542,0.000832901332877,0.00690046056521,0.000961141553532,0.00765341720928,0.000886059017154,0.00593674842557,0.00103156729734,0.00500540228171,0.0012118526616,46875,46875,46874,90,01cfbb923fafec6f6d9768be04dd8882d0f5d5382c35b0e456d6d70220f152bf,869320
ablation_A02_no_deadtime,ablation,no_deadtime,A02,11.313708499,11.313708499,230,400,60,0.001,0.0001,0.08,0.1,0,10000,0,1,12,0,0,0,0,False,800,15,0,8,7,1.6e-05,0.182411938865,11.3099892744,0.0206307707209,0.0429807723352,11.3150429705,16.7206287384,0.062722561628,11.2541658464,11.3655385212,-0.0595426525527,0.0518300222184,0.32,1830.31630692,1830.31630692,-1848.42935284,1840,-1840,0,0,0,0.00158670114591,-0.172922834754,60,0.5,0.75,True,True,True,True,True,True,True,11.3099892744,0.00425836570801,0.00474796102692,0.0168918507005,0.00473411418244,0.00685084757189,0.00231289329305,0.00367579636096,0.000593673160095,0.002280420751,0.000291684999127,0.00154977978874,0.000390213342117,0.00113381180215,0.000362712035771,0.000597891031647,0.000120872466868,0.000629167054839,0.000308885409575,0.000412196656357,2.10995499742e-05,0.000298980852216,0.000278173907143,0.000319097296466,0.000196758404905,0.000234958049693,0.000222768413902,0.000216204764836,0.000134639616565,0.000163893580814,0.000129959494812,0.000162994411818,0.000194989094909,0.000184510235488,0.000193934637649,0.000131131062413,0.000239420180306,9.90649873719e-05,0.000122891516862,0.000105879839722,46875,46875,46874,90,758d013cd6720b0f5b2569c5e16885ba8da470724693362aec85170c86d99d7e,867243
ablation_A02_ideal_sensor,ablation,ideal_sensor,A02,11.313708499,11.313708499,230,400,60,0.001,0.0001,0.08,0.1,2e-07,200000,0,1,0,0,0,0,0,False,800,15,0,8,7,1.6e-05,3.25876795306,11.2893132315,0.367892521708,0.766442753557,11.3008665587,17.0079898834,0.124092579736,11.2806212732,11.2979985027,-0.0330872257982,-0.0157099962816,0.32,1834.6188736,1834.6188736,-1837.44501167,1840,-1840,0,0,0,0.00306455987366,-0.172922834754,60,0.5,0.75,True,True,True,True,True,True,True,11.2893132315,0.00990480525542,0.30068299948,0.00951942153039,0.166851889228,0.0121928356155,0.0921366935683,0.0135711677869,0.0599047269264,0.0068980814556,0.045843640768,0.000875997014909,0.0360608593214,0.00502773569656,0.0230085581274,0.0048768844861,0.0130093168865,0.00231440060318,0.00741146120472,0.000596266829646,0.00555533748478,0.00149112266913,0.00364810268064,0.00107303814081,0.0023535149196,0.000487982506165,0.00395309175725,0.000820237367413,0.00313802746177,0.000643632788089,0.00303222071081,0.000905731821157,0.00618057270141,0.00153878580845,0.00685703642078,0.00161788424987,0.0056790921101,0.00151776814845,0.00438411375574,0.00178360276733,46875,46875,46874,90,56403e598d7f7f08dcef94ebd95736148ecda99eab74353a5528d4be3eb504d4,894119
ablation_A03_nominal,ablation,nominal,A03,0,67.8822509939,230,400,60,0.001,0.0001,0.08,0.1,2e-07,10000,0,1,12,0,0,0,0,False,800,15,0,8,7,1.6e-05,0.766559986781,48.0008636342,0.367955413929,0.766573779019,48.0035664335,68.2907867432,0.065436993845,-0.309509121806,67.8827667628,-0.309509121806,0.000515768876568,1.35764501988,-50.3368797397,-50.3368797397,-11040.0838818,0,-11040,0,0,0,0.00364342658738,-0.172922834754,60,0.5,0.75,True,True,False,True,True,True,False,48.0008636342,0.00839837343668,0.281736951336,0.0160147839892,0.156131744144,0.00507722072809,0.113841041899,0.0038605344027,0.0773363577416,0.000741522832576,0.0663782021741,0.00183946736856,0.0460291520392,0.000479223555206,0.0425612937814,0.000945542381649,0.0318069064585,0.00054651902074,0.0294405727648,0.000645782164983,0.0217969817538,0.000405398693662,0.0218480322191,0.00059133351086,0.0162458475373,0.000369139341384,0.0162990592545,0.00054641476534,0.0122023200381,0.000166783904807,0.0124187308785,0.000476927357553,0.0102270932234,0.000352026721507,0.00938454625455,0.000345617644702,0.00851062198123,0.000278273553816,0.00759425311222,0.000340346961743,46875,46875,46874,90,cd6f6b4ec42c9efed97a758225a69db6e690e095e50d8e0d57293baf07b1c063,881964
ablation_A03_no_deadtime,ablation,no_deadtime,A03,0,67.8822509939,230,400,60,0.001,0.0001,0.08,0.1,0,10000,0,1,12,0,0,0,0,False,800,15,0,8,7,1.6e-05,0.0448284181537,48.0004439158,0.0215178397142,0.044828832738,48.0017397026,67.9646377563,0.0653574271412,-0.310296991851,67.8821695882,-0.310296991851,-8.14056937344e-05,1.35764501988,-50.4650146374,-50.4650146374,-11039.9867606,0,-11040,0,0,0,0.00230280251402,-0.172922834754,60,0.5,0.75,True,True,False,True,True,True,False,48.0004439158,0.0100232001224,0.00627636253416,0.0156992072568,0.00302769703564,0.00649979457214,0.00100221685661,0.00351466169488,0.000325548668196,0.00243467437721,0.000259628782953,0.00155722971177,0.000278504570702,0.00124923906706,0.000334317813682,0.00071598930847,0.000229420930909,0.000422584312326,0.000162456190754,0.000397696797438,4.08835701168e-05,0.000123949700373,0.000209896822063,0.000192286917356,0.000312251851407,0.000330276580775,0.000141267978666,0.000275537110131,5.11435230258e-06,0.000252832352727,0.000229059230145,0.000153837118132,3.41074607665e-05,0.000149719563218,0.000276771833197,9.63791126854e-05,0.000158050491131,0.00011648931487,0.000151086411869,8.77247260332e-05,46875,46875,46874,90,47d45ee3949e7c13c7b081d5d10f340c69840c23b4d6636a97e410965ea19d0e,877392
ablation_A03_ideal_sensor,ablation,ideal_sensor,A03,0,67.8822509939,230,400,60,0.001,0.0001,0.08,0.1,2e-07,200000,0,1,0,0,0,0,0,False,800,15,0,8,7,1.6e-05,0.758148146908,47.9985492258,0.363900111498,0.758125232287,48.001362035,68.3086471558,0.133541622348,0.0517605379752,67.8801795549,0.0517605379752,-0.00207143899758,1.35764501988,8.41805230203,8.41805230203,-11039.6631124,0,-11040,0,0,0,0.0028767495141,-0.172922834754,60,0.5,0.75,True,True,False,True,True,True,False,47.9985492258,0.0123335373118,0.279753078613,0.0175789185931,0.155047601343,0.00819709409087,0.112847006013,0.00908912987675,0.0746101414522,0.0037204745301,0.0643841377312,0.00514435823853,0.0436327092079,0.00144854633824,0.0404413098999,0.00305560076353,0.0300477764018,0.000523160858052,0.0274159453039,0.00205063789971,0.0204175113784,0.000381278686146,0.0200619216058,0.00149353200788,0.0153512411811,0.000443051918576,0.0149109042785,0.00118168974489,0.0114759397818,0.000448819519555,0.011374870508,0.000953683775818,0.00966715782179,0.000472824797713,0.00829492363633,0.000812402058298,0.00789470289467,0.000422326324066,0.00668084126023,0.000733461923576,46875,46875,46874,90,033c7d60928cb4f69d453b16a7c0d89daa7ab6f8a8c2f0d0656309bb5752d106,898831
functional_F01_selected,functional,selected,F01,67.8822509939,0,230,400,60,0.001,0.0001,0.08,0.1,2e-07,10000,0,1,12,0,0,0,0,False,800,15,18,4,7,1.6e-05,0.340695175804,47.9944779377,0.163514870986,0.340655981221,47.9958566101,68.2565078735,0.0609158006326,67.8737617545,0.303793229769,-0.00848923939928,0.303793229769,1.35764501988,11038.6193563,11038.6193563,-49.4072781551,11040,-0,0,0,0,0.00384015054781,-0.172922834754,60,0.5,0.75,True,True,True,True,True,True,True,47.9944779377,0.000344286601852,0.058864540038,0.0175713128774,0.0340353583168,0.0072273173679,0.025913031224,0.00488064075695,0.0883637097552,0.00253518384161,0.0676531060947,0.00159729854791,0.0522248207015,0.00100450270037,0.0421901487804,0.000619216025905,0.0342858324983,0.000438513651428,0.0283109947089,0.000163932175213,0.0235216072011,0.000124369515695,0.0199144557292,0.000185896975014,0.0178313151986,0.000164012861192,0.0157088315127,0.000203135036922,0.0129760141694,3.0649670041e-05,0.0119454316516,0.000138750352359,0.0109075446651,7.94179296249e-05,0.00987744070812,0.000105439788916,0.00870247888968,0.000128434861028,0.00767587497065,0.000326407074901,46875,46875,46874,90,8f832e5ebd0b0b4fa8993d5be3036a6cb744236a4465b6680945d6dfe4f48260,951623
functional_F02_selected,functional,selected,F02,0,67.8822509939,230,400,60,0.001,0.0001,0.08,0.1,2e-07,10000,0,1,12,0,0,0,0,False,800,15,18,4,7,1.6e-05,0.349351403412,48.0009621806,0.167692035029,0.349358406311,48.0025485558,68.0275192261,0.0655063856909,-0.309334232794,67.882906927,-0.309334232794,0.000655933050567,1.35764501988,-50.3084367422,-50.3084367422,-11040.1066774,0,-11040,0,0,0,0.00397079605417,-0.172922834754,60,0.5,0.75,True,True,False,True,True,True,False,48.0009621806,0.0082015936881,0.0651740903725,0.0159986066134,0.0374941051104,0.0054780481221,0.0285350726091,0.00504707820683,0.0859724547041,0.00118417770911,0.0713165594814,0.00210812975362,0.0500597351775,0.000211668449782,0.0448313267657,0.00112422747661,0.0336457031153,0.000636526707922,0.0301330424173,0.000655507680982,0.0228706193931,0.000646241784874,0.0223743964905,0.000642206092939,0.0169484491336,0.000260985665134,0.0163993758487,0.000519775624061,0.0126698265323,0.000309736194474,0.0127139533499,0.000481634936923,0.0104724616473,0.000387244949333,0.00930970916809,0.00027143393393,0.00851251296499,0.00047703860396,0.00774808411703,0.000455883086401,46875,46875,46874,90,18c9b3dd19ec8013277700f4bdaa2d2c409ffecae17ecc40dc25552e869216c0,943406
functional_F03_selected,functional,selected,F03,0,-67.8822509939,230,400,60,0.001,0.0001,0.08,0.1,2e-07,10000,0,1,12,0,0,0,0,False,800,15,18,4,7,1.6e-05,0.351934379874,48.0010368778,0.168932151469,0.351941982228,48.0023463018,68.0356140137,0.0579092674874,0.295443346617,-67.8830744437,0.295443346617,-0.000823449745184,1.35764501988,48.0492985854,48.0492985854,11040.1339214,0,11040,0,0,0,0.00275230530155,-0.172922834754,60,0.5,0.75,True,True,False,True,True,True,False,48.0010368778,0.00464864244058,0.065243320344,0.01820675357,0.0374783926141,0.00750897960531,0.0285156904581,0.00439270664755,0.0885426151757,0.00210770154171,0.068701364219,0.00121909410128,0.0526070477529,0.00115797377341,0.0439402143116,0.00078526162145,0.0343855164164,0.000380526007945,0.0296016776897,0.000186569092496,0.0244075825847,0.000182376617164,0.0214186811793,0.000143390914352,0.0180336649767,0.000218219742248,0.0157049233428,3.5348627663e-05,0.0136926410413,0.000409599647689,0.012295579502,0.000217071347424,0.0107513814877,0.000169423517615,0.00952649344937,0.000159246745316,0.00886238674785,0.000113942996394,0.0077371680627,0.000266875586104,46875,46875,46874,90,9a4b544a7c166699a339a0f52ad59f266a1bc33f5f05e8f669381f8d69c8637a,944267
functional_F04_selected,functional,selected,F04,-22.627416998,0,230,400,60,0.001,0.0001,0.08,0.1,2e-07,10000,0,1,12,0,0,0,0,False,800,15,18,4,7,1.6e-05,1.05813806513,16.0066703214,0.16937267163,0.352859732563,16.0111515636,23.1387290955,0.0622284177271,-22.6366215755,-0.101750688424,-0.00920457757298,-0.101750688424,0.452548339959,-3681.49698242,-3681.49698242,16.5481784082,-3680,-0,0,0,0,0.00287207750441,-0.172922834754,60,0.5,0.75,True,True,True,True,True,True,True,16.0066703214,0.00554319209787,0.0705985384473,0.0174794431151,0.0411247292892,0.00829942188,0.0296338208908,0.00459158563687,0.0889322402308,0.00267657141397,0.0669728933459,0.00160510687073,0.0531520641829,0.00146515598744,0.0416531410534,0.000723692628231,0.0331225343869,0.00110058110914,0.0272837274563,0.000715571989775,0.0223032916108,0.000759969754139,0.0196989730182,0.000634694157662,0.0165154558941,0.000551857748089,0.0142511163103,0.000300206747666,0.0123316030272,0.000438745798548,0.0106702270174,0.000349684622583,0.00999141444693,0.000478527851005,0.00855739845263,0.000533048099687,0.00722734567433,0.000590878368216,0.00646679786311,0.00056376924186,46875,46875,46874,90,d25cf992f52e8d20eb18faaa5710fce080080933fbec0faf4586bc98bccffac8,947681
functional_F05_selected,functional,selected,F05,11.313708499,11.313708499,230,400,59,0.001,0.0001,0.08,0.1,2e-07,10000,0,1,12,0,0,0,0,False,800,15,18,4,7,1.6e-05,1.34357399082,11.217132516,0.150710475001,0.313980156252,11.2232086165,16.5839996338,0.0587720856974,11.0299350082,11.4012568377,-0.283773490826,0.0875483387623,0.32,1793.84862327,1793.84862327,-1854.23838552,1840,-1840,0,0,0,0.00243948718822,1.19162392616,59,0.495762711864,0.75,True,True,True,True,True,True,True,11.217132516,0.00416840643487,0.070459037382,0.0131245058817,0.0580110197273,0.00863855116736,0.0453276146528,0.00719053576916,0.0756188396601,0.00199132960488,0.0528797661909,0.00162137432183,0.0430206880072,0.00244828867454,0.0299902205914,0.00206753226072,0.0181134972885,0.000789279015523,0.0117580333782,0.000928672773824,0.0100908306251,0.000700529075162,0.00683298296379,0.000588070587514,0.00124153531862,0.000175253782054,0.00190601971998,0.000188789911579,0.00124125524809,0.000170953245979,0.00229794142304,0.000631417340735,0.00563714343721,0.000575203619655,0.00564145171751,0.000577144387622,0.00401256791836,0.000710856342086,0.00448370590209,0.00107501310755,46875,46875,46874,89,d1fe261788e8061046765324b1cbd0d1a6c11562ad8309e77d24cf982e33e47b,1026497
functional_F06_selected,functional,selected,F06,11.313708499,-11.313708499,230,400,61,0.001,0.0001,0.08,0.1,2e-07,10000,0,1,12,0,0,0,0,False,800,15,18,4,7,1.6e-05,1.36489764819,11.4055762334,0.155674441772,0.324321753692,11.4113954367,16.8383407593,0.057562581019,11.3182892407,-11.4922002722,0.00458074166943,-0.178491773247,0.32,1840.7449869,1840.7449869,1869.02893095,1840,1840,0,0,0,0.00346231920547,-1.51496779919,61,0.504098360656,0.75,True,True,True,True,True,True,True,11.4055762334,0.00424382872538,0.0734951462084,0.0140668864415,0.0637755961596,0.00735885189466,0.0512957771922,0.00669323039032,0.0764714578505,0.004104857049,0.0533148829311,0.000793342426746,0.0399021964086,0.00208975520567,0.0278562856512,0.00190715655233,0.0188572116168,0.00143560859599,0.012616872765,0.000615913288791,0.00996769496539,0.000893607786925,0.00632780989144,0.000407302591946,0.00254131446631,0.000351175367211,0.000683288087058,0.00015366920571,0.000540166929073,0.000125852212284,0.00215134221433,0.000505017240159,0.00360346533468,0.000419363601684,0.00411389435049,0.000616648306029,0.00388404733157,0.000619882649093,0.00434723037094,0.000944908537086,46875,46875,46874,91,9d573baaa529cdb68c33e52dd1d6a7e7f3fc7cf727266665bbfaf1aaf979c888,990200
functional_F07_selected,functional,selected,F07,11.313708499,0,230,400,60,0.001,0.0001,0.08,0.1,2e-07,10000,0,1,12,0,0,1,0,False,800,15,18,4,7,1.6e-05,2.03943732507,7.99397000261,0.163032007988,0.339650016643,8.00259709613,11.7462911606,0.0617840774683,11.3050712866,0.0497595299908,-0.00863721241515,0.0497595299908,0.3,1838.59529076,1838.59529076,-8.09261924959,1840,-0,0,0,0,0.00263497677234,-0.172922834754,60,0.5,0.75,True,True,True,True,True,True,True,7.99397000261,0.00350206228215,0.0574758799836,0.0175104673428,0.034373590379,0.00826694590952,0.0253171536711,0.00510238970947,0.0906269283603,0.00347086948176,0.0687488035959,0.00180196812026,0.0515671533971,0.00161662228948,0.0413383949058,0.000880476148704,0.0353798976621,0.000691731253097,0.0282008765084,0.000538179564058,0.0232339515385,0.000370390542785,0.0183966653687,0.000347835636067,0.0159264701872,0.000285866649336,0.0133563133873,0.000279250053084,0.0109973622849,8.7291322013e-05,0.00872985076877,0.000188268727412,0.0076512807038,6.89435645206e-05,0.00625248364086,0.000316653757538,0.00590626628176,0.000357813080208,0.00502756996148,0.000331158578827,46875,46875,46873,90,9fee7d148d2e45c62bf188ccff157ac88af2c712a87e7980c137868f9a4db96e,949129
functional_F08_selected,functional,selected,F08,11.313708499,0,230,400,60,0.001,0.0001,0.08,0.1,2e-07,10000,0,1,12,0,0,2,0,False,800,15,18,4,7,1.6e-05,2.09760555514,7.9939427597,0.167681387402,0.349336223755,8.00266553658,11.7457504272,0.0617499944808,11.3050336188,0.0495637914799,-0.00867488021803,0.0495637914799,0.3,1838.58916468,1838.58916468,-8.06078540305,1840,-0,0,0,0,0.00280002070071,-0.172922834754,60,0.5,0.75,True,True,True,True,True,True,True,7.9939427597,0.00371536506048,0.0574655384244,0.0179218557983,0.034662155914,0.0084887044527,0.025479214007,0.00508948999204,0.0934421983614,0.00302819994372,0.0711336885651,0.00218155400292,0.053407299843,0.00195387079761,0.0434358826832,0.00110263415966,0.0370482670152,0.000866584561213,0.0295198636756,0.000499049115853,0.0239049482691,0.000460210930501,0.0191268609464,0.000383723305386,0.0162716930205,0.000322156900543,0.0136811864936,0.000333095170432,0.0110281227465,0.000231200751839,0.00879071031703,0.000348995030157,0.00729810205218,0.000141574588215,0.00625368299782,0.000365529332603,0.00571107504682,0.000333128414281,0.00474754320052,0.000251511998782,46875,46875,46872,90,915da9230a9b68d17bbf0d0774aaf5431d3e4642dd89b1c1d25a35004c02af89,949747
transient_T01_initial,transient,initial,T01,11.313708499,0,230,400,60,0.001,0.0001,0.08,0.1,2e-07,10000,0,1,12,0,0,0,0,False,800,15,0,8,7,1.6e-05,2.24418245556,15.994098589,0.35893675446,0.747784905125,16.0015777087,23.3037509918,0.0622937401681,22.6188446948,0.101212765231,-0.00857230319581,0.101212765231,0.452548339959,3678.60584724,3678.60584724,-16.4606935067,3680,-0,0,0,0,0.00314210589521,-0.172922834754,60,0.5,0.75,True,True,True,True,True,True,True,15.994098589,0.00257327869376,0.271874229111,0.0169085277829,0.157341223924,0.00712195527979,0.107821965068,0.00369603866317,0.0801560164339,0.00246390456184,0.0624181769971,0.0014410182205,0.0484627685196,0.000998633261345,0.0393916676142,0.000675938835315,0.0334092485876,0.000602970577054,0.0277782160962,0.000236007695394,0.0235725093537,0.000222721327892,0.0198629878167,0.000122101202423,0.016980952338,0.000186404309388,0.0150125295475,5.21814527844e-05,0.0129840337603,0.000119212402003,0.0112686715863,0.000146660895995,0.0101445331553,9.99098968805e-05,0.00885304509842,5.28138725246e-05,0.00820697026934,7.92274566117e-05,0.00733118427426,0.000162650753585,46875,46875,46874,90,d11a3df75d4c7195d1182fd8f47430ce0c897e47d928b4a319583359d5af0879,1419538
transient_T01_selected,transient,selected,T01,11.313708499,0,230,400,60,0.001,0.0001,0.08,0.1,2e-07,10000,0,1,12,0,0,0,0,False,800,15,18,4,7,1.6e-05,1.02298700062,15.9943869304,0.163620499127,0.340876039847,15.9986804575,23.0511703491,0.0622956571482,22.619252932,0.101110627714,-0.00816406599795,0.101110627714,0.452548339959,3678.67224072,3678.67224072,-16.4440824165,3680,-0,0,0,0,0.00232029324566,-0.172922834754,60,0.5,0.75,True,True,True,True,True,True,True,15.9943869304,0.0027024657482,0.0580382884031,0.0171668795098,0.0342864928172,0.00780238963905,0.0256788982691,0.00481787226006,0.0884317723237,0.00330133452103,0.0681145008378,0.00164394374707,0.0516110442919,0.00160972975677,0.0419982223338,0.000867697959137,0.0347574553807,0.000717901441594,0.029163389678,0.000375789288238,0.0243758368817,0.000599401865739,0.0205186324037,0.000164703759185,0.0175071375914,0.000380954999728,0.0157504958904,0.000188949150294,0.0134306100307,0.000253897553521,0.0117484724153,0.000141088486195,0.0106726570968,0.000217588427936,0.00950756586366,5.93835836111e-05,0.00839819656537,0.000114853991557,0.00741152271469,6.22234382297e-05,46875,46875,46874,90,cc34464af79500ce6538e3f6bf8e2ff10940c00b7e51677278777a5d22b90297,1611579
transient_T02_initial,transient,initial,T02,22.627416998,0,230,400,60,0.001,0.0001,0.08,0.1,2e-07,10000,0,1,12,0,0,0,0,False,800,15,0,8,7,1.6e-05,1.60708537501,22.6236877765,0.363581977545,0.757462453219,22.6291504216,32.932346344,0.0608941679655,22.5181053105,22.7287797834,-0.109311687435,0.101362785384,0.64,3662.22214185,3662.22214185,-3696.48509197,3680,-3680,0,0,0,0.00301302037619,-0.172922834754,60,0.5,0.75,True,True,True,True,True,True,True,22.6236877765,0.00420887182385,0.27914054856,0.0145602149514,0.163217490062,0.00666147726892,0.109509895666,0.00527072407667,0.076564523844,0.00292409535467,0.0563674856357,0.000263042149341,0.0480895890813,0.00161515291409,0.0388457382528,0.00176682469418,0.0292717657368,0.00153175895555,0.0215171798371,0.000880532968292,0.0185986945279,0.00108019806634,0.017794585933,0.000975944830565,0.0131108066076,0.000904773779007,0.00868462536814,0.000618062501767,0.0082764133394,0.000708465690481,0.00868547451767,0.000599617564171,0.00652185722262,0.000586286635542,0.00362329790673,0.000452504319613,0.00306211082441,0.000450624744034,0.00399782794155,0.000298742571789,46875,46875,46874,90,8ddd8efd1e331e2542d8ff76d3762bd93eddd908c0b18beffccc6f317dc56288,1411486
transient_T02_selected,transient,selected,T02,22.627416998,0,230,400,60,0.001,0.0001,0.08,0.1,2e-07,10000,0,1,12,0,0,0,0,False,800,15,18,4,7,1.6e-05,0.711505319898,22.6235323073,0.160967635916,0.335349241491,22.6266452784,32.6851882935,0.0610943051633,22.5179640721,22.7286102121,-0.109452925891,0.101193214093,0.64,3662.19917159,3662.19917159,-3696.45751382,3680,-3680,0,0,0,0.00359838424785,-0.172922834754,60,0.5,0.75,True,True,True,True,True,True,True,22.6235323073,0.00456199924719,0.0682614977451,0.014779324526,0.0404949884632,0.00727354624014,0.0264040767587,0.00596928264895,0.0854727423023,0.00280526354355,0.0624570159512,0.000214298900717,0.0519112089421,0.0016835718498,0.0417713466117,0.00176143097915,0.0313694167329,0.00139196967717,0.0236626753621,0.000859325638963,0.0201296476176,0.00105200197561,0.0192885653262,0.000830848623901,0.0142376223036,0.000881644220803,0.0101559269193,0.000717457436888,0.00947222947116,0.000772112300005,0.00970917803954,0.000557531141419,0.0071931095996,0.000364507051069,0.00444509125847,0.000499655618319,0.00371992320631,0.0005120902989,0.00473233377315,0.000322475572399,46875,46875,46874,90,9e924bf627fb45571bbbba785f439dd4924dffb74e0fd901fc8f4da6a60e9364,1605323
transient_T03_initial,transient,initial,T03,22.627416998,22.627416998,230,400,60,0.001,0.0001,0.08,0.1,2e-07,10000,0,1,12,0,0,0,0,False,800,15,0,8,7,1.6e-05,1.60405905047,22.6234715549,0.362893843006,0.756028839597,22.6287004129,32.923248291,0.0584940699262,22.7202120757,-22.5263155805,0.0927950776934,0.101101417518,0.64,3695.0916866,3695.0916866,3663.55741548,3680,3680,0,0,0,0.00528841380099,-0.172922834754,60,0.5,0.75,True,True,True,True,True,True,True,22.6234715549,0.00244429746123,0.27913926794,0.0157078357605,0.162954346221,0.00694754829752,0.107863434147,0.00505144702957,0.0767740373555,0.002744227764,0.0576430075379,0.000331381824714,0.0469649097329,0.00180271509966,0.0366187114886,0.00156447205914,0.028472023961,0.00125549478034,0.0221195706845,0.0007927584357,0.0197995972206,0.00111948776632,0.0170565093737,0.000749394174872,0.0124737925477,0.000658031354365,0.0101095137209,0.000553024307134,0.00931845202278,0.000726948576125,0.00777175128251,0.000500310402819,0.00565654061572,0.000430253958873,0.00450043793946,0.000248426880056,0.0043215171931,0.000447475418597,0.00403147418448,0.000245793907997,46875,46875,46874,90,05e434ef99f72cbee52db045443f004cd0e0a5cf3e37f0e285bd5ad976e803a3,1402529
transient_T03_selected,transient,selected,T03,22.627416998,22.627416998,230,400,60,0.001,0.0001,0.08,0.1,2e-07,10000,0,1,12,0,0,0,0,False,800,15,18,4,7,1.6e-05,0.709140412765,22.6234381019,0.160431942338,0.334233213204,22.6263247003,32.670715332,0.058231838718,22.7205081233,-22.5259497852,0.0930911253239,0.101467212799,0.64,3695.13983418,3695.13983418,3663.49792453,3680,3680,0,0,0,0.00341439802628,-0.172922834754,60,0.5,0.75,True,True,True,True,True,True,True,22.6234381019,0.00227867097594,0.0675780526002,0.0160218318195,0.0414392590966,0.00708785894911,0.0263477315468,0.00637775326696,0.0854565804209,0.00306881659252,0.0634809525177,0.00023410288849,0.0508520066997,0.00121319188775,0.0391282081811,0.00184682305388,0.0307285793177,0.00148446942826,0.0240165486975,0.00103521584006,0.0212770899568,0.00082512042806,0.0183933209719,0.000757739018693,0.0138242156288,0.000908023496832,0.0115527803533,0.000673087976568,0.0103954178382,0.000662874712499,0.0086006046315,0.000365411354885,0.0067106215513,0.000510326701653,0.00535455885501,0.000591170195424,0.00489495896728,0.000392145373211,0.00446289941232,0.000178823986963,46875,46875,46874,90,7510456f39598be961c7c26215f9b042b6c99315c48c5ee7f6ef464cf0898fd3,1596906
transient_T04_initial,transient,initial,T04,56.5685424949,0,230,400,60,0.001,0.0001,0.08,0.1,2e-07,10000,0,1,12,0,0,0,0,False,800,15,0,8,7,1.6e-05,0.747734180216,47.9948173802,0.358873654283,0.747653446424,47.9972567761,68.5109405518,0.0605802681657,67.8742426209,0.303610520705,-0.00800837301159,0.303610520705,1.35764501988,11038.6975618,11038.6975618,-49.3775633469,11040,-0,0,0,0,0.00401180400454,-0.172922834754,60,0.5,0.75,True,True,True,True,True,True,True,47.9948173802,0.000670449745887,0.272287093048,0.018032477363,0.156778827018,0.00764080228398,0.108178909372,0.00374346246804,0.0798396238403,0.00240483605762,0.0618020676187,0.00158884926441,0.0487444393027,0.00140363868319,0.0399765347819,0.000611494068625,0.0321332574036,0.000274672225121,0.0268838789909,0.000351085935329,0.0227086959331,0.000316288541827,0.019207923137,0.000170342770408,0.0174749629878,0.000293067121851,0.0148934844304,0.000265313257036,0.0125757681565,0.000361288381874,0.0118030670926,5.2819405084e-05,0.0105436978486,0.000212229641641,0.00941245143713,0.000241562661976,0.00840726382444,0.000323492613825,0.00743168503076,0.000133443006886,46875,46875,46874,90,4bde2fac69374a2b09aa0084ae01e7cef5c3bc9e63dfce7daadf1977798aa61c,1444691
transient_T04_selected,transient,selected,T04,56.5685424949,0,230,400,60,0.001,0.0001,0.08,0.1,2e-07,10000,0,1,12,0,0,0,0,False,800,15,18,4,7,1.6e-05,0.34079549108,47.9944234378,0.163562831046,0.340755898012,47.9958022756,68.2561340332,0.0609130055706,67.8736847377,0.303780160312,-0.00856625621645,0.303780160312,1.35764501988,11038.6068307,11038.6068307,-49.4051526097,11040,-0,0,0,0,0.0040811346466,-0.172922834754,60,0.5,0.75,True,True,True,True,True,True,True,47.9944234378,0.000341363737725,0.0588150081779,0.0176161896468,0.0340633989491,0.00719699500259,0.0258940101767,0.00486271299531,0.0884107497091,0.00246775724747,0.0676765085103,0.00155008392605,0.052307932011,0.000962368309425,0.0422103168493,0.000584071284709,0.0342770592505,0.000397970034178,0.0283373756956,0.000153650148122,0.0235311111512,0.000126892855456,0.0199136742809,0.000180826451447,0.0178251684302,0.000163653890443,0.0157045300369,0.000199437198462,0.0129494080405,3.52075289446e-05,0.0119339490631,0.000170868382865,0.010892383628,6.10452213635e-05,0.00985464787393,0.000114453445548,0.00866464798545,0.000126979866994,0.00766572095572,0.000323363916258,46875,46875,46874,90,e5e6f995ef4be25c45aeb519b34c2e3bf7db56b6124984d9b9eb6ced5c765813,1633722
refinement_Q01_initial_2.0e-06,refinement,initial_2.0e-06,Q01,5.65685424949,0,230,400,60,0.001,0.0001,0.08,0.1,2e-07,10000,0,1,12,0,0,0,0,False,800,15,0,8,7,1.6e-05,7.80995445731,3.99394892918,0.311925592417,0.649844984202,4.01998955308,6.33698415756,0.0577715500052,5.64824176447,0.0249212336249,-0.00861248502424,0.0249212336249,0.3,918.59931229,918.59931229,-4.05305385709,920,-0,0,0,0,0.00152775900388,-0.172922834754,60,0.5,0.75,False,True,True,True,True,True,False,3.99394892918,0.00641606951202,0.258906672833,0.0198063359154,0.138076499771,0.00928691364211,0.0820394475583,0.00507927934993,0.050898612526,0.00312333917238,0.0305550588586,0.00180558717981,0.0158205928485,0.000766491474769,0.00749585437926,0.000798459546186,0.00377466179494,0.00108391274196,0.0020331074044,0.00106733260478,0.00240451361431,0.00131061838697,0.00371108936972,0.00104287780941,0.00319394436948,0.00120350257142,0.0022406327345,0.000605905537264,0.00115903976494,0.000793486287919,0.000906545043111,0.00045336874942,0.000948197887026,0.000407867370604,0.00122823571738,0.00053992387206,0.00245794673407,0.000239264249891,0.00251057934735,0.000675974108471,46875,46875,46874,90,417bb6694ccac7a33c5b651dde905484ec0a280ffd813b1bfaf8a3eb23f12fb4,876485
refinement_Q01_initial_1.0e-06,refinement,initial_1.0e-06,Q01,5.65685424949,0,230,400,60,0.001,0.0001,0.08,0.1,2e-07,10000,0,1,12,0,0,0,0,False,800,15,0,8,7,1.6e-05,7.81796894456,3.99440067486,0.312281004282,0.650585425588,4.02034313014,6.33704137802,0.0576885196214,5.64888066136,0.0249153860492,-0.00797358813644,0.0249153860492,0.3,918.703219004,918.703219004,-4.05210283919,920,-0,0,0,0,0.00115428149036,-0.172922834754,60,0.5,0.75,False,True,True,True,True,True,False,3.99440067486,0.00646087162872,0.259486669457,0.0197132496275,0.137381137066,0.00924158432031,0.0827664091196,0.00522178398879,0.0508379230981,0.00300445456177,0.0300300502376,0.00170834292508,0.0167859632101,0.000750174777866,0.00785918481512,0.000763211108693,0.00310915408097,0.00101452824482,0.00234956880333,0.000991730780564,0.00268151161606,0.00138526542572,0.00368939069491,0.0010583802852,0.00312757196459,0.00117269471369,0.00228345016366,0.000614766550126,0.000956747099761,0.000720036909308,0.00083020727246,0.000473604530393,0.000871289586253,0.000443868142223,0.00139181571087,0.000532854632193,0.00252833109223,0.000263622277145,0.00245634402482,0.000689245401734,46875,46875,46874,90,9e6af873b33a83361271d843b8a102757a2620afae3f87e9ca3d1b88721ba521,1309432
refinement_Q01_initial_5.0e-07,refinement,initial_5.0e-07,Q01,5.65685424949,0,230,400,60,0.001,0.0001,0.08,0.1,2e-07,10000,0,1,12,0,0,0,0,False,800,15,0,8,7,1.6e-05,7.81924811182,3.99452778358,0.312342038294,0.650712579779,4.02049270405,6.37086868286,0.0577011047755,5.64906016433,0.0249737328925,-0.00779408515913,0.0249737328925,0.3,918.732412392,918.732412392,-4.06159205237,920,-0,0,0,0,0.00128907984746,-0.172922834754,60,0.5,0.75,False,True,True,True,True,True,False,3.99452778358,0.00651552237006,0.25958303977,0.0196687696354,0.137348057937,0.00924485796642,0.0827452407204,0.00517039130502,0.0509405742519,0.00308032042849,0.0298796404557,0.00170013217411,0.0169699617447,0.000750431369444,0.00764058968125,0.000733102285142,0.00314478438253,0.00100748616499,0.00232117330105,0.000998429470341,0.00279344141719,0.00138760605125,0.00364753687638,0.0010662991725,0.00290420827414,0.00117594353617,0.00243098189497,0.00060970467711,0.0010996648024,0.000718070928398,0.000586092522805,0.000461876968602,0.000951397846319,0.000429915473832,0.00139352306464,0.000535904540471,0.00227951366936,0.000316901372119,0.00220873607753,0.000714596826605,46875,46875,46874,90,c79de877e8b55b92bda1f56767ec1bb45622ccd81e8a38ede69501016d5ffdd1,2166359
long_duration_Q01_initial,long_duration,initial,Q01,5.65685424949,0,230,400,60,0.001,0.0001,0.08,0.1,2e-07,10000,0,1,12,0,0,0,0,False,800,15,0,8,7,1.6e-05,7.80958880544,3.99402210411,0.311916703129,0.649826464853,4.02006121525,6.33733129501,0.0577460347385,5.64834561223,0.0248391033093,-0.00850863726486,0.0248391033093,0.3,918.616201525,918.616201525,-4.03969662938,920,-0,0,0,0,0.00144286193007,-0.172922834754,60,1.25,1.5,False,True,True,True,True,True,False,3.99402210411,0.00644520978749,0.258916932803,0.0197177326994,0.138011318519,0.0092737591029,0.0820910830717,0.00519490850891,0.0508961792109,0.00307313087916,0.0305548046559,0.00176054336154,0.0158553641047,0.000696706294011,0.00747798822652,0.000840826687956,0.00383399217649,0.00107287301466,0.00206718199137,0.00104461053519,0.00245772795196,0.00135860285916,0.00365518593136,0.00105209298799,0.00317908288622,0.00121881412861,0.00226169101289,0.000587814183407,0.00117281183547,0.00076373134185,0.000919316815012,0.00044980958677,0.000926797470787,0.000444148430766,0.00122573681396,0.000552093601467,0.00250680600382,0.00023434720582,0.002514350543,0.000666454875178,93750,93750,93749,180,1e8f57a42df564958c7f0d2cda45732805c146003a7d4bdc1cfcd2ef579c7ca7,871735
refinement_Q01_selected_2.0e-06,refinement,selected_2.0e-06,Q01,5.65685424949,0,230,400,60,0.001,0.0001,0.08,0.1,2e-07,10000,0,1,12,0,0,0,0,False,800,15,18,4,7,1.6e-05,3.16701355525,3.99395606587,0.126489129997,0.263519020827,4.00991141066,6.09956502914,0.0600797720876,5.64825044502,0.0252393060898,-0.00860380446998,0.0252393060898,0.3,918.600724049,918.600724049,-4.10478343236,920,-0,0,0,0,0.00173261280364,-0.172922834754,60,0.5,0.75,True,True,True,True,True,True,True,3.99395606587,0.00456873203572,0.0555752565461,0.0184317447257,0.0336053613258,0.0084817041795,0.0227459696955,0.00601750723734,0.0754257727769,0.00291559993414,0.0510935061671,0.00250575374848,0.0355067313111,0.00103504193262,0.0247319888176,0.00142656357584,0.0188237314509,0.000698024079531,0.0112827166938,0.000667701954049,0.00864958234074,0.000805957169813,0.00465318400729,0.000264028632445,0.00251256823813,0.000925254819394,0.00183096077081,0.000286967049873,0.00148251483162,0.000824903104659,0.00161022258669,0.000426106963603,0.00179988414895,0.000637593595813,0.00164471353244,0.00062622764222,0.00124062379669,0.000467934679576,0.000876117706654,0.000531561267072,46875,46875,46874,90,811d58b864913dbe5b4551bd4ae0225e32180f8b1b09987e249e59e73f227d85,935128
refinement_Q01_selected_1.0e-06,refinement,selected_1.0e-06,Q01,5.65685424949,0,230,400,60,0.001,0.0001,0.08,0.1,2e-07,10000,0,1,12,0,0,0,0,False,800,15,18,4,7,1.6e-05,3.16602019782,3.99435720986,0.126462156037,0.263462825077,4.01018600513,6.10054636002,0.0600514018503,5.64881792063,0.025201971973,-0.00803632885849,0.025201971973,0.3,918.693015195,918.693015195,-4.09871161472,920,-0,0,0,0,0.00203178305516,-0.172922834754,60,0.5,0.75,True,True,True,True,True,True,True,3.99435720986,0.00466095217412,0.0560137821851,0.0184316429005,0.0329877966811,0.00845688594702,0.023312357861,0.00589281058792,0.0753680523774,0.00285177721973,0.0505355800363,0.00253761223668,0.0363803836457,0.00094905386065,0.0250179879003,0.00146509427253,0.0181612295472,0.000583881908065,0.0105035952245,0.000585296869705,0.00809575628784,0.000716242626526,0.00457644266871,0.000287160861581,0.00256901244799,0.000947025730303,0.00182937763753,0.00029427873959,0.00158066930464,0.000853763883868,0.00161300751635,0.000438330208893,0.00186125770231,0.00064554971136,0.00154266393561,0.000578414480754,0.00128603819981,0.000489026668837,0.000931456463501,0.000558249449982,46875,46875,46874,90,3fb197dc51f429eb819c99a73d6d3e16c52f132c5a99d2c7466d38c3e709154e,1368765
refinement_Q01_selected_5.0e-07,refinement,selected_5.0e-07,Q01,5.65685424949,0,230,400,60,0.001,0.0001,0.08,0.1,2e-07,10000,0,1,12,0,0,0,0,False,800,15,18,4,7,1.6e-05,3.16757698077,3.99454542177,0.126530301267,0.263604794305,4.01039587181,6.13490200043,0.0601462310801,5.64908433095,0.0251490566279,-0.00776991854546,0.0251490566279,0.3,918.736342719,918.736342719,-4.09010575086,920,-0,0,0,0,0.00208025953187,-0.172922834754,60,0.5,0.75,True,True,True,True,True,True,True,3.99454542177,0.00462255466051,0.0562068724176,0.0184114719235,0.0329193296623,0.00850462295608,0.0233558359417,0.0059623468693,0.0754059193935,0.00281875814754,0.0503214956475,0.00255619674629,0.0366168464853,0.00104726659748,0.0248232609634,0.00142298563615,0.0182627904048,0.000595218675449,0.010689878429,0.000648034228291,0.00788532175998,0.000744842476532,0.00465735535625,0.000313013808345,0.00281231123269,0.000938048071059,0.00171137693063,0.000298777748913,0.00152200861627,0.000817358232888,0.00156892090449,0.000473874150728,0.00176241790835,0.000650643145609,0.0015061335751,0.000595432494684,0.00138590718281,0.000465414411927,0.0011116063055,0.000549341915162,46875,46875,46874,90,b304a165e2749788229beab5462beea73f4dcad22cbb39e2af231c99181f6dbc,2222623
long_duration_Q01_selected,long_duration,selected,Q01,5.65685424949,0,230,400,60,0.001,0.0001,0.08,0.1,2e-07,10000,0,1,12,0,0,0,0,False,800,15,18,4,7,1.6e-05,3.16539909996,3.99391411336,0.126423321398,0.263381919578,4.00986732033,6.10013198853,0.060063855982,5.64819143932,0.0251665377972,-0.00866281017428,0.0251665377972,0.3,918.591127682,918.591127682,-4.09294879313,920,-0,0,0,0,0.0020204966992,-0.172922834754,60,1.25,1.5,True,True,True,True,True,True,True,3.99391411336,0.00459794401366,0.0555006267151,0.0184503786816,0.0336742541888,0.00843516364627,0.0226910247652,0.00599710392579,0.0753313948558,0.00288025516111,0.0511331496233,0.00251407025913,0.0355077974039,0.00103829921811,0.0247259644033,0.00139970577314,0.0188063938877,0.000738571279711,0.0113205655281,0.000629371324518,0.00865081726423,0.000788932167182,0.00465959951109,0.000247577428014,0.00252220120326,0.00089239476901,0.00183650859823,0.000291580869695,0.00148272566818,0.000852968226314,0.00157371023768,0.000464137195358,0.00181637819139,0.000637465751624,0.00162883770946,0.00060228636054,0.00121960069644,0.000495498732907,0.000888993683647,0.000535991689074,93750,93750,93749,180,5587108e00c333db291cfde04147d8732dc68c6d59f4c9c4d28c0dd0a0df721a,930597
refinement_Q02_initial_2.0e-06,refinement,initial_2.0e-06,Q02,11.313708499,11.313708499,230,400,60,0.001,0.0001,0.08,0.1,2e-07,10000,0,1,12,0,0,0,0,False,800,15,0,8,7,1.6e-05,3.05727488597,11.3095146344,0.345762950642,0.720339480504,11.3198206632,16.9520130157,0.0582207397612,11.2552298833,11.3635400649,-0.0584786156979,0.0498315658657,0.32,1830.48935609,1830.48935609,-1848.10433477,1840,-1840,0,0,0,0.00419908067659,-0.172922834754,60,0.5,0.75,True,True,True,True,True,True,True,11.3095146344,0.0043718028349,0.275182617794,0.0129447604655,0.157208782596,0.0076257285134,0.100658483774,0.00630884509782,0.0653604050565,0.00296271899774,0.0442438864766,0.00104503012722,0.0361146746613,0.00219650672604,0.0245434609462,0.00196994945516,0.0141956486322,0.00123798371026,0.00729881050978,0.000649272612311,0.00640446078552,0.000514809217835,0.00464544588221,0.000286927092139,0.00264114002426,0.000313515483917,0.00443616917072,0.000380117172604,0.00321251608679,0.000553007440804,0.00343695036542,0.000832901332877,0.00690046056521,0.000961141553532,0.00765341720928,0.000886059017154,0.00593674842557,0.00103156729734,0.00500540228171,0.0012118526616,46875,46875,46874,90,2adbf65aab7b6d2d28b06b2cc70e4554da67b493bb09d4b461d8a703c79b1490,869333
refinement_Q02_initial_1.0e-06,refinement,initial_1.0e-06,Q02,11.313708499,11.313708499,230,400,60,0.001,0.0001,0.08,0.1,2e-07,10000,0,1,12,0,0,0,0,False,800,15,0,8,7,1.6e-05,3.05747841494,11.3098053374,0.345794856962,0.720405952004,11.3200639562,16.9830265045,0.0583097394072,11.2557062207,11.3636469063,-0.0580022782636,0.0499384073631,0.32,1830.56682501,1830.56682501,-1848.12171089,1840,-1840,0,0,0,0.00402150267342,-0.172922834754,60,0.5,0.75,True,True,True,True,True,True,True,11.3098053374,0.00429851963675,0.274847608455,0.0128771694819,0.157875297224,0.00752905363648,0.101018684647,0.00631206239678,0.0651348259449,0.00297726232513,0.044457925078,0.00107086136092,0.0353290525474,0.0021777623013,0.0246485168454,0.0020270171445,0.0134940527573,0.00121577160041,0.00752727533303,0.000605322136572,0.00704737945334,0.000566748100872,0.00475752458427,0.000277788978382,0.00269941803375,0.000314251179314,0.00436630392263,0.000405874003437,0.00324435294289,0.000537132717967,0.00336349992741,0.000818724070911,0.00685210668244,0.000938548188101,0.0075340219332,0.000894101005386,0.00581302411129,0.0010569042559,0.00496041110116,0.00120234070167,46875,46875,46874,90,e0a6ea9cd08f73de2acb81e78a357dfb4e3bdd64ecfa7ead3c9adde0cfaa53ca,1306773
refinement_Q02_initial_5.0e-07,refinement,initial_5.0e-07,Q02,11.313708499,11.313708499,230,400,60,0.001,0.0001,0.08,0.1,2e-07,10000,0,1,12,0,0,0,0,False,800,15,0,8,7,1.6e-05,3.05582884945,11.3100061865,0.345614431923,0.720030066505,11.3202628278,17.0329265594,0.0582340129432,11.2560676277,11.363688725,-0.0576408712783,0.0499802260372,0.32,1830.62560228,1830.62560228,-1848.12851205,1840,-1840,0,0,0,0.00399544640391,-0.172922834754,60,0.5,0.75,True,True,True,True,True,True,True,11.3100061865,0.00434676842315,0.274561292568,0.0129690708294,0.157983210837,0.00758882358953,0.101068779287,0.00633163471472,0.0651130852298,0.00298905274708,0.0444601299559,0.00105886933266,0.0351607277788,0.00217295343396,0.0246370712155,0.00203387392085,0.0135628177759,0.00121116204302,0.00747477375479,0.000618793112908,0.00732443006315,0.000544533735254,0.00467868347095,0.000308447282091,0.0026309757066,0.00031040529383,0.0045040151162,0.000389731333567,0.0031555398888,0.000544856166667,0.00340851848306,0.000839326858136,0.00661979202807,0.000962842634724,0.00763161359138,0.000906171137371,0.00552146581053,0.000987711245313,0.00491841633496,0.00117317609781,46875,46875,46874,90,a9fdcc278b594363c2a98ddd94217ec34f1013b65eee6633737a811887b5acdd,2152164
long_duration_Q02_initial,long_duration,initial,Q02,11.313708499,11.313708499,230,400,60,0.001,0.0001,0.08,0.1,2e-07,10000,0,1,12,0,0,0,0,False,800,15,0,8,7,1.6e-05,3.05693089029,11.3095031938,0.345723696669,0.720257701393,11.3198079581,16.95195961,0.0582030415298,11.2552195708,11.3635275066,-0.0584889281672,0.049819007593,0.32,1830.48767892,1830.48767892,-1848.10229236,1840,-1840,0,0,0,0.00435336371504,-0.172922834754,60,1.25,1.5,True,True,True,True,True,True,True,11.3095031938,0.00433555494937,0.275097894266,0.0129646181822,0.157199572043,0.00756302803123,0.10066404605,0.00628139648606,0.0654449482709,0.00300625050429,0.044326624077,0.00105191405524,0.0361545323126,0.00220406251185,0.0245472874303,0.00198809152012,0.0142025096418,0.00124471565641,0.00728969940704,0.000709097850271,0.00643880554775,0.000490131413099,0.00467486740919,0.000278134819254,0.00262252794059,0.000293336603809,0.00444024941556,0.000393949381244,0.00320701043679,0.000549768625661,0.00346073889291,0.00083649434728,0.00686808381577,0.000951807980416,0.00765073897547,0.000896904158762,0.00595356850245,0.00102750157167,0.00500345061734,0.00117779520242,93750,93750,93749,180,466b9d4e22e287a12803d9c1103bde3eed10865ca8ef745f6d31ad425fed2917,864544
refinement_Q02_selected_2.0e-06,refinement,selected_2.0e-06,Q02,11.313708499,11.313708499,230,400,60,0.001,0.0001,0.08,0.1,2e-07,10000,0,1,12,0,0,0,0,False,800,15,18,4,7,1.6e-05,1.21707870129,11.3096646895,0.137647520124,0.286765666924,11.3155273469,16.7186508179,0.0592432402128,11.2548085741,11.3642560135,-0.058899924917,0.0505475145326,0.32,1830.42083665,1830.42083665,-1848.22077277,1840,-1840,0,0,0,0.00100922638259,-0.172922834754,60,0.5,0.75,True,True,True,True,True,True,True,11.3096646895,0.00463384060121,0.0668667346665,0.0134975736875,0.0398717315718,0.00831584505992,0.0245349389921,0.006787141603,0.0761236476069,0.00277698388098,0.0517846316935,0.00114427716079,0.0422902878125,0.00234224291967,0.0304481969284,0.00196278775666,0.0193974056417,0.00107760173323,0.0113245368187,0.00067402317675,0.00946051591373,0.000821621987219,0.00726569333957,0.000549047236006,0.00266783420388,0.000179552761033,0.00153208314112,0.000109629555287,0.00208525833259,0.000184951633664,0.00111103215423,0.000356231219122,0.00451893300176,0.000586465531022,0.00574861560086,0.000598814415678,0.00451866849306,0.000694746086998,0.00378837401375,0.000802312803521,46875,46875,46874,90,25924c60ec5b63c572a3a5c2862c9ed17f02646c83e30443e68c618264e60613,933668
refinement_Q02_selected_1.0e-06,refinement,selected_1.0e-06,Q02,11.313708499,11.313708499,230,400,60,0.001,0.0001,0.08,0.1,2e-07,10000,0,1,12,0,0,0,0,False,800,15,18,4,7,1.6e-05,1.2155111456,11.3100560323,0.137474991647,0.286406232597,11.3158676896,16.7440223694,0.0591835647042,11.2553863367,11.3644627378,-0.058322162259,0.0507542388169,0.32,1830.51480082,1830.51480082,-1848.25439328,1840,-1840,0,0,0,0.00164496396052,-0.172922834754,60,0.5,0.75,True,True,True,True,True,True,True,11.3100560323,0.00453581066469,0.0666598538733,0.0134985297253,0.0403135235532,0.00821905126524,0.0249605198609,0.00686560389921,0.0760389308895,0.00287702568728,0.0519218237025,0.00112033764577,0.041553965457,0.00226148288242,0.0305052313206,0.0020280103783,0.0186639903973,0.00112493340569,0.0113350269608,0.000556370143332,0.010099463378,0.000822980872568,0.00735920142874,0.000583024548343,0.00265812098175,0.00016369770513,0.00153463822401,9.20822979457e-05,0.00199423176269,0.000161757108597,0.00103501557017,0.000343955436252,0.00448429709774,0.000535242558566,0.00560236678778,0.000644614892706,0.0043298354325,0.000703279885433,0.0037388996872,0.000810270980453,46875,46875,46874,90,b5570806c00b1d9ad0d60293768be9a89e9516056cfff80126661a25b6a439de,1369938
refinement_Q02_selected_5.0e-07,refinement,selected_5.0e-07,Q02,11.313708499,11.313708499,230,400,60,0.001,0.0001,0.08,0.1,2e-07,10000,0,1,12,0,0,0,0,False,800,15,18,4,7,1.6e-05,1.21374715309,11.3101706055,0.137276873734,0.285993486946,11.3159844551,16.7945709229,0.0592410148576,11.2556670903,11.3644127258,-0.0580414087169,0.050704226849,0.32,1830.56046105,1830.56046105,-1848.24625961,1840,-1840,0,0,0,0.00173195077303,-0.172922834754,60,0.5,0.75,True,True,True,True,True,True,True,11.3101706055,0.00456369598393,0.0663186629015,0.0135291104773,0.0405171659136,0.00830498314814,0.0250741546039,0.00681404100509,0.0758522095394,0.00276874230436,0.051986450233,0.00112907614541,0.0412919339174,0.00229869114371,0.0305807537338,0.00198666344814,0.018783135938,0.00111530466124,0.0113133597701,0.00057782079528,0.0103724121605,0.000902945507765,0.0073029352161,0.000533431048779,0.0027497876272,0.000214052989007,0.00168160179491,0.000132092507759,0.00199565697295,0.000185913215866,0.00111139959086,0.000363237476999,0.0042460667547,0.000568626101065,0.00570780561605,0.000624809436571,0.00412646186174,0.000678882856248,0.00360218339152,0.000779616712417,46875,46875,46874,90,e0217ffecab5ed65c03476c35dad960971bfa22fd6d956f967b049283114ff49,2214870
long_duration_Q02_selected,long_duration,selected,Q02,11.313708499,11.313708499,230,400,60,0.001,0.0001,0.08,0.1,2e-07,10000,0,1,12,0,0,0,0,False,800,15,18,4,7,1.6e-05,1.21764271868,11.3097519826,0.137712371517,0.286900773994,11.3156152387,16.7186508179,0.0592086569703,11.2549026197,11.3643366211,-0.0588058792952,0.0506281221642,0.32,1830.43613171,1830.43613171,-1848.23388236,1840,-1840,0,0,0,0.00148569932346,-0.172922834754,60,1.25,1.5,True,True,True,True,True,True,True,11.3097519826,0.00455459488646,0.0669998013867,0.0135101780147,0.0398199038567,0.00825264241034,0.0245361688306,0.00686991944705,0.076151682045,0.00280793923359,0.051739836966,0.0012075792666,0.0423349076638,0.00232586626999,0.030446861752,0.00197139320846,0.0194083984488,0.00108617820614,0.0112895625594,0.00064728251562,0.00947197648523,0.000842825178585,0.00729453112866,0.000569796736162,0.00264763900035,0.000155085767431,0.00156653921253,0.000106978123267,0.00211753880411,0.000170893001738,0.00110589536068,0.000330888016854,0.00451567230338,0.000594783194291,0.00578510875274,0.000603399339519,0.00449783245808,0.00070831394296,0.00381261484842,0.00079237802729,93750,93750,93749,180,594fe211e7138692f6ccd9eb3221fea69df7081edbf72effd6a641a0de4fe473,929141
refinement_Q03_initial_2.0e-06,refinement,initial_2.0e-06,Q03,0,67.8822509939,230,400,60,0.001,0.0001,0.08,0.1,2e-07,10000,0,1,12,0,0,0,0,False,800,15,0,8,7,1.6e-05,0.766559986781,48.0008636342,0.367955413929,0.766573779019,48.0035664335,68.2907867432,0.065436993845,-0.309509121806,67.8827667628,-0.309509121806,0.000515768876568,1.35764501988,-50.3368797397,-50.3368797397,-11040.0838818,0,-11040,0,0,0,0.00364342658738,-0.172922834754,60,0.5,0.75,True,True,False,True,True,True,False,48.0008636342,0.00839837343668,0.281736951336,0.0160147839892,0.156131744144,0.00507722072809,0.113841041899,0.0038605344027,0.0773363577416,0.000741522832576,0.0663782021741,0.00183946736856,0.0460291520392,0.000479223555206,0.0425612937814,0.000945542381649,0.0318069064585,0.00054651902074,0.0294405727648,0.000645782164983,0.0217969817538,0.000405398693662,0.0218480322191,0.00059133351086,0.0162458475373,0.000369139341384,0.0162990592545,0.00054641476534,0.0122023200381,0.000166783904807,0.0124187308785,0.000476927357553,0.0102270932234,0.000352026721507,0.00938454625455,0.000345617644702,0.00851062198123,0.000278273553816,0.00759425311222,0.000340346961743,46875,46875,46874,90,387bfe32294a9ce28d5be1af0d9c67cbb76bfb3704f8e6c65703b9c7e1c7cd4d,881978
refinement_Q03_initial_1.0e-06,refinement,initial_1.0e-06,Q03,0,67.8822509939,230,400,60,0.001,0.0001,0.08,0.1,2e-07,10000,0,1,12,0,0,0,0,False,800,15,0,8,7,1.6e-05,0.766314070753,48.0008370675,0.367837168527,0.766327434431,48.0035317871,68.3031616211,0.0654161298317,-0.310501746387,67.8827246582,-0.310501746387,0.000473664266678,1.35764501988,-50.4983148012,-50.4983148012,-11040.0770342,0,-11040,0,0,0,0.00378833384724,-0.172922834754,60,0.5,0.75,True,True,False,True,True,True,False,48.0008370675,0.00841369368224,0.281802370513,0.0161229510845,0.156065185317,0.00502928620607,0.113803080461,0.00388072641866,0.0767958387166,0.000823159479386,0.066072163625,0.00167888568778,0.0464068994087,0.000415683802252,0.0430971420551,0.00107062192438,0.0307085730593,0.000449808287703,0.029914139079,0.000630454794479,0.0214260096138,0.000428473118842,0.0218521694281,0.000599226627449,0.016305532155,0.000410518668927,0.0163621388364,0.000562996324459,0.0121470513302,0.000219849956485,0.0122961582125,0.000451195103035,0.01014904733,0.000349205028526,0.00951213229029,0.00033959267893,0.0086327714247,0.00031088711077,0.00754864698688,0.000338782203857,46875,46875,46874,90,390c697be4bd718f07bfbc7f2105710153a648a6ee2af4f9cbe6710852691916,1307143
refinement_Q03_initial_5.0e-07,refinement,initial_5.0e-07,Q03,0,67.8822509939,230,400,60,0.001,0.0001,0.08,0.1,2e-07,10000,0,1,12,0,0,0,0,False,800,15,0,8,7,1.6e-05,0.766540516432,48.0007937208,0.367945532079,0.766553191831,48.0034882742,68.3094711304,0.0654373275055,-0.310819077803,67.8826619039,-0.310819077803,0.000410909945046,1.35764501988,-50.5499238564,-50.5499238564,-11040.0668282,0,-11040,0,0,0,0.00392138376715,-0.172922834754,60,0.5,0.75,True,True,False,True,True,True,False,48.0007937208,0.00840259699493,0.281878255938,0.0161512205263,0.156168555262,0.00505734690617,0.113886148129,0.00385089029635,0.0768714709332,0.000761471676134,0.0659692126428,0.00174765054537,0.0462388235286,0.000489880679395,0.0429316716561,0.00103996124413,0.0306213911288,0.000433526283984,0.0301130414765,0.000651093044483,0.0217023964899,0.000428812128561,0.021923891792,0.000590664359686,0.0160371159358,0.000390740370188,0.0162391423217,0.000555219971394,0.0124108068964,0.000156156608372,0.0122604956878,0.000484918304483,0.00989749706916,0.000307783517985,0.00990788047093,0.00033287587878,0.00845591097422,0.000291252846947,0.00771277129932,0.000335435672912,46875,46875,46874,90,757b47a86f6bd7d682eae78ba5f031def0005a2bcc98ad40a59afefa3301cf2a,2127738
long_duration_Q03_initial,long_duration,initial,Q03,0,67.8822509939,230,400,60,0.001,0.0001,0.08,0.1,2e-07,10000,0,1,12,0,0,0,0,False,800,15,0,8,7,1.6e-05,0.766367076236,48.0008218506,0.367862494986,0.766380197886,48.0035239742,68.2919235229,0.065457905994,-0.309487047752,67.8827077718,-0.309487047752,0.000456777842658,1.35764501988,-50.3332897355,-50.3332897355,-11040.0742879,0,-11040,0,0,0,0.00365727144463,-0.172922834754,60,1.25,1.5,True,True,False,True,True,True,False,48.0008218506,0.00838876651348,0.28169129425,0.0160589533363,0.15603398429,0.0050784291719,0.113845154063,0.00387253604915,0.0772888187304,0.000785002679605,0.0663989427026,0.00180361358392,0.0460308688697,0.000445032696249,0.0424825676146,0.000971012367903,0.0318233837471,0.000552686828072,0.0294511336677,0.000636392659517,0.0217466725277,0.000416942496573,0.0218043414504,0.000597811255652,0.016270116484,0.000395719802162,0.0162790880331,0.00055156348315,0.0121864329265,0.000198953052357,0.0124153225268,0.000455632467509,0.0102237639414,0.000343933265799,0.00937552701724,0.00035152168583,0.00850395498232,0.000288583859059,0.00758318441567,0.000340662140744,93750,93750,93749,180,6cb53494a72ec086ebe96c76b35464d559e993708789d985ce25b5b57e8417b7,877806
refinement_Q03_selected_2.0e-06,refinement,selected_2.0e-06,Q03,0,67.8822509939,230,400,60,0.001,0.0001,0.08,0.1,2e-07,10000,0,1,12,0,0,0,0,False,800,15,18,4,7,1.6e-05,0.349351403412,48.0009621806,0.167692035029,0.349358406311,48.0025485558,68.0275192261,0.0655063856909,-0.309334232794,67.882906927,-0.309334232794,0.000655933050567,1.35764501988,-50.3084367422,-50.3084367422,-11040.1066774,0,-11040,0,0,0,0.00397079605417,-0.172922834754,60,0.5,0.75,True,True,False,True,True,True,False,48.0009621806,0.0082015936881,0.0651740903725,0.0159986066134,0.0374941051104,0.0054780481221,0.0285350726091,0.00504707820683,0.0859724547041,0.00118417770911,0.0713165594814,0.00210812975362,0.0500597351775,0.000211668449782,0.0448313267657,0.00112422747661,0.0336457031153,0.000636526707922,0.0301330424173,0.000655507680982,0.0228706193931,0.000646241784874,0.0223743964905,0.000642206092939,0.0169484491336,0.000260985665134,0.0163993758487,0.000519775624061,0.0126698265323,0.000309736194474,0.0127139533499,0.000481634936923,0.0104724616473,0.000387244949333,0.00930970916809,0.00027143393393,0.00851251296499,0.00047703860396,0.00774808411703,0.000455883086401,46875,46875,46874,90,476e81d59aff1fc5632126685eb64d03c6bb3eeac0c5ed7a1155abbba4f85c47,943416
refinement_Q03_selected_1.0e-06,refinement,selected_1.0e-06,Q03,0,67.8822509939,230,400,60,0.001,0.0001,0.08,0.1,2e-07,10000,0,1,12,0,0,0,0,False,800,15,18,4,7,1.6e-05,0.349153381928,48.0009569078,0.167596964401,0.349160342502,48.0025362779,68.039024353,0.0655410337922,-0.310308902669,67.8828950215,-0.310308902669,0.000644027637151,1.35764501988,-50.4669517482,-50.4669517482,-11040.1047412,0,-11040,0,0,0,0.0041950185025,-0.172922834754,60,0.5,0.75,True,True,False,True,True,True,False,48.0009569078,0.00816488030499,0.0652806461935,0.016066146284,0.0374415165417,0.00543190734092,0.0286856621135,0.00499471256204,0.0856704559859,0.0013056186115,0.0710197289107,0.00205047652742,0.0504814636778,0.000170359258412,0.0454351441664,0.00122645371456,0.0325804146714,0.000546538829387,0.0305763167003,0.000684711621771,0.0225931850999,0.000615249557353,0.0224297900148,0.000616255789288,0.0169966760078,0.000242895735682,0.016470495263,0.000517402677996,0.012590329358,0.000275404064714,0.0125745730369,0.000494687579687,0.0104132147514,0.00036443801829,0.00940832085717,0.0002810303465,0.00860151780273,0.000482284611064,0.00769948710607,0.00047404106213,46875,46875,46874,90,f73062d7361a3e507d8ae83b850c8017a79b308428fdfeaab2bad8b93570a212,1368197
refinement_Q03_selected_5.0e-07,refinement,selected_5.0e-07,Q03,0,67.8822509939,230,400,60,0.001,0.0001,0.08,0.1,2e-07,10000,0,1,12,0,0,0,0,False,800,15,18,4,7,1.6e-05,0.348964621889,48.0009484739,0.167506328345,0.348971517386,48.0025266716,68.0455474854,0.0655256791653,-0.310651228567,67.8828815284,-0.310651228567,0.00063053453205,1.35764501988,-50.5226257698,-50.5226257698,-11040.1025467,0,-11040,0,0,0,0.00385110293866,-0.172922834754,60,0.5,0.75,True,True,False,True,True,True,False,48.0009484739,0.00805533074735,0.0653067614023,0.0159629903733,0.0374330610698,0.00548903217606,0.0287303390967,0.00498354398946,0.0857260014612,0.00129104318833,0.0709549647471,0.00208666522965,0.0502142233656,0.000266851674319,0.0452166695583,0.00125573078806,0.0325241948537,0.000544322300964,0.0307637211285,0.000679089619207,0.0228992019745,0.000657767496353,0.0224633034476,0.000637137682985,0.016667124661,0.000260291578743,0.0163284988221,0.000542119969023,0.0128536347613,0.000277464135129,0.0125231211968,0.000493516093697,0.0101691205365,0.000383099456437,0.00977893071421,0.000265448830787,0.00845678029734,0.000450477453075,0.00785470855919,0.00045821301592,46875,46875,46874,90,b3c4d0a0369e6b51c9cc038be721ed374b5c77afea556d5c585729f119f938b6,2188081
long_duration_Q03_selected,long_duration,selected,Q03,0,67.8822509939,230,400,60,0.001,0.0001,0.08,0.1,2e-07,10000,0,1,12,0,0,0,0,False,800,15,18,4,7,1.6e-05,0.349257560641,48.0009916928,0.16764709267,0.349264776395,48.0025780604,68.0281677246,0.0656058946465,-0.309389671891,67.8829484113,-0.309389671891,0.000697417405419,1.35764501988,-50.3174530554,-50.3174530554,-11040.1134242,0,-11040,0,0,0,0.00385819375532,-0.172922834754,60,1.25,1.5,True,True,False,True,True,True,False,48.0009916928,0.00814255327063,0.0651338456425,0.0159374052692,0.0374388398584,0.00541447136766,0.0286236206871,0.00510564225236,0.0860191672382,0.0012281753319,0.0712379706277,0.00203972874289,0.0500436414194,0.000227373993437,0.0447920171391,0.00113232839169,0.033667404782,0.000589899142388,0.0301356551063,0.000653772370782,0.0228904668394,0.000633019598317,0.0223202942774,0.000643491002588,0.016927536134,0.000239291090674,0.0164188619179,0.000513986989557,0.0126572798161,0.000312779465308,0.0127003607377,0.000459749868036,0.010503859428,0.000392816552599,0.00933671073812,0.000275098842574,0.00852105866351,0.000461754734881,0.00775878252491,0.000449895206686,93750,93750,93749,180,d5a0e1ce0d0fcc8c7452a148513d44b169f00a01c2a8b0fcd96bc8619465113a,939540
refinement_Q04_initial_2.0e-06,refinement,initial_2.0e-06,Q04,67.8822509939,0,230,400,60,0.001,0.0001,0.08,0.1,2e-07,10000,0,1,12,0,0,0,0,False,800,15,0,8,7,1.6e-05,0.747568512439,47.9948253172,0.358794201672,0.74748792015,47.9972638877,68.5097122192,0.0604045269711,67.8742532214,0.30375004619,-0.00799777246002,0.30375004619,1.35764501988,11038.6992858,11038.6992858,-49.4002550127,11040,-0,0,0,0,0.00322840559894,-0.172922834754,60,0.5,0.75,True,True,True,True,True,True,True,47.9948253172,0.000770295344148,0.272252777486,0.0181221267842,0.156698323747,0.00764460901269,0.108054197832,0.0038458285975,0.0799025521063,0.00238619542944,0.0617581682293,0.00169347408144,0.048746612082,0.00154404828054,0.0399993934659,0.000646226850235,0.0321647633927,0.000272445888297,0.0268236773305,0.000359864082967,0.0226959651134,0.000419813489118,0.0192187174671,0.000199923573736,0.0174823865454,0.000329252377121,0.0149526219686,0.000285331986137,0.0125767462559,0.000374149452966,0.0118193957126,5.93435590964e-05,0.010523746141,0.000217899840873,0.00945016727488,0.000251942105888,0.00844333435006,0.000337120692639,0.00744146896912,0.000158856315829,46875,46875,46874,90,c629873905ff348ccbbc15c932dfe8c69a565fb69d7aa789f1fd55845b1d0b84,888707
refinement_Q04_initial_1.0e-06,refinement,initial_1.0e-06,Q04,67.8822509939,0,230,400,60,0.001,0.0001,0.08,0.1,2e-07,10000,0,1,12,0,0,0,0,False,800,15,0,8,7,1.6e-05,0.748420487824,47.995486201,0.359208051959,0.748350108249,47.9979254137,68.5126342773,0.0603894863984,67.8751876994,0.30378629845,-0.00706329447205,0.30378629845,1.35764501988,11038.8512642,11038.8512642,-49.406150883,11040,-0,0,0,0,0.00384383263055,-0.172922834754,60,0.5,0.75,True,True,True,True,True,True,True,47.995486201,0.000775459434933,0.272887886102,0.0181774414313,0.156208835791,0.00761044090588,0.108232489785,0.00383045406264,0.0800285724151,0.00236213734671,0.0615974156353,0.00176394310022,0.0487760826205,0.00150104555305,0.0398103267255,0.000653541106652,0.0323795441119,0.000309764061606,0.0273852185413,0.00044883998474,0.0231581325866,0.000528814453064,0.0195299401611,0.000209148484774,0.0174535088874,0.00033509117392,0.0149827119059,0.000286538077528,0.0126509745812,0.000379926223478,0.0116591355798,0.000101013062086,0.0105596649632,0.000234925478805,0.00952940808812,0.000263376483775,0.00832747113606,0.00033158669153,0.00743683869494,0.000150256199341,46875,46875,46874,90,0895bcff347c06a737349ed83434af8b599dcc110356c3927fd91f6d3bbc4925,1314382
refinement_Q04_initial_5.0e-07,refinement,initial_5.0e-07,Q04,67.8822509939,0,230,400,60,0.001,0.0001,0.08,0.1,2e-07,10000,0,1,12,0,0,0,0,False,800,15,0,8,7,1.6e-05,0.748288533145,47.9954351904,0.359144337962,0.748217370755,47.9978756436,68.5367889404,0.0605639808663,67.8751156724,0.303760895115,-0.00713532149055,0.303760895115,1.35764501988,11038.8395501,11038.8395501,-49.4020194229,11040,-0,0,0,0,0.00386907535831,-0.172922834754,60,0.5,0.75,True,True,True,True,True,True,True,47.9954351904,0.000691606277056,0.272733591161,0.0178528703007,0.156366902098,0.00744496752402,0.108111347936,0.00364802000971,0.0800876711059,0.0023248638159,0.0617052251162,0.00159242031346,0.0487518145584,0.00128992540218,0.0398115312657,0.000625800164373,0.032453485307,0.000215322989604,0.0273857578252,0.00032421264325,0.023223972904,0.00027387721368,0.0197086474049,0.000217843539772,0.0173216889397,0.000206655391972,0.0148149375637,0.000178823844688,0.0129324762353,0.000226370928683,0.0118341417587,2.97349494463e-05,0.0103174018809,0.000229900991725,0.00929230519957,0.00017408722708,0.00842493833522,0.000226723365766,0.00768386468456,7.68977772868e-05,46875,46875,46874,90,947eca13c8095fe0d25f359be5a8d20f665a4e1df4deffd1e5ecf85057d3acef,2141792
long_duration_Q04_initial,long_duration,initial,Q04,67.8822509939,0,230,400,60,0.001,0.0001,0.08,0.1,2e-07,10000,0,1,12,0,0,0,0,False,800,15,0,8,7,1.6e-05,0.74765763871,47.9948517228,0.358837175093,0.74757744811,47.9972906716,68.508354187,0.060437780601,67.8742909129,0.303672279142,-0.00796008103754,0.303672279142,1.35764501988,11038.7054157,11038.7054157,-49.3876074031,11040,-0,0,0,0,0.00374358639276,-0.172922834754,60,1.25,1.5,True,True,True,True,True,True,True,47.9948517228,0.000756076405371,0.272285773528,0.0180496143413,0.156762093465,0.00765530086373,0.108103377928,0.0038512658472,0.0798598657292,0.00243502561163,0.0617776229503,0.00165842302542,0.0486794781306,0.00146771167877,0.0399770803701,0.000671300178794,0.0321166253607,0.00030113734024,0.0268985470256,0.000364514230189,0.0226871157594,0.000348767885166,0.0192212585481,0.000219991129457,0.0174936689568,0.000325514268668,0.0148883570024,0.000304399696503,0.0125756892579,0.000374771186473,0.011800285994,6.28611033436e-05,0.0105263029273,0.000265676460153,0.00941178099297,0.000222595151668,0.0084214289923,0.000330423467789,0.00743766188911,0.00014756167687,93750,93750,93749,180,258d33b577d0b67cabe282abbb833ce84637553e4aca10b503ee04393a339aa6,883829
refinement_Q04_selected_2.0e-06,refinement,selected_2.0e-06,Q04,67.8822509939,0,230,400,60,0.001,0.0001,0.08,0.1,2e-07,10000,0,1,12,0,0,0,0,False,800,15,18,4,7,1.6e-05,0.340695175804,47.9944779377,0.163514870986,0.340655981221,47.9958566101,68.2565078735,0.0609158006326,67.8737617545,0.303793229769,-0.00848923939928,0.303793229769,1.35764501988,11038.6193563,11038.6193563,-49.4072781551,11040,-0,0,0,0,0.00384015054781,-0.172922834754,60,0.5,0.75,True,True,True,True,True,True,True,47.9944779377,0.000344286601852,0.058864540038,0.0175713128774,0.0340353583168,0.0072273173679,0.025913031224,0.00488064075695,0.0883637097552,0.00253518384161,0.0676531060947,0.00159729854791,0.0522248207015,0.00100450270037,0.0421901487804,0.000619216025905,0.0342858324983,0.000438513651428,0.0283109947089,0.000163932175213,0.0235216072011,0.000124369515695,0.0199144557292,0.000185896975014,0.0178313151986,0.000164012861192,0.0157088315127,0.000203135036922,0.0129760141694,3.0649670041e-05,0.0119454316516,0.000138750352359,0.0109075446651,7.94179296249e-05,0.00987744070812,0.000105439788916,0.00870247888968,0.000128434861028,0.00767587497065,0.000326407074901,46875,46875,46874,90,5da6b27e8398934b1a8ae76a7e93cec404fa54c98e1502fd29126077bb005812,951634
refinement_Q04_selected_1.0e-06,refinement,selected_1.0e-06,Q04,67.8822509939,0,230,400,60,0.001,0.0001,0.08,0.1,2e-07,10000,0,1,12,0,0,0,0,False,800,15,18,4,7,1.6e-05,0.341639629653,47.995167396,0.163970512143,0.341605233632,47.9965451082,68.2586364746,0.0609145479997,67.8747363989,0.303884072395,-0.00751459501473,0.303884072395,1.35764501988,11038.7778671,11038.7778671,-49.4220523056,11040,-0,0,0,0,0.00406230498662,-0.172922834754,60,0.5,0.75,True,True,True,True,True,True,True,47.995167396,0.000386779811448,0.0595584522652,0.0175485689241,0.0335275213356,0.00722636905964,0.0261222518262,0.00489443482351,0.0885435354668,0.00255204020947,0.0674718586501,0.00159720348864,0.0523238821018,0.000970788851367,0.0420882533465,0.000582449733468,0.0344727472459,0.00050030470152,0.0288989568479,0.000230096027578,0.0240181022617,7.88579102192e-05,0.0202607441578,0.000183541193002,0.0178585016323,0.000187516304309,0.0157098133755,0.00019537318407,0.0130373336084,2.77987519337e-05,0.0118054528609,0.000150422786526,0.0109105996059,5.89168209157e-05,0.00993653795073,0.000105723581467,0.00855571090882,0.000130330024165,0.00767511333762,0.000321296776364,46875,46875,46874,90,640a947d4721742f51323f871ee64d26ebf73c0243564853914da549618d7a01,1377220
refinement_Q04_selected_5.0e-07,refinement,selected_5.0e-07,Q04,67.8822509939,0,230,400,60,0.001,0.0001,0.08,0.1,2e-07,10000,0,1,12,0,0,0,0,False,800,15,18,4,7,1.6e-05,0.341584650151,47.9949682835,0.163943444501,0.341548842711,47.9963474631,68.2846450806,0.0609250089985,67.8744545473,0.303942388853,-0.0077964466343,0.303942388853,1.35764501988,11038.7320283,11038.7320283,-49.431536577,11040,-0,0,0,0,0.00412822210416,-0.172922834754,60,0.5,0.75,True,True,True,True,True,True,True,47.9949682835,0.000327832452147,0.0593369586216,0.0175674964631,0.0337342186707,0.0072112287728,0.0259425116693,0.00490699169321,0.0886729295255,0.00251934801011,0.0673877276139,0.00160982900936,0.0523168820189,0.000949952053976,0.0420736805266,0.000603433570397,0.0345558897287,0.000493463080407,0.028771664457,0.000222900229526,0.0240026743743,4.50148380913e-05,0.0204607101298,0.000171206304416,0.0176700436146,0.000193600901733,0.0156479210174,0.000183480872526,0.0132837790627,9.55454615598e-06,0.0119231144882,0.000166655060946,0.0106611993565,6.14845270203e-05,0.00977095216553,9.41494433334e-05,0.00867495216649,0.000131103180637,0.0078736324209,0.000287118815086,46875,46875,46874,90,4ccbf75136821c850c71eee7f8ea82ebabfd6cb8238525aa0b1af1c5e586b959,2204975
long_duration_Q04_selected,long_duration,selected,Q04,67.8822509939,0,230,400,60,0.001,0.0001,0.08,0.1,2e-07,10000,0,1,12,0,0,0,0,False,800,15,18,4,7,1.6e-05,0.340764931498,47.9944498702,0.163548254223,0.340725529632,47.9958286528,68.2563934326,0.0609101130024,67.8737218723,0.303835294951,-0.0085291215623,0.303835294951,1.35764501988,11038.6128701,11038.6128701,-49.4141194074,11040,-0,0,0,0,0.0040726542254,-0.172922834754,60,1.25,1.5,True,True,True,True,True,True,True,47.9944498702,0.000340067368025,0.0588754798886,0.0176437255984,0.0340461591396,0.00720396000908,0.025876761449,0.00487321729488,0.0884145397606,0.00250280392335,0.0676521761138,0.00162441877347,0.052249459934,0.000990343753629,0.0422213488753,0.000577865857215,0.034249063231,0.000415753761726,0.0283255105361,0.000148348153961,0.0235358606313,0.00011600954521,0.0199048800699,0.000176235905347,0.0178543261095,0.000176914557682,0.0156574383018,0.000185708754571,0.0129447267487,1.91312840426e-05,0.0119520330741,0.000136932694103,0.0108730221803,4.91882085746e-05,0.00983476591609,0.000107304231514,0.00865999156685,0.000107337111608,0.0076723424797,0.000327857333065,93750,93750,93749,180,c85260718b6089c0ee37d273c407c83c60463acd65eda9ce37cd56b10f324224,946941
