run_id,group,control_tag,case_id,id_peak_a,iq_peak_a,vac_v,vdc_v,fgrid_hz,lf_h,lg_h,rf_ohm,rg_ohm,dead_s,sensor_hz,sensor_offset_a,sensor_gain,adc_bits,grid_h3,grid_h5,extra_delay_pwm,grid_phase_rad,lf_grid_polarity,bandwidth_design_hz,pll_design_hz,kr_ohm,band_hz,max_harmonic,prediction_s,thd_pct,i1_rms_a,ih_2_40_rms_a,ih_over_rated_pct,current_rms_a,peak_a,dc_a,id_peak_measured_a,iq_peak_measured_a,id_error_peak_a,iq_error_peak_a,dq_tolerance_peak_a,p_w,p1_w,q1_var,p1_target_w,q1_target_var,saturation_fraction,resonator_limit_fraction,integrator_limit_fraction,periodic_rms_a,pll_error_deg,pll_hz,measurement_start_s,measurement_end_s,thd_pass,tracking_pass,rms_pass,peak_pass,saturation_pass,steady_pass,combined_pass,h1_rms_a,h2_rms_a,h3_rms_a,h4_rms_a,h5_rms_a,h6_rms_a,h7_rms_a,h8_rms_a,h9_rms_a,h10_rms_a,h11_rms_a,h12_rms_a,h13_rms_a,h14_rms_a,h15_rms_a,h16_rms_a,h17_rms_a,h18_rms_a,h19_rms_a,h20_rms_a,h21_rms_a,h22_rms_a,h23_rms_a,h24_rms_a,h25_rms_a,h26_rms_a,h27_rms_a,h28_rms_a,h29_rms_a,h30_rms_a,h31_rms_a,h32_rms_a,h33_rms_a,h34_rms_a,h35_rms_a,h36_rms_a,h37_rms_a,h38_rms_a,h39_rms_a,h40_rms_a,pwm_count,control_count,load_count,lf_transition_count,wave_sha256,wave_bytes
doe_N014_C01,doe,C01,N014,5.65685424949,-5.65685424949,230,400,60,0.001,0.0001,0.08,0.1,2e-07,10000,0,1,12,0,0,0,0,False,800,15,6,4,3,1.6e-05,3.73942335786,5.65279188518,0.211381820125,0.440378791928,5.6664462364,8.77806186676,0.0534751842433,5.67339647672,-5.63211191404,0.0165422272243,0.0247423354529,0.3,922.690337841,922.690337841,915.976041168,920,920,0,0,0,0.0034119209121,-0.172922834754,60,0.5,0.75,True,True,True,True,True,True,True,5.65279188518,0.0079154863257,0.126267493281,0.0124587333653,0.13807314547,0.00666634535774,0.0744209138498,0.00662721650843,0.0380393681533,0.00358877107051,0.0146129869725,0.00095892526909,0.00248534716619,0.00090296277046,0.00742164883812,0.00106540328126,0.0135058731603,0.00217111848287,0.0186836444208,0.00299810900027,0.0191680660157,0.00328925893296,0.0177193889088,0.00318144520212,0.0164691041232,0.00334773287354,0.0152225940897,0.00296170034758,0.0120170548369,0.00266230941518,0.00922695635749,0.00195642213379,0.00672290380553,0.00182818495857,0.00492015928926,0.00101486279291,0.00265909629718,0.000431026312712,0.000585300417707,0.000234039349468,46875,46875,46874,90,90486fad6f857d08ade46d1fbead2f83a4797dfe0f3a854d2113870b7ba42e56,934617
doe_N015_C01,doe,C01,N015,5.65685424949,0,230,400,60,0.001,0.0001,0.08,0.1,2e-07,10000,0,1,12,0,0,0,0,False,800,15,6,4,3,1.6e-05,5.53787329454,3.9938098529,0.221172129278,0.460775269329,4.01384601098,6.13830327988,0.058739868665,5.64804504499,0.0249289371681,-0.00880920449932,0.0249289371681,0.3,918.567318905,918.567318905,-4.05430671945,920,-0,0,0,0,0.00131844399215,-0.172922834754,60,0.5,0.75,False,True,True,True,True,True,False,3.9938098529,0.00602290904496,0.120478547623,0.0194006508829,0.143903951722,0.00901254315297,0.0882215068844,0.00491471059633,0.0573194068467,0.00325599823569,0.0367581300296,0.00184830146207,0.0217780977891,0.00101848601868,0.0122566941092,0.000859529423947,0.00783994921762,0.000580900368056,0.00298381155758,0.00107915377899,0.00208190366988,0.000931837662125,0.00266318387285,0.000929788774196,0.00246713721033,0.00111240415942,0.00269769281176,0.000832007886898,0.00205093003822,0.000946696293031,0.00189979734705,0.000584088580607,0.000955257833422,0.000712733621252,0.000754962972155,0.00039657280309,0.00121398373235,0.000443506548288,0.00150110570785,0.000423277651025,46875,46875,46874,90,82d84bc97808869ae9b82391068c92ef69247a6b8aea25badf9c66951399f88f,938391
doe_N016_C01,doe,C01,N016,5.65685424949,5.65685424949,230,400,60,0.001,0.0001,0.08,0.1,2e-07,10000,0,1,12,0,0,0,0,False,800,15,6,4,3,1.6e-05,3.75868903118,5.6527707562,0.212470074371,0.442645988274,5.66668609168,8.79146003723,0.0543157090864,5.62317787486,5.68220952025,-0.0336763746279,0.0253552707595,0.3,914.523057641,914.523057641,-924.123643295,920,-920,0,0,0,0.00336489859578,-0.172922834754,60,0.5,0.75,True,True,True,True,True,True,True,5.6527707562,0.00637078248911,0.127130032234,0.0118733731469,0.138646869194,0.00906005499499,0.075458842838,0.0067517843529,0.03657352257,0.00275126757718,0.0141605523731,0.000506105617414,0.00548829077768,0.000212639465144,0.00681840033123,0.00107251966858,0.0149424869003,0.00255603777051,0.0189459225201,0.00275488267631,0.0172889735017,0.00296034410371,0.0178056558416,0.00307807918531,0.0182711986279,0.0032964562762,0.0155622750303,0.0027624820512,0.00989642474756,0.00264430718806,0.00918442447792,0.00208518988963,0.0086041169173,0.00184088668461,0.00556127438617,0.000857805548559,0.00145140107324,0.000690431315585,0.00105728065846,0.000103599897657,46875,46875,46874,90,d86fc09e0c4b3536b8acb6db612beb54f078dceda291f46c7e4b88c5ed8a3afe,928588
doe_N022_C01,doe,C01,N022,11.313708499,-11.313708499,230,400,60,0.001,0.0001,0.08,0.1,2e-07,10000,0,1,12,0,0,0,0,False,800,15,6,4,3,1.6e-05,2.20988851667,11.3098845495,0.249935839907,0.520699666474,11.3174484328,16.7409133911,0.0569703427242,11.3562815687,-11.2632964081,0.0425730697596,0.0504120909094,0.32,1846.92385245,1846.92385245,1831.80125179,1840,1840,0,0,0,0.00313589158897,-0.172922834754,60,0.5,0.75,True,True,True,True,True,True,True,11.3098845495,0.0050880636194,0.132517136914,0.0143810564123,0.158629418986,0.0071099689474,0.100691250724,0.0061434747747,0.0680695902334,0.00394517784353,0.0471212663355,0.00107983352066,0.0352061302675,0.00191613718847,0.0242478282454,0.001867273624,0.0163073365167,0.00143206167556,0.00959907565139,0.000541526738675,0.0070074017092,0.000691104313288,0.00421312703619,0.000229711310224,0.000441149982079,2.9023729595e-05,0.00255125427374,0.000404535989634,0.00325755112794,0.000398268061384,0.00396659004163,0.00077800559167,0.00493740840446,0.000705090345283,0.0059022029837,0.000977277153941,0.00559998306531,0.000791272666167,0.00483427815983,0.00105575384143,46875,46875,46874,90,f9bb60a1152131b1f264431c71e1d4a28e2a9436a5f3fa8b4a50886650a73fea,941491
doe_N024_C01,doe,C01,N024,11.313708499,0,230,400,60,0.001,0.0001,0.08,0.1,2e-07,10000,0,1,12,0,0,0,0,False,800,15,6,4,3,1.6e-05,3.25063573364,7.99433218324,0.259866618614,0.54138878878,8.00550832558,11.7915153503,0.0612975683191,11.3055823624,0.0500155921871,-0.00812613661111,0.0500155921871,0.3,1838.67840935,1838.67840935,-8.13426381212,1840,-0,0,0,0,0.00204213580734,-0.172922834754,60,0.5,0.75,True,True,True,True,True,True,True,7.99433218324,0.00407877876689,0.124883017426,0.0180743413337,0.157141309877,0.00809391855139,0.106497053973,0.0040521331262,0.0776477114809,0.00301373777269,0.059534128439,0.00195662544392,0.0447584319473,0.00171654248131,0.0357464188013,0.00101478677672,0.029963471508,0.000896276885958,0.0238671892442,0.000524032432404,0.020103969701,0.000475272992664,0.0156186411987,0.000457485005344,0.0128821020238,0.000469904713403,0.0107935941127,0.00046505888057,0.00852127410079,0.00025543051994,0.00673106148947,0.00042636778462,0.00604452629615,0.00021022677249,0.00437286724715,0.000512273871381,0.00412837302303,0.000297829371984,0.00341554035917,0.000493904789969,46875,46875,46874,90,681afd01eb167427b293dea3e00c52836036f078f986dd2a86a2d4a082916f45,951027
doe_N026_C01,doe,C01,N026,11.313708499,11.313708499,230,400,60,0.001,0.0001,0.08,0.1,2e-07,10000,0,1,12,0,0,0,0,False,800,15,6,4,3,1.6e-05,2.21839557436,11.309745199,0.250894886965,0.522697681177,11.3175461037,16.7520141602,0.0583914974166,11.2550789348,11.3641484987,-0.0586295641493,0.0504399997587,0.32,1830.46480665,1830.46480665,-1848.20328715,1840,-1840,0,0,0,0.00477831917841,-0.172922834754,60,0.5,0.75,True,True,True,True,True,True,True,11.309745199,0.00463716369915,0.132718255853,0.0135719388997,0.158935210129,0.00803757806144,0.102475245071,0.00614224903676,0.0665939211697,0.00305343671224,0.0457848266576,0.00118648370222,0.037621347568,0.00236840123184,0.0266467570099,0.00174593140549,0.0156246383176,0.00103215804548,0.00858320144006,0.000580406102178,0.0075386176294,0.000686205944434,0.00537237508965,0.000122827775056,0.00193014607142,0.000146263255699,0.00393771022465,0.000252534772967,0.0030285582964,0.000400332603607,0.00279510159367,0.000781819421655,0.00622472909568,0.000895956966767,0.00725270763711,0.000885056953033,0.00546546535807,0.000901304588659,0.00462069339688,0.00112796310171,46875,46875,46874,90,dece10bf8e81f74aad6e3c1213ca14ac037d726ee99f322203f3a27bfe149454,934038
doe_N030_C01,doe,C01,N030,22.627416998,-22.627416998,230,400,60,0.001,0.0001,0.08,0.1,2e-07,10000,0,1,12,0,0,0,0,False,800,15,6,4,3,1.6e-05,1.1930540358,22.6236589608,0.269912476278,0.562317658912,22.6275880842,32.7138137817,0.0580961659821,22.7200614712,-22.5268439044,0.0926444732201,0.100573093594,0.64,3695.06719311,3695.06719311,3663.64333921,3680,3680,0,0,0,0.00391528016661,-0.172922834754,60,0.5,0.75,True,True,True,True,True,True,True,22.6236589608,0.00217710044486,0.134316105439,0.0158932255309,0.164364435571,0.00684095101806,0.108599508965,0.00534404006821,0.0775628920081,0.00283707444359,0.0585453345048,0.00030830948789,0.0473767268843,0.00130816527032,0.0367208161166,0.0018956577974,0.029043077243,0.00111667335049,0.0226901061762,0.000901404456556,0.0199281683368,0.000975242427806,0.01725813857,0.00104554658485,0.0131085450185,0.000810192781401,0.0109376157771,0.000730147025791,0.00989823288138,0.000769082743088,0.00815859075822,0.000599566934206,0.00640639468732,0.000387956509989,0.00507494875752,0.000479289313024,0.00449012699712,0.000474099284196,0.0040673365895,0.00025653265825,46875,46875,46874,90,a6b9e1b718cad6fe841ddc1c587be72492578bf1833c55efad74a293ac9c4452,940565
doe_N033_C01,doe,C01,N033,22.627416998,0,230,400,60,0.001,0.0001,0.08,0.1,2e-07,10000,0,1,12,0,0,0,0,False,800,15,6,4,3,1.6e-05,1.67480363715,15.9943170712,0.267873404045,0.558069591761,16.0000128983,23.0939693451,0.0620415439563,22.6191525167,0.101472041629,-0.00826448127185,0.101472041629,0.452548339959,3678.65590973,3678.65590973,-16.5028608094,3680,-0,0,0,0,0.00191035924026,-0.172922834754,60,0.5,0.75,True,True,True,True,True,True,True,15.9943170712,0.00240637661861,0.125653418931,0.0173640672727,0.158693102822,0.00730724901688,0.10917062527,0.00374493827706,0.0805639912831,0.00212239602986,0.063281920507,0.00155092906294,0.0486685646256,0.00092106100439,0.0400135099101,0.000544177714905,0.033675149365,0.000397243811014,0.0280718129424,0.000236243825153,0.0236548523038,0.000153358108674,0.0201288045343,0.000110801858522,0.017060611422,0.000244228453659,0.015098133863,0.0001392526964,0.013002976549,0.000116521101759,0.0114789421483,9.02119232699e-05,0.0102761496265,6.21421722084e-05,0.00899842688581,0.000148683154482,0.00824252537331,8.23743301867e-05,0.00751529912909,0.000101639960176,46875,46875,46874,90,c283f4e5c7579996585ee0d1eda65f180e5df96bc658e1aefb1c9f7dd8e566e0,948471
doe_N036_C01,doe,C01,N036,22.627416998,22.627416998,230,400,60,0.001,0.0001,0.08,0.1,2e-07,10000,0,1,12,0,0,0,0,False,800,15,6,4,3,1.6e-05,1.19624777532,22.623958774,0.270638603524,0.563830424009,22.6281166057,32.727722168,0.0611058956523,22.5178338166,22.729588237,-0.109583181334,0.102171239011,0.64,3662.17798756,3662.17798756,-3696.61657447,3680,-3680,0,0,0,0.0018333863294,-0.172922834754,60,0.5,0.75,True,True,True,True,True,True,True,22.623958774,0.00432523627622,0.134668653386,0.0146816702221,0.164150192853,0.00693648247611,0.110464685539,0.00558459657581,0.0768912030567,0.00242015595312,0.057106026148,0.000454721957691,0.0485771980298,0.00138399703482,0.0393199064728,0.00176125086315,0.0292158253617,0.00121170493164,0.0219954585667,0.00102398623564,0.018675486167,0.00116909808663,0.0183837030556,0.00108987271873,0.0134069593091,0.000590622276629,0.00922782123222,0.000678729426818,0.0090334729188,0.000706340968249,0.00939869271525,0.000638788410313,0.0068216043255,0.000315942958815,0.00392786958721,0.000428118218921,0.00324241002108,0.00045931560939,0.00438363646745,0.000407747736726,46875,46875,46874,90,f74687b8e48368679aa08352510b053b969a195bfdefbbd39e01c03bcbffd93d,936390
doe_N014_C02,doe,C02,N014,5.65685424949,-5.65685424949,230,400,60,0.001,0.0001,0.08,0.1,2e-07,10000,0,1,12,0,0,0,0,False,800,15,6,4,5,1.6e-05,3.14760659269,5.65291186482,0.177931426536,0.37069047195,5.66541329164,8.86748695374,0.0534410706283,5.67365845902,-5.63208884813,0.0168042095288,0.024765401361,0.3,922.732945217,922.732945217,915.972289855,920,920,0,0,0,0.00414308750387,-0.172922834754,60,0.5,0.75,True,True,True,True,True,True,True,5.65291186482,0.00767132090964,0.127261872598,0.0119554482765,0.0696736747098,0.00654516534867,0.0788621898083,0.00704376979871,0.0419769567249,0.00361026076069,0.018441466873,0.000911551368008,0.00576072484302,0.000771567421329,0.00477253616962,0.000482980661487,0.0110060021202,0.00168205632955,0.0162240313777,0.00250860236736,0.0171191446564,0.00303710117365,0.0166105207968,0.00279905767223,0.0163049843691,0.00317998376654,0.015880405311,0.00288831248694,0.0127842274777,0.00276404914944,0.0101168537632,0.0022562703367,0.00796903146625,0.0019827471432,0.00633436750711,0.00138151685835,0.00410296303345,0.000898304335198,0.00126090146921,0.000278446894853,46875,46875,46874,90,9d9eb2660470c38561045326de8297d004cff065f3d724062797b4a3946a7cc3,933677
doe_N015_C02,doe,C02,N015,5.65685424949,0,230,400,60,0.001,0.0001,0.08,0.1,2e-07,10000,0,1,12,0,0,0,0,False,800,15,6,4,5,1.6e-05,4.72102047454,3.99395261827,0.188555320852,0.392823585108,4.01232747527,6.24462985992,0.0590051807818,5.64824705107,0.0249055027262,-0.00860719842233,0.0249055027262,0.3,918.600172075,918.600172075,-4.0504954693,920,-0,0,0,0,0.00096925385837,-0.172922834754,60,0.5,0.75,True,True,True,True,True,True,True,3.99395261827,0.0052871857278,0.12139400119,0.0194541306102,0.0690583429898,0.00858027551499,0.093677053023,0.00545341962523,0.0620448469745,0.00284117964926,0.0418004013375,0.00223928711009,0.0258209540478,0.00113208117834,0.0166228378087,0.000820675992311,0.0112571186421,0.00071248897035,0.00609122133934,0.00045311620999,0.0035146386456,0.000882316960333,0.00167174744162,0.000632812872283,0.00206202944534,0.000988714749509,0.00199614048908,0.000779848053628,0.00223848233499,0.000750952338145,0.002239113885,0.000658785830774,0.0016226582939,0.000667051058965,0.00124069269201,0.000631684061615,0.000263659727497,0.000392737960568,0.000459256753555,0.000550092347676,46875,46875,46874,90,1bedf42e6ea6f076001dc1463b8125e5894fa21aebbdcdd055864c16aabde28c,940825
doe_N016_C02,doe,C02,N016,5.65685424949,5.65685424949,230,400,60,0.001,0.0001,0.08,0.1,2e-07,10000,0,1,12,0,0,0,0,False,800,15,6,4,5,1.6e-05,3.1558636676,5.6526627618,0.178390330352,0.371646521566,5.66540976855,8.87407112122,0.0548968779631,5.62330138214,5.68187241699,-0.0335528673531,0.0250181674978,0.3,914.543144192,914.543144192,-924.068818655,920,-920,0,0,0,0.00353737776589,-0.172922834754,60,0.5,0.75,True,True,True,True,True,True,True,5.6526627618,0.00582703617102,0.127731526445,0.0113365725558,0.0696210173666,0.00930492005092,0.0796499506877,0.00692075897307,0.0402865458387,0.00249873441848,0.0177395930776,0.000359113286857,0.00878050680312,0.000482941733579,0.00398645691518,0.000805738935634,0.0126369002289,0.00210166697281,0.0167608225845,0.0023702654669,0.0155387781759,0.0027371917431,0.0163382824902,0.00290879876481,0.0182573719378,0.00328578435847,0.0162155197234,0.00264070279982,0.010835608555,0.00269727478443,0.00978426890002,0.00236671087665,0.0100019966595,0.00202238150059,0.00695284327385,0.00122584084145,0.00297776883212,0.000994685492151,0.00158543966397,0.000516158235623,46875,46875,46874,90,b01c3e6fc42298fd526c828a1c74713a941b51db1cf6e746f85f4672dce413d2,926746
doe_N022_C02,doe,C02,N022,11.313708499,-11.313708499,230,400,60,0.001,0.0001,0.08,0.1,2e-07,10000,0,1,12,0,0,0,0,False,800,15,6,4,5,1.6e-05,1.86393714958,11.3096272929,0.210804344591,0.439175717897,11.316390497,16.8459892273,0.0566914156263,11.3558888145,-11.2631757617,0.0421803155641,0.050532737262,0.32,1846.85997705,1846.85997705,1831.78163053,1840,1840,0,0,0,0.00208592015646,-0.172922834754,60,0.5,0.75,True,True,True,True,True,True,True,11.3096272929,0.00439331428486,0.132854892286,0.0136918742759,0.0785649673339,0.00682129653378,0.102577174636,0.0066610820818,0.0695701400657,0.00371097846404,0.0484309309868,0.00109151543693,0.0364313500786,0.00151797129066,0.0253652530519,0.00217585386835,0.0172670636993,0.00112454260693,0.0107041167473,0.000701830193387,0.0078183438685,0.000515718472033,0.00488186719862,0.000548119662654,0.00124387419955,0.000193952104271,0.00160710208809,0.000205369720067,0.00248467032891,0.000556383543134,0.00329267536656,0.000525144279081,0.00445418723846,0.000739740929493,0.00523042183179,0.000822215685743,0.00505154302449,0.000860819080783,0.00449691808039,0.000961835023162,46875,46875,46874,90,7c86892ff86fec47af73c38f62a85443f0c2735b70fe4dcf8face6dec64f4989,939575
doe_N024_C02,doe,C02,N024,11.313708499,0,230,400,60,0.001,0.0001,0.08,0.1,2e-07,10000,0,1,12,0,0,0,0,False,800,15,6,4,5,1.6e-05,2.78859521515,7.99413145842,0.222923967342,0.464424931963,8.00419433332,11.9066514969,0.0612009183356,11.3052955545,0.0506751853515,-0.0084129444899,0.0506751853515,0.3,1838.63176448,1838.63176448,-8.24153645598,1840,-0,0,0,0,0.00192748701826,-0.172922834754,60,0.5,0.75,True,True,True,True,True,True,True,7.99413145842,0.00359296607144,0.12466226825,0.0179397018369,0.0749147110628,0.00793444438008,0.108686167612,0.00447455289855,0.0795524285501,0.00273646228459,0.0608802615939,0.00207464862708,0.0458309123541,0.00137547128966,0.036695466459,0.00123077082989,0.0308004711118,0.00078531788888,0.0249162422413,0.000698297854178,0.0204690031654,0.000577962922046,0.0161101656139,0.000532146622343,0.0133676334126,0.000525317165275,0.0117868075069,0.000343598952075,0.00917375987435,0.000382336152483,0.0073664400687,0.000281969020404,0.00644132778228,0.000350644457043,0.00536827637363,0.000227525259219,0.00477169649219,0.000444100299276,0.00383151242717,0.000226776839937,46875,46875,46874,90,ae78b5fcf0221bbb0acbc17dcf5d44c0f6f0f820993d6248613f57c55f93ce9a,952995
doe_N026_C02,doe,C02,N026,11.313708499,11.313708499,230,400,60,0.001,0.0001,0.08,0.1,2e-07,10000,0,1,12,0,0,0,0,False,800,15,6,4,5,1.6e-05,1.87117788306,11.3094865643,0.211620611279,0.440876273498,11.3164862701,16.8596363068,0.0584865815081,11.2548528927,11.3638575784,-0.0588556063184,0.0501490794403,0.32,1830.42804438,1830.42804438,-1848.15597345,1840,-1840,0,0,0,0.0022744819956,-0.172922834754,60,0.5,0.75,True,True,True,True,True,True,True,11.3094865643,0.00415082919869,0.132971041464,0.0131754545152,0.0783342571077,0.0083834675396,0.103931626895,0.00649628160731,0.0685939498385,0.0029355784569,0.0474849097059,0.00124244369501,0.0387772543668,0.00211205585783,0.0274196424692,0.00197837509431,0.0168194987368,0.000938090895945,0.00976983737787,0.000730465415055,0.00808284454789,0.000575951883442,0.00572747161982,0.000354197047843,0.00165663628877,0.0002173215141,0.00280690167861,0.000180315761108,0.00238847753894,0.000265492048717,0.00217877886691,0.000609030582444,0.00579919274837,0.000824928565505,0.00664549425194,0.000701970840761,0.00511998025352,0.00083869539572,0.00444702813487,0.00101812240082,46875,46875,46874,90,5a071adac2855a234b83aef286fcf03ed6d8cfb416f3e8be4d52a1b1521c5e51,933105
doe_N030_C02,doe,C02,N030,22.627416998,-22.627416998,230,400,60,0.001,0.0001,0.08,0.1,2e-07,10000,0,1,12,0,0,0,0,False,800,15,6,4,5,1.6e-05,1.02026724696,22.6234255063,0.230819400582,0.480873751212,22.6269212464,32.8303565979,0.0583896982384,22.7204198748,-22.5260134953,0.0930028768173,0.101403502684,0.64,3695.12548192,3695.12548192,3663.50828599,3680,3680,0,0,0,0.00410395886096,-0.172922834754,60,0.5,0.75,True,True,True,True,True,True,True,22.6234255063,0.0020562339535,0.134388488392,0.0153894624105,0.0814482888638,0.00774565578545,0.110238727504,0.00483615433084,0.0788512167307,0.00316282574692,0.0592572956343,0.000571863275969,0.0479022610812,0.00168549765865,0.0368872822522,0.00163793587388,0.0293540689066,0.00105028288536,0.0226923435243,0.000921516672376,0.0205465674402,0.00128458690025,0.0176769671388,0.000916966945711,0.0134425176751,0.000877787343759,0.0110716247355,0.000751082903779,0.0101366041224,0.00100233474763,0.00847514101192,0.00072536518012,0.00649781429019,0.000418301007827,0.00505342845663,0.000503430832609,0.00469521293958,0.000603065715686,0.00439551891965,0.00024783135299,46875,46875,46874,90,0768d0c99834f327c82da14be6d35b70ea0f57b180ee16e3e60b83f2382ef5f7,939927
doe_N033_C02,doe,C02,N033,22.627416998,0,230,400,60,0.001,0.0001,0.08,0.1,2e-07,10000,0,1,12,0,0,0,0,False,800,15,6,4,5,1.6e-05,1.43742302783,15.9939329054,0.229900474637,0.478959322161,15.9990394049,23.2124710083,0.0621741262784,22.6186072542,0.101909001333,-0.0088097438055,0.101909001333,0.452548339959,3678.5672312,3678.5672312,-16.5739255586,3680,-0,0,0,0,0.00273734681024,-0.172922834754,60,0.5,0.75,True,True,True,True,True,True,True,15.9939329054,0.00245316070062,0.125035049435,0.0170511717702,0.0750338898457,0.00779202141646,0.110529359325,0.00391827730872,0.0820498119676,0.00225023642274,0.0636273996201,0.00158011565887,0.0497829860303,0.00110720286739,0.0403027224595,0.000854705622439,0.0343067119939,0.000566129578131,0.0284723399855,0.000238103745908,0.0241630456092,0.000142425063676,0.0200763692011,0.000213858033775,0.0171856156115,8.09994446257e-05,0.0150647228896,0.000240349230175,0.0130957412291,0.000143139670787,0.0113583631415,0.000159450071454,0.0101786547323,0.000126629873769,0.00901513619397,0.000113423235725,0.00840083401297,7.80667395085e-05,0.00739192705413,3.78276637974e-05,46875,46875,46874,90,858b21bffd7b4e20ab5043e6556f2e606636f6010b32d1042e836554871cc363,949066
doe_N036_C02,doe,C02,N036,22.627416998,22.627416998,230,400,60,0.001,0.0001,0.08,0.1,2e-07,10000,0,1,12,0,0,0,0,False,800,15,6,4,5,1.6e-05,1.0234682241,22.6234539301,0.231543862169,0.482383046186,22.6271798767,32.8429336548,0.0616397162534,22.5183469177,22.7280748756,-0.109070080251,0.100657877658,0.64,3662.26143552,3662.26143552,-3696.37044961,3680,-3680,0,0,0,0.00269991787332,-0.172922834754,60,0.5,0.75,True,True,True,True,True,True,True,22.6234539301,0.00394439906689,0.134272280902,0.0142874251853,0.0811554346393,0.00661614307356,0.112334082328,0.00486315927371,0.0787277755182,0.00247088281549,0.0573947463292,0.000544185279056,0.0489036825377,0.00144485193892,0.039494530398,0.0014698329435,0.0299772907043,0.00106053857811,0.0218574264063,0.00112926342331,0.019154810983,0.000959246485441,0.0182813725056,0.000856332362286,0.0140041106312,0.000613648553492,0.00957616409018,0.000802879217912,0.00915551038097,0.000893795549119,0.00921327293194,0.000526696003483,0.00702078148849,0.000173377637843,0.00406471846506,0.000574546109062,0.00354019604767,0.000607817740119,0.00419840591811,0.00033900646025,46875,46875,46874,90,fa89b677ef27383d238e4e45eaa30bd877b2ce7e8a179168664a01867d5398b1,936615
doe_N014_C03,doe,C03,N014,5.65685424949,-5.65685424949,230,400,60,0.001,0.0001,0.08,0.1,2e-07,10000,0,1,12,0,0,0,0,False,800,15,6,4,7,1.6e-05,2.93924019829,5.65284304297,0.166150635065,0.346147156386,5.66499404674,8.8191947937,0.054286060028,5.67364537557,-5.631963875,0.0167911260741,0.0248903744925,0.3,922.730817395,922.730817395,915.951964904,920,920,0,0,0,0.00261098721375,-0.172922834754,60,0.5,0.75,True,True,True,True,True,True,True,5.65284304297,0.00779269305122,0.127903992455,0.0121230465182,0.0703922251751,0.0070230845367,0.0399304138041,0.0067193442628,0.0452281534022,0.00413859832601,0.0211594747207,0.00113043447105,0.00822796799547,0.000594543388557,0.00249117028932,0.000575090340562,0.00932525404826,0.0014599367737,0.0147626206279,0.00244865681362,0.0156026363553,0.00250549568825,0.0154265382222,0.002868108799,0.0158440627874,0.00288532244243,0.015864533582,0.00285448548914,0.0131261171446,0.00258794385853,0.0108328418922,0.00237418129368,0.00897327514128,0.00214244876329,0.00737335888157,0.00166852331136,0.00532252629204,0.00120327701218,0.0024797239142,0.000568481112535,46875,46875,46874,90,920e255f68929e4ae77c2c59012f21edb6fd909ca2d3be77c067f8b558eb50cc,934621
doe_N015_C03,doe,C03,N015,5.65685424949,0,230,400,60,0.001,0.0001,0.08,0.1,2e-07,10000,0,1,12,0,0,0,0,False,800,15,6,4,7,1.6e-05,4.37927879782,3.99406811394,0.174911378084,0.364398704342,4.01183884797,6.18781375885,0.0599382073817,5.64841057683,0.0248626861972,-0.00844367266533,0.0248626861972,0.3,918.626767014,918.626767014,-4.04353202197,920,-0,0,0,0,0.00140210229355,-0.172922834754,60,0.5,0.75,True,True,True,True,True,True,True,3.99406811394,0.00555236113768,0.122242934269,0.0184635203578,0.0699253151378,0.00901292825392,0.0469374997795,0.00488911517968,0.0664861214696,0.00349246025705,0.0453516022585,0.00191200987329,0.0295339437559,0.00172911010614,0.0195951506731,0.000674858537046,0.0141674080015,0.000693003841554,0.00782417387088,0.000725255511355,0.00595174349384,0.000513339921469,0.00218177976512,0.000800219561309,0.00161093487848,0.000553280722606,0.0018243236222,0.000824245381317,0.00172775893272,0.000640427708542,0.00235592202079,0.000704311529226,0.00160489424396,0.000673906060128,0.00185519833191,0.000665213650804,0.000480302144029,0.000578834146381,0.000633788935057,0.000396288086797,46875,46875,46874,90,3b1f62226c00663c03b98e83e69962378ae6bee84e479c8b4ad1be9e7bd7998a,938281
doe_N016_C03,doe,C03,N016,5.65685424949,5.65685424949,230,400,60,0.001,0.0001,0.08,0.1,2e-07,10000,0,1,12,0,0,0,0,False,800,15,6,4,7,1.6e-05,2.93756252039,5.65274261494,0.166052848431,0.345943434231,5.66511962841,8.8433008194,0.0551886853834,5.62327684598,5.68205558359,-0.0335774035103,0.0252013341022,0.3,914.539153765,914.539153765,-924.098607875,920,-920,0,0,0,0.00372593145274,-0.172922834754,60,0.5,0.75,True,True,True,True,True,True,True,5.65274261494,0.00599985853012,0.128229173742,0.0117160989504,0.0701358566291,0.00913884749387,0.0397964800975,0.00694214632822,0.0436428173186,0.00297058625222,0.0205710113631,0.000581456699334,0.0111577977573,0.000896772880883,0.00297216775816,0.000460333567102,0.0108119591969,0.00164537848009,0.0151154216509,0.00234221141207,0.014085398331,0.00242834370629,0.0152327224072,0.00288213513665,0.0175013079389,0.00298168200003,0.016409869123,0.00267235651325,0.011346458808,0.00266496897787,0.0106055205348,0.0024363334706,0.0105344333884,0.00217905609376,0.00803660835141,0.00143381114337,0.00394792535671,0.00127753967054,0.00273251626796,0.000746278762317,46875,46875,46874,90,292949c87782c757500133253a2d0f14614e631ffa385069f886fb75a2535dc3,927708
doe_N022_C03,doe,C03,N022,11.313708499,-11.313708499,230,400,60,0.001,0.0001,0.08,0.1,2e-07,10000,0,1,12,0,0,0,0,False,800,15,6,4,7,1.6e-05,1.70365888784,11.309880379,0.192681782281,0.401420379753,11.3163220896,16.7832660675,0.0571885286765,11.3562096536,-11.2633605411,0.0425011545709,0.0503479578369,0.32,1846.91215656,1846.91215656,1831.81168205,1840,1840,0,0,0,0.00264471303304,-0.172922834754,60,0.5,0.75,True,True,True,True,True,True,True,11.309880379,0.00472040909685,0.133085290039,0.0140266368249,0.0783790250385,0.00720463555723,0.0510074315268,0.00631478063936,0.0713226633173,0.00402162344854,0.0498568299096,0.00107358454569,0.0375243915245,0.00213753499894,0.0265195683458,0.00174945100087,0.0179411247059,0.0014674284045,0.011119695335,0.0006225805805,0.00835383831929,0.000801435346003,0.00586796944113,0.000288950117646,0.0019387724724,0.00023303938453,0.00106697179543,0.00026397682573,0.00173982003584,0.000102059984318,0.00262715100014,0.000613730083329,0.00402184274032,0.0006176719629,0.00486320469695,0.000896194474714,0.00464489237576,0.000628744289779,0.00414654221341,0.00111988524517,46875,46875,46874,90,f0e77775f8363b99c0d8efe9a24287117b544a8d4b7669ea5b04960840f83bb9,939176
doe_N024_C03,doe,C03,N024,11.313708499,0,230,400,60,0.001,0.0001,0.08,0.1,2e-07,10000,0,1,12,0,0,0,0,False,800,15,6,4,7,1.6e-05,2.55124417252,7.99447818051,0.203958658703,0.424913872299,8.00403772561,11.835776329,0.0613366671315,11.3057853691,0.0507931688029,-0.00792312992745,0.0507931688029,0.3,1838.71142525,1838.71142525,-8.26072464265,1840,-0,0,0,0,0.00214382945592,-0.172922834754,60,0.5,0.75,True,True,True,True,True,True,True,7.99447818051,0.00400218557599,0.125230119982,0.0176604811345,0.0743383935547,0.00786773762176,0.0537760860566,0.0044459897982,0.0809432668422,0.00278324944143,0.0625958505602,0.00187679223451,0.0467201945053,0.00168222279891,0.037754804641,0.00108419413161,0.0313537604635,0.000904056102168,0.0255137168349,0.00052611178807,0.0208500562983,0.000580129714469,0.0169349908812,0.000343513698244,0.0141598958139,0.00047074530896,0.0119665718263,0.000304870748236,0.00964801578884,0.000412157440632,0.00829441522728,0.000304481141926,0.00726913702833,0.000345562339291,0.00539698003752,0.000273165734397,0.00525676677907,0.000211061019621,0.00470880911603,0.000362918020315,46875,46875,46874,90,029e5ea14b8d916bddb18e7181714c4c846698d1d12cac884d66efa064e6ecd4,950684
doe_N026_C03,doe,C03,N026,11.313708499,11.313708499,230,400,60,0.001,0.0001,0.08,0.1,2e-07,10000,0,1,12,0,0,0,0,False,800,15,6,4,7,1.6e-05,1.70253742825,11.3099370755,0.192555911823,0.401158149632,11.3165984279,16.802696228,0.0585885592348,11.2550858715,11.3645235417,-0.0586226274431,0.0508150427168,0.32,1830.4659348,1830.4659348,-1848.2642821,1840,-1840,0,0,0,0.00167360171978,-0.172922834754,60,0.5,0.75,True,True,True,True,True,True,True,11.3099370755,0.00482761689022,0.133099303664,0.0133536103395,0.0781165763485,0.00804032409143,0.0512758311906,0.00638288457068,0.0701046214891,0.00317194850023,0.0487479257481,0.0007227897475,0.0394500780419,0.00223182006698,0.0283791593444,0.00170909967032,0.0173789536625,0.00117058538284,0.0105082431163,0.000579796656962,0.00840093316633,0.000761907225339,0.00659727660568,0.000252215912341,0.00198305257836,0.000162910809239,0.00192953105549,0.000139357085422,0.00216453399517,9.32037464585e-05,0.00154486668652,0.000565423677283,0.0051133387729,0.000633904098981,0.00610694515439,0.000778219157643,0.00503516106416,0.000725824369467,0.00415312628108,0.00107806445344,46875,46875,46874,90,a1cda49a7425b9d80ebfff8c596da3edd480357c3bc9a362d7d2a2d3b2b6509f,933817
doe_N030_C03,doe,C03,N030,22.627416998,-22.627416998,230,400,60,0.001,0.0001,0.08,0.1,2e-07,10000,0,1,12,0,0,0,0,False,800,15,6,4,7,1.6e-05,0.934127739682,22.6235426219,0.21133278733,0.440276640271,22.6268466331,32.7486839294,0.0579295347074,22.7204289349,-22.5262396007,0.0930119369103,0.101177397287,0.64,3695.1269554,3695.1269554,3663.54505854,3680,3680,0,0,0,0.00381115419608,-0.172922834754,60,0.5,0.75,True,True,True,True,True,True,True,22.6235426219,0.00184446476317,0.13478410206,0.0152321958327,0.0811336180518,0.00675991550563,0.0545657689964,0.0057484823959,0.080268993545,0.00254854552675,0.0601637871761,0.000492744951139,0.0485886012124,0.00137312710239,0.0375437613293,0.00192146259995,0.0294665803366,0.0010853682621,0.0232898358962,0.000976331550693,0.0207866118771,0.000882449862627,0.0179259236202,0.00110719359384,0.013481971709,0.00068582658245,0.0112399648268,0.000868645347834,0.0102711334432,0.000622023804688,0.0086409288572,0.000703228574738,0.00645813231899,0.000449689382318,0.0052990139288,0.000526013419517,0.00492396661393,0.000443914844156,0.00464639822753,0.000358543392807,46875,46875,46874,90,f6610a9004b41dc72767327973c3e25178326739cc50a380ffc1fcce0273d2fc,939936
doe_N033_C03,doe,C03,N033,22.627416998,0,230,400,60,0.001,0.0001,0.08,0.1,2e-07,10000,0,1,12,0,0,0,0,False,800,15,6,4,7,1.6e-05,1.30708594368,15.9944442926,0.209061133118,0.435544027328,15.9992625593,23.1318092346,0.06152410714,22.6193360603,0.100661058172,-0.00808093766175,0.100661058172,0.452548339959,3678.68576026,3678.68576026,-16.370966872,3680,-0,0,0,0,0.00212951090351,-0.172922834754,60,0.5,0.75,True,True,True,True,True,True,True,15.9944442926,0.00302644886519,0.125186200763,0.0177357449227,0.0745882982406,0.00742862519436,0.0538971940384,0.00436778500627,0.0829191891919,0.00214939352665,0.0642991709062,0.00154928583028,0.0495058803488,0.000953699901827,0.0403960770926,0.000799625406333,0.0340296805,0.000559568063114,0.028473032414,0.000726306753611,0.0239223551877,0.000650330534523,0.0202393373479,0.000580823698544,0.0170976749268,0.000465007081278,0.0151664685005,0.000440234318679,0.0129129587157,0.000136978595726,0.0113397438368,0.000352023466759,0.0100701150863,2.92779767131e-05,0.00890485093981,5.61248113014e-05,0.00804887601766,6.25808174095e-05,0.0071742483886,6.70395357801e-05,46875,46875,46874,90,f06336e8ad5435133bc216e775e9b1958474dc5f809105179bc115c6539bd11c,948121
doe_N036_C03,doe,C03,N036,22.627416998,22.627416998,230,400,60,0.001,0.0001,0.08,0.1,2e-07,10000,0,1,12,0,0,0,0,False,800,15,6,4,7,1.6e-05,0.933107632193,22.6235134363,0.211101730544,0.439795271967,22.6270401212,32.7709579468,0.0613683440527,22.5184209068,22.7281200336,-0.108996091148,0.100703035677,0.64,3662.27346871,3662.27346871,-3696.37779387,3680,-3680,0,0,0,0.00325368368999,-0.172922834754,60,0.5,0.75,True,True,True,True,True,True,True,22.6235134363,0.00444843747048,0.134286395954,0.0140798108649,0.0810027069273,0.00707954993023,0.0554827641528,0.00555318561624,0.080035792271,0.00251285457466,0.0580362091514,0.000697363316208,0.0495720172425,0.0015663981412,0.0404385925202,0.00170364181041,0.0302113527424,0.000812048041408,0.0221068351053,0.000800881764275,0.0192725433701,0.00100852829463,0.0188906686326,0.00106805453252,0.01423874933,0.000466849130955,0.00954302265572,0.000614080517258,0.00910652678378,0.000664035213189,0.00972819933902,0.00082670479614,0.00739550118949,0.000313920569109,0.00424277504178,0.000366653853775,0.00353759521765,0.000481473238786,0.00463010150609,0.000442824175459,46875,46875,46874,90,e84d27105325bc70fd088fbaeec974d5da8bce1f0f51abeb2a9e47aad3105fab,936828
doe_N014_C04,doe,C04,N014,5.65685424949,-5.65685424949,230,400,60,0.001,0.0001,0.08,0.1,2e-07,10000,0,1,12,0,0,0,0,False,800,15,6,8,3,1.6e-05,3.75503761997,5.65275213545,0.21226296925,0.442214519271,5.66643825703,8.78252696991,0.0533428414833,5.6734918723,-5.63193602454,0.0166376228114,0.024918224949,0.3,922.70585246,922.70585246,915.947435458,920,920,0,0,0,0.00392475509962,-0.172922834754,60,0.5,0.75,True,True,True,True,True,True,True,5.65275213545,0.00781656803416,0.126407188885,0.0132689781358,0.138832938735,0.00687251516459,0.0750041301253,0.00664291176331,0.0380849327413,0.00361500288636,0.0143947647163,0.00102363833659,0.00248354032313,0.000919797564347,0.0076199909548,0.00105347908083,0.0137598705866,0.00222707638018,0.0188977129054,0.00298543231821,0.0190482139632,0.00340078561439,0.0177024737631,0.00322479591389,0.0166093665728,0.00331390292427,0.0154145325061,0.00292787732857,0.0119578102643,0.00267252080118,0.00914920964879,0.00200196891296,0.00669010008503,0.00173269124715,0.0049822951318,0.00103669711435,0.002546169561,0.000545923225426,0.000451338176605,0.000237476175115,46875,46875,46874,90,998cb9c1f6ea4ac8ece6617966e1eb5877eb191d751e6f6fc4295294cef1e6fc,934484
doe_N015_C04,doe,C04,N015,5.65685424949,0,230,400,60,0.001,0.0001,0.08,0.1,2e-07,10000,0,1,12,0,0,0,0,False,800,15,6,8,3,1.6e-05,5.5475162281,3.99383479093,0.221558633151,0.461580485731,4.01389474237,6.1379032135,0.0589058838688,5.64808055388,0.0248743125402,-0.00877369561157,0.0248743125402,0.3,918.573093878,918.573093878,-4.04542286714,920,-0,0,0,0,0.00123031757525,-0.172922834754,60,0.5,0.75,False,True,True,True,True,True,False,3.99383479093,0.00608812093161,0.120395346957,0.0196499639208,0.144047446682,0.00911855130786,0.0887028919665,0.0049250848011,0.057840241614,0.0032652712164,0.0367430016492,0.00193284038488,0.0217696805657,0.00113856426442,0.0121465787261,0.00077945074382,0.00766620633706,0.000580983081462,0.00292859195034,0.000887873707123,0.00205821418457,0.000950266467398,0.00271318146483,0.000959320040259,0.00245857538562,0.00103130900327,0.00276462122777,0.00068549085065,0.00202103045039,0.000849875997815,0.00187135545838,0.000532187640804,0.000972884859808,0.000626630053615,0.000652669774482,0.000351938194938,0.00116379063064,0.000352392560022,0.00146081521504,0.000465696895001,46875,46875,46874,90,874e2128cff3557fef992542969ca9324ba366e2798ca3c04af26b36d2b796da,938145
doe_N016_C04,doe,C04,N016,5.65685424949,5.65685424949,230,400,60,0.001,0.0001,0.08,0.1,2e-07,10000,0,1,12,0,0,0,0,False,800,15,6,8,3,1.6e-05,3.76606455187,5.65271602269,0.212884934348,0.443510279892,5.66664718066,8.78693675995,0.0543188543063,5.62327684005,5.68200267921,-0.0335774094434,0.0251484297133,0.3,914.5391528,914.5391528,-924.090003793,920,-920,0,0,0,0.00377491912296,-0.172922834754,60,0.5,0.75,True,True,True,True,True,True,True,5.65271602269,0.00667891824746,0.126967116097,0.0123055413755,0.139084083582,0.00929053759065,0.0756990296881,0.0066048602598,0.0367968940592,0.00286255097026,0.0139346334032,0.000435843239084,0.00539624699876,0.000205325729086,0.0070530436852,0.00118313279255,0.0151211816444,0.00242442535465,0.0192789683835,0.00260968146231,0.017589780331,0.00298029060815,0.0177541102815,0.00317258903603,0.0182980003458,0.00339798440525,0.0156976559852,0.00276630623664,0.00997908736683,0.00257944471147,0.0090335885296,0.00216449317905,0.00852150707776,0.00178177279758,0.00567018114604,0.000758943345768,0.00153397333548,0.000632934271897,0.000966669792661,0.000186231889709,46875,46875,46874,90,400f17a34cd1cf546b1171118ff73ce68c4c392c7c7aae7816435c685f590fca,928207
doe_N022_C04,doe,C04,N022,11.313708499,-11.313708499,230,400,60,0.001,0.0001,0.08,0.1,2e-07,10000,0,1,12,0,0,0,0,False,800,15,6,8,3,1.6e-05,2.21888604887,11.3095431409,0.250945874945,0.522803906136,11.3171285356,16.7421321869,0.056775975321,11.35556181,-11.2633364548,0.0418533109857,0.0503720442198,0.32,1846.8067948,1846.8067948,1831.80776477,1840,1840,0,0,0,0.00269696929653,-0.172922834754,60,0.5,0.75,True,True,True,True,True,True,True,11.3095431409,0.00488229734804,0.132736397578,0.0146496506649,0.159232453655,0.00702961222709,0.101444150373,0.00633334293173,0.0684336035246,0.00384218283133,0.0474070663319,0.000860969644597,0.0353323061724,0.00194121433508,0.0244187546142,0.00189359503601,0.016445135204,0.00138171900575,0.00953514062076,0.000578762782679,0.00691983639933,0.000592151270133,0.00400306360638,0.000326978956773,0.000489708527141,8.20740021941e-05,0.00266064530759,0.000459306582816,0.00321011892635,0.000387363722256,0.00394636871678,0.000782344145808,0.00492298178337,0.000833317829286,0.00598423261979,0.000990270644472,0.00576711238948,0.000876193070867,0.00487156885919,0.00113652784282,46875,46875,46874,90,0ac849b8566df3f02b0927259bd8be17dbb5a6fcc1d84e0e64f87ad5ff45e19b,941543
doe_N024_C04,doe,C04,N024,11.313708499,0,230,400,60,0.001,0.0001,0.08,0.1,2e-07,10000,0,1,12,0,0,0,0,False,800,15,6,8,3,1.6e-05,3.26433575748,7.9945531221,0.260969056215,0.543685533782,8.00576691584,11.7910833359,0.0615198356053,11.3058956431,0.0498292291621,-0.00781285590571,0.0498292291621,0.3,1838.72935962,1838.72935962,-8.10395474362,1840,-0,0,0,0,0.00221709422336,-0.172922834754,60,0.5,0.75,True,True,True,True,True,True,True,7.9945531221,0.00391840413044,0.124829267833,0.0182221769109,0.157921765762,0.00814000622296,0.10724588164,0.0042326218764,0.0781809287165,0.00309592406501,0.0599749881075,0.00157181283685,0.0451022193218,0.00137360283911,0.0358891822393,0.000763838925205,0.0301180132093,0.000795305101996,0.0238274001537,0.000668747256478,0.019869963132,0.000556614317842,0.0156003276995,0.000545861495646,0.0129890639411,0.000402288758011,0.0106848866108,0.000391004857968,0.00852309289599,9.72442817046e-05,0.00677997999442,0.000387320881075,0.00608849692651,0.000235543941508,0.00441712304626,0.000372624312606,0.00418775289045,0.000248394465812,0.00357182779649,0.000351610879272,46875,46875,46874,90,9b737db5c5e6a6473a11cb00e0813c6813508942c91c23fa7c23e4ef751b55dd,951309
doe_N026_C04,doe,C04,N026,11.313708499,11.313708499,230,400,60,0.001,0.0001,0.08,0.1,2e-07,10000,0,1,12,0,0,0,0,False,800,15,6,8,3,1.6e-05,2.22476769254,11.3099527827,0.25162017555,0.524208699063,11.3177720747,16.7519626617,0.0589103155967,11.2552206929,11.3644212808,-0.0584878060977,0.0507127818226,0.32,1830.48786141,1830.48786141,-1848.24765094,1840,-1840,0,0,0,0.0038391329786,-0.172922834754,60,0.5,0.75,True,True,True,True,True,True,True,11.3099527827,0.00426874685991,0.132771860932,0.0138432862458,0.159440762789,0.00785712486122,0.102882164253,0.00615993924773,0.0671950035594,0.00295543154328,0.046266348999,0.00123259041247,0.0376475178696,0.00231218791322,0.0264132283862,0.00155229516583,0.0156210587383,0.000879489570121,0.00859524138853,0.000865954689962,0.00726967557138,0.000724133070168,0.00507421185467,0.000309036176963,0.00168298757731,0.000195913722607,0.00383262797115,0.000213655019647,0.0029375685995,0.000371780400402,0.00287375634128,0.000887907827697,0.00610778104875,0.00094405654293,0.00712234186676,0.000694284287916,0.00556280891091,0.000895500398104,0.00478685457677,0.00135729390679,46875,46875,46874,90,7358ad5eb4e1cea63d0f131bb21549f99893ead5df4d3df966817e7ccc8cdf2f,934599
doe_N030_C04,doe,C04,N030,22.627416998,-22.627416998,230,400,60,0.001,0.0001,0.08,0.1,2e-07,10000,0,1,12,0,0,0,0,False,800,15,6,8,3,1.6e-05,1.20017386399,22.6236787579,0.271523479525,0.565673915678,22.6276274428,32.7139282227,0.0582067531106,22.7199668262,-22.526979125,0.0925498282548,0.10043787298,0.64,3695.05180057,3695.05180057,3663.66533075,3680,3680,0,0,0,0.0042060778301,-0.172922834754,60,0.5,0.75,True,True,True,True,True,True,True,22.6236787579,0.00199119525537,0.134501230566,0.0161160245844,0.165565683663,0.0072397494957,0.109765466012,0.00543300185244,0.0782089835505,0.00268591332066,0.0589511612924,0.000370617738955,0.0474636171382,0.00132335437998,0.0367104907386,0.00159817489801,0.0289807874082,0.00106591254773,0.0225615683892,0.00108846881561,0.0200200203241,0.000909400586736,0.0174079615081,0.000961438918586,0.0132106677897,0.000654290007094,0.0111272432999,0.000797989791508,0.00991482160515,0.000618415998456,0.00827469190864,0.000491576067505,0.00625503960336,0.000322040666757,0.00503183232079,0.000437753791115,0.0043674177722,0.0005189837097,0.00407151352578,0.000253057299233,46875,46875,46874,90,328ee6c0e780a3beef7f8008f1a62775ed21fdc709937d8f15c79b891c80495d,940578
doe_N033_C04,doe,C04,N033,22.627416998,0,230,400,60,0.001,0.0001,0.08,0.1,2e-07,10000,0,1,12,0,0,0,0,False,800,15,6,8,3,1.6e-05,1.6824788222,15.9942957709,0.269100639105,0.560626331469,16.0000128029,23.092206955,0.0622110163092,22.6191228237,0.101376042289,-0.00829417425339,0.101376042289,0.452548339959,3678.65108062,3678.65108062,-16.4872479991,3680,-0,0,0,0,0.00248889753938,-0.172922834754,60,0.5,0.75,True,True,True,True,True,True,True,15.9942957709,0.00260625774907,0.125578898674,0.0180078299104,0.159202606241,0.00732883257513,0.110149544887,0.00385566259748,0.0812090334714,0.00235878557477,0.0637908557635,0.00145247565646,0.0491256378502,0.000886907654326,0.0402764096696,0.000699741333934,0.0338250077927,0.000466472867886,0.028260789125,0.000238798070364,0.0239029042613,0.000245657885575,0.0201816555788,0.000237817391356,0.0170789633965,2.16351279858e-05,0.0151316403103,8.76016096681e-05,0.0131089958414,2.49038621623e-05,0.0115104269231,0.000128558734117,0.0102828453166,6.54491615336e-05,0.00903175255302,7.05504192463e-05,0.00823451648808,8.73315916404e-05,0.00750941565451,0.000124943434981,46875,46875,46874,90,1b7b6587349967fc58caf323d064cb35bc8240e5d40b26a25f97b39cbd33bafb,948624
doe_N036_C04,doe,C04,N036,22.627416998,22.627416998,230,400,60,0.001,0.0001,0.08,0.1,2e-07,10000,0,1,12,0,0,0,0,False,800,15,6,8,3,1.6e-05,1.20407093388,22.6238754415,0.272407508307,0.567515642307,22.6280542483,32.7280502319,0.0610155720175,22.5182642867,22.7289958753,-0.109152711278,0.101578877316,0.64,3662.24799686,3662.24799686,-3696.52023598,3680,-3680,0,0,0,0.00273460985975,-0.172922834754,60,0.5,0.75,True,True,True,True,True,True,True,22.6238754415,0.00440655855923,0.134838420695,0.0153754801967,0.165289154583,0.00691055546964,0.111810334472,0.00525679112275,0.0777254164287,0.00239501750165,0.0574768666595,0.000276213125822,0.0488485831806,0.00157974088724,0.0395802595838,0.00173526659774,0.0292243230825,0.00125496294526,0.0216689296589,0.00102310114669,0.0187169499745,0.00101330938024,0.0185232833638,0.00114665163365,0.0135045336965,0.000738508303836,0.00944478960034,0.000633862952044,0.00908121268222,0.000818787527927,0.00956532534293,0.000585235407583,0.00693111907396,0.000401429644335,0.00381712438941,0.000380578321857,0.00322968155689,0.000447229004349,0.00436191662466,0.000417524132065,46875,46875,46874,90,c63da89558297f0396c96d70b93044667298db48b98252ac4e5a9b405c06ac20,936287
doe_N014_C05,doe,C05,N014,5.65685424949,-5.65685424949,230,400,60,0.001,0.0001,0.08,0.1,2e-07,10000,0,1,12,0,0,0,0,False,800,15,6,8,5,1.6e-05,3.1551850054,5.65285171041,0.178357929544,0.371579019884,5.6653664879,8.86600780487,0.0533864535071,5.67370977747,-5.63191639505,0.0168555279817,0.0249378544435,0.3,922.741291371,922.741291371,915.944243023,920,920,0,0,0,0.00373870584808,-0.172922834754,60,0.5,0.75,True,True,True,True,True,True,True,5.65285171041,0.00724247767975,0.126942742767,0.011809601185,0.0693109465106,0.0061818450102,0.0801314333612,0.00705924286386,0.0425219791135,0.00371936889657,0.0186958343223,0.000993577275357,0.00553256416622,0.000874356540831,0.00483252170833,0.000443128576177,0.0114236118953,0.00183560177723,0.0164382288503,0.00256347683103,0.0173018669733,0.00309629561838,0.0167762852915,0.00286311394602,0.0166184185272,0.0033513000298,0.0159813817358,0.00294706294342,0.0127550366273,0.00277842666243,0.0100994432743,0.00219914206169,0.00791968795152,0.00199919948404,0.00628589652364,0.001355776065,0.00404909876357,0.000807328428708,0.00121673615361,0.000314700869814,46875,46875,46874,90,852f2f00dcbc3525e2ea1fcb996e1f26ec62fceff66dafc05bcc01d18e35860f,933507
doe_N015_C05,doe,C05,N015,5.65685424949,0,230,400,60,0.001,0.0001,0.08,0.1,2e-07,10000,0,1,12,0,0,0,0,False,800,15,6,8,5,1.6e-05,4.73871204552,3.99411069704,0.189269404712,0.394311259817,4.0125181456,6.25008630753,0.0589809572871,5.64847029225,0.0249775490814,-0.00838395724527,0.0249775490814,0.3,918.636478805,918.636478805,-4.06221269655,920,-0,0,0,0,0.00129090989895,-0.172922834754,60,0.5,0.75,True,True,True,True,True,True,True,3.99411069704,0.00511437398808,0.121230551313,0.0194600346107,0.0687169793602,0.00897762358313,0.0950880436388,0.00562249805394,0.0626106060385,0.0030176104383,0.042116890131,0.00228201096293,0.0258304689566,0.00104455148924,0.0166463967426,0.000676982097145,0.0107667112669,0.000897002892096,0.00576641988414,0.000421159012794,0.00327961724081,0.000948027733155,0.00148712054403,0.000667131352705,0.00217094721921,0.000876397330054,0.00210075635672,0.000760487319371,0.00229165702024,0.000709072471164,0.00223773381251,0.00061528571381,0.00160305301891,0.000535511312623,0.00113246167011,0.000590184854938,0.000137042570218,0.000401322179369,0.000481511255751,0.000404556510847,46875,46875,46874,90,82dbbf2e73720d8a07ba9f2c14f9eebdb9c9476651e7d208c15cddb5f502b428,940992
doe_N016_C05,doe,C05,N016,5.65685424949,5.65685424949,230,400,60,0.001,0.0001,0.08,0.1,2e-07,10000,0,1,12,0,0,0,0,False,800,15,6,8,5,1.6e-05,3.16487119491,5.65254542254,0.178895781857,0.372699545535,5.66530618738,8.8767786026,0.0546121761039,5.62296952776,5.68196737035,-0.0338847217368,0.025113120856,0.3,914.489173201,914.489173201,-924.084261352,920,-920,0,0,0,0.00334798327436,-0.172922834754,60,0.5,0.75,True,True,True,True,True,True,True,5.65254542254,0.00607026642041,0.1273944247,0.0117020934067,0.0692534928021,0.0100341220455,0.0806607524281,0.00731718360844,0.0411823430163,0.00254804130568,0.0179671118318,0.000321664435652,0.0085084109618,0.000508590733157,0.0043278800336,0.000982997016347,0.013043425154,0.00219736119822,0.0170753474966,0.00239472257858,0.0158120358006,0.00274262774454,0.0164314787119,0.00294174866377,0.0185325966015,0.0033022260653,0.016386242372,0.00272347147341,0.0108737669627,0.00266724842486,0.00959304795514,0.00235272800234,0.00998305727197,0.00200756969239,0.00688836744244,0.00120962654971,0.00292191838147,0.000977774682463,0.00153869496002,0.000528178759368,46875,46875,46874,90,cd9be7337ccde33dc6ee019aa3d5088beb21fa20523e6954279e571aab366b62,926801
doe_N022_C05,doe,C05,N022,11.313708499,-11.313708499,230,400,60,0.001,0.0001,0.08,0.1,2e-07,10000,0,1,12,0,0,0,0,False,800,15,6,8,5,1.6e-05,1.8731272186,11.309614029,0.211843458696,0.441340538949,11.3163975067,16.8460693359,0.0568030371637,11.3560148105,-11.2630220897,0.0423063114756,0.0506864092515,0.32,1846.88046834,1846.88046834,1831.75663815,1840,1840,0,0,0,0.00248079321077,-0.172922834754,60,0.5,0.75,True,True,True,True,True,True,True,11.309614029,0.00415442432158,0.132499283492,0.0137479496565,0.0783731183769,0.00667141813332,0.104220979093,0.0071679654832,0.070358990135,0.00366993652301,0.0490355998539,0.0012768735568,0.0368376172255,0.00154327937065,0.0256301303843,0.00225363606098,0.0173177460539,0.00121070286598,0.0105676638962,0.000922105159027,0.0077350161314,0.000389296542779,0.00493040916336,0.000420105942667,0.00115488218429,0.000190122272281,0.00183755986603,0.000268275065524,0.00262220499629,0.000488715991192,0.00346640042096,0.000510779158708,0.00463929083387,0.000842261748745,0.0053985848793,0.000725171952822,0.00515574042757,0.000883123284392,0.00457145331347,0.000996451768958,46875,46875,46874,90,87c15d44a1c4d7bbe9367f535d48e7d8531be36a21eb1a2305e9e1c1d2045c29,939555
doe_N024_C05,doe,C05,N024,11.313708499,0,230,400,60,0.001,0.0001,0.08,0.1,2e-07,10000,0,1,12,0,0,0,0,False,800,15,6,8,5,1.6e-05,2.8089281324,7.99410064993,0.224548542088,0.467809462683,8.0042107197,11.9091377258,0.0613934120656,11.3052542487,0.0501674690979,-0.00845425029598,0.0501674690979,0.3,1838.62504673,1838.62504673,-8.15896424664,1840,-0,0,0,0,0.00205183253764,-0.172922834754,60,0.5,0.75,True,True,True,True,True,True,True,7.99410064993,0.00345933091946,0.124516652538,0.0179904940454,0.0745719938051,0.00815477704169,0.110557441025,0.00466619010514,0.0807630797389,0.00250468613167,0.0617928393441,0.00205518010753,0.0462470094138,0.00126144336146,0.0372018864073,0.00108829167845,0.030863604555,0.000618311194689,0.0249950517178,0.000581892722099,0.0205882102594,0.000453018639875,0.0161047796404,0.000439101525138,0.0134836444956,0.000319723795051,0.0118727175538,0.000298122869562,0.00922657824844,0.000273031537059,0.00737067455447,0.000103097434033,0.00648509962957,0.0003222422176,0.00536979538561,0.000185466858865,0.00475092668423,0.000381206855412,0.00384081860698,0.000283545681856,46875,46875,46874,90,03060303610ce9982e01fcb7402880abf1320723af820b0efdd11845225a3a04,953256
doe_N026_C05,doe,C05,N026,11.313708499,11.313708499,230,400,60,0.001,0.0001,0.08,0.1,2e-07,10000,0,1,12,0,0,0,0,False,800,15,6,8,5,1.6e-05,1.88084657824,11.3094645954,0.21271367786,0.443153495543,11.3164844265,16.8645973206,0.0584042555561,11.2550353363,11.3636331536,-0.0586731627106,0.0499246546614,0.32,1830.45771602,1830.45771602,-1848.11947423,1840,-1840,0,0,0,0.00270053372096,-0.172922834754,60,0.5,0.75,True,True,True,True,True,True,True,11.3094645954,0.00459148285816,0.132741118073,0.0134181613428,0.0782408000099,0.00886996098081,0.105261326598,0.00661071919898,0.0696676348047,0.0028553565904,0.0481807258746,0.00122497461366,0.0390672794254,0.00226550543013,0.0274789935073,0.00201133700989,0.0167159479028,0.000982987115514,0.00961503844727,0.000653476860672,0.00798782910052,0.000532332660634,0.00581193560596,0.000350045892949,0.00155881083279,0.000136986109446,0.00301669552042,0.000174210956111,0.00254086784763,0.000357585854542,0.00223211414248,0.000571428623794,0.00594145479703,0.00078763489655,0.00681359961187,0.000751906134377,0.0051971382045,0.000885449012091,0.00449169843763,0.00103860376986,46875,46875,46874,90,0bc2368c09a1ca77f03ae0cea2c26b1b8e6be4d98e459d0916d74961339d11df,932896
doe_N030_C05,doe,C05,N030,22.627416998,-22.627416998,230,400,60,0.001,0.0001,0.08,0.1,2e-07,10000,0,1,12,0,0,0,0,False,800,15,6,8,5,1.6e-05,1.02823917781,22.6231451985,0.232620042185,0.484625087885,22.6266595217,32.8306350708,0.0583773956659,22.7196541954,-22.5262227324,0.0922371973867,0.101194265556,0.64,3695.00095598,3695.00095598,3663.54231518,3680,3680,0,0,0,0.0047324929806,-0.172922834754,60,0.5,0.75,True,True,True,True,True,True,True,22.6231451985,0.00201647232558,0.134255616647,0.0154443081149,0.0815447448481,0.00734979088197,0.112201235106,0.0051166575174,0.08011794223,0.00319751216906,0.0602329019243,0.000625952677996,0.0484484011422,0.00182383626579,0.0372332537575,0.00167263039741,0.0296027690518,0.00111978574835,0.0229940473434,0.00106552031448,0.0205645112689,0.00126056643454,0.0176040391934,0.000895298887138,0.0134620514752,0.00068104973533,0.0111891168667,0.000708801399457,0.0100985211653,0.000857084030195,0.00823026033777,0.000541237806439,0.00640171031338,0.000300476728391,0.00510681716954,0.000435727766336,0.00472759708038,0.000566683945558,0.00424376784466,0.000283750954055,46875,46875,46874,90,c43d915233388a08f2836b1a795781bdc88a0d532672bb1e7088452d3bb0be67,939636
doe_N033_C05,doe,C05,N033,22.627416998,0,230,400,60,0.001,0.0001,0.08,0.1,2e-07,10000,0,1,12,0,0,0,0,False,800,15,6,8,5,1.6e-05,1.44701287367,15.9941220731,0.231437005429,0.482160427977,15.9992493918,23.213602066,0.0619373763984,22.6188754214,0.101766651802,-0.00854157656277,0.101766651802,0.452548339959,3678.61084446,3678.61084446,-16.5507746051,3680,-0,0,0,0,0.00262061604763,-0.172922834754,60,0.5,0.75,True,True,True,True,True,True,True,15.9941220731,0.00261142032269,0.12439205737,0.0175885889795,0.0746390137048,0.00801696766103,0.112039965044,0.00426747945306,0.0834361624903,0.00269064938336,0.0647972284682,0.00188611224495,0.0505849886505,0.00152588650524,0.0411036634942,0.00106553253365,0.0349042395533,0.000690538172449,0.0286216650523,0.000554180667254,0.0242845515972,0.000425702120077,0.0200125368186,0.000226017676694,0.0170620837498,0.000191770639837,0.0148527664239,0.000225820675558,0.0128440112284,2.96427409246e-05,0.011347690432,0.000277852879583,0.0102139432056,0.000184524730159,0.00900515050899,0.000150064784191,0.00840046048256,0.000214704148283,0.00732851228142,0.000193744443608,46875,46875,46874,90,d859884b13d3d27602a8fab212d8a35452bf39d53bf295314db4654a2042ac6b,948794
doe_N036_C05,doe,C05,N036,22.627416998,22.627416998,230,400,60,0.001,0.0001,0.08,0.1,2e-07,10000,0,1,12,0,0,0,0,False,800,15,6,8,5,1.6e-05,1.03140169975,22.6231620807,0.233335678239,0.48611599633,22.6269061354,32.8491249084,0.0615281873496,22.5178928704,22.7279437199,-0.109524127596,0.100526721979,0.64,3662.18759173,3662.18759173,-3696.34911916,3680,-3680,0,0,0,0.00282913505777,-0.172922834754,60,0.5,0.75,True,True,True,True,True,True,True,22.6231620807,0.00403688792923,0.134119638781,0.0144687890843,0.0811797000914,0.00737049428655,0.113879748284,0.00506923583103,0.0800711884638,0.00229273298578,0.0584218982274,0.000410790063761,0.0497310420021,0.00158982859756,0.0399775419212,0.00163136014007,0.0302908567361,0.00113908875763,0.0220828157487,0.00119341698629,0.0194176859165,0.00113633764261,0.0185176813684,0.000894660631674,0.0140080611348,0.000514697675582,0.00948434020928,0.000843247432883,0.00916667344457,0.000965968125783,0.00930758546084,0.000542397832277,0.00704122550605,0.000236507208262,0.00393276766089,0.00068815767991,0.00353104619098,0.000683013222932,0.00434593648938,0.00039961560348,46875,46875,46874,90,6488e17d0e5a348db314919715292043e1364bc483a1926c6f199b344435e5ba,936404
doe_N014_C06,doe,C06,N014,5.65685424949,-5.65685424949,230,400,60,0.001,0.0001,0.08,0.1,2e-07,10000,0,1,12,0,0,0,0,False,800,15,6,8,7,1.6e-05,2.94110014147,5.65289031955,0.166257165185,0.346369094136,5.66504475258,8.82296466827,0.0543018040749,5.67384422529,-5.63185845321,0.016989975795,0.0249957962855,0.3,922.763157232,922.763157232,915.934819677,920,920,0,0,0,0.00373190365803,-0.172922834754,60,0.5,0.75,True,True,True,True,True,True,True,5.65289031955,0.00757561290441,0.127581452006,0.0124899985459,0.0699501672131,0.00688552317203,0.0399454920219,0.00702587624932,0.046342970585,0.0043127927857,0.0217506659599,0.00125079325139,0.00846474390402,0.00073483476565,0.00264353766012,0.000685689398002,0.00964092483166,0.00124010687293,0.0151402587574,0.00249686610701,0.0156529560076,0.00252205088629,0.0155021710747,0.00282675820611,0.0161386789822,0.00291702535753,0.0160975373632,0.00309324915205,0.0132037239242,0.00270110566475,0.0109048583703,0.00241957196301,0.00885411676949,0.00199999863717,0.00721340461222,0.00164254733191,0.00521572420022,0.00116144094095,0.00232336313329,0.000481314272865,46875,46875,46874,90,44af73fa89e2761dfc49442681f19bf6a10320afeced7a470f1d5d6c985537a9,934605
doe_N015_C06,doe,C06,N015,5.65685424949,0,230,400,60,0.001,0.0001,0.08,0.1,2e-07,10000,0,1,12,0,0,0,0,False,800,15,6,8,7,1.6e-05,4.38638226814,3.99426437454,0.175203704267,0.365007717224,4.01204224249,6.18473482132,0.0596222425074,5.64868731939,0.0250470601434,-0.00816693010356,0.0250470601434,0.3,918.671774919,918.671774919,-4.07351759752,920,-0,0,0,0,0.00131492553217,-0.172922834754,60,0.5,0.75,True,True,True,True,True,True,True,3.99426437454,0.00570348599818,0.121928309144,0.0184343291329,0.0692755073214,0.00907669845565,0.0467829343062,0.00499551971607,0.0680746939802,0.00357702868485,0.0460913065216,0.001872059472,0.0296783795953,0.00165348918616,0.0196270843791,0.000714649131631,0.0140845045248,0.000748088281337,0.00762468538192,0.000642561116821,0.005630520537,0.000463959525391,0.00195714184826,0.000896143940246,0.00151148582521,0.000540700701126,0.0019436062911,0.00088053659286,0.00165027153763,0.000587111917005,0.00242386931785,0.000635934156726,0.0016890982244,0.000552201581871,0.00183248320757,0.000521720378529,0.00039528933356,0.000438478431694,0.000679842282135,0.000368063478305,46875,46875,46874,90,9267543dc3dd69d992945eb9b65642f81c1a93b433cf56be2c2c2b069d6a882c,937788
doe_N016_C06,doe,C06,N016,5.65685424949,5.65685424949,230,400,60,0.001,0.0001,0.08,0.1,2e-07,10000,0,1,12,0,0,0,0,False,800,15,6,8,7,1.6e-05,2.93966618654,5.65271555382,0.166170967757,0.346189516161,5.66509588592,8.8398475647,0.0551509702785,5.62308229,5.68219427903,-0.0337719594926,0.0253400295381,0.3,914.507512239,914.507512239,-924.121164546,920,-920,0,0,0,0.00304744727243,-0.172922834754,60,0.5,0.75,True,True,True,True,True,True,True,5.65271555382,0.00636034037608,0.127951709883,0.0118953594576,0.0697405367637,0.00936714706384,0.0396884099385,0.00716912909978,0.0447666132975,0.00297753337986,0.0209107410295,0.000596401154745,0.0111055935398,0.00097103423773,0.00314978155343,0.000632202806974,0.0110242084161,0.00157415337067,0.0154090837233,0.00232557384441,0.0144435056543,0.00228323103965,0.0154122830182,0.00290441181608,0.0176343896553,0.00298699112189,0.0166649596288,0.00279577076523,0.0114617712286,0.00262627670489,0.0106245026749,0.00243055458671,0.010568202306,0.00211391872959,0.00802581984615,0.00143953918405,0.00392211150866,0.00113836864235,0.00264348862627,0.000747408972493,46875,46875,46874,90,fa9da1e3340030bbc2c9fe9c9de72078e88909bb5a54394abd297af686b4ff5a,927319
doe_N022_C06,doe,C06,N022,11.313708499,-11.313708499,230,400,60,0.001,0.0001,0.08,0.1,2e-07,10000,0,1,12,0,0,0,0,False,800,15,6,8,7,1.6e-05,1.7133498415,11.3095971221,0.193772964365,0.403693675761,11.3160575766,16.7780990601,0.0570795242908,11.3556394229,-11.2633666115,0.0419309238732,0.0503418874575,0.32,1846.81941734,1846.81941734,1831.8126693,1840,1840,0,0,0,0.00271167370621,-0.172922834754,60,0.5,0.75,True,True,True,True,True,True,True,11.3095971221,0.00425946537373,0.132919212747,0.0142176085379,0.0781942886048,0.00694784848339,0.0508173336429,0.00693452239944,0.0734042357475,0.00414149311967,0.0511296225025,0.00099351567863,0.0382415384761,0.00176821474592,0.0266085640803,0.00190453838338,0.0181442179383,0.00139745016157,0.0113613096961,0.000704625805598,0.00851957871021,0.000609650260208,0.00566208032922,0.000376111171859,0.00160240484295,0.000145889694001,0.00116831319243,0.000241996660924,0.00174015753762,0.000143238456621,0.00283424670828,0.000570571704766,0.00435881710791,0.000596681395648,0.00501311072532,0.000821775103366,0.00475453157603,0.000593356910067,0.0043169853728,0.0011119224942,46875,46875,46874,90,c83decff5450b518771441bda0ec8ac7f64b445444f47cd998c01d54a5b3fc36,939093
doe_N024_C06,doe,C06,N024,11.313708499,0,230,400,60,0.001,0.0001,0.08,0.1,2e-07,10000,0,1,12,0,0,0,0,False,800,15,6,8,7,1.6e-05,2.56725533144,7.99485429275,0.205248323072,0.427600673066,8.00444984036,11.8339529037,0.0618067125259,11.3063210405,0.0499485089689,-0.00738745847177,0.0499485089689,0.3,1838.79854394,1838.79854394,-8.12335376248,1840,-0,0,0,0,0.00259403613862,-0.172922834754,60,0.5,0.75,True,True,True,True,True,True,True,7.99485429275,0.00352473620834,0.124854121341,0.0173633682717,0.0735749867415,0.00808954753966,0.0537633232564,0.00476521790972,0.0833108853376,0.00303032008361,0.0640061370942,0.00179046097004,0.0473805328438,0.00156678312048,0.0384078236129,0.000842783801429,0.0318160571261,0.000787121820736,0.0258148834607,0.000449356060041,0.0209459788503,0.000629190113408,0.0173025859064,0.000377193230054,0.0144137895705,0.000368155781578,0.0120176369087,0.000370438363098,0.0096411972722,0.000235953167478,0.0082679909746,0.000344239246349,0.007174004421,0.000198594822653,0.005229238349,0.000376212972784,0.00522655320757,0.000170001827343,0.00456081558348,0.000386902439225,46875,46875,46874,90,37b6cefa9e2e043c415a58eee40000792f7bd619a634b4e8f3b85de89b0e9312,950811
doe_N026_C06,doe,C06,N026,11.313708499,11.313708499,230,400,60,0.001,0.0001,0.08,0.1,2e-07,10000,0,1,12,0,0,0,0,False,800,15,6,8,7,1.6e-05,1.71278111043,11.3098876835,0.193713619854,0.403570041363,11.3165716981,16.7981262207,0.0591144377296,11.2550673589,11.3644435663,-0.0586411400449,0.0507350673636,0.32,1830.46292401,1830.46292401,-1848.25127534,1840,-1840,0,0,0,0.00304383272307,-0.172922834754,60,0.5,0.75,True,True,True,True,True,True,True,11.3098876835,0.00458311050473,0.133175856439,0.0134869918345,0.0774287527597,0.00794167407462,0.0514493041109,0.00630225920254,0.0722573454852,0.00306259644532,0.0501229365899,0.00121098755434,0.0399289859718,0.00257589100561,0.0289032930132,0.0016971178953,0.0174354127872,0.00113999719866,0.010388788339,0.000769306038184,0.00818315282247,0.000968505549208,0.00646825508119,0.000179719911953,0.00177210301406,0.000100100549144,0.00211295346753,0.000269776812473,0.00244714974244,0.000219441417482,0.00173578208275,0.000707635140353,0.00542074743211,0.000734226744103,0.00634793911921,0.000733532103576,0.00513481756523,0.000679471100599,0.00427116555065,0.00102597600758,46875,46875,46874,90,5836908dad56cccfeaca46074ebc136a7376ae729ea712ceb1dfc39f9d2987e7,933279
doe_N030_C06,doe,C06,N030,22.627416998,-22.627416998,230,400,60,0.001,0.0001,0.08,0.1,2e-07,10000,0,1,12,0,0,0,0,False,800,15,6,8,7,1.6e-05,0.940886950627,22.6233673464,0.212860311155,0.443458981572,22.6266872586,32.7433509827,0.0585016667207,22.7202848323,-22.5260328802,0.09286783434,0.101384117799,0.64,3695.10351935,3695.10351935,3663.51143864,3680,3680,0,0,0,0.00435838155658,-0.172922834754,60,0.5,0.75,True,True,True,True,True,True,True,22.6233673464,0.00188659765305,0.134293887521,0.0151110229534,0.0812224524819,0.00712572678842,0.0547119487827,0.00550736371301,0.0825422182542,0.00316076738664,0.0615654052767,0.000810940490154,0.0495930754221,0.0015795539448,0.0382237138428,0.00178091549387,0.0299293158842,0.00109689338235,0.0235747193737,0.00103523378987,0.021053993989,0.00120998458225,0.0180547418952,0.0010959654458,0.0136203474691,0.000577587063271,0.0112202892531,0.0009030061989,0.0102723158503,0.000886181390105,0.00852424634654,0.00070718605078,0.00642173943607,0.000376750021962,0.00516307700351,0.000490163950046,0.00486754981183,0.000497139169313,0.00454628401436,0.000428817681481,46875,46875,46874,90,8c95a30e26180eef3d68284107b3851839c2a2aeadee41bd86be9c98377f6247,940195
doe_N033_C06,doe,C06,N033,22.627416998,0,230,400,60,0.001,0.0001,0.08,0.1,2e-07,10000,0,1,12,0,0,0,0,False,800,15,6,8,7,1.6e-05,1.31717849553,15.9944038734,0.210674848308,0.438905933976,15.9992453083,23.1274337769,0.0619313509231,22.6192797553,0.100468323433,-0.00813724269681,0.100468323433,0.452548339959,3678.67660312,3678.67660312,-16.3396215427,3680,-0,0,0,0,0.00271459138825,-0.172922834754,60,0.5,0.75,True,True,True,True,True,True,True,15.9944038734,0.00279835344121,0.124676986916,0.0176500745213,0.0743871562954,0.00725043830807,0.0536764265038,0.00422063338091,0.0853683665941,0.00191243170962,0.065880625821,0.00130496631377,0.0506249342351,0.00054806250077,0.0410200731308,0.000584564325013,0.0344978791783,0.000501262194979,0.0287238269753,0.000393318570544,0.0241890588914,0.000325295523844,0.0202663250013,0.000347808133542,0.0173032646561,0.000122731292799,0.0151733061772,0.000148066546949,0.0130779504135,7.51854443067e-05,0.011510816698,3.32331240629e-05,0.010329844241,0.000144269066599,0.00910628766732,4.73383176846e-05,0.00818694012205,0.00017449984461,0.00735473151088,9.04732995431e-05,46875,46875,46874,90,f8c1d8835619344632cf1d7239b03085d63dab5fcd3a5dc5416443837abfe9f9,948084
doe_N036_C06,doe,C06,N036,22.627416998,22.627416998,230,400,60,0.001,0.0001,0.08,0.1,2e-07,10000,0,1,12,0,0,0,0,False,800,15,6,8,7,1.6e-05,0.939720538014,22.623661149,0.212599190268,0.442914979724,22.62720233,32.77003479,0.061581900788,22.5183740792,22.7284604933,-0.109042918726,0.101043495327,0.64,3662.26585293,3662.26585293,-3696.43316437,3680,-3680,0,0,0,0.00325694266217,-0.172922834754,60,0.5,0.75,True,True,True,True,True,True,True,22.623661149,0.00420283024186,0.133977044525,0.0139576338245,0.080612496439,0.00684296031625,0.055269550148,0.00545858086329,0.0825710922176,0.00252184979237,0.0597957059268,0.000698336466413,0.0505646490298,0.0015567285307,0.0409031462347,0.0018548534044,0.0307181404918,0.00109977150887,0.0225585647184,0.00101433597244,0.019557883372,0.00115305006694,0.018849734114,0.001017572728,0.0142427598726,0.000393873090076,0.00971997485852,0.000798525461616,0.00909285613564,0.00078175025673,0.00947104669389,0.000684973780323,0.00725779677587,0.000187603891591,0.00420614760272,0.000466426106237,0.00361208892604,0.000648306935136,0.00441265102552,0.000476676067503,46875,46875,46874,90,730cce45aaf7d7acca98eb8b2316f3f7d306d7707112535eb1e7ab0b46442415,936290
doe_N014_C07,doe,C07,N014,5.65685424949,-5.65685424949,230,400,60,0.001,0.0001,0.08,0.1,2e-07,10000,0,1,12,0,0,0,0,False,800,15,6,16,3,1.6e-05,3.75391071759,5.65258383851,0.212192950534,0.442068646946,5.66626456087,8.7937297821,0.0530281293171,5.67327737905,-5.63181426213,0.0164231295561,0.0250399873669,0.3,922.670968444,922.670968444,915.92763268,920,920,0,0,0,0.0033918309561,-0.172922834754,60,0.5,0.75,True,True,True,True,True,True,True,5.65258383851,0.00717162714205,0.126458082728,0.014167814916,0.137933273041,0.00680527506043,0.0758217842166,0.00695288367934,0.0385352749093,0.00376851257532,0.0146747335997,0.00110859686555,0.00245792575316,0.00112921651832,0.00779334760673,0.00104420460116,0.0137620411667,0.00242251809699,0.0189843372394,0.0029225070396,0.0191039587467,0.00355349356576,0.0178698737965,0.00323737447036,0.0167081412753,0.0034962576841,0.0155054494328,0.0029765341214,0.0119691532341,0.00283531817563,0.0091286461631,0.00209676946013,0.00659184151622,0.00170092008997,0.00479262124877,0.0010186623582,0.00241648034697,0.000461824076768,0.000462875921261,0.000214571488112,46875,46875,46874,90,1dd1675ea0ca2ce034c64990c927aa57c842a3dda03ae308e280009ad38d13a5,933537
doe_N015_C07,doe,C07,N015,5.65685424949,0,230,400,60,0.001,0.0001,0.08,0.1,2e-07,10000,0,1,12,0,0,0,0,False,800,15,6,16,3,1.6e-05,5.5446598457,3.99382697456,0.221444120565,0.461341917843,4.01388290843,6.13829040527,0.0590313944547,5.64807024248,0.0247050875891,-0.0087840070089,0.0247050875891,0.3,918.571416888,918.571416888,-4.01790104173,920,-0,0,0,0,0.00110374239778,-0.172922834754,60,0.5,0.75,False,True,True,True,True,True,False,3.99382697456,0.00576473085296,0.120423331221,0.0199134588624,0.142960735948,0.00930212916531,0.0897173644195,0.00510671029951,0.058219214627,0.00300115290858,0.0369831105524,0.00202997415664,0.0218297628925,0.000787212882126,0.0122475062584,0.000706262428655,0.00745170832035,0.000709758763004,0.00275168576087,0.000782363324778,0.00185485663721,0.00106325619859,0.00292904599911,0.000707304238193,0.00266867278538,0.00105829544386,0.00282029921309,0.000693255868586,0.00219810096577,0.000842645034215,0.00181294569855,0.000552373476211,0.000760825598614,0.000517898428965,0.000537903455606,0.000523561148367,0.000964116891627,0.000178429955754,0.00139677773516,0.000586113418112,46875,46875,46874,90,9a1ffb1ad10dce735e15b9ce3a03f540d5cc6bebaa62d93c7b8ecfa70129c42a,938108
doe_N016_C07,doe,C07,N016,5.65685424949,5.65685424949,230,400,60,0.001,0.0001,0.08,0.1,2e-07,10000,0,1,12,0,0,0,0,False,800,15,6,16,3,1.6e-05,3.7574260282,5.65246898037,0.212387340704,0.442473626467,5.66638018663,8.78431797028,0.0541069079707,5.62332325134,5.68146519474,-0.0335309981568,0.0246109452427,0.3,914.546700879,914.546700879,-924.002590243,920,-920,0,0,0,0.0025070552119,-0.172922834754,60,0.5,0.75,True,True,True,True,True,True,True,5.65246898037,0.00662350330958,0.126935607604,0.0132134001574,0.137708086109,0.00952947470366,0.0761972753871,0.00709037171606,0.0372771455276,0.00266126324831,0.0140885528272,0.000295741438524,0.00518382827877,0.000217993379544,0.00702926749517,0.00112660961424,0.015187861316,0.00255379072883,0.0195464158646,0.0028212718512,0.0177864479386,0.00322245551222,0.0177215758023,0.00325074866815,0.0184631103251,0.00335777949764,0.0158761601136,0.0028142954484,0.0102854057249,0.00261145708408,0.00872834771228,0.00219740158023,0.00844359642869,0.00170380525289,0.00556129844915,0.000919845188834,0.00149430697122,0.00058366000267,0.000954886123961,0.000100171400093,46875,46875,46874,90,1706816e73fd5372abbd42331de301f3ab5ba55d8474b6db8e8f2ebcf9e04e11,927201
doe_N022_C07,doe,C07,N022,11.313708499,-11.313708499,230,400,60,0.001,0.0001,0.08,0.1,2e-07,10000,0,1,12,0,0,0,0,False,800,15,6,16,3,1.6e-05,2.21871944244,11.3097460131,0.250931533684,0.522774028508,11.3173311654,16.7494831085,0.0568439621163,11.3557028714,-11.2636016469,0.041994372423,0.0501068521078,0.32,1846.82973627,1846.82973627,1831.85089417,1840,1840,0,0,0,0.00300285599277,-0.172922834754,60,0.5,0.75,True,True,True,True,True,True,True,11.3097460131,0.00437254470102,0.132577541077,0.0157035647008,0.158203967281,0.00689197939741,0.102281663266,0.00662195566078,0.0692269788504,0.00388331555443,0.0478668159226,0.00120306097036,0.035416294042,0.00194647408308,0.0243109524508,0.00183993387558,0.0164569779874,0.00136923226112,0.00940996159389,0.000521309786889,0.00692586774283,0.000662722099457,0.00392971871799,0.000287687864051,0.000455900778813,6.10470751271e-05,0.00265687359084,0.000456198313544,0.00327671757733,0.000491088524562,0.00418056506079,0.000765954778417,0.00519986837671,0.000970206605263,0.00615435388318,0.00103717236569,0.00581452774807,0.000955576546538,0.00501178230166,0.00115348066251,46875,46875,46874,90,6436ec0a2ba66445083f88b11b7739a487c5853db1de62cd8fe87d84fa907cd3,940479
doe_N024_C07,doe,C07,N024,11.313708499,0,230,400,60,0.001,0.0001,0.08,0.1,2e-07,10000,0,1,12,0,0,0,0,False,800,15,6,16,3,1.6e-05,3.26988939779,7.99411539662,0.261398731801,0.544580691253,8.00534524873,11.7933111191,0.0616265194437,11.3052742289,0.0503642601351,-0.00843427009698,0.0503642601351,0.3,1838.6282962,1838.6282962,-8.19096927033,1840,-0,0,0,0,0.00183009909047,-0.172922834754,60,0.5,0.75,True,True,True,True,True,True,True,7.99411539662,0.0039843001365,0.124726506563,0.0186676727627,0.156651574788,0.00806944198633,0.108534807297,0.00414488991404,0.0798316588198,0.00296154304413,0.0607167818694,0.00173620345932,0.0456120104484,0.00162826200397,0.0360493053315,0.000849454457893,0.0300559107461,0.000734083248326,0.0235913969885,0.000458531085059,0.019673136069,0.000201364721967,0.0152245252667,0.000287985195704,0.0126008761839,0.000171026159517,0.0105318958575,0.000351744918028,0.00845136900094,2.85744583511e-05,0.00669745530588,0.000188941057052,0.00598799127794,0.000187253473375,0.00439560524929,0.000283709799785,0.00412954741782,0.000303208106865,0.00364877453656,0.000327124973225,46875,46875,46874,90,eecbd6b7517e0522c4e090cb93a8169208a3ca75d801a3b3b49963e6d7df148f,950281
doe_N026_C07,doe,C07,N026,11.313708499,11.313708499,230,400,60,0.001,0.0001,0.08,0.1,2e-07,10000,0,1,12,0,0,0,0,False,800,15,6,16,3,1.6e-05,2.22393215268,11.3095992375,0.251517813783,0.523995445381,11.3174164173,16.750825882,0.0589274189298,11.2548017048,11.3641325412,-0.0589067942147,0.0504240421789,0.32,1830.41971946,1830.41971946,-1848.2006919,1840,-1840,0,0,0,0.00370836053886,-0.172922834754,60,0.5,0.75,True,True,True,True,True,True,True,11.3095992375,0.0045948707837,0.132911699991,0.0146539369811,0.157957453156,0.00812158199201,0.103610030955,0.0061119643736,0.0681765917319,0.00286486570934,0.0466886567805,0.00151231943024,0.0378797379233,0.00221639317939,0.0264668447347,0.00154764167784,0.0157669020929,0.000931894266256,0.00833734917902,0.000873093334155,0.00723467352297,0.000624744672162,0.00487487252041,0.000301598765649,0.00202838440432,0.000366247206586,0.00389487277209,0.000240432114018,0.00307706715263,0.000408571469661,0.00284056930106,0.000981147237323,0.00625593868468,0.000995173870013,0.00744387844714,0.00068402759715,0.00579060907592,0.000919906210623,0.0048242718087,0.00132492921915,46875,46875,46874,90,aa8f3c54c02d80ab15421cf374290b8befccadda09decd13959eea8d51daa21f,934032
doe_N030_C07,doe,C07,N030,22.627416998,-22.627416998,230,400,60,0.001,0.0001,0.08,0.1,2e-07,10000,0,1,12,0,0,0,0,False,800,15,6,16,3,1.6e-05,1.20416102729,22.6236914051,0.272425674833,0.567553489236,22.6276506413,32.7230873108,0.0581250880995,22.7200813485,-22.526889024,0.0926643505583,0.100527973991,0.64,3695.07042585,3695.07042585,3663.65067722,3680,3680,0,0,0,0.00414900880917,-0.172922834754,60,0.5,0.75,True,True,True,True,True,True,True,22.6236914051,0.00208872183855,0.134586654889,0.0170409573546,0.164785645167,0.00744165517952,0.111215537954,0.00537918622484,0.079383414705,0.00322691408726,0.0597073029679,0.000592371237725,0.0481456343563,0.00147448156381,0.037186972851,0.00189098643635,0.0288969699741,0.00124701478933,0.0223992236575,0.00115574897321,0.0200916112469,0.00115922799282,0.0175773715264,0.000914216493139,0.0131471121594,0.000862281646738,0.0108805340971,0.000816294378175,0.00987689870535,0.000877681472619,0.00833754222348,0.000549403395737,0.00612954936559,0.000531401070137,0.00485744990676,0.00056245182859,0.00452448574173,0.00047780370724,0.00425015049815,0.000227932084446,46875,46875,46874,90,3ee792ce84d7e2637ccd5d77e6a0747f8c7d7fc8337743e300287e497841414e,941075
doe_N033_C07,doe,C07,N033,22.627416998,0,230,400,60,0.001,0.0001,0.08,0.1,2e-07,10000,0,1,12,0,0,0,0,False,800,15,6,16,3,1.6e-05,1.68819446652,15.994318445,0.270015198946,0.56253166447,16.0000503958,23.0964241028,0.061866012554,22.6191547355,0.101410506221,-0.00826226249447,0.101410506221,0.452548339959,3678.65627058,3678.65627058,-16.4928530255,3680,-0,0,0,0,0.00263984911864,-0.172922834754,60,0.5,0.75,True,True,True,True,True,True,True,15.994318445,0.00306807452596,0.125644071337,0.0188351744552,0.157898029764,0.00784749876033,0.111436581873,0.00421655395915,0.0827236451944,0.00276520495586,0.0645520268237,0.00156690693211,0.0498765577035,0.00146185162088,0.0409335338952,0.00088834260374,0.0342173000951,0.000648520927745,0.0284936073587,0.000345741620166,0.0241933566127,0.000499801134565,0.0203337883169,0.000315054034475,0.0172276687417,0.000417499312255,0.0154104688322,0.000234924545424,0.0132254342218,0.000195693002549,0.0114905237029,0.000139597522135,0.0104223746833,0.000112733232457,0.00911672005006,0.000117787841443,0.00830034349664,9.80515444839e-05,0.00757190038784,0.000157474521333,46875,46875,46874,90,ae45ab8b64d502dd6ba98a73f3401558d9208485bd3745996723b6d3df87d347,948128
doe_N036_C07,doe,C07,N036,22.627416998,22.627416998,230,400,60,0.001,0.0001,0.08,0.1,2e-07,10000,0,1,12,0,0,0,0,False,800,15,6,16,3,1.6e-05,1.20557544714,22.6238896381,0.272748058664,0.568225122217,22.6280714532,32.7294616699,0.0606761163211,22.5185816741,22.7287096884,-0.10883532389,0.101292690456,0.64,3662.29961502,3662.29961502,-3696.47369211,3680,-3680,0,0,0,0.00395143608148,-0.172922834754,60,0.5,0.75,True,True,True,True,True,True,True,22.6238896381,0.0045254735884,0.134979139527,0.0158949674469,0.163591292065,0.00725106598079,0.113430395923,0.00551531691918,0.0789305430878,0.00270777603658,0.0579557909491,0.000440222558783,0.0489775128572,0.00148284652381,0.0400215739797,0.00181623142936,0.0295467356912,0.00130002155608,0.0217902615322,0.00105966007512,0.0186309605191,0.000950269059794,0.0186865896727,0.000977742428271,0.0137151957549,0.000748157619426,0.00945725366096,0.000761554774951,0.00872362423085,0.000676104725506,0.0093408421965,0.000668510140488,0.00697841318011,0.000470759976702,0.00398578887836,0.000404239163807,0.0031404387978,0.000481661019155,0.00425420357279,0.000297901467676,46875,46875,46874,90,72fc9d57547abfbe438df5bbd6304c610311090e5e860c58b19d403cd2fa2185,936095
doe_N014_C08,doe,C08,N014,5.65685424949,-5.65685424949,230,400,60,0.001,0.0001,0.08,0.1,2e-07,10000,0,1,12,0,0,0,0,False,800,15,6,16,5,1.6e-05,3.16131997773,5.65288449868,0.178705766975,0.372303681198,5.66540973352,8.86388015747,0.0532868592421,5.67349868428,-5.63219486438,0.0166444347877,0.0246593851172,0.3,922.706960323,922.706960323,915.98953176,920,920,0,0,0,0.00285091901712,-0.172922834754,60,0.5,0.75,True,True,True,True,True,True,True,5.65288449868,0.0066316146756,0.126582493939,0.0125574419654,0.069009783602,0.00605121429448,0.0807419245286,0.00739968668377,0.043429560452,0.0043195434535,0.0189906794829,0.00102927384629,0.00567925051638,0.000776735973234,0.00501070762807,0.000440469978811,0.0117453870576,0.00206476410014,0.0169087774166,0.00258985197745,0.0175728959199,0.00321864584892,0.0169165687027,0.00302154984861,0.0167060022987,0.00345031946517,0.0161759909285,0.00297302597547,0.0128101580062,0.00285904943042,0.0100457103169,0.00218308874784,0.00790258830277,0.00203447454955,0.00622009629834,0.00130579016991,0.00393502992606,0.000824104488338,0.00115059418062,0.000319947586914,46875,46875,46874,90,6b21f82d2096299981482b25eeed83449d6adaf93d3f7256df74b326653e5a29,933000
doe_N015_C08,doe,C08,N015,5.65685424949,0,230,400,60,0.001,0.0001,0.08,0.1,2e-07,10000,0,1,12,0,0,0,0,False,800,15,6,16,5,1.6e-05,4.73839064924,3.99420957855,0.189261253181,0.39429427746,4.01261813481,6.24815034866,0.0590886764335,5.64860923342,0.0251802077675,-0.00824501607462,0.0251802077675,0.3,918.659075441,918.659075441,-4.09517200274,920,-0,0,0,0,0.00124990300541,-0.172922834754,60,0.5,0.75,True,True,True,True,True,True,True,3.99420957855,0.00496478655576,0.120308376371,0.0194203933108,0.0680860041639,0.00889211499651,0.095424559298,0.00573911034633,0.0640060892381,0.00296218202785,0.0429061522352,0.00219918040926,0.0261576125818,0.00112473188865,0.0165603792905,0.000815948379684,0.0104196630838,0.000717290382857,0.00544875508902,0.000306643702751,0.00294635429474,0.000983387863603,0.00126544170231,0.000663107724444,0.0022249431699,0.000867587813906,0.00228163928832,0.00071414810042,0.00231181095762,0.000830856981596,0.00221512770721,0.000674139137955,0.00169350122655,0.000546616484523,0.00107152674327,0.00055553176409,0.000303795424802,0.00037823586042,0.000500366530484,0.000389912877617,46875,46875,46874,90,c99e134438947f671f966cf039e2cabb08ecd0ee6de30549b6b935b8b8eb4fd2,940137
doe_N016_C08,doe,C08,N016,5.65685424949,5.65685424949,230,400,60,0.001,0.0001,0.08,0.1,2e-07,10000,0,1,12,0,0,0,0,False,800,15,6,16,5,1.6e-05,3.16235090379,5.65271080914,0.178758551362,0.37241364867,5.66546707497,8.88249397278,0.0545168070335,5.62329905677,5.68197031862,-0.0335551927253,0.0251160691307,0.3,914.542766006,914.542766006,-924.084740844,920,-920,0,0,0,0.00331225873761,-0.172922834754,60,0.5,0.75,True,True,True,True,True,True,True,5.65271080914,0.00622980488337,0.126505989187,0.0121623777414,0.0685233864937,0.0108342678219,0.0813453451832,0.00771738016104,0.0418290590472,0.00245027673663,0.0181205181587,0.000393800412922,0.00861003212084,0.000463344180481,0.00457550673272,0.000918444654899,0.0133628268546,0.00231229975039,0.0175918611962,0.00248805046255,0.0163435350876,0.00287240498995,0.016654898755,0.00308288273634,0.0186915293269,0.00334483507073,0.0166474900356,0.00280321616509,0.0109505481414,0.00273588787002,0.00954288893932,0.0023668650036,0.00989458186013,0.00212144443819,0.00688143340928,0.0012376257071,0.00297656790289,0.000885245552783,0.0013233657175,0.000463681873844,46875,46875,46874,90,9cb65b763c2fab16ef55630119aec81c351021e0722731c6d0cbd9e04c06c812,926364
doe_N022_C08,doe,C08,N022,11.313708499,-11.313708499,230,400,60,0.001,0.0001,0.08,0.1,2e-07,10000,0,1,12,0,0,0,0,False,800,15,6,16,5,1.6e-05,1.8815916898,11.3097121138,0.212802603274,0.44333875682,11.3165132337,16.8434123993,0.0565988875612,11.3558363783,-11.2633989694,0.0421278793,0.0503095295809,0.32,1846.8514491,1846.8514491,1831.81793181,1840,1840,0,0,0,0.00314114248099,-0.172922834754,60,0.5,0.75,True,True,True,True,True,True,True,11.3097121138,0.00385350300118,0.131812447632,0.0142322396518,0.077951790642,0.00687492304847,0.104994521965,0.00726423835152,0.0723954353557,0.00394693331391,0.050392226181,0.00151837577365,0.037366482307,0.00155414695286,0.0257649530772,0.00210536823075,0.0173686249998,0.00128750959481,0.010471626993,0.000847195481262,0.00746882211023,0.000357697326761,0.00454813087422,0.000381617029231,0.000965284195701,0.000228440877869,0.00209592263967,0.000143323055372,0.00271399559369,0.000542423410792,0.00363147973176,0.000483093819048,0.00495823261166,0.000951073153262,0.00560365132474,0.000833725594542,0.00527800422233,0.000953445200665,0.00478804017828,0.00107924711491,46875,46875,46874,90,12fe25871c9a32f6dc28266df470f96a0981864e1edef9fbd1de36ab0514f9af,939245
doe_N024_C08,doe,C08,N024,11.313708499,0,230,400,60,0.001,0.0001,0.08,0.1,2e-07,10000,0,1,12,0,0,0,0,False,800,15,6,16,5,1.6e-05,2.82789543259,7.99415736567,0.226066411018,0.47097168962,8.00430884817,11.9086523056,0.0611657167603,11.3053327277,0.0505558028566,-0.0083757712399,0.0505558028566,0.3,1838.63781013,1838.63781013,-8.22212073649,1840,-0,0,0,0,0.00239530002444,-0.172922834754,60,0.5,0.75,True,True,True,True,True,True,True,7.99415736567,0.0035993551377,0.123682681005,0.0181332754209,0.0739811397021,0.00854254308911,0.111582895824,0.00471411550888,0.0829819044313,0.00268129420672,0.0634348278407,0.00216369693436,0.0475818885309,0.00138409024745,0.0379408545725,0.00133694825846,0.0311394008998,0.000708537710374,0.0249879165378,0.000474244621804,0.020494565227,0.00029282766122,0.0161161122401,0.000398960043486,0.0131245336688,0.000415683206102,0.0115745199239,0.000436364706319,0.00905534765858,0.000363548319235,0.00717380669141,0.000292053426225,0.00623085843886,0.000258933070178,0.00520476316323,0.000177200332714,0.00476230626996,0.000339510672652,0.00383364753811,0.000217819023342,46875,46875,46874,90,ff44ad600466121d91e922ebdeee88cc1e8170ae9bd57a63bd90f3815d013c72,953038
doe_N026_C08,doe,C08,N026,11.313708499,11.313708499,230,400,60,0.001,0.0001,0.08,0.1,2e-07,10000,0,1,12,0,0,0,0,False,800,15,6,16,5,1.6e-05,1.88673555616,11.309988394,0.213389572426,0.444561609222,11.3170201827,16.8673267365,0.0582882512666,11.2553887511,11.3643257171,-0.0583197479159,0.0506172181456,0.32,1830.51519348,1830.51519348,-1848.23210898,1840,-1840,0,0,0,0.00233971272688,-0.172922834754,60,0.5,0.75,True,True,True,True,True,True,True,11.309988394,0.00488366713101,0.131592004964,0.0137100201101,0.0776232814137,0.00971546110015,0.106330037727,0.00698122094217,0.0713930293231,0.00293306053904,0.0489156132551,0.00116612576802,0.0396623036688,0.00222158854331,0.0283293040493,0.00211743122165,0.0170270145011,0.00104284354346,0.00953297510344,0.000780999431556,0.00759987476767,0.000535805681435,0.00578786596094,0.000420573210176,0.00182467026372,0.000215074623783,0.00329201144562,0.000208814566107,0.00300900447938,0.000342804087368,0.00241485115554,0.000691132521917,0.00611103782674,0.000889157640048,0.00707674921709,0.000774342106854,0.00554175456002,0.000959781482339,0.00467570281488,0.00112530860723,46875,46875,46874,90,266ed60f202182291d9ec2e4c411209ab0f54fe29a64b612b1a7be54a7a50130,932884
doe_N030_C08,doe,C08,N030,22.627416998,-22.627416998,230,400,60,0.001,0.0001,0.08,0.1,2e-07,10000,0,1,12,0,0,0,0,False,800,15,6,16,5,1.6e-05,1.0368800742,22.623407609,0.234577605602,0.488703345005,22.6269421464,32.8285064697,0.0582907974209,22.7196317479,-22.526772448,0.0922147499629,0.100644549956,0.64,3694.99730526,3694.99730526,3663.63171793,3680,3680,0,0,0,0.00392261688112,-0.172922834754,60,0.5,0.75,True,True,True,True,True,True,True,22.623407609,0.0016707116338,0.133657859745,0.016293367445,0.0809887047911,0.00795040956618,0.113413221626,0.00545549764474,0.0825969517084,0.00326671971699,0.061723459756,0.000521388197618,0.0496659119175,0.00136829827196,0.0381185347012,0.00168134312134,0.0303354611488,0.00108234535382,0.0234027742356,0.000992214441247,0.0208456176576,0.000981605301797,0.0177533744862,0.000866842082415,0.0137179659674,0.00071417372311,0.0111650373366,0.000646609463636,0.0100028575765,0.000752434522639,0.00816634981657,0.000524923448316,0.00634797235746,0.000440714702811,0.00513513050258,0.000410924837162,0.00485200771516,0.000464318915993,0.00425123256844,0.000337733805453,46875,46875,46874,90,ad91ae3072037fcbd7ea261163e8326ce934900e38d55fa876fd112a4efd726d,939547
doe_N033_C08,doe,C08,N033,22.627416998,0,230,400,60,0.001,0.0001,0.08,0.1,2e-07,10000,0,1,12,0,0,0,0,False,800,15,6,16,5,1.6e-05,1.4621788217,15.9939807833,0.23386059976,0.487209582834,15.9991468401,23.2124614716,0.062595490553,22.6186764104,0.101587588767,-0.00874058759686,0.101587588767,0.452548339959,3678.57847838,3678.57847838,-16.5216527674,3680,-0,0,0,0,0.00277297545823,-0.172922834754,60,0.5,0.75,True,True,True,True,True,True,True,15.9939807833,0.00202304928539,0.124176125208,0.0172874802124,0.074398186427,0.00816095944525,0.113324624709,0.00423379191742,0.0859478892793,0.00256725040012,0.0664888853925,0.00193116794985,0.0517554808773,0.00124918462368,0.041843923478,0.000943105546792,0.0349299302809,0.00058681825482,0.028608249004,0.000365339143498,0.0245583555763,0.000293237188247,0.0204926865512,0.000117893054153,0.0175659582988,6.28464437099e-05,0.015560291861,3.25279647761e-05,0.0136414107851,9.83908179456e-05,0.0116724252609,6.58473500643e-05,0.0107076751525,0.000193760616532,0.00920656916709,8.48124761199e-05,0.00829973748616,9.67841734895e-05,0.00723443033919,7.19083951806e-05,46875,46875,46874,90,7f2df6d3f33605c0c9c904785282813ac9f696a8139503ebd979cb7f5f95266e,948378
doe_N036_C08,doe,C08,N036,22.627416998,22.627416998,230,400,60,0.001,0.0001,0.08,0.1,2e-07,10000,0,1,12,0,0,0,0,False,800,15,6,16,5,1.6e-05,1.03785175106,22.6232739346,0.234796044677,0.489158426411,22.6270318835,32.8510627747,0.061013410772,22.5175849706,22.728471443,-0.109832027373,0.101054445053,0.64,3662.13751659,3662.13751659,-3696.43494517,3680,-3680,0,0,0,0.003837354376,-0.172922834754,60,0.5,0.75,True,True,True,True,True,True,True,22.6232739346,0.0046172149812,0.133168057328,0.0149616587664,0.0804379628671,0.00833965168672,0.11508599191,0.00565686398559,0.081966007964,0.00255241188093,0.0594622467954,0.00040289348409,0.0513400452477,0.00163425215433,0.0410355976852,0.00163442352822,0.0307607885895,0.00107217256296,0.0221559033331,0.000906133040657,0.0196227463855,0.000952912740273,0.018935934778,0.00103460531874,0.0143445873512,0.000677917261458,0.00916588865002,0.00056458307218,0.00898210322099,0.000843023988868,0.00950500187928,0.000582332407789,0.0072856552056,0.000242885822512,0.00372575770633,0.00039747892053,0.00337552882441,0.000494435564181,0.00463271357763,0.000402522164109,46875,46875,46874,90,3c19265e99295c954a0f616bf6b23180386160317f445656f76a0f6685278866,935830
doe_N014_C09,doe,C09,N014,5.65685424949,-5.65685424949,230,400,60,0.001,0.0001,0.08,0.1,2e-07,10000,0,1,12,0,0,0,0,False,800,15,6,16,7,1.6e-05,2.93788869289,5.65279178878,0.166072730795,0.345984855823,5.66493820405,8.83243370056,0.0539737920135,5.67366895651,-5.63183723011,0.0168147070163,0.0250170193793,0.3,922.734652472,922.734652472,915.931368069,920,920,0,0,0,0.00301529797396,-0.172922834754,60,0.5,0.75,True,True,True,True,True,True,True,5.65279178878,0.00695805891772,0.127056844422,0.0128757574191,0.0688106015467,0.00684970502751,0.0398051332214,0.00685408429024,0.0476827136382,0.00463635522819,0.0225466474607,0.00155284821789,0.00877158625256,0.000527674496994,0.00294710989719,0.000654183203343,0.00985597793222,0.00130232957327,0.0156008324347,0.00253889684448,0.016099977961,0.00260770975887,0.016016405272,0.00298134852911,0.0163022897138,0.00308047391846,0.0164132232773,0.00308854381019,0.0132598956007,0.00275643998502,0.0110318620742,0.00243921334079,0.00888118293085,0.00213189105475,0.00724560998197,0.00163895386323,0.00516403508638,0.00109927296825,0.00219192793752,0.000628709116376,46875,46875,46874,90,75631232e7e964b61ed14cf366bb946a3f326a3549de04dcb497f773c1df21b4,934177
doe_N015_C09,doe,C09,N015,5.65685424949,0,230,400,60,0.001,0.0001,0.08,0.1,2e-07,10000,0,1,12,0,0,0,0,False,800,15,6,16,7,1.6e-05,4.38347344386,3.99446623903,0.175096366812,0.364784097525,4.01223914454,6.18131828308,0.0596831669248,5.64897281063,0.0250450453423,-0.00788143886145,0.0250450453423,0.3,918.718205661,918.718205661,-4.07318992124,920,-0,0,0,0,0.00134778698058,-0.172922834754,60,0.5,0.75,True,True,True,True,True,True,True,3.99446623903,0.00548876038989,0.120921409327,0.0182166643128,0.0681188576577,0.00909695869818,0.0463972661285,0.00514862003655,0.0698084183757,0.00381007396521,0.0476042746171,0.00198594045795,0.0304260068877,0.00165670254845,0.0197865573674,0.000662770745546,0.0137533100148,0.000632763833705,0.00714203543566,0.000745166904803,0.00518215571487,0.000404429725577,0.00145919209408,0.000834247361201,0.00113184951204,0.000546673057708,0.00206338314613,0.000825578942445,0.00152693162539,0.000531238574593,0.00240902243245,0.000685202911752,0.00180478365724,0.000528709795622,0.00174004016914,0.000611970987373,0.000414245858551,0.000485655741749,0.000660117140974,0.000450795169715,46875,46875,46874,90,4d880527c82f8ed6bd60f09fe8058a60d0c5c712aa2a166ddd0659ebfe0ca18a,937904
doe_N016_C09,doe,C09,N016,5.65685424949,5.65685424949,230,400,60,0.001,0.0001,0.08,0.1,2e-07,10000,0,1,12,0,0,0,0,False,800,15,6,16,7,1.6e-05,2.93429906596,5.65283110709,0.165870970376,0.345564521616,5.66520126414,8.8297328949,0.0549846334362,5.62358823585,5.68192347751,-0.0332660136458,0.0250692280173,0.3,914.589796519,914.589796519,-924.07712286,920,-920,0,0,0,0.00297244633514,-0.172922834754,60,0.5,0.75,True,True,True,True,True,True,True,5.65283110709,0.00677162032162,0.126926187694,0.0124645741268,0.0689090738922,0.00945358597749,0.0396984314416,0.00756667978644,0.0460899188298,0.00309101601064,0.0216814165247,0.000782156628198,0.0114995672404,0.00103101936155,0.0032857062307,0.000646337321874,0.0115569329198,0.00166797667077,0.0161715338111,0.00242056137988,0.0148896855785,0.00242158968913,0.0158496743942,0.00306482490232,0.0180624413841,0.00290497188632,0.0168371707623,0.0029686537409,0.0115730674074,0.00258610503096,0.010571095563,0.00250128927513,0.0105602977253,0.00206191720534,0.00791647827032,0.00157888403076,0.00387993586478,0.00118618467836,0.00245197568826,0.000823573628027,46875,46875,46874,90,a0c1a1ac01ba67f6b7157065f1b7e4e8500821928b22c929cbf2e1d21f36ebbf,927222
doe_N022_C09,doe,C09,N022,11.313708499,-11.313708499,230,400,60,0.001,0.0001,0.08,0.1,2e-07,10000,0,1,12,0,0,0,0,False,800,15,6,16,7,1.6e-05,1.716902014,11.3095388291,0.19417369993,0.404528541521,11.316007178,16.7791213989,0.0571193474451,11.355603703,-11.2632855594,0.0418952040419,0.0504229396103,0.32,1846.81360806,1846.81360806,1831.79948742,1840,1840,0,0,0,0.00245265141474,-0.172922834754,60,0.5,0.75,True,True,True,True,True,True,True,11.3095388291,0.00376402260397,0.131957925619,0.0141464903405,0.0768360388573,0.00702498574743,0.0503498367331,0.00712497072394,0.075398830397,0.00443178077992,0.0532239693732,0.00141365356949,0.0394813978952,0.00177575862018,0.027319364745,0.0019403970569,0.0184055707839,0.00134931134205,0.01124130962,0.00065940215163,0.00836007373748,0.000689145632079,0.00543523040394,0.000362344426706,0.0014676853657,0.000108953906385,0.00137343393227,0.000223146121575,0.002085055625,0.000286447731924,0.00314642224584,0.000630728247164,0.00470158489291,0.000698198284797,0.00532280520725,0.000829207508236,0.00504159925433,0.000696552831442,0.0045603262787,0.00110182954061,46875,46875,46874,90,56a84be2c00253ae6c6905224f4599d4f0654c75087bf319ce193b9734a6dd69,938969
doe_N024_C09,doe,C09,N024,11.313708499,0,230,400,60,0.001,0.0001,0.08,0.1,2e-07,10000,0,1,12,0,0,0,0,False,800,15,6,16,7,1.6e-05,2.58905706309,7.99466726607,0.206986497523,0.431221869839,8.00430475071,11.8293943405,0.0614466583851,11.3060574728,0.0497374314159,-0.00765102618027,0.0497374314159,0.3,1838.75567873,1838.75567873,-8.08902525758,1840,-0,0,0,0,0.00187494379554,-0.172922834754,60,0.5,0.75,True,True,True,True,True,True,True,7.99466726607,0.00369120089846,0.123994289099,0.0176210401691,0.0723613121312,0.00805020460924,0.0533540765961,0.00516747257635,0.0862938776409,0.00320785975728,0.0664853299533,0.00203794436955,0.0489421613926,0.00148216999846,0.0395283353715,0.000908965276997,0.032754185406,0.000866887973627,0.0260549205803,0.000543155590077,0.0211364984668,0.000496635125856,0.0173458399131,0.000365447809201,0.0143327019654,0.000441697651811,0.0117835887493,0.00040154573739,0.00970694591632,0.000241179600669,0.0080699302248,0.000334946389392,0.00700626643958,0.000249918633998,0.00521551805003,0.000420417650385,0.00522799958305,0.000230732881094,0.0043820024152,0.000359191844183,46875,46875,46874,90,4962f32c8516229e808ca607d69973659396a0ef0ffa63cbe47d065694964734,950867
doe_N026_C09,doe,C09,N026,11.313708499,11.313708499,230,400,60,0.001,0.0001,0.08,0.1,2e-07,10000,0,1,12,0,0,0,0,False,800,15,6,16,7,1.6e-05,1.71507118168,11.3100271647,0.193975016543,0.404114617797,11.3167134095,16.7885322571,0.058656639098,11.2549454107,11.3648419582,-0.0587630882366,0.0511334592011,0.32,1830.44309102,1830.44309102,-1848.31606762,1840,-1840,0,0,0,0.00246706580642,-0.172922834754,60,0.5,0.75,True,True,True,True,True,True,True,11.3100271647,0.00482990541851,0.131614809362,0.013717813571,0.0764849158065,0.0081399782285,0.0510481538859,0.00699329122781,0.0743689196594,0.00283013604148,0.0518586886964,0.00129635229878,0.0415168195976,0.00244852148911,0.0296494306278,0.00204172824138,0.0176711989357,0.00107031226041,0.0102489914265,0.000758103443363,0.00813121667911,0.000692652788022,0.00648806711588,0.000315562569973,0.00179159744472,8.20778957544e-05,0.00259646697317,0.000226396856655,0.002618142387,0.000250341753277,0.001982702608,0.000733332442232,0.00552293431839,0.000713874485118,0.00666229570941,0.000775436317039,0.00560647792524,0.000736857455422,0.00451973432164,0.00102388519899,46875,46875,46874,90,53ccc07229f25dc2d583c2bdb0c9194263752b4c37192ec34da1ecef710a1fe6,932904
doe_N030_C09,doe,C09,N030,22.627416998,-22.627416998,230,400,60,0.001,0.0001,0.08,0.1,2e-07,10000,0,1,12,0,0,0,0,False,800,15,6,16,7,1.6e-05,0.950848681525,22.6232721653,0.215113085101,0.448152260628,22.6266124836,32.7413330078,0.0580101480658,22.7198584336,-22.5262717662,0.0924414356535,0.101145231785,0.64,3695.03417218,3695.03417218,3663.55028977,3680,3680,0,0,0,0.00413399433982,-0.172922834754,60,0.5,0.75,True,True,True,True,True,True,True,22.6232721653,0.00193329792469,0.133678705119,0.015973344165,0.0800613998588,0.00719820642919,0.054502772202,0.00687762606217,0.0854965134912,0.00339167339128,0.0645179886685,0.000354359648064,0.0516815783793,0.00131613525279,0.0395337254626,0.00203417061203,0.0309417686608,0.00127970140175,0.0241543446842,0.00103595669607,0.0215366872203,0.000843996118656,0.0180634928525,0.00109047028609,0.013672275162,0.000778971341514,0.0113899114075,0.000770841555908,0.0101972607276,0.000568348205299,0.00835389219142,0.00052811405239,0.00641613801152,0.000390859324125,0.00525970573215,0.000556662009794,0.00497771239271,0.000353662784694,0.00441539143142,0.000390811651479,46875,46875,46874,90,3d497a11c2fb629fca8a9633155b5171c3d626cd648bf0eaf362a17db4c2c785,939667
doe_N033_C09,doe,C09,N033,22.627416998,0,230,400,60,0.001,0.0001,0.08,0.1,2e-07,10000,0,1,12,0,0,0,0,False,800,15,6,16,7,1.6e-05,1.34121922706,15.9939857822,0.214514412485,0.44690502601,15.9988797329,23.1248435974,0.062179229803,22.6186873407,0.100724315095,-0.0087296573096,0.100724315095,0.452548339959,3678.58025603,3678.58025603,-16.3812546338,3680,-0,0,0,0,0.00189622097509,-0.172922834754,60,0.5,0.75,True,True,True,True,True,True,True,15.9939857822,0.00218465527118,0.124213067536,0.0173120135602,0.074108042837,0.00773744114219,0.0542339705902,0.00491553456253,0.0888262789808,0.00240065320122,0.0694985698653,0.00178009748301,0.0533082698642,0.00078696850936,0.0425724627888,0.00049799006174,0.0356283476463,5.96031814986e-05,0.0293304789313,1.95084679904e-05,0.0247754520145,0.000331613487469,0.0208290147301,0.000232546642956,0.0177313918704,0.000211012760146,0.0158057005668,0.000219702870985,0.0135457171001,0.000233724360388,0.011693658743,9.96595176215e-05,0.0106108972732,8.8260358879e-05,0.00919481941001,0.000172178031423,0.00817462163806,0.000116694269683,0.00744553101567,0.000133397268025,46875,46875,46874,90,df00e856355fbbfa5f3107aabd9ff47a198da1eee5cef123ab26d96d27b2a434,948065
doe_N036_C09,doe,C09,N036,22.627416998,22.627416998,230,400,60,0.001,0.0001,0.08,0.1,2e-07,10000,0,1,12,0,0,0,0,False,800,15,6,16,7,1.6e-05,0.947393056843,22.6234069049,0.214332586238,0.44652622133,22.6269631086,32.7602653503,0.0610600204757,22.5176988484,22.7286233314,-0.10971814959,0.10120633348,0.64,3662.15603705,3662.15603705,-3696.45964748,3680,-3680,0,0,0,0.00385498627086,-0.172922834754,60,0.5,0.75,True,True,True,True,True,True,True,22.6234069049,0.00449867633568,0.132527045422,0.0148243411042,0.0797778631427,0.00723121802849,0.0550999065213,0.00642292485809,0.0851732603324,0.00252157628883,0.0621602139357,0.000274352457267,0.0529453417598,0.00164515113448,0.04262168578,0.00193527981653,0.0317820497683,0.00124023372502,0.0227087478692,0.000757290997468,0.0198308670835,0.000883234279501,0.0195351410141,0.00086574462754,0.0145187114232,0.000642884892854,0.00940070027106,0.000777170212517,0.00910138288698,0.000601155501185,0.00970746646414,0.000526695801142,0.00762413452064,0.000371707456989,0.00397431098238,0.000410027730906,0.00341757537594,0.000494528371486,0.00462840231401,0.000360318444447,46875,46875,46874,90,7820d0795d6b1672acc33731f97bdcee3d075db3889b127052b83c68d084b5bc,936194
doe_N014_C10,doe,C10,N014,5.65685424949,-5.65685424949,230,400,60,0.001,0.0001,0.08,0.1,2e-07,10000,0,1,12,0,0,0,0,False,800,15,12,4,3,1.6e-05,3.39448283666,5.65313130793,0.191894571981,0.399780358294,5.66609639577,8.72809123993,0.0537174121261,5.67400821748,-5.63217701402,0.0171539679898,0.0246772354732,0.3,922.789828031,922.789828031,915.986628675,920,920,0,0,0,0.00287135413348,-0.172922834754,60,0.5,0.75,True,True,True,True,True,True,True,5.65313130793,0.00796346828227,0.0843921733245,0.0133971995976,0.139899619478,0.00685292606745,0.0765258263973,0.00646159295544,0.039518039521,0.0038826230796,0.0161054460168,0.00118902357259,0.00369254362736,0.000608009340202,0.00655230998737,0.00114135855409,0.0127374587558,0.00158783627315,0.0181313745832,0.00316663525495,0.0184854181159,0.00297745860154,0.0174985885324,0.003327325552,0.0163601688256,0.00303351529216,0.0154638306782,0.00311721639803,0.0121103823006,0.00252874948728,0.00966569041412,0.00228401598448,0.00714680289079,0.0017689864797,0.00555818875491,0.00132872593127,0.00311698875842,0.000563784253228,0.000513979085279,0.000157492664794,46875,46875,46874,90,8f900e37280c028c22e9813b223e70ab61bdeb0231d2ac393e7f2100e641b5f7,933675
doe_N015_C10,doe,C10,N015,5.65685424949,0,230,400,60,0.001,0.0001,0.08,0.1,2e-07,10000,0,1,12,0,0,0,0,False,800,15,12,4,3,1.6e-05,5.11816809813,3.99429439145,0.204434701289,0.425905627685,4.01344730741,6.08180141449,0.0591347364696,5.64873037025,0.0249113487003,-0.00812387923778,0.0249113487003,0.3,918.678776477,918.678776477,-4.05144622673,920,-0,0,0,0,0.00136006695633,-0.172922834754,60,0.5,0.75,False,True,True,True,True,True,False,3.99429439145,0.00595248454172,0.0775980767588,0.0194339217264,0.145366836243,0.00917561836798,0.0908588656228,0.00480913067144,0.058937497012,0.00337985920887,0.0388629696508,0.00157867830558,0.0230946500002,0.00138442676151,0.0139554837695,0.000718710288886,0.00886790707789,0.000441384578713,0.00377362809698,0.00112234536332,0.00253946670524,0.000632558330752,0.00221718517275,0.00117549889915,0.00237374789695,0.000750855846996,0.00252923988477,0.0010118500158,0.00218388385215,0.00070824762067,0.00209846642025,0.000741769246471,0.00114203365208,0.000633652131981,0.000889958424887,0.000453578039034,0.000853965203766,0.000482159547535,0.0011497194917,0.00025936221977,46875,46875,46874,90,56894fe373b56de2028eaca27c3e3677aacf17a1e861b9f8a57e5dff79f9290d,937297
doe_N016_C10,doe,C10,N016,5.65685424949,5.65685424949,230,400,60,0.001,0.0001,0.08,0.1,2e-07,10000,0,1,12,0,0,0,0,False,800,15,12,4,3,1.6e-05,3.40960279392,5.65328849202,0.192754682373,0.401572254943,5.66649547434,8.72755718231,0.0544444491942,5.62388144866,5.68254335659,-0.0329728008284,0.0256891070942,0.3,914.637483056,914.637483056,-924.177936621,920,-920,0,0,0,0.00265457134043,-0.172922834754,60,0.5,0.75,True,True,True,True,True,True,True,5.65328849202,0.00643741015516,0.0854675037406,0.0126354423461,0.140204306137,0.00944241298317,0.0774959163414,0.00660441967535,0.0378240453178,0.00285650760403,0.0156475059011,0.000273317776823,0.00662443243931,0.000466801310564,0.00573699405878,0.00118594282748,0.0141740443392,0.00217065747978,0.018468913418,0.00274122459994,0.0169222685117,0.00263425744973,0.0173369091406,0.00329850765015,0.0181468745247,0.00311895064231,0.0157927185444,0.00304901128374,0.0100386135432,0.0024404963778,0.00953489973636,0.00243080647588,0.00900451173038,0.00173509521858,0.00627031279218,0.00120682351295,0.00192816534541,0.000607078503949,0.00117212388871,0.000419522802911,46875,46875,46874,90,1129c13360987686b6cfef824740ea93b7682fa9efe095959c7e3ed2709de131,926841
doe_N022_C10,doe,C10,N022,11.313708499,-11.313708499,230,400,60,0.001,0.0001,0.08,0.1,2e-07,10000,0,1,12,0,0,0,0,False,800,15,12,4,3,1.6e-05,2.04608763093,11.3098799183,0.231410054082,0.482104279337,11.3170493527,16.6755599976,0.0566464221292,11.3560120785,-11.2635588162,0.0423035795096,0.0501496827365,0.32,1846.88002403,1846.88002403,1831.84392843,1840,1840,0,0,0,0.00301092562126,-0.172922834754,60,0.5,0.75,True,True,True,True,True,True,True,11.3098799183,0.00449520361438,0.0884261982344,0.0146350801068,0.159895590542,0.00686267287393,0.101570739871,0.00657308584561,0.0686016259812,0.00371588337133,0.0479976506068,0.00113466483425,0.0357437359841,0.0016550671787,0.0250042212906,0.00196821728223,0.0167498927002,0.00118931867952,0.00990241261926,0.000651361162427,0.00699861834598,0.000565373172733,0.00433708137996,0.000286421903754,0.000512445119212,0.000147331846858,0.00227604746034,0.000239706151131,0.0031266932335,0.000435485759522,0.00374169513743,0.000636561827012,0.00475676772749,0.000834130057152,0.00571198279669,0.000955316720356,0.00549964097555,0.000870186254486,0.00462056519922,0.00112393921618,46875,46875,46874,90,b6959e3250c7c1184b14f4a6b19bb2dc1aa0ad48d5a5f89ad32d964b653d8f69,941460
doe_N024_C10,doe,C10,N024,11.313708499,0,230,400,60,0.001,0.0001,0.08,0.1,2e-07,10000,0,1,12,0,0,0,0,False,800,15,12,4,3,1.6e-05,3.05426497939,7.99429238751,0.244166872742,0.508680984879,8.00497269477,11.7263889313,0.06100268123,11.3055226377,0.0507882131289,-0.00818586129396,0.0507882131289,0.3,1838.66869605,1838.66869605,-8.2599186788,1840,-0,0,0,0,0.0023279649172,-0.172922834754,60,0.5,0.75,True,True,True,True,True,True,True,7.99429238751,0.00371855901486,0.0800484528848,0.0186415961851,0.158615847195,0.00776264681419,0.108134982244,0.00428148912728,0.0786516994031,0.00270687701009,0.0607701439957,0.00200175382132,0.0453975160156,0.00154888224799,0.036445507586,0.00118909637744,0.0299362058243,0.000778312538708,0.0242176517485,0.000547696786295,0.019843409828,0.000466893554657,0.0158915175124,0.000454802846807,0.0129998802943,0.000576168577575,0.0109996847636,0.000434661456482,0.00867192537654,0.000347504771744,0.00690659389549,0.000262189682649,0.00608627941956,0.000215557507639,0.0045781157492,0.000412567266871,0.00433594211242,0.000382326182469,0.0035857340053,0.000482492617283,46875,46875,46874,90,6ae477cb0630a19d792420a744a9fab821f5a6dc19e481e8331e9dd605732021,949701
doe_N026_C10,doe,C10,N026,11.313708499,11.313708499,230,400,60,0.001,0.0001,0.08,0.1,2e-07,10000,0,1,12,0,0,0,0,False,800,15,12,4,3,1.6e-05,2.05478892109,11.3101360033,0.232399421555,0.484165461573,11.3175429269,16.6889533997,0.0589724566485,11.2553159601,11.3646916132,-0.0583925389183,0.0509831142608,0.32,1830.50335514,1830.50335514,-1848.29161634,1840,-1840,0,0,0,0.00376974852299,-0.172922834754,60,0.5,0.75,True,True,True,True,True,True,True,11.3101360033,0.00411252525797,0.0889843608857,0.0136790471049,0.159837277485,0.00779730424826,0.103667888577,0.00585290135315,0.0672892491503,0.00285503890497,0.0468483447801,0.00135013988094,0.0377432826911,0.00212678436952,0.0271621246786,0.00160651015547,0.0158526214217,0.000864400201441,0.00917821770686,0.00100344276867,0.00757190743357,0.000726379278716,0.00561650387891,0.0002193782465,0.00169372073127,0.000191378849334,0.003425196233,6.22472888187e-05,0.00296824907595,0.000393288433493,0.00265516283957,0.000806714668575,0.00603103472264,0.000936949716767,0.00678671373912,0.000686423777787,0.00557656368566,0.000889970926551,0.00445437215286,0.00126691982565,46875,46875,46874,90,ace8d68fb7ca14d919f6dd2fd26bb8451e6f62e741a8ae4713df55b84166a126,934073
doe_N030_C10,doe,C10,N030,22.627416998,-22.627416998,230,400,60,0.001,0.0001,0.08,0.1,2e-07,10000,0,1,12,0,0,0,0,False,800,15,12,4,3,1.6e-05,1.11841396765,22.6233886223,0.253023138309,0.527131538143,22.6271236897,32.6434669495,0.0583501981518,22.7195404449,-22.5268263962,0.0921234469472,0.100590601761,0.64,3694.98245623,3694.98245623,3663.64049178,3680,3680,0,0,0,0.00279110241571,-0.172922834754,60,0.5,0.75,True,True,True,True,True,True,True,22.6233886223,0.001924949537,0.0893180268256,0.0166685308032,0.16636979386,0.00705361770954,0.109786692799,0.00525161957172,0.0786104250164,0.00286823639653,0.05895364717,0.00057310199325,0.0476287002841,0.00136585201525,0.0366328202177,0.00171158579766,0.0292914767646,0.00125369764933,0.0226566159025,0.000875605372965,0.0202371524504,0.00090282386287,0.0174310399877,0.000931547718017,0.0136232098615,0.000669191788269,0.0112720148121,0.000850379042876,0.0100258482438,0.0007189883352,0.00821505100752,0.000541584775051,0.0063324154831,0.000309763503017,0.00503588719344,0.00042706833695,0.00444913050822,0.000549811696601,0.00398922204306,0.000230153399512,46875,46875,46874,90,4887789154baaef22b8b8b9acd204975a26c25ce83f58e0e66d8e559126092e7,940365
doe_N033_C10,doe,C10,N033,22.627416998,0,230,400,60,0.001,0.0001,0.08,0.1,2e-07,10000,0,1,12,0,0,0,0,False,800,15,12,4,3,1.6e-05,1.57390048777,15.9937930371,0.251726386625,0.524429972135,15.9992264867,23.0235805511,0.0619426844886,22.6184112917,0.101499115843,-0.00900570629573,0.101499115843,0.452548339959,3678.53536092,3678.53536092,-16.5072640123,3680,-0,0,0,0,0.00190089533358,-0.172922834754,60,0.5,0.75,True,True,True,True,True,True,True,15.9937930371,0.00230412720059,0.0796804785085,0.018083351808,0.160228382005,0.00724824677307,0.110049038872,0.00383728968923,0.0816445632601,0.00216421802981,0.0635219163225,0.00170477619656,0.0493740398439,0.00108010926036,0.0402648384221,0.000596207681576,0.0340099303691,0.000518731229639,0.0281452867126,0.000492120008867,0.0240852560807,0.000160517620794,0.0201209957642,0.000309146706077,0.0170720052329,0.000185619640644,0.0151364953419,4.12321027181e-05,0.0130543888809,0.000166454105023,0.0113831924107,9.59271511022e-05,0.0103790778076,0.000172315879163,0.00893543217195,0.000100758669342,0.00810964692175,0.000147914975052,0.00749715843146,3.91407326699e-05,46875,46875,46874,90,a248126e4126be0e1e58f6a7d1afa85cf56d13bbca7aae783a2d1d873da05a50,948301
doe_N036_C10,doe,C10,N036,22.627416998,22.627416998,230,400,60,0.001,0.0001,0.08,0.1,2e-07,10000,0,1,12,0,0,0,0,False,800,15,12,4,3,1.6e-05,1.12265486371,22.623191451,0.253980359151,0.529125748231,22.6271549232,32.6621780396,0.0609372444407,22.5174513365,22.7284396334,-0.109965661515,0.101022635432,0.64,3662.11578306,3662.11578306,-3696.42977183,3680,-3680,0,0,0,0.00354444814551,-0.172922834754,60,0.5,0.75,True,True,True,True,True,True,True,22.623191451,0.00445180637057,0.0898007770622,0.0154310916671,0.166313468393,0.00681694703834,0.111637558835,0.00541533275719,0.0783092830884,0.00266660440029,0.0573926008661,0.000403513546198,0.0490599323378,0.00163578915946,0.0393044508903,0.00175292262642,0.0294581023415,0.00123768929966,0.0215093720893,0.000829169726818,0.0191388528526,0.00101475613594,0.0185379475486,0.00102210312551,0.0138792075774,0.00051262505339,0.00925825138694,0.000532659670657,0.00919931317462,0.000577315007693,0.0095481300866,0.000532938026242,0.00707113970625,0.000338998323831,0.00369125751696,0.000372813531479,0.00326343873212,0.00043735909916,0.00437679724093,0.000374578468404,46875,46875,46874,90,0e82e774360e8859cbb9f90964bf9cfe0a521e068883e327a879a878f58abe23,934818
doe_N014_C11,doe,C11,N014,5.65685424949,-5.65685424949,230,400,60,0.001,0.0001,0.08,0.1,2e-07,10000,0,1,12,0,0,0,0,False,800,15,12,4,5,1.6e-05,2.5609144213,5.65286490058,0.144765032456,0.301593817616,5.66443448666,8.84068107605,0.0545437700479,5.67379816355,-5.63185383048,0.0169439140526,0.025000419017,0.3,922.755666001,922.755666001,915.934067862,920,920,0,0,0,0.00264258486763,-0.172922834754,60,0.5,0.75,True,True,True,True,True,True,True,5.65286490058,0.00714781357744,0.0851724309843,0.0117814227435,0.0469899831669,0.00601240594731,0.0827430999193,0.00644471481056,0.0446412734994,0.00387635968105,0.0210678344971,0.0009098043782,0.00816549113431,0.000203560231894,0.00242924885049,0.000775412353642,0.00962370414817,0.00163522464732,0.0150382895249,0.00236635647178,0.0162563387462,0.00234781000276,0.0158916972407,0.00307684542769,0.0161044105455,0.003091870772,0.0159969335409,0.00306181113274,0.013164932607,0.00243081564637,0.0105346345075,0.00248805715264,0.00853746459872,0.00224204570761,0.00723858829724,0.00170726006209,0.00508238261262,0.000858807517598,0.00225294087583,0.00067845241385,46875,46875,46874,90,c3a7d48c6d384bdb8fd8ac0171c801d0b123bce233daa864aa6d54ce0bbd50e4,933014
doe_N015_C11,doe,C11,N015,5.65685424949,0,230,400,60,0.001,0.0001,0.08,0.1,2e-07,10000,0,1,12,0,0,0,0,False,800,15,12,4,5,1.6e-05,4.02552030293,3.99435460846,0.160793555735,0.334986574447,4.0115295326,6.23055887222,0.059662944694,5.64881555994,0.0249047383481,-0.00803868954854,0.0249047383481,0.3,918.692631265,918.692631265,-4.05037115501,920,-0,0,0,0,0.00100438268559,-0.172922834754,60,0.5,0.75,True,True,True,True,True,True,True,3.99435460846,0.00557886496545,0.077833893779,0.0186161014046,0.0445293555067,0.00918791151915,0.0976910796231,0.00471541915838,0.0653652195429,0.00342002858574,0.0448893780869,0.00185991913608,0.028733230349,0.00153270141049,0.0191720847361,0.000817541681097,0.0131738359906,0.000547391872018,0.00761447421321,0.000713144928541,0.00511087824755,0.000570090024101,0.00172965784141,0.000841646832566,0.00155663311897,0.000561428329559,0.00193072833581,0.00089168523589,0.00177731690703,0.000657658683529,0.00239736700312,0.000823739159637,0.00165956880986,0.000576932544158,0.00170638454479,0.000558298664721,0.000284601657558,0.00052581974721,0.000242260478963,0.000455578571466,46875,46875,46874,90,4ce601fe9358f2f74502fd569c2560bd87d42a3cb76f0852af999772537d7109,940218
doe_N016_C11,doe,C11,N016,5.65685424949,5.65685424949,230,400,60,0.001,0.0001,0.08,0.1,2e-07,10000,0,1,12,0,0,0,0,False,800,15,12,4,5,1.6e-05,2.5796315643,5.6531393678,0.145830167505,0.30381284897,5.6649542582,8.84941768646,0.0552481612338,5.62391135419,5.68221704123,-0.0329428953029,0.0253627917418,0.3,914.642346728,914.642346728,-924.124866467,920,-920,0,0,0,0.00281513295009,-0.172922834754,60,0.5,0.75,True,True,True,True,True,True,True,5.6531393678,0.00609277345291,0.0862336190301,0.0118817558673,0.0464254704517,0.0100881270324,0.0838476337391,0.00697078282989,0.0429360876673,0.00276360420453,0.0206718425943,0.000264933598672,0.0107658788775,0.000651295108488,0.00304020385806,0.000691838261271,0.0114999725047,0.00157136423415,0.0153256798178,0.00244552019748,0.0149337533078,0.00232741364658,0.0155350144751,0.00295215725945,0.0180802889007,0.00286938130841,0.0163132738685,0.00282032507852,0.0111631023007,0.00248577775403,0.0102368366357,0.00255966173145,0.0106343284073,0.00191054078181,0.0079669351152,0.00165026798046,0.00377018607938,0.00108501443002,0.00259171281184,0.00086601741733,46875,46875,46874,90,40302a8efff7494867a2416eadfdb342a5bd854cf56281a9f3e5ec53d6d11a54,926091
doe_N022_C11,doe,C11,N022,11.313708499,-11.313708499,230,400,60,0.001,0.0001,0.08,0.1,2e-07,10000,0,1,12,0,0,0,0,False,800,15,12,4,5,1.6e-05,1.59181354685,11.3099571526,0.180033430098,0.375069646038,11.3161912156,16.8372554779,0.0570857414472,11.3562238541,-11.2635004046,0.0425153551436,0.0502080943885,0.32,1846.91446606,1846.91446606,1831.83442868,1840,1840,0,0,0,0.00241479382692,-0.172922834754,60,0.5,0.75,True,True,True,True,True,True,True,11.3099571526,0.00460321310543,0.0887648575752,0.0142061002719,0.0524230473688,0.00731309378953,0.105419974925,0.00604183307672,0.0712948465649,0.00409106834728,0.0500114213169,0.00107624309474,0.0374157087828,0.00209622961597,0.0262816346451,0.00181412172953,0.0180026583918,0.00136749271169,0.0113469918085,0.000575577703318,0.00817928660875,0.000798866403161,0.00537681938657,0.000336358407953,0.00167830363285,0.000130836157938,0.00120127257722,0.000375354937231,0.00223079624469,0.000249251035138,0.00298028356019,0.000552294505942,0.00417746559743,0.000693065808231,0.00502694419138,0.000811670755063,0.00486852587021,0.000720949650401,0.00431056088911,0.00102125604319,46875,46875,46874,90,deeb6348fe96264f0277c238aa51608a0a94e61dda2f4e7452154c8828c8169f,939933
doe_N024_C11,doe,C11,N024,11.313708499,0,230,400,60,0.001,0.0001,0.08,0.1,2e-07,10000,0,1,12,0,0,0,0,False,800,15,12,4,5,1.6e-05,2.45448120454,7.99436848029,0.19622027177,0.408792232854,8.00373607322,11.888882637,0.061613781276,11.3056300907,0.0508237178308,-0.00807840832016,0.0508237178308,0.3,1838.68617162,1838.68617162,-8.26569297035,1840,-0,0,0,0,0.00182996517199,-0.172922834754,60,0.5,0.75,True,True,True,True,True,True,True,7.99436848029,0.003751270978,0.0794463747193,0.0177421634171,0.0480965029322,0.00849724969308,0.111553348327,0.0045587217523,0.0811998170388,0.0030510086714,0.0622591930615,0.00180013947806,0.0468099135722,0.00146148773206,0.0374414905964,0.000869341736544,0.0311045796112,0.000957772275552,0.025204111249,0.00067141694795,0.0211959387208,0.000683918949536,0.0163890518125,0.000416266005414,0.013686497366,0.000411794595771,0.0121122947785,0.000405708214845,0.00996204014855,0.000263278862792,0.007628607237,0.000403158238212,0.00648947867571,0.000253074841847,0.00548672680757,0.000307229932721,0.00537199575789,0.000223352617132,0.00415885392003,0.00028330937043,46875,46875,46874,90,4801658e89dd5444b0f2b64eb65aeab8e7b76906346469ec975cf21aacfd308f,953068
doe_N026_C11,doe,C11,N026,11.313708499,11.313708499,230,400,60,0.001,0.0001,0.08,0.1,2e-07,10000,0,1,12,0,0,0,0,False,800,15,12,4,5,1.6e-05,1.59907939481,11.3098589262,0.18085362367,0.376778382646,11.3163246036,16.8384075165,0.0586663547404,11.2551851323,11.3642696861,-0.0585233666793,0.0505611871154,0.32,1830.48207803,1830.48207803,-1848.2229964,1840,-1840,0,0,0,0.00242860859416,-0.172922834754,60,0.5,0.75,True,True,True,True,True,True,True,11.3098589262,0.00471940736913,0.0889904597193,0.0136943568663,0.0523349881077,0.00921593308845,0.106716087927,0.00637628068332,0.0699514143712,0.00314556667145,0.0485545578012,0.000791136096673,0.0397701275066,0.00219480398135,0.0285553683732,0.00188955795922,0.0173613330117,0.00129583686811,0.0102982966784,0.000658024253149,0.00859187894696,0.000700757638464,0.00636108962765,0.000336896722163,0.00179533166527,0.000192062293476,0.00258517932159,0.000203562768724,0.00227401195917,0.000307075467423,0.0017697110293,0.000653800202142,0.00549109905061,0.000685438447566,0.0064636923648,0.000674922215755,0.00490144782308,0.000861283154813,0.0041609190064,0.00105627267375,46875,46875,46874,90,692f93372fff360c07371c0d833b4c336406d82b413cc87f54bdc579e546c020,932842
doe_N030_C11,doe,C11,N030,22.627416998,-22.627416998,230,400,60,0.001,0.0001,0.08,0.1,2e-07,10000,0,1,12,0,0,0,0,False,800,15,12,4,5,1.6e-05,0.892630739664,22.6233601058,0.201943066649,0.420714722185,22.6265807858,32.812953949,0.0587325490242,22.7201964611,-22.5261074693,0.0927794631798,0.101309528714,0.64,3695.08914714,3695.08914714,3663.52356941,3680,3680,0,0,0,0.00303443207565,-0.172922834754,60,0.5,0.75,True,True,True,True,True,True,True,22.6233601058,0.00181528790078,0.0898336204085,0.014997625453,0.0547433137199,0.00701549558803,0.11289964874,0.00483577000201,0.0802729707358,0.00244951591896,0.0603516780055,0.000755546838264,0.0486298654439,0.00149600076215,0.0377508761576,0.00146936003322,0.0295491113977,0.000777095238331,0.0232522912132,0.00115384714959,0.0209324274937,0.00116296540375,0.0179997759483,0.000683600424801,0.0134925361841,0.000536199511966,0.0111259120644,0.000819631517973,0.0102983320501,0.000712347603385,0.00865119307092,0.000494397129455,0.00635658078559,0.000304123546381,0.00506942544081,0.000540527287631,0.0048881024896,0.000587810326435,0.00457724322893,0.000208518190101,46875,46875,46874,90,e65f12779338ca2e8ce66c2b57d61c1f12186d17771085f274667c4e26879ed6,941190
doe_N033_C11,doe,C11,N033,22.627416998,0,230,400,60,0.001,0.0001,0.08,0.1,2e-07,10000,0,1,12,0,0,0,0,False,800,15,12,4,5,1.6e-05,1.27753329117,15.9943527377,0.204333180932,0.425694126941,15.9991095333,23.1907234192,0.0615430115014,22.6192003621,0.102048881094,-0.00821663587418,0.102048881094,0.452548339959,3678.66369104,3678.66369104,-16.5966748418,3680,-0,0,0,0,0.0016723181872,-0.172922834754,60,0.5,0.75,True,True,True,True,True,True,True,15.9943527377,0.00308881978849,0.0803355458499,0.0180205178039,0.0480429274777,0.00831167818229,0.113662146049,0.00427436954206,0.0834774314865,0.00210512464735,0.0654304638106,0.00141994502865,0.0503071084031,0.000908084910226,0.0411946022254,0.000601404510434,0.0343687615193,0.000675908801186,0.0288173717372,0.000764458111551,0.0242183530673,0.000650449362772,0.0204436962075,0.000746678371002,0.017214687678,0.000606045405086,0.0154397225496,0.000395930340864,0.0132228748996,0.000348893674648,0.011548911913,0.000238102992688,0.0102188442656,0.000111576197119,0.0089869616695,0.000132256422521,0.00815369297255,0.00014608468114,0.00712536428904,0.000221578056545,46875,46875,46874,90,8a7831e80748b8fe196290d4b1a6e14b2737dff3050fd4a2760fb9a36109d413,948089
doe_N036_C11,doe,C11,N036,22.627416998,22.627416998,230,400,60,0.001,0.0001,0.08,0.1,2e-07,10000,0,1,12,0,0,0,0,False,800,15,12,4,5,1.6e-05,0.898668300583,22.624121109,0.203315804692,0.423574593109,22.6275739928,32.8231163025,0.0611955986036,22.5183719243,22.7293782974,-0.109045073632,0.101961299443,0.64,3662.26550247,3662.26550247,-3696.58243104,3680,-3680,0,0,0,0.0036559177565,-0.172922834754,60,0.5,0.75,True,True,True,True,True,True,True,22.624121109,0.0044956216456,0.0896797555336,0.0148827285446,0.0540090151414,0.00798532929178,0.115878284977,0.00522502155627,0.0796695907716,0.00255436230545,0.0582165131619,0.00027572365846,0.0497849873636,0.00145602038406,0.040834283794,0.00177064344889,0.0302706818747,0.00102314899775,0.0220806270375,0.000844307789237,0.0192415896537,0.00106543829443,0.0192815803354,0.000923297977205,0.0142145196098,0.000604639356205,0.00952777251417,0.00072918443452,0.00893768927473,0.000734150651977,0.00976310585716,0.000688916766109,0.00722307152759,0.000268038250777,0.00400931727752,0.000447767712411,0.00355615434287,0.000553081683521,0.00468388149663,0.000319651731706,46875,46875,46874,90,f97232f7b20f0c725436fd659da1190acb35f42126a8da2f5ea12bc0d8fdd911,935737
doe_N014_C12,doe,C12,N014,5.65685424949,-5.65685424949,230,400,60,0.001,0.0001,0.08,0.1,2e-07,10000,0,1,12,0,0,0,0,False,800,15,12,4,7,1.6e-05,2.21105550188,5.65276655661,0.124985805958,0.260387095747,5.6638646363,8.78218173981,0.0546436717563,5.67364406749,-5.6318116519,0.016789817995,0.025042597597,0.3,922.730604657,922.730604657,915.927208167,920,920,0,0,0,0.00256196921375,-0.172922834754,60,0.5,0.75,True,True,True,True,True,True,True,5.65276655661,0.00749923509084,0.0857952952608,0.0123900947794,0.0477406086203,0.00702689412408,0.0270035410289,0.00671017688058,0.0498917760569,0.00446007069929,0.0250206522977,0.00122652563494,0.0116875618059,0.000688858036622,0.000401414121582,0.000233180660696,0.00699231729127,0.000988873943387,0.0129825970277,0.00218923953703,0.0141080495702,0.00215396484703,0.0142438469415,0.00248560239233,0.0151835228586,0.00278579079128,0.0157950150033,0.00284177345947,0.013227778125,0.00252787565954,0.0114404364068,0.00234135284828,0.0096937381747,0.00226642829604,0.0082429880256,0.00182173384173,0.00625189633376,0.0013904554771,0.00352476734398,0.000917579465787,46875,46875,46874,90,1027c700288947850e9b618aadd407b9dcc2c657bf04df757a238b1d95e81182,932903
doe_N015_C12,doe,C12,N015,5.65685424949,0,230,400,60,0.001,0.0001,0.08,0.1,2e-07,10000,0,1,12,0,0,0,0,False,800,15,12,4,7,1.6e-05,3.48880540893,3.99446386858,0.139359071505,0.290331398968,4.01084529526,6.13468933105,0.0602075701819,5.64897067947,0.0247680687193,-0.00788357002382,0.0247680687193,0.3,918.717859061,918.717859061,-4.02814395011,920,-0,0,0,0,0.00200182923634,-0.172922834754,60,0.5,0.75,True,True,True,True,True,True,True,3.99446386858,0.00523999900916,0.0787780507511,0.0181979879939,0.0449764496565,0.0090556857459,0.0312113087319,0.00501372303918,0.0715657149656,0.00348746186096,0.0496906996519,0.00187571957213,0.0330447378194,0.00175602020725,0.0232073395037,0.000683935037328,0.0172995530167,0.000812155955452,0.0104665948654,0.000646963687686,0.0078863300855,0.000468121894128,0.00375581364738,0.000729512863459,0.00219090771761,0.000398741258931,0.00167398746336,0.000711790906489,0.0014774515085,0.00055024116064,0.00194266659396,0.000670189702325,0.00163626817882,0.000542826230282,0.00199552151829,0.000593606485971,0.000828957738193,0.000563213561058,0.00104969644001,0.000497498295739,46875,46875,46874,90,b39afaffa57e8adf4fd294b6549810d93aa7d1f826b2657d591ca5b8da92ca71,936628
doe_N016_C12,doe,C12,N016,5.65685424949,5.65685424949,230,400,60,0.001,0.0001,0.08,0.1,2e-07,10000,0,1,12,0,0,0,0,False,800,15,12,4,7,1.6e-05,2.20622810775,5.65284196755,0.124714588375,0.259822059114,5.66415985199,8.79949378967,0.0555579131066,5.62356613363,5.68196696232,-0.0332881158604,0.0251127128292,0.3,914.586201935,914.586201935,-924.084194993,920,-920,0,0,0,0.00386555386356,-0.172922834754,60,0.5,0.75,True,True,True,True,True,True,True,5.65284196755,0.00614728705147,0.0859721161161,0.0119180343953,0.0475440045216,0.00944933113147,0.0265256352763,0.00740094833419,0.0484074352167,0.00295746219576,0.02411264149,0.000510258382801,0.0144802714771,0.00120403461804,0.00314349630629,0.000450961634955,0.0085084401397,0.00117631677637,0.0135479309925,0.00186221706396,0.012654775946,0.00187568938329,0.0140633867852,0.00261463934247,0.0167934293573,0.00266417266392,0.016270029822,0.00267136290179,0.0114818999808,0.00240824054646,0.011125836524,0.00246047374154,0.0114232984163,0.00219330772494,0.00900986762398,0.00162100347121,0.00501641643246,0.00151857831702,0.00377950490244,0.00114029638151,46875,46875,46874,90,f82705b73047657a9b7c6e260fa79d10593144ce5da1408b09bac738ac93054d,926861
doe_N022_C12,doe,C12,N022,11.313708499,-11.313708499,230,400,60,0.001,0.0001,0.08,0.1,2e-07,10000,0,1,12,0,0,0,0,False,800,15,12,4,7,1.6e-05,1.35367201587,11.3094311074,0.153092604055,0.318942925115,11.3152678401,16.7245922089,0.0570988710563,11.3555829265,-11.2630901775,0.0418744274938,0.0506183214542,0.32,1846.81022908,1846.81022908,1831.76771158,1840,1840,0,0,0,0.0022020827659,-0.172922834754,60,0.5,0.75,True,True,True,True,True,True,True,11.3094311074,0.00404963683745,0.0890033886209,0.0140081047946,0.0527157366914,0.00694974182453,0.033476076752,0.00693529373215,0.0743888384546,0.00385670773077,0.0521715257063,0.00106587693688,0.0393489492859,0.00143773882129,0.0275765783875,0.0019109276775,0.0190221207493,0.00132521177203,0.0121338845255,0.000639471748933,0.00927894482477,0.00060089002935,0.00635554292685,0.000384919680367,0.00246777683025,0.000283535166793,0.000490731075046,0.000146115076046,0.00119542209932,0.000202393282029,0.00209320923238,0.00044008715297,0.0036858445456,0.000497521310013,0.00459166570687,0.000721048779319,0.00434084098424,0.000548791524571,0.00386260457153,0.000895484978383,46875,46875,46874,90,6bd8d18ee8a3c06e53bb7775653ca0d4c07f2d5ba35f105aee8b1c63617fbb7d,939240
doe_N024_C12,doe,C12,N024,11.313708499,0,230,400,60,0.001,0.0001,0.08,0.1,2e-07,10000,0,1,12,0,0,0,0,False,800,15,12,4,7,1.6e-05,2.11630113826,7.99473321768,0.169192630087,0.352484646014,8.00348280278,11.7747936249,0.0612781357268,11.306149226,0.0500811665983,-0.00755927298763,0.0500811665983,0.3,1838.77060097,1838.77060097,-8.14492847763,1840,-0,0,0,0,0.00341248511427,-0.172922834754,60,0.5,0.75,True,True,True,True,True,True,True,7.99473321768,0.00353279490616,0.079850122127,0.0178895562319,0.0478219187856,0.00784329793894,0.0349256708898,0.00494193608751,0.0842911628425,0.0028228721605,0.0646850740753,0.00204831234563,0.0478890625523,0.00132713541406,0.0387338422966,0.00110252178961,0.0324675747956,0.000708899737544,0.0264914385439,0.000565552604218,0.021377832523,0.000624732366534,0.0175714692084,0.000430760675683,0.0148538313738,0.00037588363052,0.0125293381759,0.000450728531876,0.00996648661406,0.000303314754076,0.00864178892245,0.000220587128406,0.00764309524484,0.000248109980643,0.00600519736536,0.000331523654514,0.00568555656448,0.000214086005272,0.00495687324606,0.000346218852459,46875,46875,46874,90,67f6983e8afd04f17aeb711a5ec5623bb612b3b098b8ac704d9ea088e783b93b,950052
doe_N026_C12,doe,C12,N026,11.313708499,11.313708499,230,400,60,0.001,0.0001,0.08,0.1,2e-07,10000,0,1,12,0,0,0,0,False,800,15,12,4,7,1.6e-05,1.35241001234,11.3098439816,0.152955462387,0.318657213307,11.3159009982,16.7492275238,0.0587822609217,11.2547851387,11.3646360811,-0.0589233602442,0.0509275821326,0.32,1830.41702525,1830.41702525,-1848.2825849,1840,-1840,0,0,0,0.0022155444183,-0.172922834754,60,0.5,0.75,True,True,True,True,True,True,True,11.3098439816,0.00449198640797,0.0893668650536,0.0133734313641,0.0520427127046,0.00801127882983,0.0333942718003,0.00662904892802,0.0731642441575,0.00302663510631,0.0510209115568,0.000792316599072,0.0412103586771,0.00228160575488,0.0298203257209,0.00198519759216,0.0182492284368,0.00110133214154,0.0113936810184,0.000608107156131,0.00926905564127,0.000791406166136,0.00747387622446,0.000465589715738,0.00216971217581,0.000254970230407,0.00141699182449,0.000187322600457,0.00211712845025,0.000221413214884,0.0010531933486,0.000524606605963,0.00486845199048,0.000603177059404,0.00579718477305,0.000734618733933,0.00473426932253,0.000625605070546,0.00371739836823,0.000962021030497,46875,46875,46874,90,36f7984c40a6e9f23ae4b65a6a62904ef63fe904c1a71b12e719cbf7e8c338d5,934541
doe_N030_C12,doe,C12,N030,22.627416998,-22.627416998,230,400,60,0.001,0.0001,0.08,0.1,2e-07,10000,0,1,12,0,0,0,0,False,800,15,12,4,7,1.6e-05,0.767412962408,22.6232155646,0.173613488756,0.361694768242,22.626199282,32.6891403198,0.0581447849626,22.7203077801,-22.5257048579,0.0928907821276,0.101712140107,0.64,3695.10725145,3695.10725145,3663.45809088,3680,3680,0,0,0,0.00387910157028,-0.172922834754,60,0.5,0.75,True,True,True,True,True,True,True,22.6232155646,0.00202643589964,0.0895959870944,0.0155452957442,0.0544047409655,0.00685342379511,0.0356440559336,0.00635531164621,0.0830889052315,0.00281908865672,0.0617788238388,0.000209544335449,0.0498988782174,0.0012392631558,0.0381163924664,0.002099087482,0.0302958356343,0.00128330329693,0.0235790824638,0.00102219726122,0.0212452729922,0.000782524989161,0.0181197451572,0.000986526487593,0.0136031669091,0.000815796594303,0.011380925737,0.000779328172063,0.0103321715864,0.000423015207003,0.00864596134068,0.00055842108592,0.0065672776076,0.000498724318098,0.0052556789079,0.000687378416792,0.0050324892818,0.000318364539613,0.00458850364774,0.000235337363233,46875,46875,46874,90,1545457c9874b9fb1fa0fd0d943660a92cf8198051ee43850f3d42bed8031695,939696
doe_N033_C12,doe,C12,N033,22.627416998,0,230,400,60,0.001,0.0001,0.08,0.1,2e-07,10000,0,1,12,0,0,0,0,False,800,15,12,4,7,1.6e-05,1.09649548413,15.9938686208,0.175372047164,0.365358431591,15.9982836298,23.0741729736,0.0616160670313,22.6185160011,0.101984424388,-0.00890099684137,0.101984424388,0.452548339959,3678.5523903,3678.5523903,-16.5861919539,3680,-0,0,0,0,0.00189957346689,-0.172922834754,60,0.5,0.75,True,True,True,True,True,True,True,15.9938686208,0.00311337771417,0.0795399973718,0.0177184073856,0.0481910842053,0.00768891130542,0.0352467170254,0.00435327544745,0.0866201737005,0.00239220425743,0.0665126098856,0.00163946206741,0.0512093296651,0.00107848194986,0.0414571714121,0.000826729539044,0.0348417162572,0.000482236546693,0.0287483653929,0.0006717661992,0.0244013934001,0.000362192208836,0.0202427570549,0.000472457409944,0.0172249059112,0.000332453871775,0.0152104875053,0.000267550452187,0.0130783763041,0.000211194389919,0.0113391014826,0.00017381709095,0.0103716938477,0.000129305806172,0.00903804530226,0.00015286059223,0.00816447540199,2.2227626016e-05,0.00731083668866,8.88425954544e-05,46875,46875,46874,90,858ae17ec95005315acbf3a639cc63a607137169cb553bc96d0cb43f2db85131,948334
doe_N036_C12,doe,C12,N036,22.627416998,22.627416998,230,400,60,0.001,0.0001,0.08,0.1,2e-07,10000,0,1,12,0,0,0,0,False,800,15,12,4,7,1.6e-05,0.768050262888,22.6237526678,0.173761791841,0.362003733001,22.6269621536,32.7194023132,0.0616372096874,22.5182106849,22.7288045683,-0.10920631308,0.101387570299,0.64,3662.23927936,3662.23927936,-3696.48912285,3680,-3680,0,0,0,0.00251476961365,-0.172922834754,60,0.5,0.75,True,True,True,True,True,True,True,22.6237526678,0.00381443634079,0.0892632392663,0.0142517021872,0.0543933283369,0.00647009467976,0.0359444380263,0.00542555695136,0.0832460624574,0.00212706343184,0.0598823213064,0.000677339050929,0.0509642351137,0.00155355706445,0.0413900427261,0.00157670780132,0.0312182711251,0.00111052074014,0.0226385464008,0.00129587323151,0.0196620163812,0.000950723401494,0.0191384381029,0.000868236181679,0.0146114602649,0.000527067669496,0.00984045544109,0.000849843749661,0.00928096426451,0.000858834459399,0.00962148700245,0.000586997543396,0.00764552318833,0.00015967900346,0.00426003768363,0.000668634688581,0.0036997483392,0.000663288873607,0.00473923545878,0.000392368486327,46875,46875,46874,90,edcfe52365eb34bce38ca6afa8e17b1ffcc64b31054d5cc0ea3883bf276954fb,936431
doe_N014_C13,doe,C13,N014,5.65685424949,-5.65685424949,230,400,60,0.001,0.0001,0.08,0.1,2e-07,10000,0,1,12,0,0,0,0,False,800,15,12,8,3,1.6e-05,3.4148490612,5.6531046701,0.193044991756,0.402177066158,5.66610566456,8.74051475525,0.0534166718654,5.67410135959,-5.63202970369,0.0172471101006,0.0248245458008,0.3,922.804976157,922.804976157,915.962670925,920,920,0,0,0,0.00382621037161,-0.172922834754,60,0.5,0.75,True,True,True,True,True,True,True,5.6531046701,0.00768513279888,0.0844365873584,0.0146925476747,0.140530692385,0.00656836762954,0.0774695622482,0.00654103081053,0.0400336344617,0.0040585336767,0.0160363941999,0.000990886453283,0.00358169710834,0.000804469399356,0.00675076588746,0.00117180725918,0.0129923499669,0.00185006539415,0.0184788138378,0.0030435982742,0.0185845386744,0.00307629728194,0.0177095570688,0.00348624528236,0.0164814618789,0.00322252015296,0.0156970528272,0.00318444674708,0.0120763812426,0.00267067464519,0.00955790005663,0.0022765386317,0.00707197740848,0.00176249165992,0.00558484732374,0.0013285983688,0.00311166105516,0.000570658658825,0.000281928960292,0.000112820096769,46875,46875,46874,90,ca923b82884f0efe829becb00d31fb9afe2da21ae4eb10f494c79c0350bceaa7,933295
doe_N015_C13,doe,C13,N015,5.65685424949,0,230,400,60,0.001,0.0001,0.08,0.1,2e-07,10000,0,1,12,0,0,0,0,False,800,15,12,8,3,1.6e-05,5.13404221415,3.9944772045,0.205078145913,0.427246137319,4.01366608648,6.08245325089,0.0593768471699,5.64898855329,0.0249919829318,-0.0078656961978,0.0249919829318,0.3,918.720765962,918.720765962,-4.06456013946,920,-0,0,0,0,0.000956060630483,-0.172922834754,60,0.5,0.75,False,True,True,True,True,True,False,3.9944772045,0.00583459797992,0.0769577393132,0.0196960129285,0.145569148998,0.00951165441434,0.0919110213504,0.00457341217216,0.059884825074,0.00351713592605,0.0388136738506,0.00177497648189,0.0232026944025,0.00130189142141,0.0136099469554,0.000895697266982,0.00854222794995,0.000341563067781,0.00351489926667,0.00100535877825,0.00231980549801,0.000653147125054,0.00235557760945,0.00107924438654,0.00250128833688,0.000708649039579,0.00273808456753,0.000885901289556,0.00217517457559,0.000762683160505,0.00210277824793,0.000624747973982,0.00116419429947,0.000610788238396,0.000847855391607,0.000421644497214,0.000576604212512,0.000405093221437,0.00124093013738,0.000261945843294,46875,46875,46874,90,3a77b57bb94667bc5e05c9afdda04311efcb6bab4e127007039f80f8debec698,936566
doe_N016_C13,doe,C13,N016,5.65685424949,5.65685424949,230,400,60,0.001,0.0001,0.08,0.1,2e-07,10000,0,1,12,0,0,0,0,False,800,15,12,8,3,1.6e-05,3.42092233915,5.65291080444,0.193381688521,0.402878517752,5.66613873162,8.72360229492,0.0543088649059,5.62355657996,5.6821133848,-0.0332976695295,0.0252591353106,0.3,914.584648178,914.584648178,-924.108008349,920,-920,0,0,0,0.00379724992341,-0.172922834754,60,0.5,0.75,True,True,True,True,True,True,True,5.65291080444,0.00679007161754,0.0854679045853,0.0137308666615,0.1401536895,0.00975851279105,0.0782236004955,0.00703334959127,0.0384979382582,0.00279037300662,0.0155738732133,0.000258863736216,0.00638118055527,0.000489983806191,0.0061314242753,0.00128205833448,0.0143816922038,0.00225505374231,0.0189135303708,0.00281209350388,0.0172177503061,0.0027803654534,0.0175164256482,0.003351955062,0.0182276220517,0.0032069491848,0.0159882791044,0.00311002768058,0.0101779038966,0.00251036176497,0.00931338206868,0.00235916600975,0.00883315425181,0.00171515433963,0.00637078019232,0.00108310378251,0.00199785993718,0.000611167464695,0.000795229309224,0.000402949007524,46875,46875,46874,90,635fafd3f70c33e6c653ef7d12088a7105a39fdc067e97237a3555dd75a7befc,925682
doe_N022_C13,doe,C13,N022,11.313708499,-11.313708499,230,400,60,0.001,0.0001,0.08,0.1,2e-07,10000,0,1,12,0,0,0,0,False,800,15,12,8,3,1.6e-05,2.0590400807,11.3095083196,0.232867309231,0.485140227564,11.3167076252,16.6855220795,0.0566641227949,11.3557267649,-11.2631002172,0.0420182659544,0.0506082818029,0.32,1846.83362218,1846.83362218,1831.76934437,1840,1840,0,0,0,0.00222082510036,-0.172922834754,60,0.5,0.75,True,True,True,True,True,True,True,11.3095083196,0.00418026335133,0.0884643829373,0.0155771435158,0.160289249544,0.00665128986824,0.103156165338,0.00681814832807,0.069548146662,0.00395432335808,0.0484717062105,0.00135282445961,0.0358641651726,0.00183823850299,0.0248896332324,0.0020379812576,0.0166323680755,0.00125152242791,0.0100167015787,0.000677558713263,0.00712508555295,0.000563279461594,0.00426702073929,0.000219883912244,0.00058545684493,0.000155826046033,0.00238445374755,0.000316567223303,0.00319839286093,0.000372306661994,0.00385534056601,0.000719942240577,0.00500881487602,0.000910659361687,0.00587748101019,0.000996383725108,0.00571256252266,0.000904023660599,0.00479756833416,0.00109842122426,46875,46875,46874,90,63cb210689a54e7db92436ec6fd39b02cd02a14d58a90bcc118cc21497cf5be9,940483
doe_N024_C13,doe,C13,N024,11.313708499,0,230,400,60,0.001,0.0001,0.08,0.1,2e-07,10000,0,1,12,0,0,0,0,False,800,15,12,8,3,1.6e-05,3.0741282952,7.99446101225,0.245759988027,0.511999975055,8.00519680579,11.7306528091,0.0618153704754,11.3057615409,0.0506925385963,-0.0079469580974,0.0506925385963,0.3,1838.70754997,1838.70754997,-8.24435869332,1840,-0,0,0,0,0.00240620053884,-0.172922834754,60,0.5,0.75,True,True,True,True,True,True,True,7.99446101225,0.00351044395657,0.0800683686446,0.0192249680283,0.158890022163,0.00800392789741,0.109815593665,0.00436871884961,0.0798153621485,0.00278875996157,0.0614155850971,0.00174593997185,0.045670740159,0.00134142112472,0.036585565106,0.000827642548227,0.0301629478349,0.000944773502306,0.0240781348906,0.000604117979681,0.0199460117562,0.000515750188386,0.0156155591062,0.000220005386275,0.0128369829601,0.000148408501729,0.0109829761218,0.00026535858306,0.00879294152519,0.000212433524301,0.00688753607227,0.000440300066134,0.0062659903887,0.00029056081236,0.00466012521435,0.000487285725091,0.00431439786175,0.000295554772567,0.00359217902675,0.000479880533045,46875,46875,46874,90,dd14ca6065d361d8c5ef2a698595536e46898afcc8e9208a4e256621072c7a9a,949607
doe_N026_C13,doe,C13,N026,11.313708499,11.313708499,230,400,60,0.001,0.0001,0.08,0.1,2e-07,10000,0,1,12,0,0,0,0,False,800,15,12,8,3,1.6e-05,2.06400135879,11.3100515833,0.23343961836,0.48633253825,11.3174764743,16.6878223419,0.0584327101246,11.2551395264,11.3646983188,-0.0585689725949,0.0509898198056,0.32,1830.47466093,1830.47466093,-1848.29270689,1840,-1840,0,0,0,0.00335360294228,-0.172922834754,60,0.5,0.75,True,True,True,True,True,True,True,11.3100515833,0.00484407920157,0.0891906822214,0.0153136090757,0.159648333409,0.00852302386409,0.104630990467,0.00665215292639,0.0682161352172,0.00328380939272,0.0478241441233,0.00109332223839,0.0378404003943,0.00227564597767,0.0270561491219,0.00196083003454,0.016048391706,0.00118468092472,0.00945454583673,0.000672930260492,0.00722672522867,0.00060759944612,0.00531737663689,0.000297561367458,0.0015782594467,0.000311057810987,0.00330608320228,0.000350066784085,0.00305022630478,0.000394072552965,0.00276437536762,0.000767324468049,0.00603378988622,0.000902171768281,0.00693502886653,0.000770011099532,0.00566853168227,0.000919265865609,0.00471500265139,0.00112027121884,46875,46875,46874,90,24b0ccbd98aed885ff560cfe1a07967614ab83b495da88a512355ec74123c45b,933570
doe_N030_C13,doe,C13,N030,22.627416998,-22.627416998,230,400,60,0.001,0.0001,0.08,0.1,2e-07,10000,0,1,12,0,0,0,0,False,800,15,12,8,3,1.6e-05,1.12660396923,22.6233364887,0.254875406854,0.530990430946,22.627090955,32.647518158,0.0578195909263,22.7198567795,-22.5264026351,0.0924397815041,0.101014362838,0.64,3695.03390316,3695.03390316,3663.57157358,3680,3680,0,0,0,0.0034169744436,-0.172922834754,60,0.5,0.75,True,True,True,True,True,True,True,22.6233364887,0.00221609359884,0.0892476098222,0.0172688330975,0.166986537277,0.00720300669695,0.111534660578,0.00567139456025,0.079561801278,0.0030276013072,0.0595649856886,0.000459258237882,0.0482745336509,0.00161442580629,0.0371554456852,0.00218648980157,0.0293866421883,0.00122028489136,0.0225618949977,0.00111340198921,0.0204099092856,0.000952232214575,0.0175620802981,0.00103836298189,0.0134338118722,0.000721164915547,0.0109762414907,0.000718890334075,0.0100012821072,0.000670789688057,0.00829869797568,0.000634657940635,0.00638432711074,0.000443138331667,0.00491148403139,0.000563141732967,0.00456851021313,0.000432087309317,0.00428144353972,0.000243809416155,46875,46875,46874,90,9c8d554d84d98732d29c3da2c0d53114faa56c8bd2c30e3bba63fbe5f02ee46f,939945
doe_N033_C13,doe,C13,N033,22.627416998,0,230,400,60,0.001,0.0001,0.08,0.1,2e-07,10000,0,1,12,0,0,0,0,False,800,15,12,8,3,1.6e-05,1.58599758512,15.9941500281,0.253666833206,0.528472569179,15.999616235,23.0246334076,0.0622888126637,22.6189172486,0.101255824318,-0.00849974936603,0.101255824318,0.452548339959,3678.617647,3678.617647,-16.4676964023,3680,-0,0,0,0,0.0023071525527,-0.172922834754,60,0.5,0.75,True,True,True,True,True,True,True,15.9941500281,0.00223321944746,0.079788486475,0.0188846955126,0.160492973407,0.00727289815266,0.111532918556,0.00396126089214,0.0828267231807,0.00214506079389,0.0647135401421,0.0014304209536,0.0500440451242,0.000879889942395,0.0406536444288,0.000581863604319,0.0342842049976,0.00020369834282,0.0284897974506,0.000332525802879,0.0240778610454,0.000261291016471,0.0204059812552,0.000245360414487,0.0173246660257,0.00023088866894,0.0153180332399,0.000217842832414,0.0132539753262,0.000118493789658,0.0115215442263,0.000140543114818,0.0104108351358,0.000105615263887,0.00892707343037,0.000148055973633,0.00828286066579,0.000314930416424,0.00749645478171,0.00015162118438,46875,46875,46874,90,12ceee54807d20d6f3fc0e54a19b5f7ae674c30735d8c882c9df896e3bde4207,947498
doe_N036_C13,doe,C13,N036,22.627416998,22.627416998,230,400,60,0.001,0.0001,0.08,0.1,2e-07,10000,0,1,12,0,0,0,0,False,800,15,12,8,3,1.6e-05,1.12930365161,22.6233520573,0.255486340899,0.532263210207,22.6273326126,32.664352417,0.0610712660458,22.5179842235,22.7282314121,-0.109432774456,0.100814414156,0.64,3662.20244891,3662.20244891,-3696.39590785,3680,-3680,0,0,0,0.00296085209446,-0.172922834754,60,0.5,0.75,True,True,True,True,True,True,True,22.6233520573,0.00455236289072,0.0896636016847,0.0161992564036,0.166346116905,0.00728027100785,0.113389671685,0.0055891060811,0.0794487304185,0.00260491740487,0.0578337604141,0.000589590435219,0.0494860162913,0.00166707919009,0.0397505967856,0.00169225822773,0.0299015687747,0.00157593827775,0.0218220859293,0.000892522888834,0.0191961770151,0.000962763974948,0.0185014067319,0.00105307124786,0.013945177969,0.000791814431618,0.0094245714939,0.000689950697957,0.00914631954929,0.000683728494428,0.00935270721016,0.000599770926956,0.00705695415074,0.000451461326407,0.00385978287705,0.000460585673159,0.00344612482146,0.000473609902438,0.00440043941869,0.000371205126794,46875,46875,46874,90,27c943a326c1662e31127cdbe5a3e1ff600051adaec53abcac45711a9c7123da,933882
doe_N014_C14,doe,C14,N014,5.65685424949,-5.65685424949,230,400,60,0.001,0.0001,0.08,0.1,2e-07,10000,0,1,12,0,0,0,0,False,800,15,12,8,5,1.6e-05,2.58706430732,5.6527314031,0.146239796518,0.304666242747,5.66433345203,8.8364315033,0.0539232420318,5.67346173522,-5.63192476603,0.0166074857324,0.0249294834611,0.3,922.700951129,922.700951129,915.945604434,920,920,0,0,0,0.00300225307855,-0.172922834754,60,0.5,0.75,True,True,True,True,True,True,True,5.6527314031,0.00676648348991,0.0851748529519,0.0125996611026,0.0470204161566,0.00618423781762,0.0839904470465,0.0072137901996,0.0460170981811,0.00457304295112,0.0215032845118,0.00111550249547,0.00794251974015,0.000413633130011,0.00300283942794,0.000447195370175,0.0100061967493,0.00145765616073,0.0152040560834,0.00259235393589,0.0164756168183,0.00268500779285,0.0162847560491,0.00305640258524,0.0163612461645,0.00293664205028,0.0160685752859,0.00314151417916,0.0131369646713,0.00258856607214,0.010668899886,0.00248040034786,0.00862954168024,0.00197745083889,0.00699157707486,0.00174979932211,0.00482623291914,0.000934063375664,0.00218043631119,0.000623126893063,46875,46875,46874,90,806ec36f792329b6fd9b0bf99aaf4fa513482a3d72ca19cc2fe9d272e8999163,932983
doe_N015_C14,doe,C14,N015,5.65685424949,0,230,400,60,0.001,0.0001,0.08,0.1,2e-07,10000,0,1,12,0,0,0,0,False,800,15,12,8,5,1.6e-05,4.06481187726,3.99418358269,0.162356048669,0.338241768059,4.01142567865,6.23157167435,0.0598672491416,5.64857241562,0.0251922575298,-0.00828183386834,0.0251922575298,0.3,918.653087596,918.653087596,-4.09713171052,920,-0,0,0,0,0.0010423199044,-0.172922834754,60,0.5,0.75,True,True,True,True,True,True,True,3.99418358269,0.00545987557263,0.0775034929931,0.0186822269606,0.0443264575915,0.00951400041701,0.09936990636,0.00513230120146,0.0668668130687,0.00345038729535,0.0454640042856,0.0018386675621,0.0287948161624,0.00147564783916,0.0190941589892,0.00067443043844,0.0129803026115,0.000597701438465,0.00706913233098,0.00068374577612,0.00450005639021,0.000456480541564,0.0014525508621,0.000891641720392,0.00163953251467,0.000467366018247,0.00203567406638,0.000759352316417,0.00195123186183,0.000639678658772,0.00245884418134,0.000699333932357,0.00165146762802,0.000563970297912,0.00171119940513,0.000509387882936,0.000473399404898,0.000479581428903,0.000392493272749,0.000356613411239,46875,46875,46874,90,546d3ef979f951fcd29338b24b44699eb6103ef53faa416a4257dc42739fd655,940753
doe_N016_C14,doe,C14,N016,5.65685424949,5.65685424949,230,400,60,0.001,0.0001,0.08,0.1,2e-07,10000,0,1,12,0,0,0,0,False,800,15,12,8,5,1.6e-05,2.59486042311,5.65311626087,0.146690476526,0.305605159429,5.66495696026,8.85886383057,0.0555609216941,5.6236738968,5.68240607667,-0.0331803526914,0.0255518271758,0.3,914.60372795,914.60372795,-924.155610162,920,-920,0,0,0,0.00307464292971,-0.172922834754,60,0.5,0.75,True,True,True,True,True,True,True,5.65311626087,0.00643632656003,0.0857696718986,0.0118256229042,0.0461676800836,0.0110873154879,0.0848458247063,0.00694699296983,0.0440389541347,0.00254966781217,0.0209265814526,0.000563402273318,0.0105939097592,0.000851147807569,0.00303323178005,0.00102289895248,0.0117493551391,0.00147019792369,0.0156978178625,0.00209377917807,0.0153569686984,0.0023998538052,0.0160120721805,0.00318414135974,0.0182724895987,0.00287264559673,0.0165437189628,0.00268165693983,0.011590181026,0.00263632810572,0.0102321344038,0.00275083509011,0.0104170477874,0.00189034193991,0.00769667370906,0.00144443097365,0.00387210857499,0.000979181901858,0.00235861769426,0.000962360460264,46875,46875,46874,90,a84b57c056cd097ad520bcfc1775368a36e804749606e73347fe0addb318caa6,925985
doe_N022_C14,doe,C14,N022,11.313708499,-11.313708499,230,400,60,0.001,0.0001,0.08,0.1,2e-07,10000,0,1,12,0,0,0,0,False,800,15,12,8,5,1.6e-05,1.61530790972,11.3097782492,0.182687742631,0.380599463814,11.3160585684,16.8364524841,0.0576004337321,11.3556034616,-11.2637666042,0.0418949625819,0.0499418947747,0.32,1846.81356879,1846.81356879,1831.87772193,1840,1840,0,0,0,0.00177274648572,-0.172922834754,60,0.5,0.75,True,True,True,True,True,True,True,11.3097782492,0.00454339160661,0.0887396391775,0.0141504956144,0.0523689172379,0.00666705877503,0.107723375738,0.00613084232987,0.0730882594154,0.00403823420782,0.051197059753,0.0013341310506,0.0383333539171,0.00214738213286,0.02700091134,0.00155731453095,0.0179943261511,0.00148958746869,0.0111073452849,0.000770378852559,0.00820998942491,0.000947198423222,0.00524394774338,0.000371383715525,0.00137946016126,0.000211267997091,0.00171296316072,0.000171000168475,0.00247950550081,0.000132380437626,0.0030547349495,0.00079891329554,0.00450179856555,0.000910302365425,0.0054434505454,0.000762040115085,0.00500479644243,0.000623537800989,0.0043175704967,0.00115795065846,46875,46875,46874,90,a24b5d4f0660fbc177bde1a8b4fe2602384e6c2ee3112d0b20d6581f40ffd96d,940395
doe_N024_C14,doe,C14,N024,11.313708499,0,230,400,60,0.001,0.0001,0.08,0.1,2e-07,10000,0,1,12,0,0,0,0,False,800,15,12,8,5,1.6e-05,2.49344944807,7.99432264912,0.199334393971,0.415279987439,8.00376745372,11.8906364441,0.0615509057682,11.3055672359,0.0503856161247,-0.00814126305787,0.0503856161247,0.3,1838.67594927,1838.67594927,-8.19444249228,1840,-0,0,0,0,0.00243836185736,-0.172922834754,60,0.5,0.75,True,True,True,True,True,True,True,7.99432264912,0.00380749881074,0.0791245052489,0.0178052683033,0.0477266143652,0.00881085548774,0.113636692279,0.00446243733837,0.0836535182055,0.0027984679102,0.0637644784279,0.00157590004363,0.0481812330557,0.00130992218951,0.0382583803554,0.000867751236078,0.0316092064256,0.000685360289471,0.0256302945488,0.000437541334882,0.0214259404759,0.000459986417187,0.0166235456141,0.000229565322323,0.0136808977784,0.000295044671318,0.0118743588375,0.000371743725671,0.00985722293408,0.000249442265019,0.00759853494627,0.000242038512782,0.00642639361391,0.000139079607937,0.00527428429042,0.000257666483802,0.00537048105349,0.000288478947556,0.00418476874371,0.000360045948742,46875,46875,46874,90,4ce696719ca54a0a6c4931ae2ae04ffc89335baf6f548dd1259b04bc25fcba2a,952536
doe_N026_C14,doe,C14,N026,11.313708499,11.313708499,230,400,60,0.001,0.0001,0.08,0.1,2e-07,10000,0,1,12,0,0,0,0,False,800,15,12,8,5,1.6e-05,1.61821484871,11.3099424466,0.183019168051,0.381289933439,11.3164426813,16.842924118,0.0585384196789,11.2550878666,11.3645322563,-0.0586206323563,0.0508237573065,0.32,1830.46625927,1830.46625927,-1848.26569939,1840,-1840,0,0,0,0.00257562522131,-0.172922834754,60,0.5,0.75,True,True,True,True,True,True,True,11.3099424466,0.00525532151909,0.0884780065277,0.0136745235638,0.0522688581205,0.0100531608273,0.108475605615,0.00661621444443,0.0719665199199,0.00311752626005,0.0496819968956,0.000877552518893,0.0405345434595,0.0024023715805,0.0289425026072,0.00189870543854,0.0174657220532,0.00119097519573,0.00987516006747,0.000600936097591,0.00833405351315,0.000655382603252,0.00615733118256,0.000319052049903,0.00169389437606,9.84313480526e-05,0.00294232762639,0.000284958352457,0.00258004833907,0.000304091448703,0.0019332205049,0.000718887662104,0.00566348509073,0.000756980898312,0.00677993062561,0.00077238086859,0.00518954963849,0.000821086697982,0.00427214268012,0.00110109832024,46875,46875,46874,90,80c608077abae0b67ea7d15cd3710249f475aa453c54d7fb3e98a776e6be7c4f,932932
doe_N030_C14,doe,C14,N030,22.627416998,-22.627416998,230,400,60,0.001,0.0001,0.08,0.1,2e-07,10000,0,1,12,0,0,0,0,False,800,15,12,8,5,1.6e-05,0.908468487455,22.6232062004,0.205524699182,0.42817645663,22.6264579389,32.8099212646,0.0581978924182,22.7198463947,-22.5261514105,0.0924293967079,0.10126558745,0.64,3695.03221423,3695.03221423,3663.53071578,3680,3680,0,0,0,0.00399323499328,-0.172922834754,60,0.5,0.75,True,True,True,True,True,True,True,22.6232062004,0.00210112177361,0.0897020529282,0.0159682752211,0.0544261825966,0.00774398704796,0.11515351145,0.00582348272222,0.083142353477,0.00307153793447,0.0625227379012,0.000449983288597,0.0499084621083,0.00149860980034,0.0380867396092,0.00195357858075,0.0302162396492,0.00134405845626,0.0238443214438,0.000808041896122,0.0209576228898,0.00091733676002,0.0177638475766,0.00101689387154,0.013570864211,0.000745410824079,0.0113954647121,0.000700307507811,0.0102174001581,0.000623483604082,0.00830547175563,0.000564578907663,0.00631589507427,0.000440143369965,0.0052265440973,0.000380371880047,0.00471454894014,0.000486985249588,0.00439534468527,0.000235757052535,46875,46875,46874,90,ec6379038864103010946fe60693d1c8498d85ccc97a04055bd65c0826f3981a,940553
doe_N033_C14,doe,C14,N033,22.627416998,0,230,400,60,0.001,0.0001,0.08,0.1,2e-07,10000,0,1,12,0,0,0,0,False,800,15,12,8,5,1.6e-05,1.30384902299,15.9944356755,0.208543293289,0.434465194351,15.9992514809,23.1938610077,0.0625298291984,22.6193177625,0.102025080111,-0.00809923546894,0.102025080111,0.452548339959,3678.68278441,3678.68278441,-16.5928039795,3680,-0,0,0,0,0.00212199050602,-0.172922834754,60,0.5,0.75,True,True,True,True,True,True,True,15.9944356755,0.00253026732822,0.0803257005596,0.0176350850903,0.0481718749154,0.00801758797097,0.116076441899,0.0038921943441,0.0863713641994,0.00224631083536,0.0674780325785,0.00119928046542,0.0516561693824,0.00103138967199,0.0424162405027,0.00090274170124,0.0351804016308,0.000561025621881,0.0293899340328,0.000559354671181,0.024705288558,0.000549758350643,0.0209074604254,0.000179418849605,0.0174923007129,0.000182970931764,0.0157301444127,0.000194201901872,0.0135906136317,0.000218129503413,0.0119483140518,0.000175415099832,0.0105027868653,0.00010322595847,0.00947633453119,0.000235830273938,0.00848332645607,0.000148107195211,0.00740037337801,3.77945077797e-05,46875,46875,46874,90,6a09112ebe582b0717b6a6dbcd49f4ed145f5cceb63fd76d6f226db243ccb77b,948244
doe_N036_C14,doe,C14,N036,22.627416998,22.627416998,230,400,60,0.001,0.0001,0.08,0.1,2e-07,10000,0,1,12,0,0,0,0,False,800,15,12,8,5,1.6e-05,0.912133750724,22.6242434992,0.206363360802,0.429923668338,22.6277254505,32.8285865784,0.0618055767647,22.5183967069,22.7295973914,-0.109020291077,0.102180393435,0.64,3662.26953297,3662.26953297,-3696.61806329,3680,-3680,0,0,0,0.00334550704477,-0.172922834754,60,0.5,0.75,True,True,True,True,True,True,True,22.6242434992,0.00410175898592,0.0892977046522,0.0145466788441,0.0539230848034,0.00820844306524,0.117664555028,0.00543473074461,0.0821721505143,0.00206857744166,0.0601578574597,0.000778510223052,0.0510826735426,0.00145267662135,0.0419437839623,0.00139744212779,0.0307170733946,0.00100453228876,0.0224728906382,0.00123666816997,0.0196211377771,0.00131016818126,0.0193761882425,0.000971599815511,0.0141732492385,0.00040512310491,0.00953484590607,0.000885653306309,0.00896795577916,0.00102326272228,0.00976857245736,0.000545744423538,0.00723453458735,0.000228019843423,0.00398660342418,0.000617303252092,0.00322911863263,0.000693997394081,0.00457819225199,0.000449162936982,46875,46875,46874,90,62858470ffb129f6691ba921cf814e03072830783a2eaa43a008d967bce4fdb1,935567
doe_N014_C15,doe,C15,N014,5.65685424949,-5.65685424949,230,400,60,0.001,0.0001,0.08,0.1,2e-07,10000,0,1,12,0,0,0,0,False,800,15,12,8,7,1.6e-05,2.22812559448,5.65288167388,0.125953303402,0.26240271542,5.66399996179,8.79235363007,0.0545106345762,5.67386123128,-5.6318239644,0.017006981792,0.0250302850924,0.3,922.765922995,922.765922995,915.929210606,920,920,0,0,0,0.0030217630656,-0.172922834754,60,0.5,0.75,True,True,True,True,True,True,True,5.65288167388,0.0069444520329,0.085551702567,0.012845128651,0.0473192958541,0.00695153187176,0.0266919784465,0.00703637915017,0.0519157315481,0.00480242954518,0.0259344710645,0.00136161920129,0.0120234881938,0.000720545537727,0.000307128117946,0.000613789256026,0.00734735184341,0.00102094459087,0.0134999951217,0.00216973038445,0.0144078096461,0.00219192261785,0.0147841843438,0.00270391119541,0.015463219186,0.00283836861012,0.0160827557128,0.00285795483794,0.0133754485599,0.00267644421968,0.0115695356332,0.00242591977474,0.00976101191075,0.00229255768394,0.00826677582182,0.00183841883632,0.00616988238592,0.0013417347115,0.00333272526935,0.000956641700155,46875,46875,46874,90,32869e79fd66bf0f73fb0a85e6c05510250ae9044b088c4d24e150564085437a,932585
doe_N015_C15,doe,C15,N015,5.65685424949,0,230,400,60,0.001,0.0001,0.08,0.1,2e-07,10000,0,1,12,0,0,0,0,False,800,15,12,8,7,1.6e-05,3.52984344705,3.99442441396,0.140996928423,0.293743600882,4.01086560774,6.13183164597,0.0603797269104,5.64891587924,0.0245394978343,-0.00793837025105,0.0245394978343,0.3,918.70894665,918.70894665,-3.99097042488,920,-0,0,0,0,0.00149744296024,-0.172922834754,60,0.5,0.75,True,True,True,True,True,True,True,3.99442441396,0.00521919390564,0.0781964107196,0.0180944337938,0.0442000994753,0.00911796381964,0.0310360839162,0.00531672073972,0.0745598185659,0.00379444902895,0.0514217488282,0.00187865534986,0.0336925701716,0.00161923617794,0.0234665758538,0.000944536846923,0.0168986747633,0.000623442082589,0.00999880778497,0.00070210946537,0.0071482983048,0.000359392842953,0.00323555927737,0.000742092232841,0.00170799276387,0.000370474919688,0.00173255565315,0.000724922387774,0.00136566487453,0.000421056629521,0.00206241361887,0.000646498582085,0.00175445824713,0.0005479077608,0.00187991560309,0.00061648159985,0.00102172588347,0.000436514344125,0.0010538235952,0.000487955773624,46875,46875,46874,90,f33432b9ae8b9eedbdf0406336adb0e780e4c374c18cfcc8da2968361e1a0d1d,936019
doe_N016_C15,doe,C15,N016,5.65685424949,5.65685424949,230,400,60,0.001,0.0001,0.08,0.1,2e-07,10000,0,1,12,0,0,0,0,False,800,15,12,8,7,1.6e-05,2.22620222726,5.65282228432,0.125843255596,0.262173449159,5.66416562841,8.78792858124,0.0555877426337,5.62343124942,5.68206129316,-0.0334230000738,0.0252070436631,0.3,914.5642651,914.5642651,-924.099536447,920,-920,0,0,0,0.003332245317,-0.172922834754,60,0.5,0.75,True,True,True,True,True,True,True,5.65282228432,0.00665800766386,0.0858092437689,0.0122558204815,0.0469132642204,0.0097802655783,0.0265094181715,0.00776819858376,0.050350728471,0.00308842214775,0.0251850535685,0.0007439508163,0.0147678106503,0.00132586935776,0.00317790105227,0.00049841433074,0.00905073702987,0.00123870128085,0.0141570988193,0.00202772980658,0.0131950075017,0.00196372220727,0.0145703567064,0.00281146373514,0.0172774533175,0.00273576974269,0.0166285343635,0.00278538009043,0.011641686672,0.00242256113869,0.0111610178876,0.00256008576562,0.0113868009101,0.0020732277037,0.00911758363224,0.00168611416006,0.00499004162755,0.0013944266241,0.00350853075469,0.00117379879761,46875,46875,46874,90,dd4d96a73340e6c85dd83adf9e139f25f60d35f89c759939e03d4b86ca5d0205,926638
doe_N022_C15,doe,C15,N022,11.313708499,-11.313708499,230,400,60,0.001,0.0001,0.08,0.1,2e-07,10000,0,1,12,0,0,0,0,False,800,15,12,8,7,1.6e-05,1.37798513432,11.3095755947,0.155844270449,0.324675563436,11.3154496767,16.7225952148,0.0569428598184,11.35560799,-11.2633550704,0.0418994909659,0.0503534286257,0.32,1846.81430526,1846.81430526,1831.81079231,1840,1840,0,0,0,0.00253839596364,-0.172922834754,60,0.5,0.75,True,True,True,True,True,True,True,11.3095755947,0.00388716259072,0.0887045914415,0.0139696702369,0.0523314595899,0.0069513702831,0.0330835756385,0.00752869894054,0.0777692314744,0.00438190450475,0.0547031878262,0.0013882617424,0.0406870048587,0.00146812981749,0.028318244226,0.00207692650519,0.0193883511265,0.00120696305241,0.0121675863651,0.00082183724829,0.00925156265501,0.00054368375307,0.00621499331669,0.000455013566316,0.00205539147402,0.000232077187179,0.000774328788057,0.000132359155067,0.00136164427864,0.000166810557405,0.00246933749015,0.00041426819031,0.00414474088719,0.000690831325172,0.00487574088432,0.000737612224585,0.00460065330279,0.000680197383412,0.00409381357989,0.000948465982075,46875,46875,46874,90,8ae17fb1260b3705d2fcbb4c71f40880063a2903a28f496063f07d79341d9555,938441
doe_N024_C15,doe,C15,N024,11.313708499,0,230,400,60,0.001,0.0001,0.08,0.1,2e-07,10000,0,1,12,0,0,0,0,False,800,15,12,8,7,1.6e-05,2.17309007488,7.99425906248,0.173722450247,0.361921771348,8.00310978827,11.7719745636,0.061749384953,11.3054794135,0.0499114042337,-0.00822908553398,0.0499114042337,0.3,1838.6616663,1838.6616663,-8.1173192502,1840,-0,0,0,0,0.00185783754207,-0.172922834754,60,0.5,0.75,True,True,True,True,True,True,True,7.99425906248,0.00313138316003,0.0796751943214,0.017812222638,0.0471894136188,0.00770007743233,0.0348116547869,0.00558904722308,0.088943387994,0.0028449324584,0.0680055336257,0.00208103040592,0.0497366928983,0.001157202,0.0401519558655,0.000978535718698,0.0335599543911,0.000621962957899,0.0268275580655,0.000495476117066,0.0215753446471,0.000447695320986,0.0177495502392,0.000432590659254,0.0150741801721,0.000355783977257,0.0125962970321,0.000214083210545,0.0101598533925,0.000116196370057,0.00858114683627,0.000117015999135,0.00753105567949,0.00017146955674,0.00596087411149,0.000254591628395,0.00572370089466,0.000330255140052,0.0047885751817,0.00028980672738,46875,46875,46874,90,ef44711d2af1d9755f469f4be07451d7912f7996b6ddcb4a88b8ccef3a894b2d,949609
doe_N026_C15,doe,C15,N026,11.313708499,11.313708499,230,400,60,0.001,0.0001,0.08,0.1,2e-07,10000,0,1,12,0,0,0,0,False,800,15,12,8,7,1.6e-05,1.37289123376,11.3100218758,0.155274298869,0.323488122644,11.3161101366,16.7383174896,0.0586780611859,11.2550426232,11.364735158,-0.0586658757658,0.0510266589945,0.32,1830.45890113,1830.45890113,-1848.29869822,1840,-1840,0,0,0,0.0024531573171,-0.172922834754,60,0.5,0.75,True,True,True,True,True,True,True,11.3100218758,0.00491602208897,0.0883391003243,0.0133164345224,0.0520902918124,0.00831718722348,0.03367383162,0.00756165898677,0.0765504870487,0.00277525918771,0.0527973187501,0.00130241516331,0.042341685729,0.00244605101588,0.030740681381,0.00220255985227,0.0187433838855,0.000939486379114,0.01103334198,0.000822634582705,0.00873170437537,0.000740571047191,0.00716832029103,0.0005100539321,0.00215238435614,0.000100708848578,0.00185549171043,0.000159445049572,0.0023715704161,0.000100000766471,0.00146800381419,0.000565065948879,0.00497963436071,0.000708401568093,0.00598717568307,0.000650539754519,0.00514368424244,0.000702681866005,0.00411528947255,0.000918129803607,46875,46875,46874,90,dac8d35a3c3d4b4ad4658a1ed3ff6576be4b524d6ca06155641e892342859337,934080
doe_N030_C15,doe,C15,N030,22.627416998,-22.627416998,230,400,60,0.001,0.0001,0.08,0.1,2e-07,10000,0,1,12,0,0,0,0,False,800,15,12,8,7,1.6e-05,0.787175249642,22.6232182299,0.178084374578,0.371009113705,22.6262377147,32.6876182556,0.0584655034755,22.7199661001,-22.526054838,0.0925491021657,0.101362159961,0.64,3695.05168248,3695.05168248,3663.51500975,3680,3680,0,0,0,0.00427475381857,-0.172922834754,60,0.5,0.75,True,True,True,True,True,True,True,22.6232182299,0.00156100299851,0.0893571535091,0.0157887214834,0.0544547844949,0.0076450064418,0.0355273108525,0.00607975252999,0.0869757036651,0.00366748088011,0.0651390740759,0.000906273731888,0.0521642328309,0.00147913920201,0.0398028122238,0.00170814827739,0.0314028900727,0.00106730647495,0.0243998632878,0.00103842872067,0.0215621327159,0.00111150909237,0.018383633841,0.000866656280515,0.0140643889541,0.000595154151246,0.0114166036143,0.000660208189301,0.0105261092425,0.000777511709599,0.0085774132267,0.000683322993668,0.00665525667001,0.000333156723255,0.00537258011141,0.000494939918678,0.00501818169577,0.000495996348338,0.00447971179833,0.000331673760562,46875,46875,46874,90,0717204e27f230d3ff6bed6cf55e211618970e5878a2efa1f9fdaa29f1956277,939135
doe_N033_C15,doe,C15,N033,22.627416998,0,230,400,60,0.001,0.0001,0.08,0.1,2e-07,10000,0,1,12,0,0,0,0,False,800,15,12,8,7,1.6e-05,1.12352315201,15.9936821742,0.179692722086,0.374359837679,15.9981485072,23.0690078735,0.0624476228244,22.6182612196,0.0999918791165,-0.00915577832267,0.0999918791165,0.452548339959,3678.51095402,3678.51095402,-16.262135231,3680,-0,0,0,0,0.00201725685437,-0.172922834754,60,0.5,0.75,True,True,True,True,True,True,True,15.9936821742,0.00214308174723,0.0794157261151,0.0171875438011,0.0481354482018,0.00756327900592,0.0350908993453,0.00500824782579,0.0906222272318,0.00254796643827,0.0694160351765,0.00163380197221,0.0531856722926,0.00103355242978,0.042426372712,0.000735477909163,0.0357132566933,0.000324140633617,0.0293094959783,0.000200271584321,0.0248999709453,0.000133256208957,0.0207395097672,0.000227375597904,0.0179175016621,8.2848392556e-05,0.0157737161681,0.000107557524994,0.0134207221083,9.56214680814e-05,0.0115856268097,5.74168264737e-05,0.0105403112002,0.00012692938104,0.00914007583408,7.51181701262e-05,0.00810633853949,0.000115999236605,0.00721341265769,4.55961969771e-05,46875,46875,46874,90,e7da5246daddd7914ffcef473f3e0f24ad1e9bb622b177dad71eea91f8588419,947362
doe_N036_C15,doe,C15,N036,22.627416998,22.627416998,230,400,60,0.001,0.0001,0.08,0.1,2e-07,10000,0,1,12,0,0,0,0,False,800,15,12,8,7,1.6e-05,0.785694060708,22.6234552074,0.177751143892,0.370314883107,22.6266950543,32.7058868408,0.061369357606,22.5177352145,22.7286834606,-0.109681783474,0.101266462628,0.64,3662.16195144,3662.16195144,-3696.46942656,3680,-3680,0,0,0,0.00384494494792,-0.172922834754,60,0.5,0.75,True,True,True,True,True,True,True,22.6234552074,0.00447079296578,0.0890674053277,0.0145712662279,0.0540888423612,0.00735858695679,0.0358171837857,0.00660960519921,0.0868704172895,0.00255646731955,0.0627367407041,0.000433840301081,0.0533752482659,0.00179729931183,0.0427236533361,0.00173652189225,0.0318891380676,0.00116731633232,0.0230764091093,0.00108602521803,0.0203660953922,0.000959142045194,0.0195250111678,0.000939099034357,0.0146413997595,0.000656370118608,0.00954731958854,0.000725462543668,0.00940256389611,0.000764941771137,0.00993213255473,0.000543598085402,0.00756200265336,0.000342092514489,0.0040135778575,0.000465432671765,0.00363351264059,0.000451698615543,0.00478488708794,0.000391841106548,46875,46875,46874,90,ec149c1862661866e50fbfde6898d8ae9ad234aed146de2fc75d1a1fc2a58cb5,936217
doe_N014_C16,doe,C16,N014,5.65685424949,-5.65685424949,230,400,60,0.001,0.0001,0.08,0.1,2e-07,10000,0,1,12,0,0,0,0,False,800,15,12,16,3,1.6e-05,3.37607664441,5.6525691023,0.190835065272,0.397573052649,5.66548875728,8.76355171204,0.0526440881716,5.67330039041,-5.63176149999,0.0164461409165,0.0250927495057,0.3,922.674710886,922.674710886,915.919051733,920,920,0,0,0,0.0032264592655,-0.172922834754,60,0.5,0.75,True,True,True,True,True,True,True,5.6525691023,0.00651094836519,0.0842740234164,0.016330585515,0.136114216136,0.00615768656346,0.0788089179885,0.00743709833334,0.0413366085237,0.00409993663479,0.0165343531765,0.000995645222629,0.00431215550321,0.000916704679081,0.00659874843243,0.000674030967659,0.0129840498809,0.00222490778421,0.0184195054986,0.00280032765416,0.0184364895886,0.00368356293171,0.0176317732243,0.00349997312682,0.0168945635867,0.00381311549155,0.0158238807189,0.00325682705585,0.0123765742114,0.00286402061703,0.00952297616153,0.00234518974921,0.00721932832348,0.00178287024617,0.0054062801993,0.00126417080518,0.00317905374713,0.000511792283685,5.26948320906e-05,0.000233225090746,46875,46875,46874,90,f843a1e93cd53daf9bb6e299bb2509e551d99dd39121f13a8418a581e1684d86,933126
doe_N015_C16,doe,C16,N015,5.65685424949,0,230,400,60,0.001,0.0001,0.08,0.1,2e-07,10000,0,1,12,0,0,0,0,False,800,15,12,16,3,1.6e-05,5.06960481376,3.99385767534,0.202472800964,0.421818335341,4.01292010059,6.09073066711,0.0595240194633,5.64811114577,0.0252734392581,-0.00874310372195,0.0252734392581,0.3,918.578069176,918.578069176,-4.11033466516,920,-0,0,0,0,0.00150416863022,-0.172922834754,60,0.5,0.75,False,True,True,True,True,True,False,3.99385767534,0.0052225842543,0.076498240436,0.0202859404391,0.140082958921,0.00920099339314,0.0930181802348,0.00513043802599,0.0617586843662,0.00307276808336,0.0397015722054,0.00194713731638,0.0241910529373,0.000794590463916,0.0139258280555,0.000683982063713,0.00860571244099,0.000690905677155,0.00351166427438,0.000486287048287,0.0021316289789,0.00102618297294,0.00249610183559,0.000684654037552,0.00271431728422,0.00100162619527,0.00298167132654,0.000726369413853,0.00238414815627,0.000761512066897,0.00230056793361,0.0006766927152,0.00142851111502,0.000459282964632,0.000897801263799,0.000564286940088,0.000472633974696,0.000179135665196,0.000998579129682,0.000460937517049,46875,46875,46874,90,454d159a15d1be9ecc6bf5376a14d799f624a022b248b77828302044a6884ff4,935034
doe_N016_C16,doe,C16,N016,5.65685424949,5.65685424949,230,400,60,0.001,0.0001,0.08,0.1,2e-07,10000,0,1,12,0,0,0,0,False,800,15,12,16,3,1.6e-05,3.37011638381,5.65246117736,0.190494520226,0.396863583805,5.66558881989,8.72647190094,0.0538941699079,5.62315467628,5.68161651378,-0.0336995732092,0.0247622642842,0.3,914.51928475,914.51928475,-924.027199948,920,-920,0,0,0,0.00281949375906,-0.172922834754,60,0.5,0.75,True,True,True,True,True,True,True,5.65246117736,0.00716040022987,0.0847617628547,0.0152575621575,0.135114716159,0.0103614101505,0.079265035909,0.00760018877759,0.0398032396614,0.00273535619431,0.0156783804052,0.000323131972106,0.00677427949246,0.00040975526966,0.00568457883106,0.0011669158659,0.0146028114167,0.00236263100383,0.019215415251,0.00291523064572,0.017485120577,0.00309667363966,0.0171315026732,0.0034247642925,0.0188180852558,0.00345453594588,0.016284826298,0.00305569030783,0.01071967194,0.00274920716206,0.00893726137515,0.00240836020041,0.00907111035921,0.00182466133255,0.00618603338814,0.00113388321462,0.00244534013643,0.000651123545261,0.000731790676785,0.000356986463199,46875,46875,46874,90,d7c6b50f9b0369200dd5390f59a05b3edc53c002836a24185f20c77e1d976a38,925075
doe_N022_C16,doe,C16,N022,11.313708499,-11.313708499,230,400,60,0.001,0.0001,0.08,0.1,2e-07,10000,0,1,12,0,0,0,0,False,800,15,12,16,3,1.6e-05,2.03782200014,11.3095858753,0.23046922909,0.480144227272,11.3167356684,16.7081451416,0.056647105646,11.3557069887,-11.2632759056,0.0419984897222,0.0504325933653,0.32,1846.83040588,1846.83040588,1831.79791738,1840,1840,0,0,0,0.0021741831766,-0.172922834754,60,0.5,0.75,True,True,True,True,True,True,True,11.3095858753,0.00404802661706,0.0883433526264,0.0167926948439,0.154572192741,0.00705728618842,0.104523919705,0.00678097749222,0.0711827295094,0.00421876627157,0.0492465482206,0.00139371562848,0.0367201160272,0.00205632319838,0.0249998176952,0.00185560162764,0.0167025848136,0.00144341963505,0.00968894170752,0.000745653445567,0.00713715796335,0.000751901283266,0.00412440232033,0.000261138276831,0.00048956531753,0.000201890479493,0.0026003557585,0.000371304632969,0.00305230766247,0.000353610704821,0.00404570915638,0.000823131452879,0.00518079627029,0.000961493818169,0.00614762891258,0.000982524806546,0.00582419925999,0.00095134689498,0.0050959321884,0.0012260058174,46875,46875,46874,90,1c113286baf45311a805326fe118c58c28d5733700d046ad94e60b76706f759d,939967
doe_N024_C16,doe,C16,N024,11.313708499,0,230,400,60,0.001,0.0001,0.08,0.1,2e-07,10000,0,1,12,0,0,0,0,False,800,15,12,16,3,1.6e-05,3.05395018211,7.99405955967,0.244134596481,0.508613742668,8.00474795058,11.7437076569,0.0618902461811,11.3051938903,0.0506713798118,-0.00851460864019,0.0506713798118,0.3,1838.61523037,1838.61523037,-8.24091754372,1840,-0,0,0,0,0.00312775127753,-0.172922834754,60,0.5,0.75,True,True,True,True,True,True,True,7.99405955967,0.00374939059783,0.0795600650314,0.0193638573534,0.152906605197,0.00864781231935,0.111313251923,0.00440684779671,0.082328656323,0.00310868530536,0.0628066541038,0.00172801932364,0.0473246819829,0.00131858897048,0.0372296248332,0.000832874094553,0.0306614406288,0.000670488817298,0.0241142192811,0.000666716726854,0.0201006662788,0.000434707011099,0.0155110416033,0.000415666161328,0.0127907231876,0.000128911369134,0.0107261920578,0.000502053414076,0.00854987972286,0.000142741451447,0.00675884735132,0.000336838651887,0.00593347667016,0.000196955134992,0.00468104089437,0.000184192029779,0.00420043575609,0.000202549540911,0.00372958280283,0.000200923847926,46875,46875,46874,90,36f69487b32a1eb6b457728c2771cb66c31ce09a68bc4f6eaa345eb07f084d10,947545
doe_N026_C16,doe,C16,N026,11.313708499,11.313708499,230,400,60,0.001,0.0001,0.08,0.1,2e-07,10000,0,1,12,0,0,0,0,False,800,15,12,16,3,1.6e-05,2.03980424242,11.309538046,0.230692436861,0.480609243461,11.3169048068,16.6988430023,0.0580206409071,11.2547843797,11.3640279036,-0.0589241192356,0.0503194046502,0.32,1830.41690181,1830.41690181,-1848.18367422,1840,-1840,0,0,0,0.0027797378937,-0.172922834754,60,0.5,0.75,True,True,True,True,True,True,True,11.309538046,0.00548681705163,0.0888575175476,0.0164335324447,0.153583725858,0.00912055505771,0.105559288689,0.00686880435396,0.070421702354,0.00303294726599,0.0482305729691,0.00127673032286,0.0388031473983,0.00242906268231,0.0271152752399,0.002163176718,0.016428282574,0.000951243829059,0.00878663824978,0.00065123532247,0.00713933994806,0.000593065397571,0.00493938608675,0.00034184547338,0.00183594689831,0.000181883096852,0.00369233816155,0.000272814878534,0.00313038631689,0.000409429418413,0.00298700331018,0.00080663967978,0.00603459649936,0.000950961051546,0.00726075124734,0.00091604931126,0.00595366509795,0.0010500233771,0.00495104213253,0.00122531564434,46875,46875,46874,90,a1b98623e09701097d490d369d6a76986979a2581bf85be5911f35915f0527c4,931558
doe_N030_C16,doe,C16,N030,22.627416998,-22.627416998,230,400,60,0.001,0.0001,0.08,0.1,2e-07,10000,0,1,12,0,0,0,0,False,800,15,12,16,3,1.6e-05,1.12117643967,22.6235520591,0.253649935504,0.528437365633,22.6272927294,32.672870636,0.0579008698288,22.7197468173,-22.5269465331,0.0923298192924,0.100470464868,0.64,3695.01601951,3695.01601951,3663.66003019,3680,3680,0,0,0,0.00524961472416,-0.172922834754,60,0.5,0.75,True,True,True,True,True,True,True,22.6235520591,0.00171589777327,0.0899988523166,0.0180474111374,0.160903376543,0.00699733625762,0.113369264731,0.00597199919904,0.0817307319577,0.00281753118489,0.0616452859419,0.000742674049089,0.0493254994258,0.00169503949627,0.037931471105,0.00207385995501,0.0295707224227,0.00131286154077,0.0233847004042,0.00122187586515,0.020584906439,0.00111313926914,0.0173985942687,0.00104683878328,0.0130336426284,0.000658073778157,0.0111146694664,0.000653509996445,0.00989695574249,0.000698361849958,0.00800875648258,0.000541213495457,0.00608181834675,0.000407536408799,0.00515792788585,0.000543233985377,0.00473336731716,0.00042238807699,0.00425061124504,0.000299024582399,46875,46875,46874,90,e8a59969559945386c8ee6b3d452f19ab96c6a359893fddeb957abcd245628ec,938999
doe_N033_C16,doe,C16,N033,22.627416998,0,230,400,60,0.001,0.0001,0.08,0.1,2e-07,10000,0,1,12,0,0,0,0,False,800,15,12,16,3,1.6e-05,1.58123542301,15.9944822398,0.252910418902,0.526896706046,15.9999348019,23.0451030731,0.0616265188209,22.619388575,0.100919436559,-0.00802842299398,0.100919436559,0.452548339959,3678.69430096,3678.69430096,-16.4129881272,3680,-0,0,0,0,0.00334161756383,-0.172922834754,60,0.5,0.75,True,True,True,True,True,True,True,15.9944822398,0.0031585763884,0.0801810268115,0.0198852429379,0.154301320183,0.0082826035405,0.113915411068,0.00390447951512,0.0848471169128,0.00251093623978,0.0667274640217,0.00107048920637,0.0511796802748,0.000888172100132,0.0415146383748,0.000682112817567,0.0346996932591,0.000576297445249,0.0288214905866,0.000549913264506,0.0243595529503,0.000666687472368,0.0207755302218,0.000517586953968,0.0176790458258,0.000378750049075,0.0155370109787,0.00024179478234,0.0136289839878,0.000240361971171,0.0117209502017,5.44490144535e-05,0.0104914723079,5.16266233555e-05,0.00909331253216,0.000228357287746,0.00831862747951,0.000137331918094,0.00749598941044,0.000185726202544,46875,46875,46874,90,4f12039f0d8d82275d7caa05ce94cc3a2616be534c441229c66c81091893cccf,945871
doe_N036_C16,doe,C16,N036,22.627416998,22.627416998,230,400,60,0.001,0.0001,0.08,0.1,2e-07,10000,0,1,12,0,0,0,0,False,800,15,12,16,3,1.6e-05,1.12172156991,22.6238915666,0.253777071655,0.528702232615,22.6278518904,32.6782531738,0.0607626966179,22.5183096806,22.7289830032,-0.109107317367,0.101566005267,0.64,3662.25537948,3662.25537948,-3696.51814254,3680,-3680,0,0,0,0.0038021511414,-0.172922834754,60,0.5,0.75,True,True,True,True,True,True,True,22.6238915666,0.00507503761071,0.0900314548859,0.0170101234787,0.159534990488,0.00824368795195,0.11569752878,0.0057254831907,0.0810036264744,0.00271435620697,0.05958515479,0.000463389142391,0.0505932431528,0.00188702809035,0.0411054121754,0.00186347755465,0.0301674496642,0.00131354877066,0.0222250570681,0.000956212993556,0.0190045077144,0.00110334606608,0.0190238996468,0.00104924538759,0.0138538761111,0.000588081660121,0.00916922435406,0.000615752905105,0.00861065558269,0.000825598114554,0.00929730552609,0.000614678205287,0.00717288459325,0.0003135916796,0.00398229539305,0.00047911938701,0.00318908707267,0.00042735161837,0.00441550580414,0.000343205586864,46875,46875,46874,90,4bcfbd8ad9bd51b5a4d07c59003f9c04d7f729064c51c6d4f0d9675fc0901861,932630
doe_N014_C17,doe,C17,N014,5.65685424949,-5.65685424949,230,400,60,0.001,0.0001,0.08,0.1,2e-07,10000,0,1,12,0,0,0,0,False,800,15,12,16,5,1.6e-05,2.57696494593,5.65288694177,0.145672914923,0.303485239422,5.66446644549,8.81157588959,0.0530076690844,5.67363297247,-5.6320644924,0.0167787229804,0.0247897570961,0.3,922.728800224,922.728800224,915.96832877,920,920,0,0,0,0.00234132902471,-0.172922834754,60,0.5,0.75,True,True,True,True,True,True,True,5.65288694177,0.00527219575808,0.0844975530246,0.0130729074274,0.0465889760753,0.00570967676687,0.0816930210697,0.00794343718834,0.0482179940979,0.00468772611755,0.0230286129178,0.00121125911769,0.00901715743705,0.000638001312109,0.00271511626673,0.000334140477525,0.0101420679616,0.00175507414831,0.0156289392045,0.00247354933023,0.0168051479295,0.00313138233523,0.0165206947136,0.00310891742323,0.0166446714209,0.0033518382506,0.0163693255609,0.00331306564222,0.0133481071874,0.00294701103213,0.010841885687,0.00250894899447,0.00881238595234,0.00218690085638,0.00707869216681,0.00174370520842,0.00483151442054,0.000992699636897,0.00216964188756,0.000688613862807,46875,46875,46874,90,661205c024beacb7c5c7db9f7fcd6f6f21deba78020bd464e1cda1c13883c6a0,931875
doe_N015_C17,doe,C17,N015,5.65685424949,0,230,400,60,0.001,0.0001,0.08,0.1,2e-07,10000,0,1,12,0,0,0,0,False,800,15,12,16,5,1.6e-05,4.05048452086,3.99474734362,0.161806622801,0.337097130835,4.0119668334,6.22687911987,0.0599384704582,5.64936712196,0.0257643176972,-0.00748712753035,0.0257643176972,0.3,918.782334311,918.782334311,-4.19016846395,920,-0,0,0,0,0.00102551631472,-0.172922834754,60,0.5,0.75,True,True,True,True,True,True,True,3.99474734362,0.00480957850547,0.0768376349822,0.0188250910343,0.0430521750247,0.00954781344247,0.0959221825343,0.00543050979245,0.0692426240687,0.00346239789711,0.0483593013943,0.00197749613449,0.0299998409774,0.00131659581472,0.0202792199151,0.000536068403537,0.0127147420778,0.000539363458634,0.00733434806871,0.000585651170443,0.00376241169181,0.000531921239626,0.00110747050757,0.000593359619296,0.0017011160145,0.00052871067933,0.00195312646772,0.000874136053938,0.00261596993202,0.000571456957356,0.00227861400797,0.00081754387159,0.0019715756581,0.000456253838983,0.00157366560851,0.000681955601035,0.00124351992287,0.000297737146227,0.000732767983191,0.000468517954767,46875,46875,46874,90,e026da64d66a5223848f6911e176717c7f645dc8668f68acdce5956ef20ad432,939738
doe_N016_C17,doe,C17,N016,5.65685424949,5.65685424949,230,400,60,0.001,0.0001,0.08,0.1,2e-07,10000,0,1,12,0,0,0,0,False,800,15,12,16,5,1.6e-05,2.57593061059,5.65288091305,0.14561428982,0.303363103791,5.66468451952,8.85773849487,0.0542893823306,5.62361602874,5.68199507177,-0.0332382207572,0.0251408222796,0.3,914.594316603,914.594316603,-924.088766561,920,-920,0,0,0,0.00344770221989,-0.172922834754,60,0.5,0.75,True,True,True,True,True,True,True,5.65288091305,0.00676726324212,0.0848407443481,0.0127338948904,0.0455854838285,0.0116475556586,0.0818386068307,0.00823318488424,0.0461429739125,0.00256874945983,0.021810401671,0.000633589023721,0.0113786862134,0.000999033097649,0.00296786111518,0.000861779763739,0.0122696356605,0.00203519854612,0.0164437884906,0.00233602169134,0.015720857228,0.00267662473117,0.0158525935642,0.00322508799996,0.0187178120347,0.00324583244251,0.017013297943,0.00294701239942,0.0117629986741,0.00266857383016,0.0100978651868,0.00269568228293,0.010668604551,0.00216407833284,0.00792842551929,0.00165073103892,0.00402241641842,0.00102436843127,0.0020586203491,0.000906984258621,46875,46875,46874,90,8360b6df834d46f56f4cfa748d01dc8daeda46375b3a46f0fb393d72f83549fe,925385
doe_N022_C17,doe,C17,N022,11.313708499,-11.313708499,230,400,60,0.001,0.0001,0.08,0.1,2e-07,10000,0,1,12,0,0,0,0,False,800,15,12,16,5,1.6e-05,1.61111259726,11.3096674426,0.182211476875,0.379607243491,11.3159395233,16.8063926697,0.0572868382802,11.3555537629,-11.2635941893,0.0418452638702,0.0501143096576,0.32,1846.80548606,1846.80548606,1831.84968132,1840,1840,0,0,0,0.00342032146182,-0.172922834754,60,0.5,0.75,True,True,True,True,True,True,True,11.3096674426,0.00308594876438,0.0878814764477,0.0143991717639,0.0519805110203,0.00672101682121,0.103849879455,0.00719509126623,0.075714603084,0.00436001014215,0.0535082034617,0.00170476713641,0.03989645396,0.00169754194135,0.0276875315801,0.00192286162564,0.0183289663417,0.00125097048962,0.0111338237803,0.00102621169462,0.00829548039874,0.000663345347669,0.00510085554432,0.000261847136195,0.0012134671586,0.000125821272158,0.00200863803991,0.00014260282355,0.0027070292401,0.000390349791062,0.00327745437754,0.000791150276289,0.00503785240073,0.00101228500709,0.00583180677392,0.000747297068693,0.00530046424984,0.000737861548745,0.0046098645216,0.0012322376875,46875,46875,46874,90,ff9856ed9a4253e4d2a9763b1accfb79fcfbbfb2e2b5f32837e73c1cd6d8bca5,939468
doe_N024_C17,doe,C17,N024,11.313708499,0,230,400,60,0.001,0.0001,0.08,0.1,2e-07,10000,0,1,12,0,0,0,0,False,800,15,12,16,5,1.6e-05,2.50586398631,7.99473020898,0.20033706511,0.417368885645,8.00420301171,11.8796405792,0.0618764166006,11.3061435297,0.0504055089484,-0.00756496931165,0.0504055089484,0.3,1838.76967455,1838.76967455,-8.19767775292,1840,-0,0,0,0,0.00181957519813,-0.172922834754,60,0.5,0.75,True,True,True,True,True,True,True,7.99473020898,0.00340670372316,0.0789726315553,0.0177653641609,0.046664009841,0.0093210670133,0.110054749029,0.00497820493296,0.0865735041953,0.00313395551176,0.067140737164,0.0017798803167,0.0500969970185,0.00157890317869,0.0401282586641,0.000870248193126,0.0320227159769,0.00067631722628,0.0258890234792,0.000529835605135,0.0212317688395,0.000407492956137,0.0170315172785,0.000250417567326,0.013356346998,0.000370422943249,0.0118659332776,0.000276239219943,0.00965990266182,0.000237371177581,0.0079557561013,0.000247153149309,0.00645652648825,0.0001669007663,0.00547060205596,0.000282276909707,0.00519669237215,0.00023570618811,0.00426732082967,0.000288299432715,46875,46875,46874,90,7a94b5066454ec0136e6a162a520ca117c0cd8f2a66dfef656b4d0abc97ff42c,951659
doe_N026_C17,doe,C17,N026,11.313708499,11.313708499,230,400,60,0.001,0.0001,0.08,0.1,2e-07,10000,0,1,12,0,0,0,0,False,800,15,12,16,5,1.6e-05,1.61119258898,11.3098743177,0.182223856829,0.379633035061,11.3163628485,16.8398761749,0.0586055853554,11.2552591926,11.3642269719,-0.0584493063446,0.0505184729506,0.32,1830.4941228,1830.4941228,-1848.2160496,1840,-1840,0,0,0,0.00218199901543,-0.172922834754,60,0.5,0.75,True,True,True,True,True,True,True,11.3098743177,0.005333403889,0.0875799677551,0.0143451375104,0.0510025391774,0.010492502576,0.104482804627,0.00735982848572,0.0746449962094,0.00300611461756,0.0518318452382,0.00132821377884,0.0417073008785,0.00285348928207,0.0300823637831,0.00215256997598,0.0178025716781,0.00105152290794,0.0100179573347,0.000666613459778,0.00800610591456,0.000798191041934,0.00618485251786,0.000469199058906,0.00200484224682,0.000330234017324,0.00315842448864,0.000400295136521,0.00317883483845,0.000371840946079,0.00204037513217,0.000637842339582,0.00593608159727,0.00075097048423,0.00697364836594,0.000978893563689,0.00580506559511,0.000861849724784,0.00450075644906,0.00110654410476,46875,46875,46874,90,bb9508c1d7222d3a41b185a2875e202c8073fa0502b5bfccb03a117a1259ec5f,932426
doe_N030_C17,doe,C17,N030,22.627416998,-22.627416998,230,400,60,0.001,0.0001,0.08,0.1,2e-07,10000,0,1,12,0,0,0,0,False,800,15,12,16,5,1.6e-05,0.914633204505,22.6234981787,0.206922026363,0.431087554922,22.6267634989,32.7911224365,0.0583552605352,22.7201307095,-22.5264511236,0.0927137115364,0.100965874413,0.64,3695.07845365,3695.07845365,3663.57945947,3680,3680,0,0,0,0.00324900600344,-0.172922834754,60,0.5,0.75,True,True,True,True,True,True,True,22.6234981787,0.00149691246739,0.0885969741472,0.0161456935941,0.0541411692937,0.00829772898118,0.112037935488,0.00632054232525,0.0863166296526,0.00360987865126,0.065234018981,0.000769971037831,0.0525620759682,0.00118355567571,0.040310278805,0.00173058351859,0.0317214005634,0.00105168608924,0.024384346072,0.00103981030416,0.0211880220379,0.00107115906443,0.0182499206675,0.000982731916732,0.0139854010712,0.000602741521601,0.0114272758035,0.000768855850145,0.0101134419381,0.000686988831488,0.00834461627435,0.000719179010998,0.00658342067301,0.00029886366772,0.00537872238477,0.000462895513249,0.0046971775112,0.000546201145886,0.00422786384965,0.000286433048484,46875,46875,46874,90,d915ea98689fb3424ea50bc81a7e73c0f53e22468e2d5b324e9f926fb42e071d,940440
doe_N033_C17,doe,C17,N033,22.627416998,0,230,400,60,0.001,0.0001,0.08,0.1,2e-07,10000,0,1,12,0,0,0,0,False,800,15,12,16,5,1.6e-05,1.31230007936,15.9938694559,0.209887561563,0.437265753257,15.9987012291,23.1770420074,0.0617505314768,22.6185198961,0.101380755108,-0.00889710187566,0.101380755108,0.452548339959,3678.55302375,3678.55302375,-16.4880144664,3680,-0,0,0,0,0.0026330224747,-0.172922834754,60,0.5,0.75,True,True,True,True,True,True,True,15.9938694559,0.00257316605984,0.0789763335083,0.0181620085814,0.047091478589,0.00914940220649,0.111691531603,0.00486687155083,0.0900099047245,0.00278526099922,0.07071308411,0.00178806142086,0.0547576042949,0.00103099803236,0.0440338514444,0.000783149806149,0.0366304471014,0.000269135444655,0.0302077852223,0.000350926775314,0.0255567181495,0.000161293066911,0.0212248229898,0.000211866966471,0.0181232609143,0.00012036648653,0.0161492645521,0.00026848682381,0.0139197756205,0.000211602846443,0.0120742215888,0.000158607594097,0.0107140112393,0.000172160806305,0.00957666462687,0.000131514400214,0.00867150573002,0.000139755890307,0.00761444517698,0.0001014124725,46875,46875,46874,90,0fc384c45d24d75412a264d6156909b4bb0d0c5290d03e8648066f0c7e50889b,947224
doe_N036_C17,doe,C17,N036,22.627416998,22.627416998,230,400,60,0.001,0.0001,0.08,0.1,2e-07,10000,0,1,12,0,0,0,0,False,800,15,12,16,5,1.6e-05,0.91432999678,22.6232442068,0.206851108028,0.430939808391,22.6267290588,32.8171920776,0.0610765345286,22.5179311403,22.7280692986,-0.109485857653,0.100652300647,0.64,3662.19381575,3662.19381575,-3696.3695426,3680,-3680,0,0,0,0.00300833097852,-0.172922834754,60,0.5,0.75,True,True,True,True,True,True,True,22.6232442068,0.00493888571316,0.0887938539974,0.0153847246311,0.0529182772132,0.00919322777979,0.112014687585,0.0062121920373,0.0860448074288,0.00250242510495,0.0640958767247,0.000449070777235,0.0537490703697,0.00176787805585,0.0427901374834,0.00195514204935,0.0318484808073,0.00117148111699,0.0235606683332,0.00111790328709,0.0202369805019,0.000886140531969,0.0191695271981,0.00105816157594,0.0142717833203,0.000542812984245,0.00968549059122,0.000643517963239,0.00917975495906,0.000732157898599,0.00957092979479,0.000696143989338,0.00716831963017,0.000298432400316,0.00393769770881,0.000468828203591,0.00351057730604,0.000426072472326,0.00446296310016,0.000411162739461,46875,46875,46874,90,50bea24fdf54003fbff40bd2ba98d9c9e93b882b42bf2bfb255ee4e234b270ab,935713
doe_N014_C18,doe,C18,N014,5.65685424949,-5.65685424949,230,400,60,0.001,0.0001,0.08,0.1,2e-07,10000,0,1,12,0,0,0,0,False,800,15,12,16,7,1.6e-05,2.22946851304,5.6525978446,0.126022889114,0.262547685654,5.66371383788,8.80957317352,0.0539445430699,5.67313515477,-5.63198564463,0.0162809052787,0.0248686048608,0.3,922.647837861,922.647837861,915.955505399,920,920,0,0,0,0.00368677411047,-0.172922834754,60,0.5,0.75,True,True,True,True,True,True,True,5.6525978446,0.00534282512652,0.0847766561642,0.0133288655473,0.0467249449886,0.00670663361679,0.0262742458429,0.00732381863414,0.0513839556473,0.00570850753768,0.028375363972,0.00216314376863,0.013458424734,0.000526966315936,0.000573358202921,0.00024328970786,0.00745988608255,0.00122259753415,0.0139408954475,0.00213964158444,0.0149442692597,0.00278588197334,0.0153148917333,0.00269346529324,0.0160281221021,0.0030979711411,0.0164210260171,0.00297843233064,0.0138837713012,0.00291367367374,0.0117083390134,0.0026163397199,0.0100215305295,0.00234318574518,0.00829634560813,0.00197987639507,0.00634249440113,0.00136619027342,0.00327244693564,0.00106755881947,46875,46875,46874,90,3c84d3460bb1fbe965d46cad77960fc1734734f8ae90c61f5b39cb1a045dada8,932811
doe_N015_C18,doe,C18,N015,5.65685424949,0,230,400,60,0.001,0.0001,0.08,0.1,2e-07,10000,0,1,12,0,0,0,0,False,800,15,12,16,7,1.6e-05,3.53631410729,3.99396536256,0.141239160556,0.294248251159,4.01041458577,6.14041757584,0.0602591654358,5.64826431068,0.0250781040011,-0.00858993881206,0.0250781040011,0.3,918.602979084,918.602979084,-4.07856640165,920,-0,0,0,0,0.00212869331134,-0.172922834754,60,0.5,0.75,True,True,True,True,True,True,True,3.99396536256,0.00480895605605,0.0765866152481,0.0180911172185,0.0437606313746,0.00892356054693,0.029913651544,0.00540288401698,0.0739652780411,0.00382603913445,0.0540598287045,0.0020050278909,0.0364870135242,0.00163451960124,0.0239812361539,0.000940424612988,0.0178389229262,0.000491559647162,0.00991092396895,0.000586307065971,0.00667477128249,0.000146452779365,0.00259753953738,0.000520254106926,0.00104193646455,0.00052287551704,0.00203520285072,0.000550615476272,0.00122109841229,0.000596357147521,0.00193031269093,0.000539616171303,0.00203626924743,0.000670830272799,0.00173746370828,0.00052855305676,0.00146350410378,0.000524312876837,0.00106411441595,0.000498934307638,46875,46875,46874,90,e3a8f1f1c87b1498a4a49bede6d01709b54d54dfccc7654dd6a1b17faadd2114,935850
doe_N016_C18,doe,C18,N016,5.65685424949,5.65685424949,230,400,60,0.001,0.0001,0.08,0.1,2e-07,10000,0,1,12,0,0,0,0,False,800,15,12,16,7,1.6e-05,2.22546525303,5.65273660897,0.125799689078,0.262082685579,5.66407451489,8.77157402039,0.055073014916,5.62362040963,5.68170360273,-0.0332338398603,0.0248493532345,0.3,914.595029088,914.595029088,-924.041363621,920,-920,0,0,0,0.00234249579853,-0.172922834754,60,0.5,0.75,True,True,True,True,True,True,True,5.65273660897,0.00691069069189,0.0847619892641,0.0129721300988,0.0463978796333,0.00963399493191,0.0256558904731,0.00756575461985,0.0502637315166,0.00289798968982,0.0269577742847,0.00131399119175,0.0160067498493,0.00133374333789,0.00342901044368,0.000577557220344,0.00940613268038,0.0017916185846,0.0148572678947,0.00196469046953,0.0138160117992,0.00250373345393,0.0148880194189,0.00287309879671,0.0177657212753,0.00304295450194,0.0171407128732,0.00275111499395,0.0121944112332,0.00274726290739,0.0111834746158,0.00265615684829,0.0118140337323,0.00245038168216,0.00906796019298,0.00171573646381,0.00523528233877,0.00150104908695,0.00326582684902,0.00121189411738,46875,46875,46874,90,1455349f682323ac7e71906dd637755ea33144ce771062c1f675e809b8846d38,925990
doe_N022_C18,doe,C18,N022,11.313708499,-11.313708499,230,400,60,0.001,0.0001,0.08,0.1,2e-07,10000,0,1,12,0,0,0,0,False,800,15,12,16,7,1.6e-05,1.38732591379,11.3097548511,0.156903159835,0.32688158299,11.3156464266,16.7604808807,0.0572744785962,11.3556248176,-11.2636980865,0.0419163186462,0.0500104124524,0.32,1846.81704203,1846.81704203,1831.86657859,1840,1840,0,0,0,0.00246512577163,-0.172922834754,60,0.5,0.75,True,True,True,True,True,True,True,11.3097548511,0.00331932706193,0.0880558514936,0.0150686646279,0.0512243480274,0.00720912819763,0.0324827274687,0.00691542977927,0.0761674307614,0.00545955690648,0.058389475963,0.00154532122504,0.0436071178802,0.00188879268016,0.0299055921909,0.00211358058196,0.0200672876215,0.00177999847605,0.0125975719953,0.000716244108948,0.00932775065791,0.000577428956227,0.00586696247801,0.000478497893337,0.00169537752824,0.000287560714483,0.00124346543598,0.000138506625423,0.00167501881234,0.000364367241746,0.00306182027669,0.000596393589145,0.00459963953598,0.000588899422666,0.00526467947709,0.000689679006539,0.00489582373553,0.000846668558966,0.00458368845474,0.00110297002183,46875,46875,46874,90,05ed91a0bb70012144edab8582ee11365e5030dd339b40e3aa4185254fcb2f81,938320
doe_N024_C18,doe,C18,N024,11.313708499,0,230,400,60,0.001,0.0001,0.08,0.1,2e-07,10000,0,1,12,0,0,0,0,False,800,15,12,16,7,1.6e-05,2.20248250345,7.99445065263,0.176076376871,0.366825785148,8.00335439974,11.789355278,0.0620013044826,11.3057525892,0.0494051260495,-0.00795590978732,0.0494051260495,0.3,1838.70609411,1838.70609411,-8.03498092065,1840,-0,0,0,0,0.00247978083264,-0.172922834754,60,0.5,0.75,True,True,True,True,True,True,True,7.99445065263,0.00342434163681,0.0786479011473,0.0173481663672,0.0461578456616,0.00846358440493,0.0337624846175,0.00565652643417,0.0874373134122,0.00352817272857,0.0722528869045,0.00200800255575,0.0539460491396,0.0016540950223,0.0424726019135,0.00085431347266,0.03541051075,0.000747579372532,0.0275224968679,0.000435194796086,0.0224824347638,0.000436889197032,0.0179434310339,0.000345890174393,0.0151010824716,0.000358351823972,0.0123864219696,0.0001887177575,0.0103123876283,0.000177122524184,0.00831815613445,0.000262866144081,0.00711479846444,0.000144674303153,0.00574306726528,0.000406093612679,0.00547654228925,0.000189109850038,0.00444514246885,0.000321256459581,46875,46875,46874,90,0e8686fffe466a290b0025915393986a88a178838e249034ac31ddba1dc592cc,950099
doe_N026_C18,doe,C18,N026,11.313708499,11.313708499,230,400,60,0.001,0.0001,0.08,0.1,2e-07,10000,0,1,12,0,0,0,0,False,800,15,12,16,7,1.6e-05,1.37996235076,11.3102909043,0.156077756241,0.325161992168,11.3163949832,16.7320976257,0.0595277557448,11.2554183391,11.3648985342,-0.0582901598488,0.0511900351812,0.32,1830.52000552,1830.52000552,-1848.32526883,1840,-1840,0,0,0,0.00211447447254,-0.172922834754,60,0.5,0.75,True,True,True,True,True,True,True,11.3102909043,0.00516246194955,0.0871768622295,0.0139223628905,0.050805345043,0.00843878275059,0.0332212359301,0.00669762404245,0.0750476089709,0.00262307128282,0.0559069637201,0.00186496218192,0.0455627336464,0.00304956293677,0.0330600632329,0.00182398774022,0.019604536779,0.000957499980025,0.0107713468352,0.00113078663952,0.00886826583595,0.0011231996072,0.00728194692519,0.000284503043425,0.00224056431303,0.000168034315784,0.00279369599761,0.000329574440634,0.00300002582518,0.000302735531652,0.00155176861322,0.000799115226312,0.00533133888883,0.000909146435361,0.00687726313992,0.000549180351262,0.00563315617166,0.000681171648068,0.00429124401177,0.00113779283102,46875,46875,46874,90,fd069378e343be25122c49cdf8e9abb7b2be545b81c520fc2d65aa477eeb177d,932838
doe_N030_C18,doe,C18,N030,22.627416998,-22.627416998,230,400,60,0.001,0.0001,0.08,0.1,2e-07,10000,0,1,12,0,0,0,0,False,800,15,12,16,7,1.6e-05,0.802313357331,22.6232961675,0.18150972702,0.378145264626,22.6263430426,32.7055778503,0.0582831261187,22.719907541,-22.5262704479,0.0924905430745,0.101146550096,0.64,3695.04215875,3695.04215875,3663.55007536,3680,3680,0,0,0,0.00244139417291,-0.172922834754,60,0.5,0.75,True,True,True,True,True,True,True,22.6232961675,0.00150309660992,0.0890503357726,0.0156533490407,0.053194292725,0.00789223610658,0.0349708912828,0.00645106418327,0.0857020101718,0.00404195768377,0.0704649346591,0.000788265035936,0.0562764468745,0.00170542317374,0.0425765434269,0.00203694498719,0.0332646400727,0.00137467126716,0.0257545596559,0.00112812418003,0.0226526734013,0.00107318853638,0.0189934662929,0.00123248145091,0.0141391765293,0.000673400336917,0.011806001215,0.0006456375504,0.0107134176195,0.000780636275947,0.0086429419438,0.000733108625381,0.00659046851039,0.000336010410389,0.00530729478685,0.000447790717893,0.00496579969697,0.000380312312192,0.00456616127732,0.000387580185368,46875,46875,46874,90,3ed0eeee448a4bb54f451aa95bc171c4e2f24f1c74c9dfc0a565b31b45d091a4,938751
doe_N033_C18,doe,C18,N033,22.627416998,0,230,400,60,0.001,0.0001,0.08,0.1,2e-07,10000,0,1,12,0,0,0,0,False,800,15,12,16,7,1.6e-05,1.15793885722,15.9940826847,0.185201698262,0.385836871379,15.9986105301,23.0820102692,0.0619047071841,22.6188153203,0.102739254018,-0.00860167764388,0.102739254018,0.452548339959,3678.60106994,3678.60106994,-16.7089533383,3680,-0,0,0,0,0.00236286763347,-0.172922834754,60,0.5,0.75,True,True,True,True,True,True,True,15.9940826847,0.00224171783141,0.0790039134088,0.0174796116961,0.0466174812811,0.00784793411566,0.0347035558576,0.00564458073987,0.0894263333822,0.00288323412555,0.075248644596,0.00239211041791,0.0580320577989,0.00126213664629,0.0468385785445,0.00113434072112,0.0385540617269,0.000771135493672,0.0318457016088,0.000719129982166,0.0264745601868,0.000274553245308,0.0221821477199,0.000662235031147,0.0189198866413,0.000133238730027,0.0166069974636,0.000251510441137,0.0140390938178,0.000123099324202,0.0124095360165,0.000114494929214,0.0112228725975,0.000149755944119,0.00968236496909,0.000118721621769,0.00876290930896,7.73104187386e-05,0.00787187529711,3.0850023982e-05,46875,46875,46874,90,d8a3d1144a932947d9300c6cb84a691d3fd5c73eccb48ac65075a2b3cab4a194,947229
doe_N036_C18,doe,C18,N036,22.627416998,22.627416998,230,400,60,0.001,0.0001,0.08,0.1,2e-07,10000,0,1,12,0,0,0,0,False,800,15,12,16,7,1.6e-05,0.801826155774,22.623590082,0.181401862652,0.377920547192,22.6268587267,32.7056846619,0.0614341121286,22.5184092281,22.7282841901,-0.10900776984,0.100867192165,0.64,3662.27156935,3662.27156935,-3696.40449138,3680,-3680,0,0,0,0.00394285653908,-0.172922834754,60,0.5,0.75,True,True,True,True,True,True,True,22.623590082,0.00501795382122,0.0880009974944,0.014440378211,0.0529768929938,0.00797389170625,0.0350815280601,0.00635199621711,0.0866220589801,0.00235431809689,0.0678835934438,0.00040763625825,0.0574044779502,0.00221642757699,0.04596539999,0.00200562770272,0.0342987895657,0.00085883808987,0.0244336150138,0.000984429149301,0.021049970894,0.00125695014632,0.0202146369466,0.00113254428132,0.0151312957101,0.00054469227164,0.0101011395929,0.000590483363999,0.00922435235487,0.000808063019684,0.00975033542074,0.000737934873739,0.00770815910869,0.000366624275053,0.00427169129056,0.000462641822022,0.00353347093078,0.000474258908073,0.00442713332283,0.000488881224193,46875,46875,46874,90,668eaff36dcbdc1cd8e41a8e1ba861da017bf532c7f802b950fe757bf5d26bfe,935388
doe_N014_C19,doe,C19,N014,5.65685424949,-5.65685424949,230,400,60,0.001,0.0001,0.08,0.1,2e-07,10000,0,1,12,0,0,0,0,False,800,15,18,4,3,1.6e-05,3.28634125447,5.65273289106,0.185768093004,0.387016860425,5.6654907215,8.70725440979,0.0531698324476,5.67350592658,-5.63188323532,0.01665167709,0.0249710141723,0.3,922.708138171,922.708138171,915.938850105,920,920,0,0,0,0.00385992721686,-0.172922834754,60,0.5,0.75,True,True,True,True,True,True,True,5.65273289106,0.00733974632735,0.0638861716596,0.0136019435325,0.141623955427,0.00655305907921,0.0775816034684,0.00710222550531,0.0403680765279,0.00371960424981,0.0166138401992,0.000894909750542,0.00433640984428,0.00104306391846,0.00619105813516,0.000570392382369,0.0124875645948,0.00222907991765,0.0179433316918,0.0026178340905,0.0182777660759,0.00331886390922,0.017322919768,0.00303147582709,0.0164415987842,0.00338564861931,0.0155540437371,0.00297295640848,0.0123448667856,0.00267458494681,0.00975549864707,0.00215309163384,0.0073404345995,0.0018316625458,0.00572719284389,0.00136289794031,0.0035147806321,0.000564338089141,0.000640946243221,0.000245596925397,46875,46875,46874,90,e77f4b550a0924e08bbd06791ed95fb1e0f0c3d7324f1b0348dcac74ab3d8710,933393
doe_N015_C19,doe,C19,N015,5.65685424949,0,230,400,60,0.001,0.0001,0.08,0.1,2e-07,10000,0,1,12,0,0,0,0,False,800,15,18,4,3,1.6e-05,5.00086483473,3.99380145822,0.199724612693,0.416092943111,4.01271813835,6.03991031647,0.0590072337902,5.64803346279,0.0248631974554,-0.00882078670038,0.0248631974554,0.3,918.565435239,918.565435239,-4.04361517021,920,-0,0,0,0,0.00107082384085,-0.172922834754,60,0.5,0.75,False,True,True,True,True,True,False,3.99380145822,0.0056528404566,0.0553469779073,0.0199904226837,0.147502746843,0.00896418589521,0.0915258255082,0.00509780493836,0.0605606332468,0.00288957200345,0.0392506084527,0.00206741590657,0.0240566282098,0.000882655545519,0.0142228648319,0.000974543840188,0.00952813973535,0.000726683293204,0.00423989822705,0.000558169404053,0.00251446866998,0.00102591163587,0.00231619619671,0.000592919158488,0.00228713620226,0.00117861973885,0.00254007333226,0.000586997695444,0.00224256405779,0.000902434295159,0.0021154255319,0.000606595582374,0.00128042443657,0.000506484993068,0.000862179894618,0.000580287359042,0.000500586316462,0.000255625012541,0.000864956414903,0.000528290172504,46875,46875,46874,90,96729b6de8ec44d984b663f281d81d1d8ae6e92241f536e6655db7a8320a89ab,935962
doe_N016_C19,doe,C19,N016,5.65685424949,5.65685424949,230,400,60,0.001,0.0001,0.08,0.1,2e-07,10000,0,1,12,0,0,0,0,False,800,15,18,4,3,1.6e-05,3.29289403579,5.65251078913,0.186131190648,0.38777331385,5.66549331896,8.6998758316,0.054136182065,5.62321999621,5.68165058031,-0.0336342532816,0.0247963308181,0.3,914.529908028,914.529908028,-924.032740344,920,-920,0,0,0,0.00398203949192,-0.172922834754,60,0.5,0.75,True,True,True,True,True,True,True,5.65251078913,0.00643512829057,0.0644914005563,0.0128911872455,0.141622164173,0.0093463813023,0.0782084235765,0.00723507338699,0.0389655074753,0.00240825746238,0.016286350464,0.000202448121111,0.00718093961289,0.000324771767656,0.00532922103522,0.00119282280403,0.0140558458992,0.00222672185706,0.0183039351445,0.00242287013079,0.0168979443147,0.00285493847744,0.0171182646349,0.00306592616108,0.018363025912,0.00335739060217,0.0156418981762,0.00280863859854,0.0104687705832,0.00264880970014,0.00941941609103,0.00235569483298,0.00944184164968,0.0018411192706,0.00632745559504,0.00112740262131,0.00249495570968,0.000773583611128,0.00133773330842,0.000409782234147,46875,46875,46874,90,22573ca81a6d1af944bf0a2196298951871b64ad45239500a15a5d8d42b84627,926309
doe_N022_C19,doe,C19,N022,11.313708499,-11.313708499,230,400,60,0.001,0.0001,0.08,0.1,2e-07,10000,0,1,12,0,0,0,0,False,800,15,18,4,3,1.6e-05,1.99653195512,11.3095460006,0.225798699881,0.470413958086,11.3166038531,16.6532363892,0.0568981359561,11.3556445724,-11.2632587569,0.0419360734042,0.0504497420633,0.32,1846.82025483,1846.82025483,1831.79512841,1840,1840,0,0,0,0.00237921715382,-0.172922834754,60,0.5,0.75,True,True,True,True,True,True,True,11.3095460006,0.00494760043905,0.066832252541,0.0153339352445,0.161051530838,0.00698159745799,0.102428198298,0.00654200405792,0.0695914853173,0.00385814086248,0.0482923639134,0.00113276773032,0.0361667791168,0.002053635907,0.0250030586693,0.00187603971814,0.0171643714239,0.0014895368026,0.0100674834429,0.000680048283278,0.00724710970441,0.000656294551806,0.00423968151448,0.000304968346605,0.000616919350541,0.00011057468191,0.00231079847858,0.000330706438981,0.0029994489936,0.000414344948981,0.00372725325513,0.000655332137607,0.00459813719513,0.000773729251016,0.00557763509567,0.000902623840411,0.00546744802475,0.000870726860491,0.00464608835728,0.00104648871266,46875,46875,46874,90,bcc6001c279344ca00c7657ba6d21917ae8bfb025357cba55658e84b337f89fc,941008
doe_N024_C19,doe,C19,N024,11.313708499,0,230,400,60,0.001,0.0001,0.08,0.1,2e-07,10000,0,1,12,0,0,0,0,False,800,15,18,4,3,1.6e-05,2.99595104675,7.99410182311,0.239499377247,0.498957035932,8.00464771072,11.6946229935,0.0617711761191,11.3052541137,0.0505701676128,-0.0084543853147,0.0505701676128,0.3,1838.62502477,1838.62502477,-8.22445694229,1840,-0,0,0,0,0.00215144208944,-0.172922834754,60,0.5,0.75,True,True,True,True,True,True,True,7.99410182311,0.00374388299343,0.0574102804757,0.0187094154488,0.159796299736,0.00830528147559,0.108982765375,0.00417810756569,0.079720103259,0.00295198149522,0.0609503784728,0.00172850666591,0.0458533777925,0.00147974827924,0.036322465981,0.000862806841583,0.0303929720357,0.000835874140326,0.0240709752088,0.000638381305008,0.0202582375543,0.000524023841824,0.015735825036,0.000274488215554,0.0132860439602,0.000146812882787,0.0112675350914,0.00028868281285,0.00902670057242,0.000279324927671,0.00704753926135,0.000470564365075,0.00634987359169,0.000294579705191,0.0048732897183,0.00035903820787,0.00432371129384,0.000281570178615,0.00371944043861,0.00038458240668,46875,46875,46874,90,a4b44c5064cd9211ee88143476f6743e70eb36e90ee7606638e354c4c62b926f,949432
doe_N026_C19,doe,C19,N026,11.313708499,11.313708499,230,400,60,0.001,0.0001,0.08,0.1,2e-07,10000,0,1,12,0,0,0,0,False,800,15,18,4,3,1.6e-05,2.00260711126,11.3097135753,0.226489128323,0.471852350672,11.3169963779,16.6556186676,0.0583615267905,11.2549474059,11.3642158199,-0.0587610930929,0.0505073209479,0.32,1830.4434155,1830.4434155,-1848.2142359,1840,-1840,0,0,0,0.00219985692039,-0.172922834754,60,0.5,0.75,True,True,True,True,True,True,True,11.3097135753,0.00469165760575,0.0671645732835,0.0145727725335,0.161035947818,0.00842378812596,0.103778719048,0.0064543516052,0.0684327642101,0.00309814388175,0.0473030908375,0.00122977794028,0.0384179031786,0.00208335762598,0.0267875371542,0.00181635865604,0.0163601553301,0.00118779237833,0.00931250232335,0.000676770346877,0.00757694698139,0.000605022251354,0.00508595385973,0.000306761759163,0.00161309537418,7.91630985247e-05,0.00344017436517,0.000207283574905,0.0027210863861,0.000354257850628,0.00281240193796,0.000641255549891,0.00577793156609,0.000845101858803,0.00677673921917,0.000703908806902,0.00543207655737,0.000851375016595,0.00462936233532,0.00112464360624,46875,46875,46874,90,aabfc1aed6b701b7fd1e879438f6539c678df053cd7038afec599aaf5fcd9232,933308
doe_N030_C19,doe,C19,N030,22.627416998,-22.627416998,230,400,60,0.001,0.0001,0.08,0.1,2e-07,10000,0,1,12,0,0,0,0,False,800,15,18,4,3,1.6e-05,1.09531814804,22.623388215,0.247798076821,0.516245993376,22.6270655344,32.6219291687,0.0582724186991,22.7196565608,-22.5267084683,0.0922395628132,0.100708529654,0.64,3695.00134068,3695.00134068,3663.62131262,3680,3680,0,0,0,0.00434984799482,-0.172922834754,60,0.5,0.75,True,True,True,True,True,True,True,22.623388215,0.00208608706615,0.0681081616326,0.0168647862438,0.167275307442,0.00681139382334,0.110535026246,0.0054323325301,0.07927409244,0.00283038527508,0.0597269638732,0.000368356832341,0.0478084839949,0.00129080722735,0.0369916019736,0.00174093877906,0.0290097770436,0.00109263566252,0.0230446260051,0.000835114985015,0.0203955840911,0.00111269836023,0.0176319923558,0.00106472016309,0.0133217243846,0.000658817407418,0.0113622630175,0.000791534612711,0.0100662582589,0.000749304391004,0.00811410050529,0.000657956935423,0.00616268692734,0.000452015542463,0.00513509305686,0.000345405391036,0.00451603279308,0.000433655679794,0.00424506017232,0.000286322667046,46875,46875,46874,90,ddd15018ff24c282e55b4a0ffcdb37f97e3b78f53e0af3af20b0f50b68dd46b3,940865
doe_N033_C19,doe,C19,N033,22.627416998,0,230,400,60,0.001,0.0001,0.08,0.1,2e-07,10000,0,1,12,0,0,0,0,False,800,15,18,4,3,1.6e-05,1.54520651551,15.9944226874,0.247146861484,0.514889294758,15.999786939,22.9958934784,0.0623905326875,22.6192991804,0.102072500303,-0.00811781755645,0.102072500303,0.452548339959,3678.67976232,3678.67976232,-16.6005161414,3680,-0,0,0,0,0.00258129278555,-0.172922834754,60,0.5,0.75,True,True,True,True,True,True,True,15.9944226874,0.00249797291079,0.0578001041189,0.0183537544119,0.160812012733,0.00730599541001,0.111198634227,0.00384941771893,0.0820774847387,0.00247634313828,0.0643287150745,0.00153426396283,0.0497021400765,0.00125208316581,0.0407981387687,0.000667577373785,0.0341196702255,0.000567876442169,0.028448933234,0.000168302160483,0.0239416470717,0.000146291249408,0.0202416142015,0.000126601457962,0.0169070910309,6.63194232905e-05,0.0150765698608,0.000261595905405,0.0130817000864,0.000199992653787,0.0113534369368,0.000210417070754,0.0103334620199,7.83886278211e-05,0.0091177140174,0.000248437787374,0.00823891883571,7.51646702562e-05,0.00745426597478,0.000122613846937,46875,46875,46874,90,53eb4532c66d446e6e62dfc009c542e6be0462c7c43ab70726463bba5204c215,948004
doe_N036_C19,doe,C19,N036,22.627416998,22.627416998,230,400,60,0.001,0.0001,0.08,0.1,2e-07,10000,0,1,12,0,0,0,0,False,800,15,18,4,3,1.6e-05,1.09871854952,22.6241489862,0.248575721582,0.51786608663,22.6280536211,32.6328163147,0.0616005248382,22.5191919566,22.7286213467,-0.108225041371,0.101204348691,0.64,3662.39886805,3662.39886805,-3696.45932469,3680,-3680,0,0,0,0.00322911406286,-0.172922834754,60,0.5,0.75,True,True,True,True,True,True,True,22.6241489862,0.00458026883739,0.0679871534472,0.0156879693599,0.166622626379,0.00717537089991,0.113533783766,0.00523144745206,0.0786376364627,0.00262072909289,0.0577668908103,0.000354154689245,0.0489502348225,0.00192551895119,0.0402596176081,0.00172733771465,0.0295352967961,0.00111927562656,0.0218439337269,0.000891360484399,0.0188659972663,0.00108852320192,0.0188113445385,0.00103060922852,0.0139652772932,0.000605691081715,0.00962478991755,0.00067749449535,0.00888370326278,0.000618686204328,0.00950709491838,0.000650046476933,0.00707160556508,0.000367051334613,0.00396644015871,0.000354627694776,0.00318579170203,0.000554819201165,0.00428012005691,0.000418915746163,46875,46875,46874,90,56a78cd16c6bd4e43e3be5612c49af9680585ed996184585d68995d1e45cb6fb,933876
doe_N014_C20,doe,C20,N014,5.65685424949,-5.65685424949,230,400,60,0.001,0.0001,0.08,0.1,2e-07,10000,0,1,12,0,0,0,0,False,800,15,18,4,5,1.6e-05,2.34532345146,5.65273203672,0.132574850105,0.276197604386,5.66399831554,8.81865692139,0.0538609981446,5.67372839346,-5.63165740038,0.0168741439672,0.0251968491154,0.3,922.744318974,922.744318974,915.902121539,920,920,0,0,0,0.0025555914177,-0.172922834754,60,0.5,0.75,True,True,True,True,True,True,True,5.65273203672,0.0066760156498,0.0645495217233,0.0118223152579,0.0359859955871,0.0058861664979,0.0853012553998,0.00738612153917,0.0463142442761,0.00401201739277,0.02195538837,0.00100755919517,0.0093307777496,0.000444620497272,0.00137765193382,0.000301704966153,0.00911177351122,0.00166652699874,0.0148139942004,0.00211270118865,0.0158943993388,0.00274656878704,0.0153568144119,0.00271357825281,0.0159141040561,0.00302230113121,0.016141844429,0.00298892308982,0.0133691759701,0.00266975887523,0.0106036275567,0.00242007398015,0.00882926658307,0.00208102115355,0.00764402363386,0.00171551012454,0.00555021105877,0.00110505542595,0.00242283993083,0.000718974578485,46875,46875,46874,90,9e3d682786f0b2a77db1d979ae3defc4cd52085bf7bd6d54c63f8b542385bc72,932157
doe_N015_C20,doe,C20,N015,5.65685424949,0,230,400,60,0.001,0.0001,0.08,0.1,2e-07,10000,0,1,12,0,0,0,0,False,800,15,18,4,5,1.6e-05,3.8069892312,3.99460510554,0.152074186197,0.316821221244,4.01144233222,6.22144889832,0.0598548762576,5.64916854206,0.0251928930158,-0.00768570743069,0.0251928930158,0.3,918.750038356,918.750038356,-4.09723506251,920,-0,0,0,0,0.00137582746772,-0.172922834754,60,0.5,0.75,True,True,True,True,True,True,True,3.99460510554,0.00530129510052,0.0565339338926,0.0187273269876,0.0318629737508,0.00926648816037,0.100464315453,0.00500841138595,0.0670782400444,0.00310460800798,0.0467807681185,0.00189543476135,0.0297120444239,0.00146513732442,0.0205135400874,0.000818977371187,0.0138978700224,0.000617070903368,0.00854836499652,0.000753618259181,0.00539778271634,0.000561861638154,0.002091410881,0.000806366679294,0.00162800516386,0.000500527676685,0.00143346745858,0.000781270578485,0.00195138886314,0.00060348010645,0.00209445110421,0.000714193123171,0.00192553754026,0.00054578027631,0.00166859688305,0.000699591168595,0.000767038197239,0.000500704838185,0.000335492262407,0.000519792994388,46875,46875,46874,90,ee5f92a9e094449d28ba4930340ba7bc677f99b2a5ea689c0a18e9eb6b2935a8,940823
doe_N016_C20,doe,C20,N016,5.65685424949,5.65685424949,230,400,60,0.001,0.0001,0.08,0.1,2e-07,10000,0,1,12,0,0,0,0,False,800,15,18,4,5,1.6e-05,2.35908899636,5.65273425902,0.133353031898,0.277818816455,5.66423839143,8.84060573578,0.0549149728571,5.62364233322,5.68167722722,-0.0332119162728,0.0248229777279,0.3,914.598594621,914.598594621,-924.037074053,920,-920,0,0,0,0.00331618341689,-0.172922834754,60,0.5,0.75,True,True,True,True,True,True,True,5.65273425902,0.00591312619191,0.0654095724358,0.0117310880271,0.0351303000174,0.0106380890079,0.0861298493459,0.00741872654696,0.0445782589544,0.00243791325866,0.0218023279751,0.000578649235939,0.0120435205135,0.000725459640602,0.00261495754695,0.000757989280699,0.0109315119091,0.0016562267344,0.0150231415893,0.00190013358649,0.0144245128419,0.00243647341482,0.0152129685592,0.00279699037047,0.0181431680269,0.00293832828505,0.0163517767734,0.00258371458719,0.0114454706733,0.00263548219631,0.0103063197539,0.00251173679842,0.0110547609673,0.00209176308287,0.00806736552918,0.00155706798633,0.0042651175642,0.00118770059508,0.00281250655368,0.000875687885667,46875,46875,46874,90,66a99cfa0ca1b4f110ae666251011bbb8fa892818e05b752d53c826d3cbf5cb2,925979
doe_N022_C20,doe,C20,N022,11.313708499,-11.313708499,230,400,60,0.001,0.0001,0.08,0.1,2e-07,10000,0,1,12,0,0,0,0,False,800,15,18,4,5,1.6e-05,1.49787320277,11.3093552096,0.169399801091,0.352916252272,11.3154251358,16.8146190643,0.0568802470278,11.3555675369,-11.262953273,0.0418590378677,0.0507552259362,0.32,1846.80772619,1846.80772619,1831.74544618,1840,1840,0,0,0,0.00309831023546,-0.172922834754,60,0.5,0.75,True,True,True,True,True,True,True,11.3093552096,0.00415611083107,0.0671764914984,0.0137256708686,0.0401101263295,0.0068660504962,0.10765064371,0.00669972316917,0.0724042137301,0.00387737080002,0.0504942957542,0.00137183631628,0.038299390158,0.00167253066399,0.027172321029,0.00215010126546,0.0181447112201,0.00128648970653,0.0110762825193,0.000813370766056,0.00865690300044,0.000678337019536,0.00579566978891,0.000505060656378,0.00167675620028,0.000191043468765,0.00136512647383,0.000125593248008,0.0021671922332,0.000253052126755,0.00254277011302,0.000517556070737,0.00414465232276,0.000674067846289,0.00532330600614,0.000763812726052,0.00479271848956,0.000854821888115,0.00400613488546,0.000932777843322,46875,46875,46874,90,16be6352a9ea28b5029ad42d8138f6ad0bd08a68aa2c514c1334ac9b580579d1,940239
doe_N024_C20,doe,C20,N024,11.313708499,0,230,400,60,0.001,0.0001,0.08,0.1,2e-07,10000,0,1,12,0,0,0,0,False,800,15,18,4,5,1.6e-05,2.35551465314,7.99452101428,0.18831211394,0.392316904041,8.00369870877,11.8802709579,0.0615679298552,11.3058474195,0.0504640721001,-0.00786107949166,0.0504640721001,0.3,1838.7215168,1838.7215168,-8.2072021453,1840,-0,0,0,0,0.00270891456454,-0.172922834754,60,0.5,0.75,True,True,True,True,True,True,True,7.99452101428,0.0037698874536,0.0577827241975,0.0178492231695,0.0342896306947,0.0087324383496,0.113626049971,0.00420137124154,0.0824685202555,0.00286252665802,0.0636055793441,0.00162372574727,0.047315038892,0.0015223612216,0.0384393340847,0.00106148236503,0.0314676034558,0.000866615322242,0.0259088706944,0.000613423544034,0.0214873078926,0.0006233502562,0.0169696905692,0.00045089960915,0.0136218064456,0.000405532367351,0.0121963574116,0.000392175192745,0.0100320555209,0.000297727178928,0.00790567807322,0.000325606636033,0.00645442557838,0.00014485023556,0.00550653462759,0.00022484142831,0.00545176226393,0.000224735036082,0.00437740472929,0.000346897354351,46875,46875,46874,90,0438c578b5182968fc40d202f433001e1abfec460a0824bef98ed989dd483392,951967
doe_N026_C20,doe,C20,N026,11.313708499,11.313708499,230,400,60,0.001,0.0001,0.08,0.1,2e-07,10000,0,1,12,0,0,0,0,False,800,15,18,4,5,1.6e-05,1.50484436717,11.310023955,0.170198258412,0.354579705026,11.3163238455,16.8316078186,0.0586886118156,11.2550234567,11.3647582779,-0.0586850423342,0.0510497788954,0.32,1830.45578398,1830.45578398,-1848.30245831,1840,-1840,0,0,0,0.00205927851383,-0.172922834754,60,0.5,0.75,True,True,True,True,True,True,True,11.310023955,0.0048180263601,0.0677177921652,0.0135297253206,0.039241960397,0.00952143243663,0.108831597664,0.00672996124573,0.0710282545398,0.00291579052815,0.04970099193,0.00106818219951,0.0401546607441,0.00242953463478,0.0290807471504,0.00194448052458,0.0174466412072,0.00110854929267,0.0103637941922,0.000782484794133,0.00863605494564,0.00065628871194,0.00661821039663,0.000173698977846,0.00155294445129,5.021358234e-05,0.00254357988955,6.66256959613e-05,0.00241423040341,0.000294253143259,0.00153440974823,0.000540033907928,0.00533374528693,0.00078277446444,0.00639636029154,0.000633781310594,0.00504339681729,0.000814321641192,0.00390423270598,0.00101102619936,46875,46875,46874,90,41f4070c3b68c077e01548cc4ea8afd79c5c6e4ad454659c352e30a99b6744b3,932653
doe_N030_C20,doe,C20,N030,22.627416998,-22.627416998,230,400,60,0.001,0.0001,0.08,0.1,2e-07,10000,0,1,12,0,0,0,0,False,800,15,18,4,5,1.6e-05,0.851303013193,22.6237025381,0.192596261403,0.401242211255,22.6268397904,32.7946548462,0.0579649823369,22.7201571529,-22.526834931,0.0927401549664,0.10058206696,0.64,3695.08275427,3695.08275427,3663.64187983,3680,3680,0,0,0,0.00393739704397,-0.172922834754,60,0.5,0.75,True,True,True,True,True,True,True,22.6237025381,0.00191150480051,0.0675327469719,0.015890674523,0.041757072204,0.00712803104044,0.115092103913,0.00602372390641,0.0819714608393,0.00301619334154,0.0612762360485,0.000387347502392,0.0490545941443,0.00101955586127,0.0381428725651,0.00186081658521,0.0304964121828,0.00124762951394,0.0237012929607,0.001058905586,0.0207557863073,0.000770924374394,0.0177603318457,0.000956468713853,0.0138050891212,0.000799187765061,0.0115282295918,0.000916117944477,0.00998809231575,0.000596563731699,0.0082651102074,0.000562237551263,0.00660819654291,0.000475947820016,0.00536435681215,0.000623938726985,0.00476735970366,0.000500078037438,0.00428875771728,0.000352573751581,46875,46875,46874,90,c34c3f46a39a88660d72bc9fadc59300b9f84f176a01a3e571c7b4a47fc560d1,940796
doe_N033_C20,doe,C20,N033,22.627416998,0,230,400,60,0.001,0.0001,0.08,0.1,2e-07,10000,0,1,12,0,0,0,0,False,800,15,18,4,5,1.6e-05,1.21857209785,15.9939239062,0.194897494072,0.406036445982,15.9985659859,23.1778774261,0.0620662943421,22.6186062682,0.0992689260381,-0.00881072980242,0.0992689260381,0.452548339959,3678.56707084,3678.56707084,-16.1445580754,3680,-0,0,0,0,0.00250687843117,-0.172922834754,60,0.5,0.75,True,True,True,True,True,True,True,15.9939239062,0.0021310590163,0.0578854051462,0.0177470509389,0.0348976275548,0.00814477216443,0.115371272813,0.00447024955858,0.0849840037714,0.00268052674842,0.0652427223406,0.00204826219904,0.0501210782501,0.00130326570084,0.040337309206,0.00113277857,0.033769057193,0.000555467607795,0.0280082587453,0.000591718742215,0.0238798972172,0.000364860104454,0.0201536412664,0.000380973191951,0.0173910249438,0.000285661575049,0.0155364791868,0.000165248857782,0.0133760129081,0.00012429389012,0.011665975616,0.000152094735563,0.0103634463834,8.05909970314e-05,0.00899223006285,6.86470775252e-05,0.00814340641843,0.000194589619475,0.00719955325416,0.000157657854109,46875,46875,46874,90,e68751fc9bbb78842aeeb82ce101908eff8c7aedcbdcd3554352bd513b2c1121,948015
doe_N036_C20,doe,C20,N036,22.627416998,22.627416998,230,400,60,0.001,0.0001,0.08,0.1,2e-07,10000,0,1,12,0,0,0,0,False,800,15,18,4,5,1.6e-05,0.854966094624,22.6233092402,0.193421623485,0.402961715595,22.6266748186,32.8158874512,0.0611776030836,22.5176691506,22.7284583282,-0.10974784736,0.101041330249,0.64,3662.15120717,3662.15120717,-3696.43281225,3680,-3680,0,0,0,0.0037747003346,-0.172922834754,60,0.5,0.75,True,True,True,True,True,True,True,22.6233092402,0.00472744515514,0.0681909701887,0.0146419815232,0.0406901855496,0.00866098720108,0.116217251882,0.00567509270818,0.0816119795257,0.00270622155594,0.0599647485677,0.000485271145715,0.0506529265336,0.00162495218197,0.0404454191337,0.00192535380409,0.0305039496148,0.00104561361654,0.0229060300007,0.00087557262101,0.0199416796504,0.00107312407049,0.018932386735,0.00101071912301,0.0140423126515,0.000511758902392,0.00965900895377,0.000625889220527,0.00932030171862,0.000591716635261,0.00949822376099,0.000585220947144,0.00701837762656,0.000374172076624,0.00396083697206,0.000311928487793,0.00369539010044,0.000416876091053,0.00455335002016,0.00031659559758,46875,46875,46874,90,ac263baa80abb1cdfb0f7e347c58029ceeb60a2bd3e5188aaafd4829a56616d3,935121
doe_N014_C21,doe,C21,N014,5.65685424949,-5.65685424949,230,400,60,0.001,0.0001,0.08,0.1,2e-07,10000,0,1,12,0,0,0,0,False,800,15,18,4,7,1.6e-05,1.8992061695,5.65284652916,0.107359210034,0.223665020904,5.66358328863,8.76102542877,0.0545321625866,5.67364056901,-5.63197571533,0.0167863195223,0.0248785341658,0.3,922.730035684,922.730035684,915.953890551,920,920,0,0,0,0.00326126848768,-0.172922834754,60,0.5,0.75,True,True,True,True,True,True,True,5.65284652916,0.00599236130659,0.064977407954,0.0112165183218,0.0365073012777,0.00576653106493,0.0201873393077,0.00782392187287,0.052540651697,0.00385024840042,0.0267445881714,0.00144128594942,0.0135019720918,0.00010434304517,0.00182282927657,0.000201888465346,0.00612034370041,0.00148169462379,0.0123077153669,0.00158865628186,0.0133526262165,0.00215542755096,0.0136662268323,0.00240071255004,0.0148618641692,0.0029782786262,0.0157490375085,0.00270497210507,0.0133781525405,0.00242977498764,0.0115173882398,0.00251757220167,0.00988820029644,0.00250550955248,0.00880942631184,0.00193921967249,0.00691027583564,0.00117744840285,0.00387823661552,0.00117498165637,46875,46875,46874,90,3478ede32eece78b446adff9e541700cf66aae651f24a1f26502793a0cacae87,932027
doe_N015_C21,doe,C21,N015,5.65685424949,0,230,400,60,0.001,0.0001,0.08,0.1,2e-07,10000,0,1,12,0,0,0,0,False,800,15,18,4,7,1.6e-05,3.16701355525,3.99395606587,0.126489129997,0.263519020827,4.00991141066,6.09956502914,0.0600797720876,5.64825044502,0.0252393060898,-0.00860380446998,0.0252393060898,0.3,918.600724049,918.600724049,-4.10478343236,920,-0,0,0,0,0.00173261280364,-0.172922834754,60,0.5,0.75,True,True,True,True,True,True,True,3.99395606587,0.00456873203572,0.0555752565461,0.0184317447257,0.0336053613258,0.0084817041795,0.0227459696955,0.00601750723734,0.0754257727769,0.00291559993414,0.0510935061671,0.00250575374848,0.0355067313111,0.00103504193262,0.0247319888176,0.00142656357584,0.0188237314509,0.000698024079531,0.0112827166938,0.000667701954049,0.00864958234074,0.000805957169813,0.00465318400729,0.000264028632445,0.00251256823813,0.000925254819394,0.00183096077081,0.000286967049873,0.00148251483162,0.000824903104659,0.00161022258669,0.000426106963603,0.00179988414895,0.000637593595813,0.00164471353244,0.00062622764222,0.00124062379669,0.000467934679576,0.000876117706654,0.000531561267072,46875,46875,46874,90,37a50b043000da16aeb1ef64b53790363f33965a87fc89adb9d2902b97d39499,935111
doe_N016_C21,doe,C21,N016,5.65685424949,5.65685424949,230,400,60,0.001,0.0001,0.08,0.1,2e-07,10000,0,1,12,0,0,0,0,False,800,15,18,4,7,1.6e-05,1.89961766468,5.65292756282,0.107384010555,0.223716688656,5.66388381268,8.77459526062,0.0549924787031,5.62358370714,5.68211988168,-0.0332705423548,0.025265632191,0.3,914.589059994,914.589059994,-924.109064966,920,-920,0,0,0,0.0028924602113,-0.172922834754,60,0.5,0.75,True,True,True,True,True,True,True,5.65292756282,0.00554794073738,0.0654350447897,0.0112370928841,0.0357781560716,0.0091731761967,0.0201218684063,0.00844638885907,0.0509466469192,0.00221524417911,0.0265454495943,0.000834424586332,0.0158079810017,0.00109412370887,0.00422718485188,0.000846583686894,0.00777909273328,0.00150364370528,0.0125163483834,0.00153064699675,0.0122646316132,0.00207556979431,0.0134765771581,0.00239511101688,0.0168717986464,0.0027304011988,0.0159039297164,0.002486157825,0.0116989457845,0.00251558623436,0.0110906817078,0.00253439128296,0.0119738587312,0.0021533768512,0.00922415656846,0.00178021550138,0.0056577166354,0.00149691442913,0.00408615462019,0.0012854559001,46875,46875,46874,90,dd1aa3e925be0245161fe5cd4c7ffd46b38b325d80651bf6cb1852b5a0006cd4,926790
doe_N022_C21,doe,C21,N022,11.313708499,-11.313708499,230,400,60,0.001,0.0001,0.08,0.1,2e-07,10000,0,1,12,0,0,0,0,False,800,15,18,4,7,1.6e-05,1.21982183385,11.3096212631,0.137957229492,0.287410894775,11.3152646997,16.7042865753,0.0573240240506,11.3557019773,-11.2633520246,0.0419934782991,0.0503564743537,0.32,1846.82959085,1846.82959085,1831.81029697,1840,1840,0,0,0,0.00239885110731,-0.172922834754,60,0.5,0.75,True,True,True,True,True,True,True,11.3096212631,0.00417074317262,0.0672248771427,0.0143718657985,0.0399781822411,0.00719608579323,0.0243099017502,0.006918962904,0.0769258738141,0.00411614841546,0.0537071947487,0.00108081220875,0.040255540261,0.00173434827988,0.0281124224569,0.00190914622377,0.0197478350604,0.00120620502126,0.0124556900368,0.000680571681537,0.00957977473124,0.000807585594897,0.00661310753321,0.000293990329741,0.00265453930705,6.30822895472e-05,0.000380714872398,6.79913135499e-05,0.000874966931439,0.000150032251171,0.00208879452384,0.000451130798559,0.00349310462645,0.000683186102515,0.00438904025937,0.000719530290498,0.00422614662134,0.000692866772993,0.00391670440986,0.000763679455117,46875,46875,46874,90,045f3e12a43bed4c8a66e105e6bb16acdb6114f92a9b50c42fb62fb5fb576c1c,938082
doe_N024_C21,doe,C21,N024,11.313708499,0,230,400,60,0.001,0.0001,0.08,0.1,2e-07,10000,0,1,12,0,0,0,0,False,800,15,18,4,7,1.6e-05,1.97640664848,7.99411152528,0.157996151673,0.329158649318,8.00263580802,11.7450408936,0.0615803917633,11.305271671,0.0497051588165,-0.00843682801988,0.0497051588165,0.3,1838.62788019,1838.62788019,-8.08377661759,1840,-0,0,0,0,0.00291449090145,-0.172922834754,60,0.5,0.75,True,True,True,True,True,True,True,7.99411152528,0.00385578476938,0.05739982906,0.0174214136197,0.034512727211,0.00835064494,0.0251757968418,0.00474487487778,0.0877794689498,0.00322933117205,0.0660848372148,0.00178596825626,0.0492491227554,0.00164415521667,0.0390496161335,0.00123298979683,0.0336282823191,0.000946860072316,0.0268248839921,0.0006358229301,0.0221880875625,0.000471539267252,0.017416722891,0.000336920450836,0.0154720088526,0.000306576054355,0.0128071181187,0.000473950535268,0.0105708087796,0.000190945752413,0.00849707578233,0.000253908536959,0.00779075444459,0.000129253440838,0.00606232513722,0.000313869490512,0.0058728100263,0.000177603893586,0.00491964629789,0.000251126481108,46875,46875,46874,90,02b69980d2682aeec9e208602e142402fb835bd7c852e4f7ef7d27861c375026,949012
doe_N026_C21,doe,C21,N026,11.313708499,11.313708499,230,400,60,0.001,0.0001,0.08,0.1,2e-07,10000,0,1,12,0,0,0,0,False,800,15,18,4,7,1.6e-05,1.21707870129,11.3096646895,0.137647520124,0.286765666924,11.3155273469,16.7186508179,0.0592432402128,11.2548085741,11.3642560135,-0.058899924917,0.0505475145326,0.32,1830.42083665,1830.42083665,-1848.22077277,1840,-1840,0,0,0,0.00100922638259,-0.172922834754,60,0.5,0.75,True,True,True,True,True,True,True,11.3096646895,0.00463384060121,0.0668667346665,0.0134975736875,0.0398717315718,0.00831584505992,0.0245349389921,0.006787141603,0.0761236476069,0.00277698388098,0.0517846316935,0.00114427716079,0.0422902878125,0.00234224291967,0.0304481969284,0.00196278775666,0.0193974056417,0.00107760173323,0.0113245368187,0.00067402317675,0.00946051591373,0.000821621987219,0.00726569333957,0.000549047236006,0.00266783420388,0.000179552761033,0.00153208314112,0.000109629555287,0.00208525833259,0.000184951633664,0.00111103215423,0.000356231219122,0.00451893300176,0.000586465531022,0.00574861560086,0.000598814415678,0.00451866849306,0.000694746086998,0.00378837401375,0.000802312803521,46875,46875,46874,90,829d4962b0827da479bc1fe549fa758068f8dce2533640e74e0262e4a0261802,933653
doe_N030_C21,doe,C21,N030,22.627416998,-22.627416998,230,400,60,0.001,0.0001,0.08,0.1,2e-07,10000,0,1,12,0,0,0,0,False,800,15,18,4,7,1.6e-05,0.70914706439,22.6234025223,0.160433194852,0.334235822608,22.6262891267,32.6695137024,0.058230602047,22.720453334,-22.5259335804,0.0930363360249,0.101483417566,0.64,3695.13092354,3695.13092354,3663.49528907,3680,3680,0,0,0,0.00333527141079,-0.172922834754,60,0.5,0.75,True,True,True,True,True,True,True,22.6234025223,0.0023209591704,0.0675815942739,0.0160018945119,0.0414332728288,0.00710704576704,0.0262193937779,0.00641609289692,0.0854859888387,0.00300049940256,0.0634795589701,0.000170821501846,0.0508735540425,0.0012065311386,0.039139591214,0.00182290564917,0.0307543927764,0.0014602279915,0.0239868095237,0.00105457039484,0.0212704653121,0.000821280506618,0.018372288594,0.000793612914898,0.0138309845118,0.000915899819559,0.0115616361762,0.000698976665369,0.0103899651919,0.00067333090954,0.00859691315028,0.000391984728132,0.00670340662542,0.000544718202364,0.00534080221633,0.00056263551298,0.00489635457353,0.000343971849778,0.00449502601753,0.000206221308975,46875,46875,46874,90,54dd4b6ce99609b5edf46d8c692a13424bf61550305b35cd9976333302825636,939514
doe_N033_C21,doe,C21,N033,22.627416998,0,230,400,60,0.001,0.0001,0.08,0.1,2e-07,10000,0,1,12,0,0,0,0,False,800,15,18,4,7,1.6e-05,1.02266380568,15.9943699468,0.163568632393,0.340767984152,15.9986626996,23.0500240326,0.0622360344294,22.6192288869,0.101116546073,-0.0081881110798,0.101116546073,0.452548339959,3678.66833016,3678.66833016,-16.4450449463,3680,-0,0,0,0,0.00178111747942,-0.172922834754,60,0.5,0.75,True,True,True,True,True,True,True,15.9943699468,0.00269559846432,0.0579045253192,0.0171990035364,0.0343316517895,0.00780665961421,0.0256454814488,0.00482281291871,0.0884354805706,0.00327481217845,0.0680497904314,0.00169992038821,0.0516820548315,0.00159664673282,0.0419713791535,0.000910304858857,0.0348065668054,0.000705558305539,0.0291028010037,0.000420368231943,0.0243524442702,0.000582184985863,0.0204968975336,0.00017509758518,0.017560542519,0.000375270768834,0.0157386013911,0.000195592382303,0.0134230525949,0.000231654619522,0.0117672635983,0.000160643663367,0.0106663380701,0.000206344261567,0.00950694056854,5.83174235414e-05,0.00837918533533,0.000107449867042,0.00740393577908,6.19264090575e-05,46875,46875,46874,90,834a6f229c423584ac8730b447b9fa3233b1a7537c174691dab6aed8eae7554d,947448
doe_N036_C21,doe,C21,N036,22.627416998,22.627416998,230,400,60,0.001,0.0001,0.08,0.1,2e-07,10000,0,1,12,0,0,0,0,False,800,15,18,4,7,1.6e-05,0.711459672957,22.623440254,0.160956654043,0.335326362589,22.6265532209,32.6851844788,0.0611112811175,22.5178554784,22.7285345437,-0.109561519538,0.101117545729,0.64,3662.18151051,3662.18151051,-3696.44520752,3680,-3680,0,0,0,0.00368277616203,-0.172922834754,60,0.5,0.75,True,True,True,True,True,True,True,22.623440254,0.00454818653581,0.0682607302492,0.014789547886,0.0406029412448,0.0072741920656,0.0263322085492,0.00596829061692,0.0854576730857,0.00278735753843,0.0624246873469,0.000186468457636,0.0519272271106,0.00174068600767,0.0417628427997,0.00177830116826,0.0313739110965,0.00143562443585,0.0236413876134,0.000859476290528,0.0201105627336,0.00101858680837,0.0192582332951,0.000843919495451,0.0142124703418,0.000897605766431,0.0101564527225,0.000692951428956,0.00947024103256,0.00076901047567,0.0097247917795,0.000590211627502,0.00720548003231,0.000336253508492,0.00441651089511,0.000473584249811,0.00371267373206,0.000520892820698,0.00474491231121,0.000308381198231,46875,46875,46874,90,c4be56343b8b125c6707f53bff9cf221578312ec843cf0a000af2ff7293f85a1,935786
doe_N014_C22,doe,C22,N014,5.65685424949,-5.65685424949,230,400,60,0.001,0.0001,0.08,0.1,2e-07,10000,0,1,12,0,0,0,0,False,800,15,18,8,3,1.6e-05,3.29012444485,5.65295528388,0.185989263651,0.387477632607,5.66571549094,8.71955680847,0.0527360282742,5.67371436966,-5.63211968398,0.0168601201682,0.0247345655163,0.3,922.74203822,922.74203822,915.977304829,920,920,0,0,0,0.00286640477717,-0.172922834754,60,0.5,0.75,True,True,True,True,True,True,True,5.65295528388,0.00648054764351,0.0639581727471,0.0148482081522,0.140595345404,0.0059470676256,0.0790318507163,0.00762903643589,0.0410922898618,0.00393879118209,0.0172288091168,0.000638019598307,0.00417777384167,0.000836520508587,0.00614450793616,0.000701611983217,0.0127295447407,0.00230172784091,0.0179694366309,0.00295469903718,0.0184887137814,0.00334153360746,0.0174096678948,0.00343865260763,0.0167406600244,0.00329363720489,0.0155800332164,0.00330315939756,0.0122906607215,0.00267547884863,0.00972349161492,0.00253907432452,0.00743419408506,0.00179535580245,0.00562424921593,0.0013760078264,0.00335054544244,0.000471873947203,0.000371143862851,0.000239191649902,46875,46875,46874,90,8b900963ebbd9b2bd9976742f2c30faddcec5ee3c8d05be19fe43903486f393c,933079
doe_N015_C22,doe,C22,N015,5.65685424949,0,230,400,60,0.001,0.0001,0.08,0.1,2e-07,10000,0,1,12,0,0,0,0,False,800,15,18,8,3,1.6e-05,5.0081696698,3.99424770214,0.200038701955,0.41674729574,4.01318094476,6.04465246201,0.059167916189,5.64866323587,0.0251606790459,-0.00819101362194,0.0251606790459,0.3,918.667858106,918.667858106,-4.0919959577,920,-0,0,0,0,0.00183997891314,-0.172922834754,60,0.5,0.75,False,True,True,True,True,True,False,3.99424770214,0.00480301771767,0.0556959908655,0.0209535884537,0.145866913803,0.00839102300188,0.0935528114309,0.00569876312239,0.0614830098599,0.00272895447117,0.0399107540027,0.00217715691517,0.0241693248027,0.00108542735915,0.0143082947048,0.000548954048056,0.00911584299666,0.00102414840349,0.00384794773638,0.000283397392126,0.0024577166074,0.00111555784045,0.00227003930527,0.000777233474595,0.00254919105414,0.000945751560116,0.00281828449032,0.000907675967739,0.00235345458635,0.000599414524933,0.00217243733913,0.000882553074876,0.00133591714287,0.000298241082586,0.000844968967493,0.000651778312534,0.000299299812859,0.000198645382254,0.000844927836428,0.000282905307926,46875,46875,46874,90,8d1b36357cf1fc8c225d598bb22d924e2f51118ef666853d7084943a5aa4a2b1,935509
doe_N016_C22,doe,C22,N016,5.65685424949,5.65685424949,230,400,60,0.001,0.0001,0.08,0.1,2e-07,10000,0,1,12,0,0,0,0,False,800,15,18,8,3,1.6e-05,3.29554162959,5.6528715819,0.186292736249,0.388109867186,5.66585705373,8.69504261017,0.0539533856461,5.62365080826,5.68194208257,-0.0332034412289,0.0250878330824,0.3,914.599972956,914.599972956,-924.080148687,920,-920,0,0,0,0.00364650894398,-0.172922834754,60,0.5,0.75,True,True,True,True,True,True,True,5.6528715819,0.00684703159649,0.0647784861053,0.0146010901372,0.140082929472,0.0100791823321,0.0800237174991,0.00755861388786,0.0393960715981,0.00247095335935,0.0166103875212,0.000242241382878,0.00687125305789,0.000440720853821,0.00530661602819,0.00123124619789,0.0145334299799,0.00237478157982,0.0186015610263,0.00268200053008,0.0173248882891,0.0028848216816,0.0170200826789,0.00332588753109,0.0186609531936,0.00330912351985,0.0160603636467,0.00296776266998,0.0105304628081,0.00266761835163,0.00921568059462,0.00248533861117,0.00915331504934,0.00184374466751,0.0064085321517,0.00117280252665,0.00243670238379,0.000681296291741,0.00111034878742,0.000345757732105,46875,46875,46874,90,c2c89ab1018e536afb8ce770ffb9db0ad26ce4c22ad7696fdda94a4ff8afacf6,925122
doe_N022_C22,doe,C22,N022,11.313708499,-11.313708499,230,400,60,0.001,0.0001,0.08,0.1,2e-07,10000,0,1,12,0,0,0,0,False,800,15,18,8,3,1.6e-05,2.00779610201,11.3095379425,0.227072461965,0.473067629093,11.3166187774,16.6629142761,0.0564219761034,11.3556950323,-11.2631917003,0.0419865333312,0.0505167986899,0.32,1846.82846136,1846.82846136,1831.78422269,1840,1840,0,0,0,0.00221903719355,-0.172922834754,60,0.5,0.75,True,True,True,True,True,True,True,11.3095379425,0.00440553329982,0.066600627466,0.0165840332915,0.160674945997,0.00713093286188,0.104455200542,0.00677275059235,0.0707470768752,0.00401753735049,0.0489889005443,0.00123000077686,0.0366377230052,0.00191483024108,0.0250462038037,0.00207655414623,0.0169334005976,0.00125291492862,0.00979353761677,0.000753334082915,0.00731942570511,0.000638813787352,0.00423383886012,0.000274000762025,0.000538706569694,0.000188800778149,0.00251892552954,0.000437652378794,0.00300239488218,0.000528173607371,0.00396862695841,0.000640698196348,0.00494491922305,0.000964004888232,0.00594371230839,0.000936872051113,0.00562214231869,0.000925029166303,0.00479482609994,0.00114607292504,46875,46875,46874,90,fd94d563c8868e93a0499ae79c243e1cf0e526a4007dab0f9e7655ac3f256854,940217
doe_N024_C22,doe,C22,N024,11.313708499,0,230,400,60,0.001,0.0001,0.08,0.1,2e-07,10000,0,1,12,0,0,0,0,False,800,15,18,8,3,1.6e-05,3.01513592206,7.99392708582,0.241027767148,0.502141181557,8.00452071913,11.6973428726,0.061815171843,11.3050072205,0.0505198207557,-0.00870127853353,0.0505198207557,0.3,1838.5848714,1838.5848714,-8.21626880335,1840,-0,0,0,0,0.00181022322639,-0.172922834754,60,0.5,0.75,True,True,True,True,True,True,True,7.99392708582,0.00358052043961,0.0574791540158,0.0196642374462,0.15917262347,0.00836882654858,0.110842496113,0.00444311849352,0.0815140105643,0.00269648407404,0.0618802505482,0.00172872962308,0.0465394073396,0.00138862533474,0.0368599829539,0.00101136322479,0.0305444095479,0.000579330330186,0.024065155987,0.000663670069737,0.0200310932076,0.000503294991411,0.0155634050396,0.00043731505965,0.012837915775,0.000260728916888,0.0109924422045,0.000436750009514,0.00884604516182,0.000390179486941,0.00706687760676,0.000372946960523,0.00620412736124,0.000351208702045,0.00490374957599,0.000250817640255,0.00432183616019,0.000371804034025,0.00387826359803,0.000185065626385,46875,46875,46874,90,c84f3c00ab0553fa0f1fa4542170703a057efb9fe52f1cde355af42d5dd16a6d,948608
doe_N026_C22,doe,C22,N026,11.313708499,11.313708499,230,400,60,0.001,0.0001,0.08,0.1,2e-07,10000,0,1,12,0,0,0,0,False,800,15,18,8,3,1.6e-05,2.01046278728,11.3094064139,0.227371407414,0.473690432112,11.316706381,16.6566257477,0.0582996171496,11.254516832,11.3640308759,-0.0591916669876,0.0503223769034,0.32,1830.3733893,1830.3733893,-1848.18415761,1840,-1840,0,0,0,0.00240806425221,-0.172922834754,60,0.5,0.75,True,True,True,True,True,True,True,11.3094064139,0.00517270431126,0.0670374256209,0.0159611588754,0.159856290266,0.00926047921203,0.105612284253,0.00645414925442,0.0701248843842,0.00313158803869,0.0479814727552,0.00125648920262,0.0386721736675,0.00237650730515,0.0270201017224,0.00196105355051,0.0167577175102,0.000985525084702,0.00895948170369,0.000859164221594,0.00735365142512,0.000721227012344,0.00511560346066,0.000257913873255,0.00188310436984,0.000265241210972,0.0035419985188,0.000366683238554,0.00284376445873,0.00035398665623,0.00294186876223,0.000695075680321,0.00586889440192,0.000991399451032,0.00701125299869,0.000900239567318,0.00582536630353,0.000914639898466,0.00467313934176,0.00114666159645,46875,46875,46874,90,122d49bc3b6ada7115c370cd4bb9d4263058a15d6c5521e686e30dd85348cff9,932142
doe_N030_C22,doe,C22,N030,22.627416998,-22.627416998,230,400,60,0.001,0.0001,0.08,0.1,2e-07,10000,0,1,12,0,0,0,0,False,800,15,18,8,3,1.6e-05,1.10445901112,22.6240534885,0.249873397433,0.520569577985,22.6277543257,32.6371765137,0.0586188114743,22.7201973427,-22.527499311,0.0927803447423,0.0999176869952,0.64,3695.08929051,3695.08929051,3663.74993097,3680,3680,0,0,0,0.00479945422667,-0.172922834754,60,0.5,0.75,True,True,True,True,True,True,True,22.6240534885,0.00210074974783,0.0677668788068,0.01834665302,0.166914757474,0.00711995704681,0.113265143066,0.00511626152678,0.0806013253428,0.00298123225804,0.0608626379761,0.000531723928062,0.0488025642024,0.00174083777327,0.0377168809866,0.0015133809018,0.0295803322326,0.00125195055252,0.0231147073448,0.000915930031342,0.0204426973879,0.00109941922142,0.0176625654295,0.000874180847651,0.0133690336609,0.000569127758287,0.0111049363604,0.000751267139401,0.0098987834432,0.0010001431233,0.00821913422229,0.000512715952241,0.00624425520993,0.000441619980207,0.00507100165147,0.000506238769206,0.00453155355625,0.000525715232426,0.00424409962149,0.000340698467926,46875,46875,46874,90,45500a5495c29561c6528bf7e0f551283431bfefdf263924d9451e76ff7150a2,939734
doe_N033_C22,doe,C22,N033,22.627416998,0,230,400,60,0.001,0.0001,0.08,0.1,2e-07,10000,0,1,12,0,0,0,0,False,800,15,18,8,3,1.6e-05,1.55537611042,15.9941654607,0.248769428637,0.518269642993,15.9995555126,23.0057029724,0.0624494362238,22.6189350677,0.102146812924,-0.00848193023374,0.102146812924,0.452548339959,3678.62054501,3678.62054501,-16.6126019419,3680,-0,0,0,0,0.00232279265358,-0.172922834754,60,0.5,0.75,True,True,True,True,True,True,True,15.9941654607,0.00273746810674,0.0575797560308,0.0191714389882,0.159276014444,0.00791012886197,0.113256215181,0.00344237103734,0.0841025277866,0.00224146424388,0.0657436943902,0.000918970134103,0.0506616601766,0.0011796033906,0.0417385100604,0.000541999188038,0.0347921772635,0.000700476327098,0.0290096172565,0.000271806315162,0.0243908293584,0.000462384768204,0.0203857101948,0.000131793159965,0.0171968559636,0.000224238210826,0.0152963770682,0.000196303594415,0.0131900585738,9.19817213323e-05,0.0113994855876,0.000258756926294,0.0104759628688,4.03538306007e-05,0.00911827759619,0.00021482978885,0.0083066089013,0.000114965932448,0.00739533765854,0.000115278876823,46875,46875,46874,90,c0935be84f0840869ba8d62250102f27455c55c2eec9b84d4ad67f6ac36fd0ad,947332
doe_N036_C22,doe,C22,N036,22.627416998,22.627416998,230,400,60,0.001,0.0001,0.08,0.1,2e-07,10000,0,1,12,0,0,0,0,False,800,15,18,8,3,1.6e-05,1.1048421473,22.6234069367,0.249952934993,0.520735281234,22.627325235,32.6333808899,0.0611222298069,22.517980696,22.7283441593,-0.109436301926,0.100927161335,0.64,3662.20187522,3662.20187522,-3696.41424444,3680,-3680,0,0,0,0.00530016236736,-0.172922834754,60,0.5,0.75,True,True,True,True,True,True,True,22.6234069367,0.00478770395178,0.0682516708363,0.0170181754067,0.165672504016,0.00764346615879,0.115038558851,0.00544214364536,0.0803505242243,0.00257182135165,0.059153447331,0.000297491034427,0.0499232415021,0.00175115333161,0.0402053589042,0.0019168158121,0.0299515249729,0.00119313278999,0.0222529811953,0.000994597942446,0.0191788477639,0.000942004927699,0.0187315581776,0.00104975209747,0.0138768931273,0.000566144387728,0.00938268753797,0.000621038745482,0.00887815927095,0.000787987529213,0.00924292845852,0.000529135841775,0.00701126148277,0.000353369900302,0.00399563575065,0.000342165962679,0.00337954605717,0.000492217989461,0.00443636639463,0.00045294298284,46875,46875,46874,90,d1681a666ecb577cbae222a99bc2376ae1a788b70648627d92f7fe3b0352e745,933092
doe_N014_C23,doe,C23,N014,5.65685424949,-5.65685424949,230,400,60,0.001,0.0001,0.08,0.1,2e-07,10000,0,1,12,0,0,0,0,False,800,15,18,8,5,1.6e-05,2.37584738852,5.65281948761,0.134302364174,0.279796592029,5.6641226889,8.80793952942,0.0533711886136,5.67355034285,-5.63201232475,0.0166960933529,0.0248419247431,0.3,922.715361791,922.715361791,915.959844508,920,920,0,0,0,0.00148639369614,-0.172922834754,60,0.5,0.75,True,True,True,True,True,True,True,5.65281948761,0.0059066856239,0.0643402668801,0.0123035699316,0.0359397007123,0.00581655994476,0.0863786379712,0.00770325009409,0.0481319028935,0.0042386257528,0.0229724938138,0.00129699278867,0.0097191393333,0.000493958053979,0.00150830393114,0.000185047278087,0.00953818654031,0.0016244040258,0.0153597984402,0.00205966889605,0.0162893169962,0.0028828817562,0.0157215998671,0.00277964035469,0.0162877229471,0.00330030322244,0.0163790381844,0.00299060492083,0.0134932763642,0.00283183696931,0.0105836210415,0.0023673040875,0.00883171153123,0.00220060843868,0.00760092782925,0.00169912012762,0.0054757655056,0.00116936043615,0.0023032945711,0.000643297206037,46875,46875,46874,90,75a45f0252bc0d688ddebf09eb07b57e666566163e5df66cf84de612c2e6e2a0,932576
doe_N015_C23,doe,C23,N015,5.65685424949,0,230,400,60,0.001,0.0001,0.08,0.1,2e-07,10000,0,1,12,0,0,0,0,False,800,15,18,8,5,1.6e-05,3.85596471898,3.99459798744,0.154030289061,0.320896435543,4.01151266868,6.22040557861,0.0599800269124,5.64915681637,0.0255622100736,-0.00769743312361,0.0255622100736,0.3,918.748131353,918.748131353,-4.15729877958,920,-0,0,0,0,0.00144812475119,-0.172922834754,60,0.5,0.75,True,True,True,True,True,True,True,3.99459798744,0.00491288146721,0.0559636519183,0.0188054226109,0.0313219735752,0.00972761112252,0.101367271757,0.00532886619346,0.0694026325155,0.00323174979244,0.0484061424637,0.00192838599951,0.0303253970663,0.00138998108683,0.0209894783475,0.000693590544454,0.0135006172348,0.000554987148843,0.00814324645605,0.000546735884006,0.00454343390896,0.000578229392024,0.00160639735365,0.000664800515948,0.00163146492788,0.000527944639092,0.00167226985706,0.000768241206644,0.00237268268866,0.000541544317573,0.00212427808767,0.000726893624079,0.00213470063697,0.000468676694596,0.00149928438282,0.000575980110544,0.00108705797603,0.000342663250675,0.000518467038272,0.000401991346163,46875,46875,46874,90,78a6e9a3eb1a1ab9a0c26afab540b1fa2129e54c17e1e879f6c6d786ae8a45cd,940176
doe_N016_C23,doe,C23,N016,5.65685424949,5.65685424949,230,400,60,0.001,0.0001,0.08,0.1,2e-07,10000,0,1,12,0,0,0,0,False,800,15,18,8,5,1.6e-05,2.37927698691,5.65297639323,0.1344999664,0.280208263333,5.66451230848,8.84938621521,0.0553151268311,5.62362246375,5.6821786834,-0.0332317857424,0.0253244339126,0.3,914.595363159,914.595363159,-924.118628158,920,-920,0,0,0,0.00341464434081,-0.172922834754,60,0.5,0.75,True,True,True,True,True,True,True,5.65297639323,0.00629206468703,0.0650959089714,0.0116139931574,0.0349583493349,0.0114853856419,0.086397851007,0.00784354307787,0.0465108438554,0.00204390346239,0.0224704988534,0.00102193550224,0.0120530847619,0.000644880403353,0.00263007041765,0.000837758817466,0.0114014352779,0.00196263336385,0.0154551090176,0.00180320048547,0.0152988751917,0.00253549957558,0.0157154117023,0.00293530452336,0.0183092892108,0.00306473340208,0.0164846732361,0.00260380936818,0.0117638018345,0.00285913390493,0.0102892798928,0.00267860096976,0.0108339905462,0.00227940618518,0.00798697198188,0.00144221158891,0.00438259769495,0.00123353482617,0.00254547019575,0.00101395816983,46875,46875,46874,90,4e5f9a0744870dd9c683a71e99480174cf8f972dddf80862c9c83cbb5410f3d6,926085
doe_N022_C23,doe,C23,N022,11.313708499,-11.313708499,230,400,60,0.001,0.0001,0.08,0.1,2e-07,10000,0,1,12,0,0,0,0,False,800,15,18,8,5,1.6e-05,1.52259505718,11.3097699409,0.172201998098,0.358754162704,11.3158851384,16.8020381927,0.0573315756813,11.3557828712,-11.2635690442,0.0420743722198,0.0501394547664,0.32,1846.842747,1846.842747,1831.84559185,1840,1840,0,0,0,0.00217217085948,-0.172922834754,60,0.5,0.75,True,True,True,True,True,True,True,11.3097699409,0.00334431013936,0.0669703960085,0.0139867332056,0.0398017500167,0.0066051345514,0.108450349309,0.00709170431543,0.0755145941037,0.00412299000973,0.0528210204909,0.00178202124762,0.0395188553281,0.00172112184934,0.0273459383816,0.00201561779858,0.0184585827942,0.00114261269411,0.0114975741224,0.00114352793049,0.00846210022433,0.000636806194296,0.00526640439444,0.000329024683987,0.00139780803179,0.00015638593474,0.00158534905891,0.000148984790083,0.00238901540809,0.000293638677804,0.0030552225903,0.000603950057601,0.00455560432686,0.000936604788198,0.00548374795817,0.000723149749663,0.00497204558018,0.000699443371598,0.00433139967647,0.00112405223927,46875,46875,46874,90,4ada5f9448f87d75fdaf39fbf0b6e03146b37f8ee7d99f3e3225a86d1a385cd4,940458
doe_N024_C23,doe,C23,N024,11.313708499,0,230,400,60,0.001,0.0001,0.08,0.1,2e-07,10000,0,1,12,0,0,0,0,False,800,15,18,8,5,1.6e-05,2.4022767108,7.99466968117,0.192054087856,0.400112683034,8.00393729477,11.8766736984,0.0615927388925,11.3060581038,0.0503664251188,-0.00765039523298,0.0503664251188,0.3,1838.75578134,1838.75578134,-8.19132137149,1840,-0,0,0,0,0.00266334351306,-0.172922834754,60,0.5,0.75,True,True,True,True,True,True,True,7.99466968117,0.00348998617959,0.0574695292317,0.0181990887711,0.0341381640352,0.00915876090289,0.114777790424,0.0048106268446,0.0854953507187,0.00288703174139,0.0660865464955,0.00192347199249,0.0491887702482,0.00136457174376,0.0395086963379,0.00102486297501,0.0322975439793,0.000665362420436,0.0264129368967,0.000531670621117,0.0216561530224,0.000320034874378,0.0172662239641,0.000325025124414,0.0136470251709,0.000379124005187,0.0120949773769,0.00039860769147,0.00973791791076,0.000353451308333,0.00800936615729,0.000275623222628,0.0064251922423,0.000195543322575,0.00539073130664,0.000239810736451,0.00530519683763,0.000216384578986,0.00451582503509,0.000315372702968,46875,46875,46874,90,e0928d1891e3dae4ad821ff30dae151ccce81234c099b49d5c1c8cc3a2f55e7c,951147
doe_N026_C23,doe,C23,N026,11.313708499,11.313708499,230,400,60,0.001,0.0001,0.08,0.1,2e-07,10000,0,1,12,0,0,0,0,False,800,15,18,8,5,1.6e-05,1.52986908807,11.3100586883,0.173029091715,0.360477274406,11.3164023102,16.836025238,0.0586709085692,11.2554188064,11.3644358662,-0.0582896925587,0.0507273671873,0.32,1830.52008152,1830.52008152,-1848.25002303,1840,-1840,0,0,0,0.00313040191318,-0.172922834754,60,0.5,0.75,True,True,True,True,True,True,True,11.3100586883,0.00507951038129,0.0672347174371,0.0139999345011,0.0390665986386,0.0107995807732,0.109719864067,0.0072139424132,0.0742011541995,0.00287674505173,0.0512164973053,0.00135479484044,0.0415463713919,0.00246494761657,0.0299395392211,0.00223826177815,0.0178051568553,0.00103140395047,0.0104704018929,0.00066700259059,0.00822495859755,0.0006412676735,0.00639156653737,0.000468905328794,0.00189752112452,0.00015707155487,0.00303568114049,0.000111553217042,0.00300789987833,0.000280366518541,0.00182874730218,0.000615139692364,0.00577941310328,0.000800398276166,0.00683178833852,0.0007225405157,0.0053295767819,0.000721340094376,0.00407715079626,0.0010213825747,46875,46875,46874,90,14648acb7a05a3f86927eea32d8a03688e01985ae3b1a2d1370cc11be7b67703,932002
doe_N030_C23,doe,C23,N030,22.627416998,-22.627416998,230,400,60,0.001,0.0001,0.08,0.1,2e-07,10000,0,1,12,0,0,0,0,False,800,15,18,8,5,1.6e-05,0.869316612591,22.6234899961,0.196669756884,0.409728660174,22.6266649462,32.7894096375,0.0588370160462,22.7202529273,-22.5263114185,0.092835929348,0.101105579484,0.64,3695.09833049,3695.09833049,3663.5567386,3680,3680,0,0,0,0.00330807375543,-0.172922834754,60,0.5,0.75,True,True,True,True,True,True,True,22.6234899961,0.00156476386937,0.0676553362353,0.0152553095155,0.0413434742177,0.00774360905139,0.11647624881,0.00537612264599,0.0850555774323,0.00323557126483,0.0639326159591,0.000961352188588,0.05154224105,0.00161602630326,0.0393736177155,0.00166268348445,0.0309646037085,0.000812423102918,0.0240786740894,0.00121961116222,0.0214361117886,0.00131253604399,0.0183803432095,0.000941588523154,0.01391641071,0.000624782629925,0.0113635402245,0.000836945624019,0.0103581460673,0.000896432513683,0.00845392220404,0.000685660616386,0.0064446969761,0.000340003995753,0.00516561202054,0.000615282037524,0.00477142119825,0.000562578427042,0.00444448530588,0.000258356291554,46875,46875,46874,90,470ac787cd017d948f7234443ee9dd1d7a0a32e11c9c2e919d8d7fc22049cc93,940509
doe_N033_C23,doe,C23,N033,22.627416998,0,230,400,60,0.001,0.0001,0.08,0.1,2e-07,10000,0,1,12,0,0,0,0,False,800,15,18,8,5,1.6e-05,1.25651750238,15.9940321637,0.200967813474,0.418682944737,15.998752175,23.1757564545,0.0625610209739,22.6187479421,0.101839269844,-0.00866905583993,0.101839269844,0.452548339959,3678.59011192,3678.59011192,-16.5625848084,3680,-0,0,0,0,0.00204246175243,-0.172922834754,60,0.5,0.75,True,True,True,True,True,True,True,15.9940321637,0.00216644591261,0.0575196911811,0.0178455507666,0.0350914291292,0.00861687223285,0.116496421821,0.00460550345982,0.0889280727004,0.00249606713474,0.0690770318006,0.00121127035054,0.0532178268526,0.000864745154429,0.0428681938053,0.000655489954464,0.0359441567688,0.0001863964776,0.0296561358861,3.95246930339e-05,0.0251272654621,9.84003468893e-05,0.0210969121849,5.63971574518e-05,0.0179811010008,0.000120386622399,0.0159439848504,0.000137671883012,0.0139295721757,0.000137541299419,0.0120292260622,3.88577366482e-05,0.010645872072,0.000117114933238,0.00941135236604,2.74851575526e-05,0.00862447121063,0.000137397493021,0.00767691834104,0.000128901950656,46875,46875,46874,90,ad629cdbaff868617d7c5b1b29a86815f671356f36b68d48c816067f4e771267,947575
doe_N036_C23,doe,C23,N036,22.627416998,22.627416998,230,400,60,0.001,0.0001,0.08,0.1,2e-07,10000,0,1,12,0,0,0,0,False,800,15,18,8,5,1.6e-05,0.872339739026,22.6237983025,0.197356383069,0.411159131395,22.6271981095,32.8152961731,0.0612231148629,22.5182929692,22.7288138937,-0.10912402874,0.101396895718,0.64,3662.25266164,3662.25266164,-3696.49063949,3680,-3680,0,0,0,0.00331940161261,-0.172922834754,60,0.5,0.75,True,True,True,True,True,True,True,22.6237983025,0.00495257533773,0.0672112195407,0.0147062589218,0.0408491066122,0.00943567387268,0.117637146294,0.00581832506724,0.085226166634,0.00223179613086,0.0620721528973,0.000596410178845,0.0526242769348,0.00209123547701,0.0421313908777,0.00190003556976,0.0315698507314,0.00102360967546,0.0232300257926,0.00100161560432,0.0199806462154,0.00108896266281,0.0190596400116,0.00131074432375,0.0145177471829,0.000585138688947,0.00968888162483,0.000451700829976,0.00924213415613,0.000621314980641,0.00952779759268,0.000836614220281,0.00718700691488,0.000373142875125,0.00404293559993,0.00038831456494,0.00355882876023,0.000389370681046,0.00443646803923,0.000472384120291,46875,46875,46874,90,39dd029c0dba7d54afab470d24d92d4b67d9c54e4411562a38d3cff069f7955c,935208
doe_N014_C24,doe,C24,N014,5.65685424949,-5.65685424949,230,400,60,0.001,0.0001,0.08,0.1,2e-07,10000,0,1,12,0,0,0,0,False,800,15,18,8,7,1.6e-05,1.93783880732,5.65272951595,0.109540786233,0.228209971319,5.66350252777,8.77288627625,0.0539481025836,5.6735010226,-5.63188140034,0.0166467731126,0.0249728491551,0.3,922.707340615,922.707340615,915.938551674,920,920,0,0,0,0.00257868369331,-0.172922834754,60,0.5,0.75,True,True,True,True,True,True,True,5.65272951595,0.00530868674909,0.0648362473302,0.0120384263378,0.0363385277473,0.00609377361579,0.0199477298195,0.00822867004379,0.0548960008861,0.00523751475955,0.0287661993316,0.00133906750791,0.014036955656,0.000363895823033,0.00142661197474,0.000531543045101,0.00635272711145,0.00128661776183,0.0126609112042,0.00185378092743,0.014172752649,0.00231346006823,0.0146018777683,0.00264379075563,0.0154763804498,0.00275894844816,0.0159125690051,0.00288524547729,0.0136971919279,0.00263135501427,0.0117668917007,0.00259903000361,0.0102069433657,0.00219093415737,0.00857055253339,0.00199390266414,0.00670238344147,0.00138034831639,0.00377854355934,0.00110140068415,46875,46875,46874,90,4892570c492f71e80baeee7f9d3ed52bd5e8c0e546e8be8bec58f8010aa6e508,931740
doe_N015_C24,doe,C24,N015,5.65685424949,0,230,400,60,0.001,0.0001,0.08,0.1,2e-07,10000,0,1,12,0,0,0,0,False,800,15,18,8,7,1.6e-05,3.24128442353,3.9936998878,0.129447172386,0.269681609137,4.00975031024,6.09896278381,0.0600469100543,5.64788792006,0.0252909096679,-0.00896632942996,0.0252909096679,0.3,918.541764961,918.541764961,-4.11317595757,920,-0,0,0,0,0.00270374492244,-0.172922834754,60,0.5,0.75,True,True,True,True,True,True,True,3.9936998878,0.00428974068407,0.0555219819111,0.0186820049949,0.0326341611134,0.00840706110626,0.0223515294903,0.00636510236889,0.0784575035068,0.00299162040892,0.0540537712024,0.00252056630566,0.0365141472881,0.00105764753352,0.0249725046522,0.0011369868735,0.0188694825907,0.000999486523325,0.0111764274994,0.000304387378243,0.00762444170968,0.000963767681126,0.00358140502241,0.000210721219101,0.00202123920328,0.000664973760725,0.0017917491304,0.000631563596194,0.00131385205609,0.000592419235275,0.00185424890579,0.000705888836193,0.00178422133703,0.000419357474933,0.00172159911956,0.000755828109826,0.00140435436339,0.000414181788127,0.00111119790685,0.000507904461468,46875,46875,46874,90,a5a3e51cde6239b6e6b01206bd31497c3390b487875f7daf0cd195ee55ddeb69,934483
doe_N016_C24,doe,C24,N016,5.65685424949,5.65685424949,230,400,60,0.001,0.0001,0.08,0.1,2e-07,10000,0,1,12,0,0,0,0,False,800,15,18,8,7,1.6e-05,1.93377750001,5.65305293343,0.10931746569,0.227744720188,5.66404636311,8.7606086731,0.0550019230841,5.62355246417,5.68240025158,-0.0333017853249,0.0255460020903,0.3,914.583978807,914.583978807,-924.154662801,920,-920,0,0,0,0.00243017235781,-0.172922834754,60,0.5,0.75,True,True,True,True,True,True,True,5.65305293343,0.00615680352961,0.065216805149,0.0118253455346,0.0357855036583,0.00981328720848,0.0194524982653,0.0089312941931,0.0529988773652,0.00214546291741,0.0279464275758,0.00103475291715,0.0166350514359,0.00138422949867,0.00407555688389,0.00109962832123,0.0083633299342,0.00156659047996,0.0134004172878,0.00157569024291,0.0130906411493,0.00209539805496,0.0139790252192,0.00269089887356,0.0173102335794,0.00284812317343,0.0164636074036,0.00257538654759,0.0120699672702,0.00246798199332,0.0111373790971,0.00261786426022,0.0120010220747,0.00221101194333,0.00941611048969,0.00180189351971,0.0056070131278,0.00148989254639,0.00389186862511,0.00128196781146,46875,46875,46874,90,e858f5b4a8e60e586c22725a186a3c6b028202fbb6b1546461afee53cf9a3763,925859
doe_N022_C24,doe,C24,N022,11.313708499,-11.313708499,230,400,60,0.001,0.0001,0.08,0.1,2e-07,10000,0,1,12,0,0,0,0,False,800,15,18,8,7,1.6e-05,1.25294904515,11.3097795298,0.141705774627,0.295220363806,11.3154698123,16.7154827118,0.0573450163225,11.3562052657,-11.2631624329,0.0424967667157,0.0505460660811,0.32,1846.91144294,1846.91144294,1831.7794628,1840,1840,0,0,0,0.0017843729469,-0.172922834754,60,0.5,0.75,True,True,True,True,True,True,True,11.3097795298,0.00356513407527,0.0667353588389,0.0144202300857,0.0399482805422,0.00726409982592,0.0244932499151,0.00719731317892,0.0797102471706,0.00467871638441,0.0568898366511,0.00144543414954,0.0424760837002,0.0016587649443,0.0297338007609,0.00201304920405,0.020409392414,0.00133689881166,0.0123894630927,0.000699240553521,0.00938461002488,0.000718867346985,0.00640775588891,0.000451720065783,0.00250439083192,6.55172389431e-05,0.000818017777623,6.87681978564e-05,0.00143671501376,0.000329320855997,0.00260727548882,0.000506860738188,0.00384432815301,0.000680353796262,0.00469283686492,0.000609873510104,0.0046495080309,0.000725574749273,0.00420771018151,0.000895911686095,46875,46875,46874,90,e362a733ba1d7d67c9a0e2ac437f920dbde119fad660095aae7676816f4b3975,937859
doe_N024_C24,doe,C24,N024,11.313708499,0,230,400,60,0.001,0.0001,0.08,0.1,2e-07,10000,0,1,12,0,0,0,0,False,800,15,18,8,7,1.6e-05,2.06056959454,7.99358764485,0.164713436523,0.343152992756,8.00225003589,11.7452516556,0.0618552338137,11.3045311609,0.0496195931717,-0.0091773380775,0.0496195931717,0.3,1838.50744766,1838.50744766,-8.06986068663,1840,-0,0,0,0,0.00293875222454,-0.172922834754,60,0.5,0.75,True,True,True,True,True,True,True,7.99358764485,0.00365951405548,0.0576820785009,0.0174426537012,0.0345388039097,0.00848008399728,0.0247511927264,0.00515354466069,0.0924352133045,0.00310428096145,0.0711391643231,0.00212748555817,0.0522102775252,0.00169161017588,0.0409848934247,0.0011235541571,0.0352403850062,0.000753170838119,0.027522862105,0.000684286426785,0.0224602960559,0.000429474269464,0.0177304012839,0.000454313453611,0.0151002181422,0.000244470588207,0.0128022287247,0.000370257888298,0.0107016639152,0.00015925355517,0.00864576285091,0.00029452868063,0.0072659865255,0.000226113992308,0.0062365817745,0.000193495156665,0.00589412322088,0.000303351293973,0.00498420390862,0.000149095498637,46875,46875,46874,90,226fcdbb8c8da2a15c9723f8f59683d7d4247401536a7014c2e4aeaf38eaf97b,948738
doe_N026_C24,doe,C24,N026,11.313708499,11.313708499,230,400,60,0.001,0.0001,0.08,0.1,2e-07,10000,0,1,12,0,0,0,0,False,800,15,18,8,7,1.6e-05,1.25371222986,11.3093972374,0.141787296288,0.2953902006,11.3153094331,16.7056980133,0.0588747708675,11.2547240339,11.3638074018,-0.0589844650809,0.0500989028387,0.32,1830.40708749,1830.40708749,-1848.147813,1840,-1840,0,0,0,0.00307036778679,-0.172922834754,60,0.5,0.75,True,True,True,True,True,True,True,11.3093972374,0.00516706469868,0.0669073025978,0.0138539704182,0.0395385526122,0.00865993121893,0.0240187132617,0.00708706493865,0.079080569897,0.00293497070759,0.0554721017346,0.00124396370566,0.0447749131967,0.00254859629768,0.0316549693909,0.00197444873115,0.0196242273641,0.00125610391201,0.0112886154721,0.000735705013946,0.00943625982479,0.00083522098729,0.00725869902547,0.000325605607405,0.00250632133739,5.94585422516e-05,0.00219125532295,0.000175262541687,0.00235144176205,0.000231477455747,0.00132228200969,0.000483258693163,0.00488950213202,0.00064955826221,0.0063192094116,0.000636632174937,0.00508955992532,0.000705741899375,0.00411607690034,0.000914459366422,46875,46875,46874,90,d5da8ee256949cd5b3fe32891159826bd383ade0d309fe7d3e398e1fc7335324,932951
doe_N030_C24,doe,C24,N030,22.627416998,-22.627416998,230,400,60,0.001,0.0001,0.08,0.1,2e-07,10000,0,1,12,0,0,0,0,False,800,15,18,8,7,1.6e-05,0.73739854805,22.6234128849,0.166824718133,0.34755149611,22.6263462608,32.6734313965,0.0582994739544,22.7200293981,-22.5263819836,0.0926124001189,0.101035014336,0.64,3695.06197691,3695.06197691,3663.56821493,3680,3680,0,0,0,0.00233643911648,-0.172922834754,60,0.5,0.75,True,True,True,True,True,True,True,22.6234128849,0.00188494885523,0.0676286919705,0.0157830856029,0.0409112735726,0.00704223682875,0.0261393517901,0.00680215570881,0.089540909242,0.00375151743452,0.0683620705448,0.000466580885221,0.0543770172874,0.00142561251835,0.0412006097214,0.00202265318788,0.0324043935257,0.00124219498774,0.0251408320129,0.000832986601343,0.0222756715045,0.00106239186776,0.0187951555957,0.00103745988791,0.0140347872244,0.00086835516163,0.0118270210438,0.000539849131052,0.0107364287668,0.000748176013436,0.00870697457087,0.000582162376913,0.00653568544282,0.000587036346191,0.00537222600453,0.00041118999381,0.0051390529604,0.000278337190578,0.0045895807894,0.000286340460745,46875,46875,46874,90,45c804191fd009d72a7ac753ddae466958f53b26285219dcf9a5b1035dffadbe,939196
doe_N033_C24,doe,C24,N033,22.627416998,0,230,400,60,0.001,0.0001,0.08,0.1,2e-07,10000,0,1,12,0,0,0,0,False,800,15,18,8,7,1.6e-05,1.07986132243,15.9943455523,0.172716751395,0.359826565407,15.9987360762,23.0512008667,0.0624860541157,22.6191920512,0.101637792193,-0.00822494672193,0.101637792193,0.452548339959,3678.66233941,3678.66233941,-16.5298175795,3680,-0,0,0,0,0.00364742083154,-0.172922834754,60,0.5,0.75,True,True,True,True,True,True,True,15.9943455523,0.00258341051884,0.0580994487466,0.0168844190414,0.0346979565819,0.00801241609473,0.0263282207229,0.00512268242089,0.0934766964034,0.00337933736642,0.0738918977729,0.00168085016031,0.0559960478222,0.00148101409062,0.0452632280852,0.000935369610829,0.0373352958146,0.000785608449696,0.030992938938,0.000575694937596,0.0259576593524,0.000464032071725,0.0215453554734,0.000246186549302,0.0184782657677,0.000435915172419,0.0164038691034,7.21395001888e-05,0.0138082616148,0.000247062410728,0.0119475991052,0.000107890669023,0.010872518254,0.000258087903894,0.00944097062892,0.000145103887416,0.00847950469116,0.000101091841051,0.0077069554295,6.35944935252e-05,46875,46875,46874,90,e34fdecb5b0a1ae7838b7685679db08bc2902be7f6109d8f038f91baa76c4577,947286
doe_N036_C24,doe,C24,N036,22.627416998,22.627416998,230,400,60,0.001,0.0001,0.08,0.1,2e-07,10000,0,1,12,0,0,0,0,False,800,15,18,8,7,1.6e-05,0.736618776228,22.6238514297,0.166651537537,0.347190703202,22.6270064864,32.6756706238,0.0614279436803,22.5178747022,22.7293340404,-0.109542295736,0.101917042462,0.64,3662.18463697,3662.18463697,-3696.57523332,3680,-3680,0,0,0,0.00248977565749,-0.172922834754,60,0.5,0.75,True,True,True,True,True,True,True,22.6238514297,0.00502756194021,0.0671593769825,0.0144805953584,0.0406217153813,0.00798631178265,0.0268135233365,0.0066736399757,0.0890669577444,0.00276374803133,0.0656635620127,9.04108366553e-05,0.0557889735013,0.00186921448208,0.0453547966411,0.00201037829807,0.033088005988,0.00110705078581,0.0235428815446,0.000962593600007,0.0205638924647,0.00112152223506,0.0203993982603,0.000920656640477,0.0152142379456,0.000710330255216,0.0097319581903,0.000521981501156,0.00916425353533,0.000747377890511,0.0101726000823,0.000651898494631,0.00774665939707,0.00046522381839,0.00430841943355,0.000447182054615,0.00335717956563,0.000394809748707,0.00472038048245,0.000497838779768,46875,46875,46874,90,775726f4ca5fa91cb511819a16f54ffa4e7179869951886e194580a2b9d6f8ee,935550
doe_N014_C25,doe,C25,N014,5.65685424949,-5.65685424949,230,400,60,0.001,0.0001,0.08,0.1,2e-07,10000,0,1,12,0,0,0,0,False,800,15,18,16,3,1.6e-05,3.18231819261,5.65280145332,0.179890129041,0.374771102169,5.66536401261,8.76399612427,0.0527746854216,5.67341391265,-5.63211355682,0.0165596631597,0.0247406926711,0.3,922.693173526,922.693173526,915.976308341,920,920,0,0,0,0.00359094923401,-0.172922834754,60,0.5,0.75,True,True,True,True,True,True,True,5.65280145332,0.00579256414199,0.063993770869,0.0174042895745,0.129910955533,0.0067023678061,0.0808384194336,0.00744964283445,0.0434664504132,0.00465058722936,0.0183425411434,0.00154052604467,0.00566173602534,0.000795245756919,0.00558187539251,0.000954264939765,0.0121972280618,0.00207115867399,0.0179520048243,0.00310214540364,0.0178103170845,0.00355996203625,0.0173783384343,0.00345120373846,0.0169694291303,0.00369572757829,0.0161961121526,0.00342742429812,0.0127083005302,0.00323438730662,0.0100942527575,0.00254659804766,0.00788087805012,0.00215592019411,0.00586746401712,0.00141267556954,0.00365077684427,0.000727654598901,0.000481152317069,0.000284188862373,46875,46875,46874,90,6eab4f7e976a3718a402462f405025f11af44c389b8b40b815f459284784f577,931825
doe_N015_C25,doe,C25,N015,5.65685424949,0,230,400,60,0.001,0.0001,0.08,0.1,2e-07,10000,0,1,12,0,0,0,0,False,800,15,18,16,3,1.6e-05,4.85029329923,3.99427984404,0.193734287628,0.403613099225,4.01291500218,6.08889532089,0.0598550563035,5.64870650728,0.0256464360011,-0.00814774221458,0.0256464360011,0.3,918.674895533,918.674895533,-4.17099682622,920,-0,0,0,0,0.00124769480446,-0.172922834754,60,0.5,0.75,True,True,True,True,True,True,True,3.99427984404,0.00491074600296,0.0552935189675,0.0198495587425,0.133402768013,0.00975521279718,0.0953873431711,0.00500231049113,0.0644911976769,0.00348990911068,0.0423403642917,0.00173100024748,0.0260456552947,0.00126079871618,0.0152962275507,0.000588853405122,0.00955953848385,0.000162376451315,0.0038022220261,0.000818489316621,0.00221301377876,0.000514099149096,0.00247944445808,0.000806871532095,0.00263550091549,0.000850837989021,0.00342761300923,0.00082883000961,0.0025886599606,0.000818639311257,0.00253384611581,0.000551449298701,0.00190362419614,0.000573525255346,0.00136237457408,0.000347812558923,0.00084817416035,0.00035183439339,0.00119877722872,0.00023685216771,46875,46875,46874,90,763d2931c6f2de36dd97788b5437ed16853595c1fdc8caf0934ab8469ff243a8,935156
doe_N016_C25,doe,C25,N016,5.65685424949,5.65685424949,230,400,60,0.001,0.0001,0.08,0.1,2e-07,10000,0,1,12,0,0,0,0,False,800,15,18,16,3,1.6e-05,3.17134873677,5.65276357584,0.179268846255,0.373476763031,5.66552229862,8.71001815796,0.0538190928897,5.6233901332,5.68198517232,-0.0334641162877,0.0251309228292,0.3,914.557578183,914.557578183,-924.087156568,920,-920,0,0,0,0.00399503086991,-0.172922834754,60,0.5,0.75,True,True,True,True,True,True,True,5.65276357584,0.00729099699306,0.0644237601422,0.0162747642945,0.128587653386,0.0111258594199,0.0814602684926,0.00770731709498,0.0416428515475,0.00297086893824,0.0169326228926,0.000457207867372,0.00799748260075,0.000583967264158,0.00500013557373,0.000954309887506,0.0137594642826,0.00241709819148,0.0189674092746,0.00292016276415,0.0169416163448,0.0031189997912,0.0168901633959,0.00347323886101,0.0186941568093,0.00357415666051,0.0170203679687,0.00323503792372,0.0110738056091,0.00285299033146,0.00924562865547,0.00255551551765,0.00943153003448,0.00208371488508,0.0069096210014,0.00135114435172,0.00293409297001,0.000760646650206,0.000340321875166,0.000374174766607,46875,46875,46874,90,16b89ff989de1126243f0d6950ea5822fad49228c984fa500e7d7a0b97d295fe,923881
doe_N022_C25,doe,C25,N022,11.313708499,-11.313708499,230,400,60,0.001,0.0001,0.08,0.1,2e-07,10000,0,1,12,0,0,0,0,False,800,15,18,16,3,1.6e-05,1.94845599359,11.3099809071,0.220370000859,0.459104168455,11.3169283874,16.7088603973,0.0564451335434,11.3560703949,-11.2637028291,0.0423618959528,0.0500056698589,0.32,1846.8895083,1846.8895083,1831.8673499,1840,1840,0,0,0,0.00172178600068,-0.172922834754,60,0.5,0.75,True,True,True,True,True,True,True,11.3099809071,0.00328306952973,0.0670911742755,0.0178993781328,0.147160954959,0.00697827977432,0.106298370585,0.00713224439572,0.0729979214779,0.00449625255662,0.05113423637,0.00137480810019,0.0375963568852,0.00194011267099,0.0259489497716,0.00211740334159,0.0168296107031,0.00152275489313,0.0101333786035,0.000679814179401,0.00719023344508,0.000557330024885,0.00435795894355,0.000285092673541,0.000471918102533,1.79546838813e-05,0.00240313720365,0.000415811869239,0.002861956855,0.000523536813921,0.0039252735223,0.000809467950159,0.00522325237271,0.000880913743666,0.00596186251225,0.00100192799482,0.00563762227502,0.00105236343752,0.0050144952147,0.00125285615713,46875,46875,46874,90,023216be57b649290f54b735ee3db47131793d112dd18d7a03d05200a3ce7dea,939580
doe_N024_C25,doe,C25,N024,11.313708499,0,230,400,60,0.001,0.0001,0.08,0.1,2e-07,10000,0,1,12,0,0,0,0,False,800,15,18,16,3,1.6e-05,2.94174567979,7.99414082911,0.235167292476,0.489931859326,8.00456489361,11.7398576736,0.0622224379605,11.3053088495,0.0506656637806,-0.00839964951567,0.0506656637806,0.3,1838.6339267,1838.6339267,-8.2399879195,1840,-0,0,0,0,0.00243956154963,-0.172922834754,60,0.5,0.75,True,True,True,True,True,True,True,7.99414082911,0.00336157394381,0.0578719769613,0.0196090920165,0.144714371559,0.00867020616837,0.112687385067,0.00431257764915,0.0841200345095,0.00298099983223,0.0644448047503,0.00173182985872,0.048441360334,0.00163345039767,0.0383843323013,0.000821589673914,0.031310317754,0.000684669451278,0.0248141007936,0.000332456392322,0.020424294134,0.000548251831875,0.0158356543794,0.000347888929638,0.0128878452425,0.000111748485591,0.0107132618376,0.000339047814362,0.008776854495,7.15707876283e-05,0.00687126785341,0.000280779407158,0.00602107157468,9.34273143621e-05,0.00458854658167,0.000317896752912,0.00425556378946,0.000195207282039,0.00370740723558,0.000325062966821,46875,46875,46874,90,e8e7abda47c1ebd5e731f9c11ca3a30d6b11d3fb1810ad86bc66dcd47dbffeaa,947621
doe_N026_C25,doe,C25,N026,11.313708499,11.313708499,230,400,60,0.001,0.0001,0.08,0.1,2e-07,10000,0,1,12,0,0,0,0,False,800,15,18,16,3,1.6e-05,1.9456469676,11.3099206318,0.220051127812,0.458439849608,11.3170753126,16.6850852966,0.0581510804628,11.2553593703,11.3642199399,-0.0583491286683,0.050511440906,0.32,1830.51041515,1830.51041515,-1848.21490595,1840,-1840,0,0,0,0.00276429349952,-0.172922834754,60,0.5,0.75,True,True,True,True,True,True,True,11.3099206318,0.00570073164545,0.0674687639792,0.0174407303053,0.145605714504,0.00978133042551,0.107282777504,0.00736753686081,0.07200545848,0.00328294031233,0.0497389394323,0.00135764653187,0.0395759266069,0.00245399176798,0.0281225183626,0.00209691108074,0.0166107915132,0.0011195989674,0.0089795070251,0.000624744529143,0.00713023332419,0.000585000197944,0.00551617557981,0.000339220148922,0.00195147026102,0.000301803961565,0.00354611671008,0.000342229144035,0.00330699390872,0.000436849996834,0.00265998446181,0.000884665591597,0.00597631800842,0.00100785553917,0.00740873728368,0.000865828332894,0.00630993552467,0.0010350481182,0.00489722259139,0.00124861674042,46875,46875,46874,90,ef9be3fdd21c38e0c218d2bade05590582eb5a275608b1805ae40d46334fb7f1,930917
doe_N030_C25,doe,C25,N030,22.627416998,-22.627416998,230,400,60,0.001,0.0001,0.08,0.1,2e-07,10000,0,1,12,0,0,0,0,False,800,15,18,16,3,1.6e-05,1.08220441948,22.6234061534,0.244831501228,0.510065627559,22.6270499275,32.6613044739,0.0579937133652,22.7200824146,-22.5263149902,0.092665416639,0.101102007789,0.64,3695.07059923,3695.07059923,3663.55731948,3680,3680,0,0,0,0.00415628246815,-0.172922834754,60,0.5,0.75,True,True,True,True,True,True,True,22.6234061534,0.00193761302938,0.0674559344419,0.0189396644056,0.154049493444,0.00710164187911,0.115213787431,0.00638194580329,0.0835949120325,0.00321621042365,0.0632287251796,0.000466463215994,0.0511528430824,0.00155659916302,0.0391028621351,0.00205414378663,0.0304431516539,0.00120775645563,0.0233635729244,0.000951044677204,0.0209164849111,0.000973052921214,0.017713156521,0.00114676033833,0.0132439042977,0.00076447559955,0.0107737271317,0.000776681472354,0.00982770579947,0.000625753555074,0.00806290270745,0.000681037936374,0.00610071527999,0.000501035980255,0.00486179169642,0.000539159773069,0.00452375366151,0.000348528702196,0.00430282654547,0.000325891331074,46875,46875,46874,90,15d6e5c438fa26cde06f44a317e853a94b3cc78cc6e74e90fd9c761276a0833e,938194
doe_N033_C25,doe,C25,N033,22.627416998,0,230,400,60,0.001,0.0001,0.08,0.1,2e-07,10000,0,1,12,0,0,0,0,False,800,15,18,16,3,1.6e-05,1.52968015284,15.9944025633,0.244663201575,0.509715003282,15.9997283136,23.0311069489,0.0617683178262,22.6192745067,0.101229946951,-0.00814249125961,0.101229946951,0.452548339959,3678.67574952,3678.67574952,-16.463487848,3680,-0,0,0,0,0.00221046819611,-0.172922834754,60,0.5,0.75,True,True,True,True,True,True,True,15.9944025633,0.00221465294748,0.0577429560422,0.0201699895413,0.14623619255,0.00825148762722,0.115254944906,0.00464323862372,0.0869916820016,0.00223929304602,0.068674535579,0.00183307003985,0.0528940088102,0.000942797402495,0.0427982428746,0.000795561215575,0.0357608790579,0.00044545957335,0.029341548129,0.000359649401486,0.0247197570734,0.000190699278408,0.0211070311476,0.000272253825939,0.0179338397336,0.000181972319634,0.0158085333487,0.00024894365564,0.0138178804631,0.000200126023338,0.0119731677106,0.000132601306458,0.0107350528289,0.000139771842843,0.00935537321381,0.000133100308203,0.0084836784968,2.50059175139e-05,0.00742078245593,0.000152639007072,46875,46875,46874,90,fddf9c86f65dde6b8384744b40529c584455af50ab10e7031176408d9d5d918e,944637
doe_N036_C25,doe,C25,N036,22.627416998,22.627416998,230,400,60,0.001,0.0001,0.08,0.1,2e-07,10000,0,1,12,0,0,0,0,False,800,15,18,16,3,1.6e-05,1.07816885023,22.6232294433,0.243916612775,0.508159609948,22.627081851,32.6660003662,0.0610996768221,22.5177965551,22.728173248,-0.10962044285,0.100756250048,0.64,3662.17192755,3662.17192755,-3696.38644836,3680,-3680,0,0,0,0.00268605223159,-0.172922834754,60,0.5,0.75,True,True,True,True,True,True,True,22.6232294433,0.00530032886145,0.0679305314103,0.0179424696116,0.151256200967,0.00880559943763,0.11675026695,0.00609256460087,0.0834792650186,0.00255107705332,0.0611193962016,0.000302269088915,0.0519249663763,0.00180846367627,0.0418241525842,0.00181871528409,0.0310288153965,0.00127110025339,0.0224432255815,0.000905147329315,0.0193160384693,0.00102520326385,0.0189866728227,0.00109919834823,0.0141277531411,0.000665234277942,0.00909960654872,0.000665145782078,0.00856875403903,0.000754046237048,0.00919306293856,0.000572924079917,0.00726602450021,0.000420230208542,0.00388431775199,0.00034114231665,0.00302696110036,0.000496829255492,0.0043973668149,0.00042784109413,46875,46875,46874,90,f3bf8e9f2ad9e6cdf4531283b4c3d6103aefbf3abf840f2c79babde1c3c6b61b,931663
doe_N014_C26,doe,C26,N014,5.65685424949,-5.65685424949,230,400,60,0.001,0.0001,0.08,0.1,2e-07,10000,0,1,12,0,0,0,0,False,800,15,18,16,5,1.6e-05,2.30910800146,5.65272750723,0.13052758317,0.271932464938,5.66395002488,8.78586387634,0.0540676693685,5.67331890513,-5.63206082555,0.0164646556384,0.0247934239445,0.3,922.67772202,922.67772202,915.967732414,920,920,0,0,0,0.00239604960629,-0.172922834754,60,0.5,0.75,True,True,True,True,True,True,True,5.65272750723,0.0047300774504,0.0642594032048,0.0139203053521,0.0354426232655,0.0057067219572,0.0774581378624,0.00695020718969,0.0506196803271,0.00554618377158,0.0261185060808,0.00161741539119,0.0116958287812,0.00040867801926,0.000659008174353,0.000851666803452,0.00909739155301,0.00130559173909,0.0147817374439,0.0024495291601,0.0158551511285,0.00254108236093,0.0157632156583,0.00354185005973,0.0166352978511,0.00338611744012,0.0165963380838,0.00344987529568,0.0138126399613,0.00288878831996,0.0111941030901,0.00303575620988,0.00947612979072,0.00253616029698,0.00781666668081,0.00200700015093,0.00564106954855,0.00107369136808,0.00261726691033,0.000989751583121,46875,46875,46874,90,f531eadcf3cb857797698caff22d867931b77948a1ea1cbdcf44ca432a86b5a7,930831
doe_N015_C26,doe,C26,N015,5.65685424949,0,230,400,60,0.001,0.0001,0.08,0.1,2e-07,10000,0,1,12,0,0,0,0,False,800,15,18,16,5,1.6e-05,3.7607854791,3.99389109412,0.150201676319,0.312920158997,4.01067117491,6.19222450256,0.0604139874329,5.64815905163,0.0251290821242,-0.00869519785928,0.0251290821242,0.3,918.585860325,918.585860325,-4.08685720625,920,-0,0,0,0,0.0018684447205,-0.172922834754,60,0.5,0.75,True,True,True,True,True,True,True,3.99389109412,0.00435550172027,0.0552934730123,0.0184537562683,0.03201543051,0.00955576943192,0.0892905473114,0.00556192326889,0.0733206523538,0.00403532755418,0.0515746090019,0.00228665472143,0.033614096702,0.00163516707174,0.0220318970482,0.000630563445921,0.0148147591267,0.000243400237982,0.00814116167281,0.000540478360143,0.00506192557366,0.000361070257154,0.00147139737406,0.000682196995749,0.001241963037,0.000584002817572,0.00167764477045,0.000763339989594,0.00211094666026,0.000550584732896,0.00246803320287,0.000527577719687,0.00233369068696,0.000548942540126,0.00209019668784,0.000456888624498,0.00200376848183,0.000447231335453,0.00152281843745,0.000335652237293,46875,46875,46874,90,5dbc9df643fb6af576b8870145dc9d78a5172ae8183561c2da2ff5e79e73eaa9,938412
doe_N016_C26,doe,C26,N016,5.65685424949,5.65685424949,230,400,60,0.001,0.0001,0.08,0.1,2e-07,10000,0,1,12,0,0,0,0,False,800,15,18,16,5,1.6e-05,2.29908533041,5.65294680857,0.129966070812,0.270762647524,5.66437803699,8.84260749817,0.0551251497459,5.62374534522,5.68199819898,-0.0331089042745,0.0251439494878,0.3,914.615347932,914.615347932,-924.089275153,920,-920,0,0,0,0.00296674023208,-0.172922834754,60,0.5,0.75,True,True,True,True,True,True,True,5.65294680857,0.00714910457841,0.0642116434041,0.0134480157052,0.0344738170123,0.0114904030737,0.0763757059122,0.00759993725824,0.0493885322499,0.00297483912732,0.0250013313068,0.00126640067146,0.0137905658065,0.00151940493788,0.00300638862795,0.00106090219674,0.010789730514,0.00179414279202,0.0157492011412,0.00228196822164,0.01536062159,0.00257682493753,0.0156249398639,0.00351012273078,0.0184839210675,0.00317580270734,0.0172064562162,0.00295551013719,0.0122758638133,0.00278403862944,0.0106271517084,0.00305117494383,0.0110332047625,0.00244903731113,0.00862965381021,0.0016965062171,0.00471199429239,0.0014336633593,0.00263211606479,0.00133351316942,46875,46875,46874,90,50ae40fe6a3b3592ff87477877f22dfea1da0d77565b635429a997f183cf59a1,925035
doe_N022_C26,doe,C26,N022,11.313708499,-11.313708499,230,400,60,0.001,0.0001,0.08,0.1,2e-07,10000,0,1,12,0,0,0,0,False,800,15,18,16,5,1.6e-05,1.4852248715,11.3096239624,0.167973347964,0.349944474924,11.3156756825,16.7764339447,0.0571751265139,11.3553863006,-11.2636757014,0.0416778016478,0.0500327975647,0.32,1846.77825092,1846.77825092,1831.862938,1840,1840,0,0,0,0.00273542502055,-0.172922834754,60,0.5,0.75,True,True,True,True,True,True,True,11.3096239624,0.0026445853178,0.0666116456047,0.015624382081,0.0391789126619,0.00727009212449,0.0960757094324,0.00721772768165,0.0777440415673,0.00531466077505,0.0565180161532,0.00166452375605,0.0422935857569,0.00221014788985,0.0289587500828,0.00205181517427,0.0191938238529,0.00165973306998,0.0119259525557,0.000609429964494,0.0087067549639,0.000705259505272,0.0052344514834,0.000212239161706,0.00142136694181,0.000129331488119,0.00160500384807,0.000380228230847,0.00228412874561,0.000306909547313,0.0034183526308,0.000659847292765,0.00487102359886,0.000719927707012,0.00556947821587,0.000942970963518,0.00533697529227,0.000739442041943,0.00492132447832,0.00116235696674,46875,46875,46874,90,59f502d3b5f7d7db75c737dc876debe603b4a89233151ef98312e3d3c2c020fa,938738
doe_N024_C26,doe,C26,N024,11.313708499,0,230,400,60,0.001,0.0001,0.08,0.1,2e-07,10000,0,1,12,0,0,0,0,False,800,15,18,16,5,1.6e-05,2.3588777344,7.9940902803,0.18857081569,0.39285586602,8.00328069091,11.8439836502,0.0619677291162,11.3052408059,0.049891281015,-0.00846769308647,0.049891281015,0.3,1838.62286046,1838.62286046,-8.1140465194,1840,-0,0,0,0,0.00239965931412,-0.172922834754,60,0.5,0.75,True,True,True,True,True,True,True,7.9940902803,0.00317400332755,0.0564071652942,0.0177764148087,0.0341330835623,0.00912648643034,0.101067212192,0.00509668761197,0.0886100225097,0.0033071496505,0.0698922358379,0.00201057208671,0.0530122703379,0.00157876202925,0.0417517040635,0.000809306024918,0.0338235074542,0.000739347615542,0.0264145903919,0.000444135522561,0.0221430941644,0.000495041351707,0.0174333265779,0.000286947984287,0.0141195259778,0.000358128275851,0.0117641386844,0.000228075107128,0.00971304884371,0.000237426913561,0.00791827506135,0.000210631086657,0.00698767320354,0.000235920331956,0.00528659370213,0.000228017301251,0.00523075222556,0.000153835810041,0.00417736646052,0.000176909961806,46875,46875,46874,90,d76495f8625f8ddf3c74c264725cd9a6c37ee1dc562cbb6bdfa45ce0b9624d9d,951111
doe_N026_C26,doe,C26,N026,11.313708499,11.313708499,230,400,60,0.001,0.0001,0.08,0.1,2e-07,10000,0,1,12,0,0,0,0,False,800,15,18,16,5,1.6e-05,1.4796728318,11.3097636457,0.167347500007,0.348640625014,11.3160225693,16.8109645844,0.0585120776468,11.2548819188,11.3643803367,-0.0588265801897,0.0506718377186,0.32,1830.43276503,1830.43276503,-1848.24099202,1840,-1840,0,0,0,0.00270717767715,-0.172922834754,60,0.5,0.75,True,True,True,True,True,True,True,11.3097636457,0.00582928640509,0.0661365535915,0.0148118742225,0.0385630871104,0.010501989415,0.0956103803701,0.00728165115965,0.0767702748598,0.00337513595119,0.0544786797477,0.00128180255434,0.0442655651677,0.00293162740087,0.0314264496817,0.0021718129261,0.0187774824219,0.0011940052723,0.0103472217276,0.000728597410337,0.008535522182,0.000942108556132,0.00661582767845,0.000256762605627,0.00224094267423,0.000164460430302,0.00328616494938,0.000302857286786,0.00311718674654,0.000255114394586,0.00182788520919,0.000811367204942,0.00566507918592,0.000794988207491,0.00728181155214,0.000861289789588,0.00585732597873,0.000736333398222,0.00441952642017,0.0010960055984,46875,46875,46874,90,d7d36666a0d32aca0973aea8a61dd5039290d90321b1453f7885a277e8256b08,931588
doe_N030_C26,doe,C26,N030,22.627416998,-22.627416998,230,400,60,0.001,0.0001,0.08,0.1,2e-07,10000,0,1,12,0,0,0,0,False,800,15,18,16,5,1.6e-05,0.860820920454,22.6234605433,0.194747481288,0.40572391935,22.6266199514,32.7587585449,0.0589730979409,22.7199003559,-22.5266078611,0.0924833579469,0.100809136837,0.64,3695.0409902,3695.0409902,3663.60495042,3680,3680,0,0,0,0.00316717357666,-0.172922834754,60,0.5,0.75,True,True,True,True,True,True,True,22.6234605433,0.00181991337952,0.0674303864668,0.0164233158962,0.0409665110347,0.00792016206691,0.103602648889,0.00620050243756,0.0882375194042,0.00358980018892,0.0687872399921,0.0007017861402,0.0555516524195,0.00137116659159,0.0423738809216,0.00178168864478,0.0324382467339,0.00130738789486,0.0252053779694,0.0011949574901,0.0225428573199,0.00107859033198,0.0187838772816,0.000719171166484,0.0137699691765,0.00076179346252,0.0112822670705,0.000924692590685,0.0105360078641,0.000719213599948,0.00877228433107,0.000267179315328,0.00645526091493,0.000440979000205,0.00520142580236,0.000601055820771,0.00499041963207,0.000435017202775,0.00464329470077,0.000185269797478,46875,46875,46874,90,8e69477a782f780619be22c4aec1120a6b9fc6118c2fb6edc947d5e9ceb9107f,938803
doe_N033_C26,doe,C26,N033,22.627416998,0,230,400,60,0.001,0.0001,0.08,0.1,2e-07,10000,0,1,12,0,0,0,0,False,800,15,18,16,5,1.6e-05,1.24902463572,15.9944309122,0.199774382437,0.416196630078,15.9991349189,23.1464614868,0.0620335247161,22.619314926,0.101156747883,-0.00810207194764,0.101156747883,0.452548339959,3678.6823231,3678.6823231,-16.4515831498,3680,-0,0,0,0,0.00275513154116,-0.172922834754,60,0.5,0.75,True,True,True,True,True,True,True,15.9944309122,0.00249317298279,0.0575580965679,0.017824201177,0.034160434613,0.00935689508039,0.103345293114,0.00499548697445,0.0917062819554,0.00327318455834,0.0743415298179,0.00177573137644,0.0572123729506,0.00150670948709,0.0463432861804,0.000561120432853,0.0379848474828,0.000331536112905,0.0316271824219,0.000235291123534,0.0264270340248,0.000192869730777,0.0223144005756,9.07153648e-05,0.018516822121,0.000189861274823,0.0164289820774,0.00010851667015,0.013901414699,6.25859129105e-05,0.0123106773946,0.000152194424233,0.0106549217181,6.48073302354e-05,0.00960153291711,0.000109169248382,0.00868667549532,7.05089131563e-05,0.00778513214761,0.000151001574227,46875,46875,46874,90,9d25baaa265ecc64b9fb90c2f144d7bbab16973bc4ed33bebda8836431c6ad37,947163
doe_N036_C26,doe,C26,N036,22.627416998,22.627416998,230,400,60,0.001,0.0001,0.08,0.1,2e-07,10000,0,1,12,0,0,0,0,False,800,15,18,16,5,1.6e-05,0.859946237402,22.6236796955,0.194551482303,0.405315588132,22.6270559031,32.7825126648,0.0612553161071,22.5182409695,22.7286292937,-0.109176028492,0.101212295707,0.64,3662.24420468,3662.24420468,-3696.46061715,3680,-3680,0,0,0,0.00359592844571,-0.172922834754,60,0.5,0.75,True,True,True,True,True,True,True,22.6236796955,0.00527251068354,0.0668046479137,0.0154560097847,0.0397918253309,0.0097405460402,0.103801165009,0.00629159154718,0.0883770008711,0.00276323482837,0.0666264598076,0.000448826557075,0.0562836513029,0.00231955226436,0.0453590148212,0.00210690705126,0.0335057262386,0.00106565903056,0.0241306961422,0.000775066052236,0.0206230728131,0.00124846955896,0.0200232193791,0.00105243175218,0.0149803167442,0.000692053353262,0.00975421199561,0.00049358725764,0.00895447756017,0.000690467200129,0.00955186465165,0.000851508999782,0.00756179532865,0.000500575792956,0.0043421343369,0.000299103158037,0.00328881891005,0.000483788439584,0.00442735390501,0.000421895473272,46875,46875,46874,90,e907f25ea4d4f1c31726882b5afa19df692aa9f2b00a8305a5be2279762bd140,935058
doe_N014_C27,doe,C27,N014,5.65685424949,-5.65685424949,230,400,60,0.001,0.0001,0.08,0.1,2e-07,10000,0,1,12,0,0,0,0,False,800,15,18,16,7,1.6e-05,1.90882152975,5.65282548712,0.107902349937,0.224796562369,5.66357403085,8.8049030304,0.0544740120257,5.67339138902,-5.63218448941,0.0165371395242,0.0246697600822,0.3,922.689510405,922.689510405,915.987844432,920,920,0,0,0,0.00198695414062,-0.172922834754,60,0.5,0.75,True,True,True,True,True,True,True,5.65282548712,0.00434720367611,0.0643946994611,0.0133635417114,0.0356315271989,0.00685127718816,0.0195968674519,0.00608352443218,0.0486483950199,0.006051899819,0.0319684561219,0.00259670777721,0.0172637047613,0.000538639943525,0.00329984546204,0.000366929015299,0.00577988042267,0.00128354857292,0.0129642127485,0.00184211306555,0.0141511446206,0.00236479591729,0.0146471393326,0.00292287288615,0.015738472321,0.0034135887394,0.0166089804786,0.00295776101072,0.0140312431908,0.00288314394293,0.0120836631672,0.00278700529081,0.0107084765425,0.0027782663918,0.00915774123056,0.002098307202,0.00714261379704,0.00157850375197,0.00391493283295,0.00138899572117,46875,46875,46874,90,50d0e01fa0729f14c68b8a5d81c67695f80cfac7ea726faa4c6f36b5d29a4dcb,931598
doe_N015_C27,doe,C27,N015,5.65685424949,0,230,400,60,0.001,0.0001,0.08,0.1,2e-07,10000,0,1,12,0,0,0,0,False,800,15,18,16,7,1.6e-05,3.20896003099,3.99411611937,0.128169589862,0.267019978879,4.01012980726,6.13924694061,0.0604980492265,5.64847795267,0.0249793552525,-0.00837629681918,0.0249793552525,0.3,918.637724655,918.637724655,-4.0625064424,920,-0,0,0,0,0.00175115213043,-0.172922834754,60,0.5,0.75,True,True,True,True,True,True,True,3.99411611937,0.00433239485116,0.0555346387703,0.0178712811636,0.0318956151109,0.00890717245387,0.022084148081,0.00519019769215,0.0690908898362,0.00409483476611,0.0586471432414,0.00238566347468,0.0411879210251,0.00181708116331,0.0280398948254,0.000983364423746,0.020357369122,0.000633178380252,0.0122320766335,0.000532537994637,0.00823243020163,2.29987631789e-05,0.00360119912378,0.000452684839456,0.00175446719681,0.000367716443816,0.00162833177928,0.000629741921525,0.000953131723786,0.000583180557767,0.00178475204893,0.000553518583779,0.0019319998012,0.000559788919234,0.00189168689079,0.000505194097066,0.00191070833599,0.000459589487304,0.00170487437319,0.000324107332052,46875,46875,46874,90,182ea8f2a57d693522d03cf345ce143c65fcc63f0b2e1b41f73995523c01ae9e,936173
doe_N016_C27,doe,C27,N016,5.65685424949,5.65685424949,230,400,60,0.001,0.0001,0.08,0.1,2e-07,10000,0,1,12,0,0,0,0,False,800,15,18,16,7,1.6e-05,1.91093679011,5.65294454946,0.10802419712,0.225050410667,5.66391372456,8.74652290344,0.0550188901522,5.62362445498,5.68211335226,-0.0332297945135,0.0252591027706,0.3,914.595687001,914.595687001,-924.108003057,920,-920,0,0,0,0.00220585814258,-0.172922834754,60,0.5,0.75,True,True,True,True,True,True,True,5.65294454946,0.00688789413758,0.0642504117599,0.0131325175601,0.0349365167543,0.00968552411013,0.0190754529333,0.00681086892553,0.0481608530808,0.00274705393835,0.0306704263164,0.00194858594622,0.0193924395388,0.00224604217465,0.00550079086586,0.000595277565319,0.00789178358138,0.0016633305777,0.0138977004551,0.00228859794934,0.0132317698987,0.0023212963513,0.014563182181,0.00297252667057,0.0174381645661,0.00305875127351,0.0171800764755,0.00292907976473,0.0125098143083,0.00286750566305,0.0116590101388,0.00287901351071,0.0123406278753,0.00254569383026,0.00998631715494,0.0020761908581,0.00616998530188,0.00175435770216,0.00400202365516,0.00156615277054,46875,46875,46874,90,7a4b6c9ce573c67c4c33f9943c84ea7150270130449e571520a07825f049d643,925184
doe_N022_C27,doe,C27,N022,11.313708499,-11.313708499,230,400,60,0.001,0.0001,0.08,0.1,2e-07,10000,0,1,12,0,0,0,0,False,800,15,18,16,7,1.6e-05,1.23570413129,11.3096812944,0.139754198991,0.291154581231,11.3153515263,16.7527580261,0.057710789526,11.3558819587,-11.2632911221,0.0421734596911,0.0504173768493,0.32,1846.85886205,1846.85886205,1831.80039212,1840,1840,0,0,0,0.00328985904769,-0.172922834754,60,0.5,0.75,True,True,True,True,True,True,True,11.3096812944,0.00190898536991,0.0665927138507,0.014714624818,0.0384901735499,0.00696606936725,0.0235938215818,0.00644117160128,0.069420213709,0.00559706086281,0.0608044681594,0.00246933546213,0.0471023367064,0.00205943389911,0.0325882499999,0.00219348947221,0.0216905303694,0.00179766580611,0.0132384876585,0.0010616393011,0.0100295497145,0.000875081009923,0.00648935096197,0.00027009899681,0.00220052236367,0.000247090800277,0.00121610103289,6.75503529135e-05,0.00157302591974,0.000169835089831,0.00274756381994,0.000714624357666,0.00443817230808,0.000832139325298,0.00527911430449,0.000586030361326,0.00487878514828,0.000637341017887,0.00449423410371,0.0011215500157,46875,46875,46874,90,5698ae0c3e939b8e0b29f26c3bcfc120fe94d8de35146506f5332b465aa2579d,938809
doe_N024_C27,doe,C27,N024,11.313708499,0,230,400,60,0.001,0.0001,0.08,0.1,2e-07,10000,0,1,12,0,0,0,0,False,800,15,18,16,7,1.6e-05,2.05923723805,7.9940282388,0.164616006314,0.342950013154,8.00268931359,11.7892818451,0.0619681651089,11.305152795,0.0499524451225,-0.00855570396146,0.0499524451225,0.3,1838.60854685,1838.60854685,-8.12399391708,1840,-0,0,0,0,0.00216471225962,-0.172922834754,60,0.5,0.75,True,True,True,True,True,True,True,7.9940282388,0.00307222727762,0.0572085137755,0.0172290954445,0.0333415902794,0.00836154365727,0.0245626876544,0.00526248914513,0.0803475471658,0.00377436650207,0.0758374908387,0.0022490524183,0.0588945381502,0.00191824533428,0.046383200323,0.000972391281908,0.0372697079081,0.000888231980414,0.0289567797758,0.000367792933495,0.023650020493,0.00040426370135,0.0185898012549,0.000317884555946,0.0154949325759,0.000260922082202,0.0127315263967,0.000225365827768,0.010353075939,0.000172198898442,0.00832509425027,0.000209360011036,0.00730778024846,0.000195503884733,0.00606570155329,0.000286626984455,0.00561957360764,0.000111706177851,0.00461776309093,0.000256984721956,46875,46875,46874,90,8af84402d00b58519d7a2e81ca1186bf9cf001005fcba4fca4499b8205d1a72e,950421
doe_N026_C27,doe,C27,N026,11.313708499,11.313708499,230,400,60,0.001,0.0001,0.08,0.1,2e-07,10000,0,1,12,0,0,0,0,False,800,15,18,16,7,1.6e-05,1.23622444749,11.3097274798,0.13981361605,0.291278366771,11.3156163279,16.7154026031,0.0590694608342,11.2551428711,11.3640499068,-0.0585656278734,0.0503414078649,0.32,1830.4752049,1830.4752049,-1848.1872527,1840,-1840,0,0,0,0.00273294307328,-0.172922834754,60,0.5,0.75,True,True,True,True,True,True,True,11.3097274798,0.00531404328892,0.0661225432069,0.0139081764084,0.0381793111258,0.0082364635123,0.0236514923719,0.0066003315346,0.0693049541486,0.0022814669279,0.0588264983416,0.00211255550192,0.048871399817,0.00327987152033,0.0352749373066,0.00242128525159,0.0213468224043,0.00116736073964,0.012017600078,0.00117302414604,0.00954016239207,0.00101582541012,0.00774565350112,0.000457989884839,0.00245882306958,0.000216703821127,0.00241324828237,0.000218720419179,0.00275006299866,0.000292584088875,0.00139636747069,0.000765452065093,0.00521451354383,0.00098492691402,0.00676667157815,0.000626879230118,0.00563588574534,0.000571775216628,0.00424466076791,0.0010339961678,46875,46875,46874,90,4701840cc48963c75814a1ffc68cdeb7ef545d03d42d33d37c392719129efab0,932420
doe_N030_C27,doe,C27,N030,22.627416998,-22.627416998,230,400,60,0.001,0.0001,0.08,0.1,2e-07,10000,0,1,12,0,0,0,0,False,800,15,18,16,7,1.6e-05,0.743580854931,22.6234231088,0.168223442967,0.350465506181,22.6263679014,32.7040138245,0.0582665944884,22.7196714856,-22.5267635027,0.0922544875888,0.100653495262,0.64,3695.00376797,3695.00376797,3663.63026312,3680,3680,0,0,0,0.00317936651313,-0.172922834754,60,0.5,0.75,True,True,True,True,True,True,True,22.6234231088,0.00120450618184,0.0671400295557,0.0163259965601,0.0401080712558,0.00767033620314,0.0257586440987,0.00689204662389,0.0789656181613,0.00482845536729,0.0734672566628,0.00119093402208,0.0603115212631,0.00113269650958,0.0461238075673,0.00214978189904,0.0360851201493,0.00168124098597,0.0276485055129,0.00141585066872,0.0237056369124,0.000970589258712,0.0194886333256,0.00112591646639,0.0150354745719,0.000766149808207,0.0124403938884,0.00101361348418,0.0109004525979,0.000759361282183,0.00857292066856,0.000456829523762,0.00687368279097,0.000350574688548,0.00575176352292,0.000524374132161,0.00515474250118,0.000530865453654,0.0042072736493,0.000345343463927,46875,46875,46874,90,1e84160c90b3c78cec31984d5c1697ea5277fab1676af0830e1671566f086e51,938735
doe_N033_C27,doe,C27,N033,22.627416998,0,230,400,60,0.001,0.0001,0.08,0.1,2e-07,10000,0,1,12,0,0,0,0,False,800,15,18,16,7,1.6e-05,1.09504527376,15.9940804332,0.175142421866,0.364880045554,15.9984981006,23.0832386017,0.0625554598791,22.6188174897,0.10155382611,-0.00859950830694,0.10155382611,0.452548339959,3678.60142275,3678.60142275,-16.5161617924,3680,-0,0,0,0,0.0021798636862,-0.172922834754,60,0.5,0.75,True,True,True,True,True,True,True,15.9940804332,0.00202236811252,0.0567100381939,0.0171718681696,0.0337892163712,0.00782711677968,0.0252652265974,0.00556533540278,0.0825541571456,0.00345525725535,0.0792718804401,0.00255760319787,0.0630018906586,0.00150798484269,0.0508102501298,0.00101157115713,0.0416867375019,0.000345768117147,0.0337217889185,0.000539658621384,0.0279268732189,0.000231893985712,0.0231893252017,0.00031400611309,0.0195251023242,0.000261471689561,0.0170339565747,0.000258092381248,0.0146429118899,0.000106674066527,0.0127730150499,0.000270386638778,0.0114082227215,3.35424431358e-05,0.0099627789903,0.000181488551437,0.00899167646293,6.61193683738e-05,0.00793780778299,0.000216797527346,46875,46875,46874,90,adf82e3f76855a2ea12420619cd7f6fcec2b148619fd8beff168555740b51763,946775
doe_N036_C27,doe,C27,N036,22.627416998,22.627416998,230,400,60,0.001,0.0001,0.08,0.1,2e-07,10000,0,1,12,0,0,0,0,False,800,15,18,16,7,1.6e-05,0.7402159099,22.6231912043,0.167460460621,0.348875959628,22.6263513868,32.6993637085,0.0612618715963,22.5173533213,22.7285362471,-0.110063676669,0.101119249126,0.64,3662.09984241,3662.09984241,-3696.44548456,3680,-3680,0,0,0,0.00238751681824,-0.172922834754,60,0.5,0.75,True,True,True,True,True,True,True,22.6231912043,0.00486289474649,0.0662667721628,0.0151934678605,0.0398849136638,0.00805134465729,0.0253503614561,0.00619478955447,0.0786736345686,0.00286570794248,0.0706783382724,0.000600184094031,0.0617227993049,0.00247681050286,0.0494945995984,0.00226910777976,0.0364765035927,0.00123965733093,0.0256909700059,0.00111456812911,0.02210763325,0.00118091803234,0.0211395167523,0.00113342600296,0.0157775998318,0.000640642980582,0.0102943896275,0.000667731764873,0.00950311098717,0.000835365276764,0.0100297881456,0.000626877408146,0.00796785661595,0.000381952631495,0.00445618671777,0.000446438959452,0.0034218318114,0.000522998207664,0.00459033832629,0.000438158865945,46875,46875,46874,90,ad3ac8c660019bbec6460f560c8fccbdb7fb1f4a53253ef5c97c39524428e8f7,934592
