run_id,group,control_tag,case_id,id_peak_a,iq_peak_a,vac_v,vdc_v,fgrid_hz,lf_h,lg_h,rf_ohm,rg_ohm,dead_s,sensor_hz,sensor_offset_a,sensor_gain,adc_bits,grid_h3,grid_h5,extra_delay_pwm,grid_phase_rad,lf_grid_polarity,bandwidth_design_hz,pll_design_hz,kr_ohm,band_hz,max_harmonic,prediction_s,thd_pct,i1_rms_a,ih_2_40_rms_a,ih_over_rated_pct,current_rms_a,peak_a,dc_a,id_peak_measured_a,iq_peak_measured_a,id_error_peak_a,iq_error_peak_a,dq_tolerance_peak_a,p_w,p1_w,q1_var,p1_target_w,q1_target_var,saturation_fraction,resonator_limit_fraction,integrator_limit_fraction,periodic_rms_a,pll_error_deg,pll_hz,measurement_start_s,measurement_end_s,thd_pass,tracking_pass,rms_pass,peak_pass,saturation_pass,steady_pass,combined_pass,h1_rms_a,h2_rms_a,h3_rms_a,h4_rms_a,h5_rms_a,h6_rms_a,h7_rms_a,h8_rms_a,h9_rms_a,h10_rms_a,h11_rms_a,h12_rms_a,h13_rms_a,h14_rms_a,h15_rms_a,h16_rms_a,h17_rms_a,h18_rms_a,h19_rms_a,h20_rms_a,h21_rms_a,h22_rms_a,h23_rms_a,h24_rms_a,h25_rms_a,h26_rms_a,h27_rms_a,h28_rms_a,h29_rms_a,h30_rms_a,h31_rms_a,h32_rms_a,h33_rms_a,h34_rms_a,h35_rms_a,h36_rms_a,h37_rms_a,h38_rms_a,h39_rms_a,h40_rms_a,pwm_count,control_count,load_count,lf_transition_count,wave_sha256,wave_bytes
baseline_N001_initial,baseline,initial,N001,0,-67.8822509939,240,400,60,0.001,0.0001,0.08,0.1,2e-07,10000,0,1,12,0,0,0,0,False,800,15,0,8,7,1.6e-05,0.766021576659,48.0005291507,0.367694410205,0.766030021261,48.0028715992,68.2999267578,0.0543782568009,0.296469989404,-67.8823519263,0.296469989404,-0.000100932390126,1.35764501988,50.3126255822,50.3126255822,11520.0171288,0,11520,0,0,0,0.00442226461876,-0.172922834754,60,0.5,0.75,True,True,False,True,True,True,False,48.0005291507,0.00930517728184,0.280473565804,0.0194150386003,0.158034222202,0.0073574617311,0.11149669384,0.00432620019751,0.0800718606261,0.00220478324575,0.0634210692379,0.00163821668319,0.0489436751083,0.000869035378907,0.0407779841353,0.000972145740189,0.0330429567467,0.000321479431151,0.0282692006011,0.000628388172947,0.0236752010777,9.32027927436e-05,0.0204639291166,0.000323878969648,0.0176100521008,0.000351480867963,0.0154213018147,0.000344218604854,0.0134476081791,7.12906419113e-05,0.0119481162238,0.000329969495432,0.0109396837987,0.000263236483766,0.00958819390325,0.000310242969767,0.00863469639074,0.000114911023987,0.00778214966559,0.000263719551515,46875,46875,46874,90,a3fce7be7c8e54922046cf50c7e944b9d1cbea7ed06e7966674a1dd36d319287,882750
baseline_N002_initial,baseline,initial,N002,0,-45.2548339959,240,400,60,0.001,0.0001,0.08,0.1,2e-07,10000,0,1,12,0,0,0,0,False,800,15,0,8,7,1.6e-05,1.14806328765,32.0002687026,0.367383336923,0.765381951922,32.0038553531,45.6584777832,0.0564031752043,0.194478077578,-45.2547961254,0.194478077578,3.78705663167e-05,0.905096679919,33.0040241875,33.0040241875,7679.99357315,0,7680,0,0,0,0.00272779463834,-0.172922834754,60,0.5,0.75,True,True,True,True,True,True,True,32.0002687026,0.00666740259609,0.280444607334,0.0188697859355,0.158119583218,0.00707876920892,0.11151747133,0.00407818587536,0.08003117703,0.00173939911086,0.0630941141712,0.00144446553398,0.0489385246792,0.000666726862374,0.0407144297083,0.000764750268957,0.032553344764,0.000160897232143,0.0282829518731,0.000515312728238,0.0230974938552,0.000271827575448,0.0203230417705,0.000300020594825,0.0171476984252,0.000226403753941,0.0154453766356,0.000415221955593,0.0131561349643,0.000222001368875,0.0117412612915,0.000317684994759,0.0104420098255,0.000155124787898,0.00933553308781,0.000154371866372,0.00833604429694,0.00011381148626,0.00742005833781,0.000386028335279,46875,46875,46874,90,d3806d9b2549256b0724937e082907efa062f3a2b21e156091a308f381048985,888365
baseline_N003_initial,baseline,initial,N003,0,-22.627416998,240,400,60,0.001,0.0001,0.08,0.1,2e-07,10000,0,1,12,0,0,0,0,False,800,15,0,8,7,1.6e-05,2.27326857253,16.0002990024,0.363729768732,0.757770351525,16.007540254,23.0556106567,0.057644963416,0.0920701129392,-22.627652539,0.0920701129392,-0.000235541014835,0.452548339959,15.6248162889,15.6248162889,3840.03997264,0,3840,0,0,0,0.00248785475633,-0.172922834754,60,0.5,0.75,True,True,True,True,True,True,True,16.0002990024,0.00446667136806,0.279990366048,0.0185752633366,0.157523853638,0.00600700473838,0.110062492555,0.00455428949944,0.0781796790365,0.00115341226232,0.0615366793253,0.00194792118478,0.0463308492715,0.000491030419473,0.0384315089967,0.00124180114091,0.0300973907787,0.000562393167846,0.0260643935634,0.000812435774353,0.0202361024251,0.000468221957785,0.0178983655053,0.000753625812671,0.014473140095,0.000482670645353,0.0126334953897,0.000560224271338,0.0101675413012,0.000372760257314,0.00919956450339,0.000488093872294,0.00743022914537,0.000273159219073,0.00655364340274,0.000418400424123,0.00548596451724,0.000268693891523,0.00474970925883,0.000419355358069,46875,46875,46874,90,6c000d5e23c75a08e2abf53628a80bcf20ecf468f183a04af71cf31dec82149a,877329
baseline_N004_initial,baseline,initial,N004,0,-11.313708499,240,400,60,0.001,0.0001,0.08,0.1,2e-07,10000,0,1,12,0,0,0,0,False,800,15,0,8,7,1.6e-05,4.3162256222,8.00018146049,0.345305882021,0.719387254209,8.01400009462,11.8112545013,0.056363435258,0.0420340042352,-11.3138870396,0.0420340042352,-0.00017854057899,0.3,7.13340706443,7.13340706443,1920.03029934,0,1920,0,0,0,0.00224194974433,-0.172922834754,60,0.5,0.75,True,True,True,True,True,True,True,8.00018146049,0.00443216336202,0.275972869641,0.0195256884474,0.150991518105,0.00503868624631,0.101445372883,0.00512952105908,0.0679964355323,0.000864274334919,0.0501614595091,0.00239187492778,0.0338836486526,0.00101484487922,0.0252552691287,0.00134412370471,0.0164518992202,0.00075724857216,0.0118284872922,0.000733461550987,0.00608143409815,0.000341363587025,0.00397035941412,0.000220646987433,0.000845859409282,2.35669726217e-05,0.00118889054576,0.000216545285767,0.00297763671558,0.00040545124986,0.0034537768403,0.000519520415245,0.0046796119377,0.000506175418629,0.00519383369874,0.000552861784102,0.00535403437692,0.000638646626191,0.00556366493715,0.0007305816641,46875,46875,46874,90,0bcaf4f1c9c1fc3d41126246c428ab6520537e61ba25cee7459a6205f69ccbf6,878133
baseline_N005_initial,baseline,initial,N005,0,-5.65685424949,240,400,60,0.001,0.0001,0.08,0.1,2e-07,10000,0,1,12,0,0,0,0,False,800,15,0,8,7,1.6e-05,7.6537027007,4.00004023671,0.306151187626,0.637814974221,4.02453503411,6.27462768555,0.053877502842,0.0162456653998,-5.65688782538,0.0162456653998,-3.35758870467e-05,0.3,2.75698084058,2.75698084058,960.005698017,0,960,0,0,0,0.00253462812084,-0.172922834754,60,0.5,0.75,False,True,True,True,True,True,False,4.00004023671,0.0066828199634,0.261495213506,0.0209444679275,0.128766810351,0.00338703102212,0.0727050866892,0.00529388562901,0.0352084266878,0.000785425512173,0.0151484909238,0.00100095103147,0.000828771220594,0.000852015619273,0.008468894223,0.00128484922779,0.0144283714735,0.00158653851112,0.0154485456727,0.00217481467092,0.0164490573246,0.00200889019231,0.014683407269,0.0022832726249,0.0135690504081,0.00189958417384,0.0110471392031,0.00182865407829,0.00880139935248,0.00137532659554,0.00649222200011,0.00113789409718,0.00441888029064,0.000765337534717,0.00241318803321,0.000494466557202,0.00127142542488,0.000275500796721,0.000306977825737,0.000395378934459,46875,46875,46874,90,9ebba6b4a2516653f87b32ba5212290abd1b832fe35d2f5e8fc5e0534a93929d,864446
baseline_N006_initial,baseline,initial,N006,0,5.65685424949,240,400,60,0.001,0.0001,0.08,0.1,2e-07,10000,0,1,12,0,0,0,0,False,800,15,0,8,7,1.6e-05,7.61368112492,3.99998234168,0.304545900549,0.634470626143,4.02464066401,6.22018003464,0.0535637794401,-0.0336024354138,5.65672947416,-0.0336024354138,-0.000124775332916,0.3,-5.70252238692,-5.70252238692,-959.978824924,0,-960,0,0,0,0.00191965357703,-0.172922834754,60,0.5,0.75,False,True,True,True,True,True,False,3.99998234168,0.00494546165304,0.260360152757,0.0220851382391,0.127421015917,0.00388351511622,0.0727647371883,0.00604304043529,0.0315013141073,0.00129172304201,0.015260789376,0.00152798336573,0.00479451310679,0.00168843087974,0.00776674901147,0.00105907517937,0.0171508506598,0.00219578433486,0.0148825140723,0.00223380549177,0.0184445700472,0.00251824009089,0.0136655530018,0.00218257718476,0.0150843083306,0.00198424464311,0.00975015291085,0.00158033042882,0.0095514572899,0.00136443337851,0.00540323665622,0.000948556435076,0.00488563071643,0.000574421767031,0.00209671308209,0.000292120986113,0.00173572513574,0.000168651943666,0.00144847126459,0.000320766104214,46875,46875,46874,90,3d292b502bbdcda48a8be88a169ba5b314938b49a028053c5e8e39b6d31c0425,864645
baseline_N007_initial,baseline,initial,N007,0,11.313708499,240,400,60,0.001,0.0001,0.08,0.1,2e-07,10000,0,1,12,0,0,0,0,False,800,15,0,8,7,1.6e-05,4.30177928041,8.00028333859,0.344154531033,0.716988606319,8.01436382402,11.742606163,0.0572340306389,-0.0600471626475,11.3139498555,-0.0600471626475,0.000241356552214,0.3,-10.1903414158,-10.1903414158,-1920.04095957,0,-1920,0,0,0,0.00254470247603,-0.172922834754,60,0.5,0.75,True,True,True,True,True,True,True,8.00028333859,0.00241359348908,0.275693215627,0.0200578808343,0.149834090865,0.00436931479569,0.102851241909,0.0060642515029,0.0645195614103,0.000845401334242,0.0508937762237,0.00295504632325,0.0303474155736,0.000787220348972,0.0266072573676,0.00144946259204,0.0131765121778,0.000707697919447,0.0120147055758,0.000660287400444,0.00314129992015,0.000254788511436,0.00447220364992,0.000211768318372,0.00282503479529,0.000259396660396,0.0010727401364,0.000443911870176,0.00536692440671,0.00041422642653,0.0030554673314,0.000736322674684,0.00707896984914,0.000713234425822,0.00473611607112,0.000908271578912,0.00724884230842,0.000745747266463,0.00490762971161,0.000847696502493,46875,46875,46874,90,d80223104ea5a63c97bed657b0d2d0084f13141598260daeacd8bf02dc2219af,878675
baseline_N008_initial,baseline,initial,N008,0,22.627416998,240,400,60,0.001,0.0001,0.08,0.1,2e-07,10000,0,1,12,0,0,0,0,False,800,15,0,8,7,1.6e-05,2.26604154457,16.000137819,0.362569770166,0.755353687846,16.0076712792,23.045747757,0.060232945423,-0.110293090607,22.6273431027,-0.110293090607,-7.38952708517e-05,0.452548339959,-18.7173581487,-18.7173581487,-3839.98745956,0,-3840,0,0,0,0.00195624795289,-0.172922834754,60,0.5,0.75,True,True,True,True,True,True,True,16.000137819,0.000916107793389,0.28014180859,0.0183629529088,0.156350748072,0.00501830696528,0.11147486974,0.00477017882254,0.074953687245,0.000761175074541,0.0626853755227,0.00225534574719,0.042963805204,0.000667829130362,0.0401586687551,0.00143685560275,0.0275638948154,0.000881487812585,0.0265259599873,0.000831002744603,0.0178874802637,0.000780458193902,0.0187028282978,0.000729182929355,0.0111972480412,0.000761805614657,0.013339876472,0.000500640913664,0.00747487877064,0.000632704030366,0.00993955246179,0.000283075833798,0.00486945771106,0.000614636788624,0.00716866904906,0.000257908900931,0.00306054997464,0.000480541147347,0.00496749136661,0.000201284196693,46875,46875,46874,90,811de87650ec04dbef80054e7829735a8e7dc7f0f612436d0bc9db43baf3abc7,878194
baseline_N009_initial,baseline,initial,N009,0,45.2548339959,240,400,60,0.001,0.0001,0.08,0.1,2e-07,10000,0,1,12,0,0,0,0,False,800,15,0,8,7,1.6e-05,1.14768563007,32.0003660011,0.367263602163,0.765132504505,32.0042688509,45.6771736145,0.0628845166851,-0.210923852298,45.2548600653,-0.210923852298,2.60694008816e-05,0.905096679919,-35.7949647058,-35.7949647058,-7680.00442412,0,-7680,0,0,0,0.00293956511608,-0.172922834754,60,0.5,0.75,True,True,True,True,True,True,True,32.0003660011,0.00308261524358,0.281294326013,0.0170883772707,0.157288481592,0.0048169303929,0.113276812281,0.00405014197333,0.0771752890837,0.000747404717939,0.065229375831,0.00193323630046,0.0451679201586,0.000268889063473,0.0422181694111,0.000685513975167,0.0307748560924,0.000943532171668,0.0290503871993,0.000547716780684,0.0214067461558,0.000600941467053,0.0221796248032,0.000615233403993,0.0150369307127,0.000777369393678,0.0162860651944,0.000287344155799,0.0111198193348,0.000561709017643,0.0129308101703,0.00045935272185,0.00802045942954,0.000595400123669,0.00995125149029,0.00039378036962,0.00717605733986,0.000531016770221,0.00794716049721,0.000188836982646,46875,46875,46874,90,9e00d963d79970874dcc727bba22337c2bccfab22a25dbe0ef29e1e221fbfbdd,888002
baseline_N010_initial,baseline,initial,N010,0,67.8822509939,240,400,60,0.001,0.0001,0.08,0.1,2e-07,10000,0,1,12,0,0,0,0,False,800,15,0,8,7,1.6e-05,0.766322159977,48.0004858389,0.36783835988,0.766329916416,48.0031391855,68.2877655029,0.0640966212261,-0.312425841918,67.8822191125,-0.312425841918,-3.18814484785e-05,1.35764501988,-53.0204235452,-53.0204235452,-11519.9945895,0,-11520,0,0,0,0.00318813197329,-0.172922834754,60,0.5,0.75,True,True,False,True,True,True,False,48.0004858389,0.00578222502247,0.281089705355,0.0169288317636,0.157189452551,0.00569712833079,0.113773385262,0.00406338726341,0.0782233787465,0.00108346085429,0.0655255297594,0.00186548918609,0.0462417786352,0.000417116923807,0.0421205729219,0.000954558342519,0.031652853028,0.000356393440189,0.0285550579394,0.000474121340344,0.0219584696445,0.000303989159719,0.0216511126294,0.000619579474384,0.0162038720023,0.000438475523814,0.0162700418523,0.000443668484915,0.0124579006918,0.000138356486359,0.0128772318126,0.000382627762064,0.00999079152184,0.00034173134491,0.00962229233587,0.000290493447419,0.00847318638429,0.0003028113979,0.00765414153743,0.000251353167127,46875,46875,46874,90,abbafe6f216f1696333ef4a81c242b8f6f1b787d6c67e9cd639fd2de33d637bc,882967
baseline_N011_initial,baseline,initial,N011,5.65685424949,-45.2548339959,240,400,60,0.001,0.0001,0.08,0.1,2e-07,10000,0,1,12,0,0,0,0,False,800,15,0,8,7,1.6e-05,1.13828985579,32.2485385085,0.367081842484,0.764753838509,32.252087068,46.2713241577,0.0567194188699,5.85139023294,-45.229389828,0.194535983445,0.0254441679166,0.912140340079,993.013851139,993.013851139,7675.68198152,960,7680,0,0,0,0.00297511001287,-0.172922834754,60,0.5,0.75,True,True,True,True,True,True,True,32.2485385085,0.00688448615055,0.281422228267,0.0184450830921,0.1561639626,0.00712711726928,0.111362498945,0.00324975906538,0.079589366551,0.00194921306365,0.0622736918143,0.000902948041191,0.0501209687919,0.00108109247489,0.0403532623996,0.000104631246973,0.0334425818694,0.00042982473013,0.0261598642256,0.000444095925261,0.0245178904464,0.000223082258618,0.019346409979,0.000315685896335,0.0178521058335,0.000502991182756,0.0147916408235,0.000229334647506,0.0133428897774,0.000328858503752,0.0120001378129,9.955303009e-05,0.0099636473521,0.000478028910098,0.00916328598434,0.000134828580293,0.00825657421865,0.000395602232732,0.0079755510677,0.000114230464061,46875,46875,46874,90,9393517424ace4fa2e0bf867aa69b86dfbc03ef1c6ebf853428db2dd989cf6ed,883861
baseline_N012_initial,baseline,initial,N012,5.65685424949,-22.627416998,240,400,60,0.001,0.0001,0.08,0.1,2e-07,10000,0,1,12,0,0,0,0,False,800,15,0,8,7,1.6e-05,2.20394594401,16.4912952118,0.363459231936,0.757206733201,16.4982968786,24.1806850433,0.0567301262083,5.75006237001,-22.6022657773,0.0932081205197,0.0251512206395,0.466476151588,975.817942579,975.817942579,3835.73169632,960,3840,0,0,0,0.00254660169939,-0.172922834754,60,0.5,0.75,True,True,True,True,True,True,True,16.4912952118,0.00484040295031,0.282173615688,0.0181140328135,0.155017154849,0.00769470364093,0.108603832497,0.00275079844357,0.079056642154,0.00323391644974,0.0586692000927,0.000343696506758,0.0477955774285,0.00170606889727,0.0367959628556,0.000998406152088,0.0302085024871,0.00108785892063,0.0258762407232,0.000778384581892,0.0193024297631,0.000708187917895,0.0178271588466,0.000687800033897,0.0136832353911,0.000447913478077,0.0117929800001,0.000525515727684,0.010022895629,0.000329288113145,0.00778086393155,0.000361187034373,0.00731130960572,0.000418827097366,0.00557547559957,0.000205861121834,0.00528359556829,0.000288708755132,0.00403562094569,5.91846989711e-05,46875,46875,46874,90,e07694fa74ccc1d006f388cba581271f5d5d88646976d8d4d4e7a441231ea560,873305
baseline_N013_initial,baseline,initial,N013,5.65685424949,-11.313708499,240,400,60,0.001,0.0001,0.08,0.1,2e-07,10000,0,1,12,0,0,0,0,False,800,15,0,8,7,1.6e-05,3.83961300417,8.94170122052,0.343326722857,0.715264005953,8.95395684409,13.6191368103,0.054762748499,5.69925893139,-11.2883342025,0.0424046819013,0.0253742964962,0.3,967.19631315,967.19631315,1915.69383909,960,1920,0,0,0,0.00182531511605,-0.172922834754,60,0.5,0.75,True,True,True,True,True,True,True,8.94170122052,0.00478850566198,0.27743209018,0.0156371881838,0.150368372135,0.0100358989387,0.0959774122391,0.00312102774885,0.0674319672826,0.00219452421283,0.0467542979885,0.00319161189423,0.0301698902128,0.00143970279354,0.0219352584272,0.00123174592624,0.014214362257,0.000832689975574,0.00603694664491,0.000619710293444,0.00400849497937,0.000524553257552,0.00104530539976,0.000340623592575,0.00367745826399,0.000471868254232,0.0037212791047,0.000667443709294,0.00482076122906,0.0011457827734,0.00714971552104,0.000744296824807,0.00653339305021,0.00118026574309,0.00690433910951,0.00136593002099,0.00777422614171,0.000934029937898,0.00659717622672,0.00126974928106,46875,46875,46874,90,5aaac91429b254ffedae9e6c37b2b20ff5475864eec895c35a3ace9fa788060c,874984
baseline_N014_initial,baseline,initial,N014,5.65685424949,-5.65685424949,240,400,60,0.001,0.0001,0.08,0.1,2e-07,10000,0,1,12,0,0,0,0,False,800,15,0,8,7,1.6e-05,5.4446958037,5.65280262565,0.30777790735,0.641203973646,5.67017204968,8.91910934448,0.0506018620353,5.6730728282,-5.63245947478,0.0162185787117,0.0243947747123,0.3,962.752384077,962.752384077,955.86006945,960,960,0,0,0,0.00334309336446,-0.172922834754,60,0.5,0.75,False,True,True,True,True,True,False,5.65280262565,0.00674593686188,0.260367403096,0.0123896684346,0.134643503258,0.00705379116855,0.0708205297949,0.00644511979109,0.0329347402751,0.00357444271797,0.0102780056113,0.00125283119916,0.0022230748577,0.00134947404422,0.0107192972356,0.00161272112353,0.0158495788382,0.00244828323048,0.0205777963352,0.00341984729542,0.0199603801093,0.00351083340762,0.0174357059536,0.00355057163206,0.0163213424618,0.00351250475379,0.0145802886625,0.00304330026198,0.0116734864422,0.00256840111824,0.00782411964018,0.00174010922806,0.00533271354905,0.00129473365974,0.00330373568026,0.000384154540177,0.000862454740445,0.000217443914998,0.00150947957832,0.000868559692921,46875,46875,46874,90,32f1837786a253ba261cfdea9812c63c02a2233ead252496b02907c48ced3dfb,873561
baseline_N015_initial,baseline,initial,N015,5.65685424949,0,240,400,60,0.001,0.0001,0.08,0.1,2e-07,10000,0,1,12,0,0,0,0,False,800,15,0,8,7,1.6e-05,7.78748558996,3.99378457152,0.311015398001,0.647948745836,4.01877646668,6.25302267075,0.0549216164574,5.64800927076,0.024933608276,-0.00884497873212,0.024933608276,0.3,958.498957334,958.498957334,-4.23137363794,960,-0,0,0,0,0.0015473117121,-0.172922834754,60,0.5,0.75,False,True,True,True,True,True,False,3.99378457152,0.0032757240563,0.259226440224,0.020559010987,0.136532537355,0.00968211715859,0.0815371482948,0.00548669726421,0.0494226555151,0.00301594150645,0.0295692375021,0.00188899926493,0.0156006636043,0.000741516406972,0.00602261548358,0.000779735794958,0.00309008220148,0.000978178510992,0.00232516343606,0.0012476490812,0.00282311345457,0.00145169164798,0.00321633006527,0.000979942782353,0.00303711182185,0.00119894842416,0.0026856184495,0.000719473592815,0.000544047865011,0.000751993096463,0.000698756470294,0.000505291960634,0.00103070728792,0.000504921153627,0.00149350867264,0.000547748838069,0.00230313563679,0.000350164852142,0.0025427818257,0.000733434781884,46875,46875,46874,90,edd60172b9240a9d4a266ed3ee842d9d9a00afb64155857b9d44a4ae03ce612f,875164
baseline_N016_initial,baseline,initial,N016,5.65685424949,5.65685424949,240,400,60,0.001,0.0001,0.08,0.1,2e-07,10000,0,1,12,0,0,0,0,False,800,15,0,8,7,1.6e-05,5.45909456287,5.65243937978,0.308572010851,0.642858355939,5.67009540935,8.94619178772,0.0520315910828,5.62345842145,5.68127250414,-0.0333958280394,0.0244182546437,0.3,954.332540047,954.332540047,-964.143915226,960,-960,0,0,0,0.00437589415043,-0.172922834754,60,0.5,0.75,False,True,True,True,True,True,False,5.65243937978,0.00661692609326,0.260913546013,0.0120275633962,0.135157211547,0.00895370843249,0.0714090272684,0.00662647858017,0.031406508826,0.00287168127659,0.00965059633872,0.000705540699595,0.0016572498433,0.000194117018767,0.0101496260863,0.00168085924663,0.0172518569185,0.00288582321199,0.0206527949628,0.00312575093891,0.0182997608647,0.00322890048143,0.0178551028088,0.00323621942733,0.0185744271754,0.00343997313712,0.0153386824522,0.00281706675321,0.00982855992223,0.00244638366218,0.00822070996879,0.00185125917101,0.00718392359664,0.00141171150765,0.00386534003289,0.000420729093575,0.000979324981282,0.000210525412673,0.0020382705152,0.000564083875594,46875,46875,46874,90,543afab006656c51875b3126aa89ec64729c814b3e342bff2e5910094795af47,866529
baseline_N017_initial,baseline,initial,N017,5.65685424949,11.313708499,240,400,60,0.001,0.0001,0.08,0.1,2e-07,10000,0,1,12,0,0,0,0,False,800,15,0,8,7,1.6e-05,3.85601816011,8.94162922219,0.344790846618,0.718314263787,8.95422918525,13.5839700699,0.0571363739626,5.5973537884,11.3390959455,-0.0595004610891,0.0253874465416,0.3,949.902436915,949.902436915,-1924.30839255,960,-1920,0,0,0,0.00273068892821,-0.172922834754,60,0.5,0.75,True,True,True,True,True,True,True,8.94162922219,0.00281818465469,0.278716099727,0.0167932366109,0.15123578148,0.00900100470069,0.0943080919276,0.00098541480999,0.0691406815889,0.00304269848201,0.047530660645,0.00270786390955,0.0287870377779,0.000878417564628,0.0244887499948,0.00155596255191,0.0145018427257,0.000404606489004,0.00603455800601,0.000914757502739,0.00564278211967,0.000470861205113,0.00209019370494,0.00011196135283,0.00376482612348,0.000376363576694,0.00188442265707,0.000918364253957,0.00615256813265,0.000828037249804,0.00640207631734,0.000697077080138,0.00519197260727,0.00121742863639,0.00844753110865,0.000844938031775,0.00674037654961,0.00113017137297,0.00632037238258,0.00141842416576,46875,46875,46874,90,cfc52e8dd41b33c1c79b531deee7afe53c36def2ca72b785a9db4e008be6d824,869544
baseline_N018_initial,baseline,initial,N018,5.65685424949,22.627416998,240,400,60,0.001,0.0001,0.08,0.1,2e-07,10000,0,1,12,0,0,0,0,False,800,15,0,8,7,1.6e-05,2.20713760689,16.4912932747,0.363985535729,0.758303199435,16.4986142189,24.1549472809,0.0600671542016,5.54607113327,22.6531808523,-0.110783116227,0.0257638543432,0.466476151588,941.199481746,941.199481746,-3844.37227107,960,-3840,0,0,0,0.00224510314704,-0.172922834754,60,0.5,0.75,True,True,True,True,True,True,True,16.4912932747,0.000285450931704,0.283081065759,0.0180111013817,0.155064566499,0.00674697452133,0.108941336027,0.00344591589253,0.0797660403066,0.00332223715888,0.0574769448414,0.000321227437215,0.0496741464091,0.00209004596027,0.0345647733718,0.000539982024187,0.030055769875,0.001316046024,0.0247429365387,0.000734663317153,0.0182661071714,0.000795712958992,0.0181428783026,0.000687320721955,0.0111863182658,0.000685047087073,0.012576091089,0.000501693085306,0.00850891909409,0.000560978647896,0.00829181755827,0.000458195612879,0.00688977228979,0.000426548859481,0.00418351347938,0.000388512152746,0.005534663566,0.000302964573483,0.00276338236916,0.000303104029806,46875,46875,46874,90,74bd87ffe291f180c65e99776b15b8043767c4c1417e779171cdc0c3b48d92a4,871683
baseline_N019_initial,baseline,initial,N019,5.65685424949,45.2548339959,240,400,60,0.001,0.0001,0.08,0.1,2e-07,10000,0,1,12,0,0,0,0,False,800,15,0,8,7,1.6e-05,1.14118933871,32.2485169662,0.36801663751,0.766701328146,32.2523882422,46.1970672607,0.0621554824054,5.44531112434,45.2800428423,-0.211543125149,0.0252088463701,0.912140340079,924.099941206,924.099941206,-7684.27808309,960,-7680,0,0,0,0.00201095986262,-0.172922834754,60,0.5,0.75,True,True,True,True,True,True,True,32.2485169662,0.00332603958023,0.282705872352,0.0171693503703,0.156610846648,0.0058627388544,0.11268557986,0.00407268917159,0.0796946845239,0.00178486650944,0.0615236696389,0.0015461443467,0.0494598267617,0.00103921180377,0.0378208886531,0.00046328561463,0.0350620995124,0.000920817144391,0.0250339332178,0.000640998433304,0.024662585701,0.000457381150218,0.0172344566722,0.000608335522682,0.0187716591207,0.000521186392944,0.0135717197742,0.000468440398519,0.0136508140853,0.000513375983521,0.0111780524688,0.000310848203745,0.0097845560221,0.000318206126968,0.00957283371448,0.000263783224902,0.00668062090942,0.000554719776324,0.00821461331923,0.00016437394274,46875,46875,46874,90,6faa41f21e5594c4f552a4b1061603dd855b618e5f0a27979614486da8f5eeca,882670
baseline_N020_initial,baseline,initial,N020,11.313708499,-45.2548339959,240,400,60,0.001,0.0001,0.08,0.1,2e-07,10000,0,1,12,0,0,0,0,False,800,15,0,8,7,1.6e-05,1.11324358702,32.9843993623,0.367196710618,0.76499314712,32.9878614043,47.5124282837,0.0559142431207,11.5086502139,-45.2050016352,0.194941714882,0.0498323607701,0.932952303175,1953.08270605,1953.08270605,7671.54316795,1920,7680,0,0,0,0.004928686386,-0.172922834754,60,0.5,0.75,True,True,True,True,True,True,True,32.9843993623,0.00682575371396,0.282255827174,0.0187580060814,0.155606136783,0.00742157481772,0.11033387619,0.00338404291007,0.080377799862,0.00264424388319,0.0616640862169,0.000906799149427,0.05001387961,0.00110644948277,0.0394406099616,0.00079740615106,0.0333387848609,0.000177520425934,0.028613345306,0.000683693444888,0.0221470776795,0.000225061126423,0.0209203069764,0.000639872532979,0.0166034739431,0.000226576712902,0.0151630069044,0.00044441628807,0.0130508378549,0.000379429654766,0.0109892953337,0.000465336829764,0.010900348641,0.000316374603848,0.00917975992519,0.000202364083301,0.00827322032615,0.00027182730171,0.00742449565792,0.000329870624082,46875,46875,46874,90,062fc0b1c2e9416b6d980bf47ad9d51e7acca449a9ae541ef10dedf96f3a660c,883114
baseline_N021_initial,baseline,initial,N021,11.313708499,-22.627416998,240,400,60,0.001,0.0001,0.08,0.1,2e-07,10000,0,1,12,0,0,0,0,False,800,15,0,8,7,1.6e-05,2.03359183493,17.8862538275,0.363733397411,0.757777911273,17.8927012786,26.2598266602,0.055821310214,11.4066281498,-22.5770898527,0.0929196507729,0.0503271452544,0.505964425627,1935.76898764,1935.76898764,3831.45920024,1920,3840,0,0,0,0.00234582830928,-0.172922834754,60,0.5,0.75,True,True,True,True,True,True,True,17.8862538275,0.00425608400251,0.282647678994,0.016673871673,0.157617380457,0.00934830255709,0.106121283504,0.00260612699926,0.079505967682,0.00250158487246,0.0601885002239,0.00235296096809,0.044665739288,0.000451930916601,0.0375750347067,0.00113976423502,0.0296252229955,0.00115553168991,0.0223279649484,0.00104258461289,0.0203098322405,0.00122823601169,0.0167027275335,0.00086476873688,0.0118200398629,0.000516200491789,0.0110991202429,0.000661263648927,0.00861917020606,0.0004928331941,0.00657670711647,0.000584854884232,0.00644045048725,0.000568484153,0.00511085389649,0.000470322521236,0.00395100629518,0.000439861184548,0.00384812243188,0.00031126596732,46875,46875,46874,90,eec80f42667dd891dc9c6795ad212b51321f0c38801f7479dfd0843d71b050ee,872595
baseline_N022_initial,baseline,initial,N022,11.313708499,-11.313708499,240,400,60,0.001,0.0001,0.08,0.1,2e-07,10000,0,1,12,0,0,0,0,False,800,15,0,8,7,1.6e-05,3.05423087481,11.3094283344,0.345416051954,0.719616774904,11.3191507017,16.8988952637,0.0541858394769,11.3552870551,-11.263382902,0.0415785561457,0.0503255969763,0.32,1927.05611496,1927.05611496,1911.45946299,1920,1920,0,0,0,0.00408807267756,-0.172922834754,60,0.5,0.75,True,True,True,True,True,True,True,11.3094283344,0.0038537702498,0.274797896878,0.0143221172768,0.157409717711,0.00721995708541,0.099738222938,0.00652912201466,0.066632851708,0.00401613423884,0.0461661034945,0.00112877728519,0.0336622666237,0.00178851730454,0.0225154298133,0.00186747362113,0.0149251478645,0.00120146617475,0.00815059890646,0.000574292741285,0.00626734864393,0.000478672175053,0.00414801204444,0.000303506967378,0.000445961282808,0.000194503120705,0.00267007331932,0.000351158308547,0.00366279900737,0.000539535740392,0.00387700437878,0.000732912592151,0.00552881531132,0.000951492396723,0.00613415560622,0.000974765945347,0.00586415603188,0.00106928521588,0.00560021896758,0.00109061364635,46875,46875,46874,90,abb564f083bbafdaf8c6258eb8bce8bf29476ac17fe7e3e0b9ac6956fd763aca,876169
baseline_N023_initial,baseline,initial,N023,11.313708499,-5.65685424949,240,400,60,0.001,0.0001,0.08,0.1,2e-07,10000,0,1,12,0,0,0,0,False,800,15,0,8,7,1.6e-05,3.72030318578,8.93894039837,0.332555684415,0.692824342532,8.95079875121,13.4667053223,0.0539757232917,11.3304950462,-5.60617453339,0.016786547236,0.0506797161043,0.3,1922.84877153,1922.84877153,951.399366978,1920,960,0,0,0,0.00182860413512,-0.172922834754,60,0.5,0.75,True,True,True,True,True,True,True,8.93894039837,0.0027770519843,0.267288385104,0.0177641088278,0.149982889985,0.00449632059298,0.0949549570138,0.00188867615138,0.0628843565023,0.00288279767664,0.042028736096,0.0032766089557,0.0262603984399,0.00215767642488,0.0148523981509,0.00161786905371,0.00684007927083,0.00035989711735,0.000807491675864,0.000549650688034,0.00229906605297,0.000631451278883,0.00427759799816,0.000728876637206,0.00626843943707,0.000866789716844,0.00786520785401,0.0010371636821,0.00877439172705,0.00139853490162,0.00981582462398,0.00147568175148,0.00908929026079,0.00160951532688,0.00862889186278,0.00150640078378,0.00794931824802,0.00141461821736,0.00725352176948,0.00136891419975,46875,46875,46874,90,40713d00bfc8aa8b865c73b8dde17c62d5f90061f6e207953a89fcaec22bf52e,878333
baseline_N024_initial,baseline,initial,N024,11.313708499,0,240,400,60,0.001,0.0001,0.08,0.1,2e-07,10000,0,1,12,0,0,0,0,False,800,15,0,8,7,1.6e-05,4.39028287599,7.99375077278,0.350948271327,0.73114223193,8.00790906997,11.9096460342,0.0587875477017,11.3047550366,0.0511507311068,-0.00895346238723,0.0511507311068,0.3,1918.48054705,1918.48054705,-8.68056691879,1920,-0,0,0,0,0.00194859163133,-0.172922834754,60,0.5,0.75,True,True,True,True,True,True,True,7.99375077278,0.000569891610493,0.270471986566,0.0186086394615,0.154497368329,0.00818441698597,0.10486876917,0.0047622478351,0.0762456808758,0.00311907419732,0.0585483465392,0.00198506481599,0.0448407309306,0.00156092077273,0.034302768233,0.00105890957622,0.0287812041257,0.000743539198295,0.022549258072,0.0007307740159,0.0181231189387,0.000588244643469,0.0148918627963,0.000548234620968,0.0117194937924,0.000305233597432,0.0088001101505,0.000301549031556,0.00805122005303,0.000397143322336,0.00631215162971,0.000389267237719,0.00467363092018,0.00043864796956,0.00361215616206,0.000474707530351,0.00307492289895,0.000481487268776,0.00257860958571,0.000387994574967,46875,46875,46874,90,a05c375288869bb725862f52e7478626684adffb1178262cd142970bc1f41773,887055
baseline_N025_initial,baseline,initial,N025,11.313708499,5.65685424949,240,400,60,0.001,0.0001,0.08,0.1,2e-07,10000,0,1,12,0,0,0,0,False,800,15,0,8,7,1.6e-05,3.70436720871,8.93882771545,0.331127002734,0.689847922363,8.95081419884,13.4983167648,0.0546883428912,11.2794871201,5.70775368774,-0.0342213788594,0.0508994382482,0.3,1914.19243943,1914.19243943,-968.637921107,1920,-960,0,0,0,0.00332558768336,-0.172922834754,60,0.5,0.75,True,True,True,True,True,True,True,8.93882771545,0.00401547822567,0.266296102382,0.0154558213334,0.14863861845,0.00290518022866,0.0946358911603,0.00307131248383,0.0641152131144,0.00383487526295,0.0425811650397,0.00326161141312,0.0253581303751,0.0018044893706,0.0119518608603,0.000751421543007,0.00456208818717,0.000384598846323,0.00119851562411,0.000318026056111,0.00309591723784,0.000367661875028,0.00397784191091,0.000641860889268,0.0061356113289,0.00137767653585,0.00876655272766,0.00166205832799,0.0100711998747,0.00180666311131,0.0111908062504,0.00177023225379,0.00998746157865,0.00160877920579,0.0079340081202,0.00163047510334,0.00684358250154,0.00181672642841,0.00692729987001,0.00187202584075,46875,46875,46874,90,019532f292fdaa2153f1e5ef67bd601bb1fb943a7e06b1c499afc7e05d66973b,872862
baseline_N026_initial,baseline,initial,N026,11.313708499,11.313708499,240,400,60,0.001,0.0001,0.08,0.1,2e-07,10000,0,1,12,0,0,0,0,False,800,15,0,8,7,1.6e-05,3.0586756769,11.3092673535,0.345913809777,0.720653770368,11.3192355502,16.9193019867,0.0559350884974,11.2545515559,11.3637197001,-0.0591569430956,0.0500112010797,0.32,1909.96073385,1909.96073385,-1928.48718226,1920,-1920,0,0,0,0.00340592009881,-0.172922834754,60,0.5,0.75,True,True,True,True,True,True,True,11.3092673535,0.00373334505381,0.274839065383,0.0135466109777,0.157800852205,0.00757301690132,0.10080777723,0.00626109850415,0.0652414551293,0.00292850214176,0.0449455943863,0.000955732676336,0.0360115879647,0.00228659830512,0.0249092837936,0.00214633657271,0.0147685929539,0.00116266615591,0.00803583861539,0.000681800999888,0.00717609180905,0.00051651918517,0.00444822366074,0.000266154010372,0.00221411869531,0.000147701642036,0.00389731696938,0.00031213966479,0.00308416660041,0.000514268528878,0.00327091803005,0.000746599019894,0.00644141056101,0.000917491007564,0.00730197124377,0.000913476469109,0.00523737080207,0.00101795928603,0.00507096812146,0.00114642295108,46875,46875,46874,90,1914b68ed11fbb8ab4c523abb347c1d7501bcc7e56736773575add881b8ec443,869272
baseline_N027_initial,baseline,initial,N027,11.313708499,22.627416998,240,400,60,0.001,0.0001,0.08,0.1,2e-07,10000,0,1,12,0,0,0,0,False,800,15,0,8,7,1.6e-05,2.03485192975,17.8858841856,0.363951259503,0.758231790632,17.8926232841,26.225561142,0.0593418524705,11.2029107999,22.6782824705,-0.11079769909,0.0508654724909,0.505964425627,1901.19700695,1901.19700695,-3848.63215693,1920,-3840,0,0,0,0.00211875240796,-0.172922834754,60,0.5,0.75,True,True,True,True,True,True,True,17.8858841856,0.000857762933175,0.283073189766,0.0170589034459,0.15887961965,0.00844995356471,0.103622966415,0.00226581462592,0.0801395913617,0.00220893308045,0.0611407250977,0.00243083849745,0.0424375397955,0.000338768310264,0.0384959416178,0.0016661016045,0.0303574522383,0.00119257938403,0.0213877992432,0.0011133437407,0.0206112539969,0.000822227990519,0.0161163900812,0.000526181918679,0.0108280091013,0.000527631311675,0.0118172266517,0.0005220080629,0.00812139291531,0.000342172273101,0.00574956016102,0.000644193957127,0.00736307043032,0.000418971941473,0.00411897505559,0.000197708014683,0.00348142691736,0.000384946845252,0.00404797920876,0.000158352002927,46875,46875,46874,90,0511bca636a4f39fa7cd42c86b77ac9bd826f37d376a0b40ef3c50c807bfde37,869466
baseline_N028_initial,baseline,initial,N028,11.313708499,45.2548339959,240,400,60,0.001,0.0001,0.08,0.1,2e-07,10000,0,1,12,0,0,0,0,False,800,15,0,8,7,1.6e-05,1.11968928182,32.9837211549,0.369315190516,0.769406646909,32.9875126958,47.4741096497,0.062230178808,11.1021579229,45.3055604965,-0.211550576088,0.0507265005854,0.932952303175,1884.09867674,1884.09867674,-7688.60857261,1920,-7680,0,0,0,0.0040696559447,-0.172922834754,60,0.5,0.75,True,True,True,True,True,True,True,32.9837211549,0.00250902888806,0.284419834637,0.0169553371773,0.157095481989,0.0065303350883,0.109559693474,0.00323956172954,0.0834092985529,0.00282681683783,0.0586370957619,0.000345909484707,0.0529232684284,0.00151517951186,0.0380577474524,0.000488003669104,0.0320210625319,0.000712402152507,0.0288801236036,0.000691421242039,0.0210731634547,0.000585163253547,0.0218743017549,0.000447585211752,0.0151533311886,0.000522000438101,0.0149936073568,0.000513595272055,0.0132496678501,0.000282423654564,0.00969146011637,0.000514208149861,0.0117067684372,0.000356445069718,0.00696235020834,0.000361380705651,0.00837296414527,0.000351668231325,0.0070816894191,0.00022403529137,46875,46875,46874,90,9f98f4e8d113bc64a454127596b3d06166e0797770b350f9c969e0e3a3d5060a,881311
baseline_N029_initial,baseline,initial,N029,22.627416998,-45.2548339959,240,400,60,0.001,0.0001,0.08,0.1,2e-07,10000,0,1,12,0,0,0,0,False,800,15,0,8,7,1.6e-05,1.02734601508,35.7756547387,0.367539763326,0.765707840263,35.7788369892,51.5608711243,0.0554934182526,22.8234938692,-45.1539928641,0.1960768712,0.100841131833,1.01192885125,3873.27534846,3873.27534846,7662.88669245,3840,7680,0,0,0,0.00334512151527,-0.172922834754,60,0.5,0.75,True,True,True,True,True,True,True,35.7756547387,0.00752422178729,0.281769875789,0.0179786589857,0.157931283921,0.00770578871035,0.108696376533,0.00321605128265,0.0822819715128,0.00170908497847,0.063092282061,0.00149638134526,0.0483030694332,0.00021963151871,0.0406057297236,0.00075563563395,0.0320497662227,0.000556818299048,0.0256255175641,0.000599011155648,0.0237352330341,0.000564737362724,0.0203153710849,0.000399102283132,0.0159799959175,0.000667343662894,0.0156947163818,0.000405410769914,0.0128881068197,0.000354242396433,0.0110078964373,0.000516480996396,0.0103292672947,0.000185918732384,0.00845458974133,0.000429468922663,0.0076344897437,0.000478265065329,0.00759871181441,0.000124536612275,46875,46875,46874,90,45d070c1ea1cf747630e7baafb9dae832c539d80f253822436e0722a0541fe18,881968
baseline_N030_initial,baseline,initial,N030,22.627416998,-22.627416998,240,400,60,0.001,0.0001,0.08,0.1,2e-07,10000,0,1,12,0,0,0,0,False,800,15,0,8,7,1.6e-05,1.60556129456,22.6236811197,0.363237067462,0.756743890546,22.6287412298,32.8841171265,0.05561137793,22.7203577934,-22.5265895455,0.0929407954443,0.100827452483,0.64,3855.77257601,3855.77257601,3822.88901391,3840,3840,0,0,0,0.00529840735363,-0.172922834754,60,0.5,0.75,True,True,True,True,True,True,True,22.6236811197,0.00441173682351,0.278757257885,0.0164848658849,0.163640920204,0.00743246784603,0.107941470519,0.00520091249148,0.0770038032784,0.00298576886892,0.0582465131306,0.000343380552647,0.0470579377842,0.0017859753027,0.0366219098209,0.00169802374329,0.0287521929361,0.0013847638675,0.0221923764067,0.000787454977702,0.0199661524709,0.00112519494859,0.017124443873,0.000762521811969,0.0126733900788,0.000789928682531,0.0105397076727,0.000682991711689,0.00927469463135,0.000729277669094,0.00833872807289,0.000468183265222,0.00582043460343,0.000472439421297,0.00503595867518,0.00034892266608,0.00449450210485,0.000443062776353,0.00384347506625,0.000249046000134,46875,46875,46874,90,11e4fc45262b85fa9704371fcb8df4f8216e2e0aeb49eb6c61cc643b6d32fa9d,876384
baseline_N031_initial,baseline,initial,N031,22.627416998,-11.313708499,240,400,60,0.001,0.0001,0.08,0.1,2e-07,10000,0,1,12,0,0,0,0,False,800,15,0,8,7,1.6e-05,1.98655681676,17.8836579604,0.355269026297,0.740143804786,17.8899615005,26.0994682312,0.0561311207737,22.6696288301,-11.2133123025,0.0422118320941,0.100396196443,0.505964425627,3847.16358545,3847.16358545,1902.96220049,3840,1920,0,0,0,0.00356775724111,-0.172922834754,60,0.5,0.75,True,True,True,True,True,True,True,17.8836579604,0.0012080827747,0.273021254852,0.0180294001411,0.15924646267,0.00523901813908,0.107004111925,0.0021129984139,0.0780401977187,0.00299873999874,0.0590095028302,0.00240189122266,0.0444155644305,0.00205246082227,0.0335328930297,0.00175084859063,0.0258781794109,0.00115748888757,0.0197349759578,0.00134376529882,0.0168176120801,0.00122200113299,0.0141731175851,0.000922622976569,0.0111499166869,0.000565852015156,0.00799607223422,0.000220220010354,0.00594335989473,0.000388905435479,0.0040221068037,0.000385948521254,0.00361696965937,0.000465441227996,0.00273474667959,0.000513338659958,0.00222224294313,0.000359164072941,0.00109954199232,6.2179202919e-05,46875,46875,46874,90,bd76178f8ef97e6f039851289b715f6cdf8952210f1ad13dcda7dac15f6e26b1,870232
baseline_N032_initial,baseline,initial,N032,22.627416998,-5.65685424949,240,400,60,0.001,0.0001,0.08,0.1,2e-07,10000,0,1,12,0,0,0,0,False,800,15,0,8,7,1.6e-05,2.15408592226,16.4863288158,0.355129688118,0.739853516913,16.493201773,23.9649600983,0.0572472360357,22.6437877987,-5.55490321887,0.0163708007118,0.10195103062,0.466476151588,3842.77821701,3842.77821701,942.698336376,3840,960,0,0,0,0.00307424394996,-0.172922834754,60,0.5,0.75,True,True,True,True,True,True,True,16.4863288158,0.000684653566093,0.271845804605,0.0191456192254,0.156565566624,0.00795397995595,0.106817082215,0.00367433029386,0.0786331337822,0.00167172477113,0.0585331245699,0.000578554466159,0.0467380296021,0.000312505975053,0.0372512976108,0.000522962945263,0.0300751257567,0.000696862890988,0.0248614553813,0.000825691331375,0.0203038957022,0.000682489025818,0.0165789763788,0.000590197073312,0.0129989413338,0.000517628805315,0.0102144077793,0.000435379160656,0.00811658571236,0.000282059528302,0.00640286698828,0.000415037855051,0.005687963113,0.000345852798158,0.00423933093688,0.000395817320721,0.00364364419795,0.000392449944311,0.00296877045023,0.000406093243525,46875,46875,46874,90,722130ebf22db5c7fe332353912b4cc2885d0c7c21625f4a1a329bde3e05e7f9,871653
baseline_N033_initial,baseline,initial,N033,22.627416998,0,240,400,60,0.001,0.0001,0.08,0.1,2e-07,10000,0,1,12,0,0,0,0,False,800,15,0,8,7,1.6e-05,2.24749162913,15.9937753926,0.359458763131,0.748872423189,16.0010178491,23.2189426422,0.0592397691514,22.6183884244,0.101033167859,-0.00902857361298,0.101033167859,0.452548339959,3838.46780025,3838.46780025,-17.1458971484,3840,-0,0,0,0,0.00269197240182,-0.172922834754,60,0.5,0.75,True,True,True,True,True,True,True,15.9937753926,0.000907150067954,0.272739742089,0.0181180764937,0.156641013111,0.0080130992473,0.108252848664,0.00418223530633,0.0797784986983,0.00282847383755,0.0623524051388,0.00190189037198,0.0491481028843,0.00136263191947,0.0390117294914,0.000932193598905,0.0331575135504,0.000865741973683,0.0280154461179,0.000591798270662,0.0234059057783,0.000426744117991,0.0202163991647,0.00035126365786,0.0171489326294,0.000447737118077,0.0146403491491,0.000206480914221,0.0131461050359,0.000349572149453,0.0114154096638,9.41951700588e-05,0.0100972969529,0.000172359781878,0.00887931252624,0.000158351640009,0.0081112238245,0.000198087879668,0.00725738617877,0.000141738702039,46875,46875,46874,90,d80ea68f00de3625ce91190ab39b2b7fe31cf8af31cdbc0e6794c5bf782f7fd0,883858
baseline_N034_initial,baseline,initial,N034,22.627416998,5.65685424949,240,400,60,0.001,0.0001,0.08,0.1,2e-07,10000,0,1,12,0,0,0,0,False,800,15,0,8,7,1.6e-05,2.13733667396,16.4861746213,0.352365056314,0.734093867321,16.4930910671,23.9832057953,0.0580396647126,22.5927301931,5.75816374472,-0.0346868048715,0.101309495224,0.466476151588,3834.11345401,3834.11345401,-977.192791457,3840,-960,0,0,0,0.00301937229758,-0.172922834754,60,0.5,0.75,True,True,True,True,True,True,True,16.4861746213,0.00105539912528,0.270971850541,0.0178955702232,0.155263431391,0.0071487175542,0.104201418694,0.00259338656669,0.0760032969487,0.00067017850172,0.0571833940302,0.000765668038303,0.0462342907706,0.00117936368418,0.0379507842613,0.00136656404916,0.0305361397623,0.00154091992302,0.0249062670132,0.00121141884043,0.0211049082449,0.00108663072891,0.0172828557182,0.00108470453315,0.0140729338109,0.000520466655849,0.010629484107,0.000527707729048,0.0085817764775,0.000488408555059,0.00587680867564,0.000503335485152,0.00409321672513,0.000471139794359,0.00298719055207,0.000597039311342,0.00274179237548,0.000563593773181,0.00226977335307,0.000570103963628,46875,46875,46874,90,032fa2ce9d2ee1685587ee04e593fd571a28a47f3ac106c87ceb76b7896491b9,869791
baseline_N035_initial,baseline,initial,N035,22.627416998,11.313708499,240,400,60,0.001,0.0001,0.08,0.1,2e-07,10000,0,1,12,0,0,0,0,False,800,15,0,8,7,1.6e-05,1.98471510706,17.8832963832,0.354932484957,0.739442676994,17.8897549521,26.1191558838,0.057555778258,22.5678398615,11.4156551736,-0.0595771364767,0.101946674629,0.505964425627,3829.88942467,3829.88942467,-1937.30092439,3840,-1920,0,0,0,0.00308390750656,-0.172922834754,60,0.5,0.75,True,True,True,True,True,True,True,17.8832963832,0.00208981082949,0.272585967883,0.0164279270248,0.157896198195,0.00482231048335,0.107493813631,0.00248383019507,0.0795422091898,0.00297502073325,0.0603398606357,0.0030722834222,0.0449568774384,0.00265443693325,0.0326384712053,0.00183585381962,0.0248888684878,0.00129462046086,0.0194335057392,0.00114539683601,0.0162679907869,0.000954807514054,0.0144178061195,0.000977422298915,0.012535572286,0.000744014931768,0.00973035754827,0.000573706384744,0.006177078356,0.000318607549148,0.00320223007607,0.000256148185836,0.00180599875944,0.000207380843602,0.00253422318761,0.000350124886431,0.00319346770985,0.000302820573592,0.00229516702474,0.00014925070792,46875,46875,46874,90,bf06d6cbb94a36fbc4f5ea28c42a871b7c244057c9a6fb63d49bf27a8ab1f9bc,866484
baseline_N036_initial,baseline,initial,N036,22.627416998,22.627416998,240,400,60,0.001,0.0001,0.08,0.1,2e-07,10000,0,1,12,0,0,0,0,False,800,15,0,8,7,1.6e-05,1.60629881723,22.6232680579,0.363397287232,0.757077681733,22.6285585041,32.8980331421,0.0587641908128,22.5173546497,22.7286879255,-0.110062348222,0.101270927524,0.64,3821.32180013,3821.32180013,-3857.1862463,3840,-3840,0,0,0,0.00458534770894,-0.172922834754,60,0.5,0.75,True,True,True,True,True,True,True,22.6232680579,0.00214132348386,0.278644279534,0.015329477043,0.163618565872,0.00703366576706,0.109757054082,0.0056686717386,0.0758113258635,0.00291946973918,0.056659046603,0.000358757628512,0.0479836921812,0.00167263252819,0.0391143534786,0.00189136610175,0.0294816620951,0.00147156940798,0.0213613818086,0.000826409316354,0.0187124901184,0.000949763361248,0.0175425280786,0.0010115912358,0.012950663349,0.000811197366936,0.00868741769281,0.000697160724479,0.00839309364274,0.000647929516614,0.00902932036435,0.000573625408254,0.00667966559007,0.000511338656924,0.00348161909938,0.000405895435571,0.00360106622741,0.000362962021942,0.00394186489444,0.000340441723353,46875,46875,46874,90,138e9bb8acb264b5dc7dd4be5cde716aec0d6101196ad063d890a5b29a7b794d,871310
baseline_N037_initial,baseline,initial,N037,22.627416998,45.2548339959,240,400,60,0.001,0.0001,0.08,0.1,2e-07,10000,0,1,12,0,0,0,0,False,800,15,0,8,7,1.6e-05,1.03245305867,35.7747885144,0.369357898248,0.769495621351,35.7782720694,51.5389175415,0.0620012340321,22.4163158415,45.3561436918,-0.21110115648,0.10130969586,1.01192885125,3804.17494578,3804.17494578,-7697.19282551,3840,-7680,0,0,0,0.00359333914034,-0.172922834754,60,0.5,0.75,True,True,True,True,True,True,True,35.7747885144,0.00291470677322,0.284111923586,0.0163731353791,0.161514851953,0.0074410778633,0.105258531174,0.00265737053431,0.0811172006198,0.00240528170757,0.0644373499263,0.00201153081841,0.0450861931984,0.000550332509374,0.0401815937335,0.00133945027019,0.0348857755997,0.00102158710714,0.0252803819966,0.000744580441053,0.0226581186346,0.000690593703746,0.0210656532842,0.000693405891803,0.014292301784,0.000725531076743,0.0144742010313,0.000758722376687,0.0138880761258,0.000446963978321,0.00896065806896,0.000472453295737,0.0105893415589,0.000480195920796,0.00976340829277,0.000119769321714,0.00663115848099,0.00033747128627,0.00725973361651,0.000219145370636,46875,46875,46874,90,5eca3043a767efc6fdaf191e4b0806581de55c402e7afec28f8e942b81ce9338,877949
baseline_N038_initial,baseline,initial,N038,45.2548339959,-45.2548339959,240,400,60,0.001,0.0001,0.08,0.1,2e-07,10000,0,1,12,0,0,0,0,False,800,15,0,8,7,1.6e-05,0.813963717373,45.2516731643,0.368332201062,0.767358752212,45.2541693654,64.8517074585,0.0543847478857,45.4505035527,-45.0519652751,0.195669556726,0.202868720861,1.28,7713.2062249,7713.2062249,7645.57203643,7680,7680,0,0,0,0.00405999769138,-0.172922834754,60,0.5,0.75,True,True,True,True,True,True,True,45.2516731643,0.00823405154514,0.278990037458,0.0179851782192,0.165544688696,0.00738085894984,0.109420118492,0.0044875716277,0.0791785083682,0.00221173579942,0.0619481377065,0.00079344043584,0.0501223478016,0.000990122555096,0.0395691345838,0.00104048521567,0.0323347889118,0.000459903914834,0.0263728343073,0.000366511324183,0.0241619016774,0.000771043446532,0.020344344315,0.0005481257533,0.0160890015345,0.000224153184763,0.0144618449667,0.000314333030677,0.0132869640203,0.000495930711887,0.0115170919806,0.000318292534372,0.00913524770444,0.00016717994727,0.00877575713519,0.000395450307842,0.00820014645629,0.000359074023138,0.00716622711451,0.000257394021939,46875,46875,46874,90,50662a468b577e7b4001f48cddf83f6ca2f15a16c4951b378564ca7119599fd6,879822
baseline_N039_initial,baseline,initial,N039,45.2548339959,-22.627416998,240,400,60,0.001,0.0001,0.08,0.1,2e-07,10000,0,1,12,0,0,0,0,False,800,15,0,8,7,1.6e-05,1.01798597511,35.772443925,0.364158462112,0.758663462733,35.7756202823,51.3700218201,0.055924310356,45.348103274,-22.4250979528,0.093269278018,0.202319045166,1.01192885125,7695.82832135,7695.82832135,3805.66531949,7680,3840,0,0,0,0.0036004943408,-0.172922834754,60,0.5,0.75,True,True,True,True,True,True,True,35.772443925,0.00484173572975,0.275211224077,0.0178682815564,0.162718064383,0.00585135233655,0.110246571444,0.00278052463215,0.0810008084662,0.00223928871304,0.0623658533221,0.00190747295857,0.0486473785928,0.00132370025783,0.0385165119153,0.000965436604045,0.0316327247208,0.000904541178144,0.0259591293554,0.000733827770277,0.0229379550286,0.000935087221776,0.0200557299046,0.000462907659907,0.0166145119357,0.000455969401676,0.0135235009564,0.000271176673544,0.0116316629991,0.000632849809371,0.0098459768744,0.000592267298935,0.00930701510894,0.000754771995784,0.00808589264637,0.000508354148254,0.00722912856943,0.000424041185459,0.00625032375885,0.000282014556371,46875,46875,46874,90,a0ade5e88daf4a4e2027c92abbc82c56be400a3f63adcec2230dd25f524bcbf2,878062
baseline_N040_initial,baseline,initial,N040,45.2548339959,-11.313708499,240,400,60,0.001,0.0001,0.08,0.1,2e-07,10000,0,1,12,0,0,0,0,False,800,15,0,8,7,1.6e-05,1.09432825837,32.979299404,0.360901792791,0.751878734981,32.9827491581,47.2731895447,0.0578655326695,45.296941593,-11.111051286,0.0421075970116,0.202657212952,0.932952303175,7687.14589617,7687.14589617,1885.60793051,7680,1920,0,0,0,0.00275358741234,-0.172922834754,60,0.5,0.75,True,True,True,True,True,True,True,32.979299404,0.00349373708899,0.2735368728,0.0181622598754,0.157937510215,0.00695445893377,0.108726104191,0.00315363620208,0.080853291738,0.000997839186689,0.061607694987,0.000760619789049,0.0493996921428,0.000688408877952,0.0400618642272,0.000512091908282,0.0330545115019,0.00070866721392,0.0286324712162,0.000563592120726,0.0237838627946,0.000471519247917,0.0197571008587,0.000137282620873,0.0164797261016,0.000281716858282,0.0141473190236,0.000274863655909,0.0120112396019,0.000513565979233,0.0103620873206,0.000409144228164,0.00965899108064,0.000503387737356,0.00865872125958,0.000472091300104,0.00802723093049,0.000608552778717,0.00735744061961,0.000429115678738,46875,46875,46874,90,75b5e614d8cecf8a8910c5d28cbf4dbb006923ff777cd8efb33edc8af654e26a,877672
baseline_N041_initial,baseline,initial,N041,45.2548339959,-5.65685424949,240,400,60,0.001,0.0001,0.08,0.1,2e-07,10000,0,1,12,0,0,0,0,False,800,15,0,8,7,1.6e-05,1.11445255089,32.2435163043,0.359338689949,0.748622270726,32.2470452709,46.1851348877,0.0576324339343,45.271822252,-5.45442914657,0.016988256062,0.202425102925,0.912140340079,7682.88300265,7682.88300265,925.647320889,7680,960,0,0,0,0.00300860033026,-0.172922834754,60,0.5,0.75,True,True,True,True,True,True,True,32.2435163043,0.00296415743037,0.273024937742,0.0186872349253,0.15594653585,0.00751632912026,0.108428442075,0.00389019905807,0.0797507290065,0.00223851819203,0.061113976743,0.00120188931727,0.0484621868355,0.000249408034856,0.0406654991037,0.000366156919559,0.0324415340564,8.52645041972e-05,0.0269015650004,0.00038846901194,0.0234338543472,0.000172398215952,0.0203672477107,0.000562436869063,0.0177988817396,0.000332040628915,0.0155527731181,0.000296707851642,0.0137319134564,0.000478116618106,0.0124300454149,0.000250734576551,0.0105430863152,0.000239660073854,0.00932175077537,0.000396710176113,0.00845788160869,0.000133525721398,0.0076980077984,0.000184341345654,46875,46875,46874,90,66e17b363cc4a1a71d5841f73c580b3f178547f0f056edb3c123751f91119b7e,880243
baseline_N042_initial,baseline,initial,N042,45.2548339959,0,240,400,60,0.001,0.0001,0.08,0.1,2e-07,10000,0,1,12,0,0,0,0,False,800,15,0,8,7,1.6e-05,1.12450894393,31.993768189,0.359772784785,0.749526634969,31.9973544668,45.8184585571,0.0585064890539,45.2455672337,0.202611847505,-0.00926676223306,0.202611847505,0.905096679919,7678.4273783,7678.4273783,-34.3843707167,7680,-0,0,0,0,0.00299771790709,-0.172922834754,60,0.5,0.75,True,True,True,True,True,True,True,31.993768189,0.00225815331431,0.272885597231,0.0183967642106,0.156470102999,0.0076391863977,0.108715911174,0.00417891887029,0.0800285703807,0.00246474910664,0.0621482392208,0.00167729632082,0.049446695858,0.00102283485622,0.0396648653301,0.000982858626512,0.0328190398574,0.000585977264266,0.0276317835508,0.000587865885995,0.0234659211701,0.000110394572906,0.019879121999,0.00038336270646,0.0172924284364,0.00023355904966,0.0153006633445,0.000146403345776,0.0132367292553,0.000138527841779,0.0115089659438,0.000294360858543,0.0106926877175,7.19065551496e-05,0.00926638970493,0.000215067867467,0.00824237116854,0.000190061150062,0.00747132439891,0.000192180100838,46875,46875,46874,90,3ccbfd88fadd06111a21e8f93f9b09ce63cc53c2c995b69babfd7c70e13208f5,892131
baseline_N043_initial,baseline,initial,N043,45.2548339959,5.65685424949,240,400,60,0.001,0.0001,0.08,0.1,2e-07,10000,0,1,12,0,0,0,0,False,800,15,0,8,7,1.6e-05,1.10918642501,32.2435377166,0.357640943296,0.745085298533,32.247097102,46.1931190491,0.0588504647222,45.2212232664,5.85938693504,-0.0336107295544,0.202532685549,0.912140340079,7674.29607005,7674.29607005,-994.370936487,7680,-960,0,0,0,0.0023586665587,-0.172922834754,60,0.5,0.75,True,True,True,True,True,True,True,32.2435377166,0.00156342801396,0.272919251186,0.0183849148269,0.155777670697,0.0074674657858,0.107683557095,0.00413893732458,0.0783475963581,0.00221900547077,0.0610468095323,0.00136861336492,0.0473946490279,0.00101752929424,0.0373318164888,0.000726807790059,0.0314405333581,0.000232770126276,0.0269208375343,0.000319112785051,0.022106984902,0.000208245847097,0.0190972355244,0.000256108881081,0.0160787391997,0.000224586735672,0.014072201515,0.000205051831758,0.0125998058217,0.000202866126066,0.0112107644553,0.000294713136615,0.0101296152749,0.000333745939728,0.00923135901363,0.000307014692602,0.00855512284341,0.000285270407626,0.00796723825745,0.000313025553747,46875,46875,46874,90,2e3046d06f7d4c1dccdea04f3c3128dc754865a6b460756d4eb4bb584e468ea7,878882
baseline_N044_initial,baseline,initial,N044,45.2548339959,11.313708499,240,400,60,0.001,0.0001,0.08,0.1,2e-07,10000,0,1,12,0,0,0,0,False,800,15,0,8,7,1.6e-05,1.08434505818,32.9795564127,0.357612190171,0.74502539619,32.9830561448,47.2810630798,0.0588821759646,45.1959665582,11.5163748298,-0.058867437739,0.202666330864,0.932952303175,7670.00986454,7670.00986454,-1954.39361685,7680,-1920,0,0,0,0.00226567894938,-0.172922834754,60,0.5,0.75,True,True,True,True,True,True,True,32.9795564127,0.00129442117612,0.272266035109,0.0178251461989,0.156324270354,0.00721804135026,0.106323192207,0.00350278545805,0.0776852424256,0.0018169688445,0.0599608370481,0.000789180261535,0.0477631415332,0.000388721653041,0.0399238749871,0.000538905789445,0.0330998317472,0.000446596940018,0.027660662452,0.000533339113153,0.0242839719804,0.000542131231971,0.0211814539416,0.000662139986813,0.0187669851271,0.000554686297846,0.0163886028768,0.000419172475547,0.0142429507754,0.000552943528607,0.0119185310293,0.0003046342207,0.0098511501823,0.000247073040185,0.00848888642916,0.00042096574324,0.0070514035158,0.000136841165875,0.00600372266931,0.000320928816689,46875,46875,46874,90,b4bec8e806712ed0f2a907e2b6577f9da2eda039607041d9f3961ee467f9f566,876465
baseline_N045_initial,baseline,initial,N045,45.2548339959,22.627416998,240,400,60,0.001,0.0001,0.08,0.1,2e-07,10000,0,1,12,0,0,0,0,False,800,15,0,8,7,1.6e-05,1.01058986889,35.7723730334,0.361511977738,0.753149953621,35.7756730757,51.3828849792,0.0594057152473,45.1453729215,22.830257306,-0.109461074483,0.202840308071,1.01192885125,7661.42383967,7661.42383967,-3874.42314176,7680,-3840,0,0,0,0.00321686587608,-0.172922834754,60,0.5,0.75,True,True,True,True,True,True,True,35.7723730334,0.000711025996004,0.272977875447,0.0173657393186,0.158475587172,0.00628754726767,0.10961584192,0.0022577135805,0.0822732199442,0.00209990315212,0.0647797793431,0.00204747234223,0.0512546198682,0.00204129640912,0.0400026740741,0.00136219521847,0.0315657168617,0.000664353470659,0.0252153600356,0.000790573784928,0.0204640070355,0.000452921760151,0.0185582738152,0.000589935253218,0.0177105990903,0.000679912010142,0.0163282118121,0.000814298498731,0.0138613174182,0.00062282123071,0.0113097782282,0.000701537765458,0.00823362383461,0.000628354542637,0.00681994117171,0.000380281322216,0.00605725434603,0.000416323374988,0.00622702974113,0.00037177154934,46875,46875,46874,90,646a924b90124ac2f864e9d377b0ad46e227761e07ec42f1bf4623daeb291db9,876007
baseline_N046_initial,baseline,initial,N046,45.2548339959,45.2548339959,240,400,60,0.001,0.0001,0.08,0.1,2e-07,10000,0,1,12,0,0,0,0,False,800,15,0,8,7,1.6e-05,0.814828671449,45.2509494926,0.368717710568,0.768161897017,45.2536702658,64.8714752197,0.0610255052181,45.0431667856,45.4577824567,-0.211667210331,0.202948460774,1.28,7644.07888325,7644.07888325,-7714.44149588,7680,-7680,0,0,0,0.00485768074703,-0.172922834754,60,0.5,0.75,True,True,True,True,True,True,True,45.2509494926,0.00208387642787,0.27894367767,0.0156727256351,0.164774375245,0.00681610856341,0.112481834886,0.00417122868976,0.0802039501902,0.00272551872524,0.0590410917903,0.000678203049904,0.0493593974505,0.000509876901373,0.0425589663843,0.00104671448465,0.0345190778364,0.00068972924216,0.0259932197368,0.000478239658581,0.021122351851,0.000684566770054,0.0203612682241,0.000570669375542,0.0190706731969,0.000532468154161,0.0144678407319,0.000450446150281,0.0109394718318,0.000372895453576,0.0112096907093,0.000575705176165,0.0114966066987,0.000342949844254,0.00949514828562,0.00018537414782,0.00682106806658,0.000405996153338,0.00574918124419,0.000477394887961,46875,46875,46874,90,2058af5f3e0e0b096f34c99c97413036ce4b52de7930a46493856bba23f3a2c6,875878
baseline_N047_initial,baseline,initial,N047,67.8822509939,0,240,400,60,0.001,0.0001,0.08,0.1,2e-07,10000,0,1,12,0,0,0,0,False,800,15,0,8,7,1.6e-05,0.748660497548,47.9949053154,0.359318896932,0.748581035275,47.997265869,68.4252624512,0.0576184093737,67.874367522,0.303489637078,-0.00788347191508,0.303489637078,1.35764501988,11518.6621305,11518.6621305,-51.5038992954,11520,-0,0,0,0,0.00320758680375,-0.172922834754,60,0.5,0.75,True,True,True,True,True,True,True,47.9949053154,0.00319934519968,0.273227175566,0.0189454024159,0.15598825857,0.00791272808276,0.108045647456,0.0039470421069,0.0797838827892,0.00256190043168,0.0619936941612,0.00182236914517,0.0487905185701,0.00151910571162,0.0399681544888,0.000783928111521,0.0326206716378,0.000689042575795,0.0269129794693,0.000483559979563,0.0225867408478,0.000540465214879,0.0192881217843,0.000257556665862,0.0169847391189,0.000529088043387,0.0149520790937,0.000494255263576,0.0129832078143,0.000594346810826,0.0112019392853,0.000283653246728,0.01027628918,0.000474116285889,0.00962033600807,0.000584484193819,0.00827975598338,0.000545732415575,0.00758312239218,0.000404488514691,46875,46875,46874,90,67d8c2cbac5d440f61de27917c4e4558d95e3cdb2001dabd948691e71e3fb6d6,889400
doe_N014_C01,doe,C01,N014,5.65685424949,-5.65685424949,240,400,60,0.001,0.0001,0.08,0.1,2e-07,10000,0,1,12,0,0,0,0,False,800,15,6,4,3,1.6e-05,3.75749608212,5.6527062979,0.212400217677,0.442500453495,5.66571001387,8.74552726746,0.05109456276,5.67327138971,-5.63206611462,0.0164171402139,0.0247881348721,0.3,962.786081081,962.786081081,955.793314017,960,960,0,0,0,0.00332001041938,-0.172922834754,60,0.5,0.75,True,True,True,True,True,True,True,5.6527062979,0.00653282220425,0.126047288006,0.0130793437511,0.13918081064,0.00696168942218,0.0757063178679,0.00676118260774,0.038400796843,0.0037715987438,0.0156275357664,0.00104528492822,0.00293449031925,0.000964815299438,0.00724148892432,0.000970992420616,0.0130692716619,0.00217237936493,0.018496963885,0.00300233297396,0.0185306715326,0.0033355372309,0.0169695082525,0.0031400131661,0.0161654007165,0.00333903050451,0.0147912877192,0.00291587132393,0.0123099195461,0.00266555641292,0.00914780213717,0.00203476230466,0.00709078828227,0.00181616452031,0.0054665939084,0.00107197702951,0.00278350577562,0.00052687161162,0.000534582525604,0.000175741117715,46875,46875,46874,90,21e869fd9bd810193de958fd78bac0d19177cbb400ecb80fe6cc184019778cc0,934638
doe_N015_C01,doe,C01,N015,5.65685424949,0,240,400,60,0.001,0.0001,0.08,0.1,2e-07,10000,0,1,12,0,0,0,0,False,800,15,6,4,3,1.6e-05,5.50787912337,3.99351115035,0.21995776694,0.458245347791,4.01250575461,6.05586528778,0.0562689247681,5.64762300926,0.0248387039208,-0.00923124023487,0.0248387039208,0.3,958.433406583,958.433406583,-4.21526783479,960,-0,0,0,0,0.00141332154457,-0.172922834754,60,0.5,0.75,False,True,True,True,True,True,False,3.99351115035,0.00266426840933,0.121071546229,0.0203460442925,0.142565010821,0.00967596455199,0.0879254813099,0.00516468412398,0.0560738058925,0.00334690460161,0.0357807693906,0.00196407835367,0.0215669219646,0.00100467510728,0.0107554959771,0.000845293983781,0.00714718766783,0.000649384462573,0.0028410801995,0.00103734419243,0.00179768033151,0.00105417786008,0.00250741716262,0.00096369802988,0.00250653416659,0.00112973466812,0.00320880072351,0.000845816672014,0.0016332745567,0.00102477269568,0.00169387192189,0.000521203417395,0.00103740769923,0.000747723787081,0.000621431151726,0.000426152037442,0.00118299051538,0.000420973936985,0.00152616225279,0.000434777562592,46875,46875,46874,90,f279899a7ed3218bf2aaccc3469e6928c8dc3701303e0fdaaa530d3e10d076ea,938414
doe_N016_C01,doe,C01,N016,5.65685424949,5.65685424949,240,400,60,0.001,0.0001,0.08,0.1,2e-07,10000,0,1,12,0,0,0,0,False,800,15,6,4,3,1.6e-05,3.77814663457,5.65249526642,0.213559559678,0.444915749328,5.66576745172,8.75930786133,0.0523149530085,5.6232497892,5.68159020714,-0.0336044602893,0.0247359576524,0.3,954.29713398,954.29713398,-964.197831215,960,-960,0,0,0,0.00367159558451,-0.172922834754,60,0.5,0.75,True,True,True,True,True,True,True,5.65249526642,0.00619685617846,0.126666148005,0.0127169130755,0.140051963827,0.00915775024395,0.0763956197647,0.00704545508644,0.0367517636382,0.00293077561956,0.0147676563149,0.000378195814397,0.00589504031722,0.000214246672136,0.00670708808159,0.00106553787836,0.014603981732,0.00242034419733,0.018758431457,0.00260693002756,0.016653075198,0.00277956939506,0.0173110130286,0.0029849636942,0.0185146968191,0.00328581879276,0.015833785404,0.00282922384483,0.0105356371454,0.00263503671796,0.00943993840009,0.00212982842508,0.00893138869242,0.0019011954031,0.00610678361476,0.000982248889415,0.00120532388714,0.000740081896372,0.00121271835006,0.000171648389649,46875,46875,46874,90,bac2e85b8ec4fb4aece06174780b2730e8b5decab199b4db7de74d1daaf265eb,928876
doe_N022_C01,doe,C01,N022,11.313708499,-11.313708499,240,400,60,0.001,0.0001,0.08,0.1,2e-07,10000,0,1,12,0,0,0,0,False,800,15,6,4,3,1.6e-05,2.21533645619,11.3097628956,0.250549300535,0.521977709449,11.3169913412,16.7049484253,0.0545190452409,11.3559382164,-11.2633982765,0.0422297174322,0.0503102224475,0.32,1927.1666207,1927.1666207,1911.46207213,1920,1920,0,0,0,0.00343889973609,-0.172922834754,60,0.5,0.75,True,True,True,True,True,True,True,11.3097628956,0.00410508908476,0.132038332867,0.0150555968505,0.159301301264,0.00725896562956,0.101254415034,0.00627159247922,0.0681163180774,0.00408346383219,0.0477043841837,0.00108666635055,0.0354684995267,0.00197027176383,0.0243154867709,0.00197562625846,0.016495430042,0.00154681951071,0.00964076548876,0.000532279117331,0.00734526732127,0.000730628810801,0.00483270158502,0.000417711682654,0.00107311908078,0.000126233997773,0.0017144220759,0.000328920166314,0.00299842804358,0.00029361092861,0.00320230197064,0.000783592888119,0.00479321324001,0.000695800313196,0.00574841809776,0.000966667200754,0.00540815781726,0.000882122240936,0.00519557848624,0.0010620132972,46875,46875,46874,90,1349f7965e0faed8049613c9185f91cb9794674bb9f1512ef2a9cfe91aea78a8,941442
doe_N024_C01,doe,C01,N024,11.313708499,0,240,400,60,0.001,0.0001,0.08,0.1,2e-07,10000,0,1,12,0,0,0,0,False,800,15,6,4,3,1.6e-05,3.24900691795,7.99412176025,0.25972956902,0.541103268791,8.00480451845,11.7085914612,0.0590963400043,11.3052835901,0.0502830346666,-0.00842490891691,0.0502830346666,0.3,1918.57024555,1918.57024555,-8.53331394993,1920,-0,0,0,0,0.00278312924041,-0.172922834754,60,0.5,0.75,True,True,True,True,True,True,True,7.99412176025,0.000374622795296,0.125618845124,0.0187796894595,0.156483536781,0.00820019757704,0.106882878513,0.00418826110155,0.0771615580822,0.00314351277275,0.0594471042005,0.00201805685384,0.0452891223727,0.00160053266843,0.0349097719176,0.00094334576376,0.0295468906987,0.000945080464366,0.0239685915882,0.000511951210076,0.0195512537586,0.000466896750392,0.0159339147385,0.000421960304716,0.0130118412959,0.000414221347171,0.0100567715451,0.000389942106071,0.00876254496257,0.000288860355393,0.00680644348583,0.000456983365338,0.00577403233876,0.00031924713104,0.00440726245151,0.000496576669759,0.00359618198584,0.000336073769119,0.00313592678277,0.000520178302699,46875,46875,46874,90,9bb8647f4bd7e744e83a95146fa6c1b75ab8aa4b5cee4cdce71dde9bd5ef62ea,951196
doe_N026_C01,doe,C01,N026,11.313708499,11.313708499,240,400,60,0.001,0.0001,0.08,0.1,2e-07,10000,0,1,12,0,0,0,0,False,800,15,6,4,3,1.6e-05,2.22328971405,11.3092257178,0.251436852121,0.523826775253,11.3166974029,16.7174301147,0.056323550246,11.2543043081,11.3638816965,-0.059404190915,0.0501731975215,0.32,1909.91877451,1909.91877451,-1928.51467397,1920,-1920,0,0,0,0.00274797630219,-0.172922834754,60,0.5,0.75,True,True,True,True,True,True,True,11.3092257178,0.00348230296214,0.132394136618,0.0143585750175,0.159638754298,0.00820336840692,0.102755374492,0.00611539622769,0.0665579248708,0.00315712605263,0.0464389065206,0.000921793456725,0.0373817503328,0.00230654969874,0.0268259184007,0.00181548355931,0.0161653908829,0.00109982197892,0.00927541678661,0.000476710081109,0.00810013767192,0.000665178412565,0.00527118381671,0.000271537983002,0.00169806061527,0.000264599470798,0.00359409972542,0.000208305753275,0.00298800474296,0.000317241472179,0.00270875502528,0.000776721404551,0.00575145608483,0.000914113219139,0.00687550167933,0.000912671366251,0.00470110251561,0.000858775582721,0.00463527225505,0.00108460735154,46875,46875,46874,90,9408a838dd46441cc11664cfdc9cc12b0b8d54878b215dbf31dd351afe2bd848,934119
doe_N030_C01,doe,C01,N030,22.627416998,-22.627416998,240,400,60,0.001,0.0001,0.08,0.1,2e-07,10000,0,1,12,0,0,0,0,False,800,15,6,4,3,1.6e-05,1.19514837164,22.6237631541,0.27038753694,0.563307368626,22.6275240187,32.6755332947,0.0554414909364,22.7202456107,-22.5268674675,0.0928286127026,0.100549530442,0.64,3855.75353797,3855.75353797,3822.93617884,3840,3840,0,0,0,0.00438058396691,-0.172922834754,60,0.5,0.75,True,True,True,True,True,True,True,22.6237631541,0.00439149770214,0.133605043356,0.0167958388302,0.165084022359,0.00717482446212,0.10884122466,0.00547348170394,0.0776592861168,0.00290411623747,0.0590571469966,0.000257757653119,0.0472749479915,0.0013725385673,0.0366637050262,0.00197769253856,0.0293061858522,0.0011947154975,0.0226267531457,0.000938201755252,0.0199837483117,0.00101015427896,0.0172882885521,0.00106999247294,0.0133005415987,0.000847194138482,0.0113277827579,0.000736226912053,0.00985290599832,0.000719779115322,0.00875254107802,0.00061988521609,0.00654908652624,0.000409190782552,0.00556298053033,0.000479983302532,0.00460949597424,0.000414951885819,0.00382883985434,0.000267271463946,46875,46875,46874,90,aecd614797f3252e7feaf6e6c97c898a9e06264c456ba87fe742035a7f6cf8d0,941074
doe_N033_C01,doe,C01,N033,22.627416998,0,240,400,60,0.001,0.0001,0.08,0.1,2e-07,10000,0,1,12,0,0,0,0,False,800,15,6,4,3,1.6e-05,1.67561122966,15.9941589611,0.267999923643,0.558333174255,15.9996110507,23.0101928711,0.0598034377243,22.6189291849,0.101411409178,-0.00848781302597,0.101411409178,0.452548339959,3838.55957036,3838.55957036,-17.2100868287,3840,-0,0,0,0,0.00199232898781,-0.172922834754,60,0.5,0.75,True,True,True,True,True,True,True,15.9941589611,0.00123612439401,0.126572937716,0.0182418297292,0.158027467795,0.00761082221233,0.109594395088,0.00381090660675,0.080123408783,0.00229056607471,0.0632072287297,0.0016667655357,0.0492179380166,0.000934053771089,0.0396481472345,0.00055674892212,0.0333970884038,0.000349855960212,0.028197064337,0.000182182704102,0.0234552838385,0.00018826445171,0.0203881723522,0.000197784632866,0.017186970894,0.000168669282784,0.0148279585093,8.97679237147e-05,0.0130570595436,9.74186244148e-05,0.0114710716017,0.000122870203615,0.010086382604,1.55733412538e-05,0.00900392175721,0.000164424535302,0.00800600669845,8.59171442948e-05,0.00731790476982,0.000126167174365,46875,46875,46874,90,3dca65a9c3cc54faef1941cc3b09722550f9b75d38520a44abdc8006028067fa,948397
doe_N036_C01,doe,C01,N036,22.627416998,22.627416998,240,400,60,0.001,0.0001,0.08,0.1,2e-07,10000,0,1,12,0,0,0,0,False,800,15,6,4,3,1.6e-05,1.19692063882,22.6236160655,0.270786729935,0.564139020698,22.6276067154,32.6916885376,0.0589964345624,22.5170457119,22.7296867591,-0.110371286067,0.102269761081,0.64,3821.26937164,3821.26937164,-3857.35575398,3840,-3840,0,0,0,0.00474068594657,-0.172922834754,60,0.5,0.75,True,True,True,True,True,True,True,22.6236160655,0.00185941285217,0.134341768029,0.0154614800684,0.164653316884,0.00695264325226,0.110594206035,0.00548824579851,0.0761905534133,0.00258642514629,0.0572969474478,0.000391258141036,0.0483506885081,0.00158952382881,0.0398287075164,0.00190625033468,0.0295150534863,0.00125757230894,0.0219847849006,0.00109283159225,0.0190379299187,0.00128193362868,0.017981170048,0.00118290482609,0.0132787860817,0.000683307461863,0.00940270273298,0.000724863259091,0.00913194435162,0.000749424809944,0.00983666019207,0.000567232194282,0.00698017576487,0.000276096922796,0.00380060091065,0.000379326705886,0.00373405014479,0.000513919600671,0.00439866223523,0.000393626505852,46875,46875,46874,90,28b1677900856b2dcacc655f235dd7fa13e038006e9aa9a32c0733a85a3aab3a,936287
doe_N014_C02,doe,C02,N014,5.65685424949,-5.65685424949,240,400,60,0.001,0.0001,0.08,0.1,2e-07,10000,0,1,12,0,0,0,0,False,800,15,6,4,5,1.6e-05,3.15456423396,5.6526546243,0.178316621048,0.371492960516,5.66447707564,8.83366107941,0.0510757997433,5.67345531701,-5.63177710578,0.0166010675199,0.0250771437116,0.3,962.81729458,962.81729458,955.744267591,960,960,0,0,0,0.0030516881198,-0.172922834754,60,0.5,0.75,True,True,True,True,True,True,True,5.6526546243,0.00596050825975,0.12681750547,0.012519139997,0.0703007890568,0.00680436533082,0.079964207885,0.00729302758704,0.0422732680698,0.00391463554266,0.0193277852176,0.000798775552714,0.00613226254151,0.000852393124193,0.0043943126435,0.00035483675447,0.0104533556172,0.00174219500902,0.0158408957173,0.00239636069756,0.0166334004972,0.00305341791429,0.015874788369,0.00294590021941,0.015992207722,0.00325453601177,0.0152881148007,0.00295998892199,0.013054530083,0.00279395503327,0.0100554167992,0.0022189319803,0.00837645818547,0.00195626302593,0.00671261556496,0.0013620536952,0.00418977923171,0.000893527164806,0.00185242159746,0.000384390024092,46875,46875,46874,90,bf2442606f398888c322bc99de7ea81cbc6e549b06135ad0437560b78b0f9352,933504
doe_N015_C02,doe,C02,N015,5.65685424949,0,240,400,60,0.001,0.0001,0.08,0.1,2e-07,10000,0,1,12,0,0,0,0,False,800,15,6,4,5,1.6e-05,4.70688294172,3.99377667852,0.187982393212,0.391629985858,4.01114592163,6.16297292709,0.056308668022,5.64799772924,0.0250193191129,-0.00885652025678,0.0250193191129,0.3,958.496998672,958.496998672,-4.2459192493,960,-0,0,0,0,0.00143745238071,-0.172922834754,60,0.5,0.75,True,True,True,True,True,True,True,3.99377667852,0.00193840008201,0.122032792669,0.0203273521513,0.0682330812871,0.00922196977834,0.0937218159258,0.00561672716835,0.0607277958106,0.00297489030757,0.0410581314122,0.00229509190085,0.0258881649278,0.00117693371894,0.0152175585448,0.000779627657512,0.010247037165,0.000792472835486,0.00586099219736,0.000497956535147,0.00285721449518,0.00103162387911,0.00178842332194,0.000792929812856,0.00211805042059,0.00096214484876,0.00241715224969,0.000853786650817,0.00195212088574,0.000868307329154,0.00215350266901,0.000678225089475,0.00168569577643,0.000589840827302,0.001002089918,0.000690006910352,0.000672478692252,0.000402319487412,0.000592577721443,0.000461255610177,46875,46875,46874,90,cbdba7ab5d9f0146be89a02ce3017c278815757200ce7ed16e14701fd24302d4,940392
doe_N016_C02,doe,C02,N016,5.65685424949,5.65685424949,240,400,60,0.001,0.0001,0.08,0.1,2e-07,10000,0,1,12,0,0,0,0,False,800,15,6,4,5,1.6e-05,3.16337473513,5.65232346443,0.178804172422,0.372508692545,5.6643969479,8.84069919586,0.0527138898605,5.62277593938,5.68171733093,-0.0340783101153,0.0248630814335,0.3,954.216718998,954.216718998,-964.219404836,960,-960,0,0,0,0.0019288509707,-0.172922834754,60,0.5,0.75,True,True,True,True,True,True,True,5.65232346443,0.00561340029451,0.12727317594,0.0122677815956,0.0702807482913,0.00953654693403,0.0803381947472,0.00699696844136,0.0409554125983,0.00277465431859,0.0186146449352,0.000146776427273,0.008604698512,0.000648435190019,0.00409967467043,0.000747982498045,0.0117110652529,0.00201937211315,0.0160260659853,0.00233275608643,0.0150860379544,0.00264051914745,0.0160591162761,0.00278714654725,0.0181417874749,0.00312405365997,0.0161725079938,0.00264521488746,0.0116716088562,0.00259365520594,0.0101609666307,0.0022904995266,0.010052667019,0.00204682763661,0.00711087179039,0.00131421330685,0.00287013799125,0.00106159389681,0.00193955292358,0.000531421539032,46875,46875,46874,90,9493df81d4051848f4107744082901712b5626182b10e7fd0fdcc61295728416,926536
doe_N022_C02,doe,C02,N022,11.313708499,-11.313708499,240,400,60,0.001,0.0001,0.08,0.1,2e-07,10000,0,1,12,0,0,0,0,False,800,15,6,4,5,1.6e-05,1.86751360533,11.3093575938,0.21120379174,0.440007899458,11.3157783472,16.8106575012,0.0542040679723,11.3553872998,-11.2631397773,0.0416788007989,0.0505687217035,0.32,1927.07312704,1927.07312704,1911.41820335,1920,1920,0,0,0,0.00147369783118,-0.172922834754,60,0.5,0.75,True,True,True,True,True,True,True,11.3093575938,0.00364029180375,0.132225574159,0.0146427730698,0.0792362549895,0.00707919704387,0.103078069118,0.00675356893018,0.0695938984595,0.003968640567,0.0492367535398,0.0010545780857,0.0364551021457,0.00137163282845,0.0253820104442,0.00236607613943,0.0175816477923,0.00116108020126,0.0107728948935,0.000729087388692,0.00810002312046,0.000490871511087,0.00533817205553,0.000417245192598,0.00172441068906,0.000233306915589,0.000840251400616,4.92565163777e-05,0.00220529562946,0.000480656161207,0.00264362175723,0.000340902250789,0.0042830875732,0.000756710075703,0.00502803922445,0.000845709995529,0.00484959993151,0.000880057094404,0.00488111315786,0.000953008567367,46875,46875,46874,90,4786ab3af1f91bf2d52ba1111287921bce62bb75d418ab66a6dddd8ddb175ff8,939977
doe_N024_C02,doe,C02,N024,11.313708499,0,240,400,60,0.001,0.0001,0.08,0.1,2e-07,10000,0,1,12,0,0,0,0,False,800,15,6,4,5,1.6e-05,2.78995096303,7.99383680507,0.223024126926,0.464633597762,8.00341425694,11.8229780197,0.0590597874367,11.3048794927,0.0505310629554,-0.00882900631829,0.0505310629554,0.3,1918.50166794,1918.50166794,-8.57540574632,1920,-0,0,0,0,0.00196913234634,-0.172922834754,60,0.5,0.75,True,True,True,True,True,True,True,7.99383680507,0.000268754005208,0.125613329784,0.0188290069472,0.0739483734321,0.00806104773837,0.109126159104,0.00468560544096,0.0788760393144,0.00277409319696,0.0607178385032,0.00207242158563,0.0464252836482,0.00143594074953,0.0359111394941,0.00120884557578,0.0303684942727,0.000745969504047,0.0250055017239,0.000565379482879,0.0200770557951,0.000419590732881,0.0164733777425,0.000367122663268,0.0134325925891,0.000377774017401,0.0110807787184,0.000367358259639,0.00949973651026,0.000389851388612,0.00747862831582,0.000196719767868,0.00626158455695,0.000359735418733,0.0054867909246,0.000296600210043,0.00431179695467,0.000479900418545,0.00355139338719,0.000351410677442,46875,46875,46874,90,f6ee96e39f0fbaa2428170426fae9d628452db8dfb4a81af463fd002fcb80bcb,952698
doe_N026_C02,doe,C02,N026,11.313708499,11.313708499,240,400,60,0.001,0.0001,0.08,0.1,2e-07,10000,0,1,12,0,0,0,0,False,800,15,6,4,5,1.6e-05,1.87516081411,11.3091437149,0.212064631352,0.441801315317,11.3158100779,16.8252639771,0.0563666550037,11.2538091125,11.3642088852,-0.0598993864611,0.0505003862065,0.32,1909.83473703,1909.83473703,-1928.57019973,1920,-1920,0,0,0,0.00247025249813,-0.172922834754,60,0.5,0.75,True,True,True,True,True,True,True,11.3091437149,0.00328837310544,0.132959677059,0.0139491067188,0.0789514209732,0.0085285723416,0.104158576402,0.00643474643234,0.0683475338087,0.00304726754229,0.0479828228555,0.00106528458599,0.0385521579481,0.00212486667738,0.0277116674217,0.00202589752494,0.0173677676715,0.00103495181955,0.0104105035591,0.000642571717393,0.00866520083101,0.00058644999086,0.00583857228631,0.00044075882997,0.00156141910227,0.000151974408624,0.00248646474366,0.00013662176518,0.00214804532236,0.000316442082443,0.00189759808381,0.000537274436978,0.00532478708802,0.000690832450465,0.00615057824673,0.000635424747839,0.00427135258857,0.000788842544091,0.00434385171592,0.00100004141467,46875,46875,46874,90,72c8a8339a549d04714fb3742b22dff0c6df13648b920472218a79a37169e3a7,933407
doe_N030_C02,doe,C02,N030,22.627416998,-22.627416998,240,400,60,0.001,0.0001,0.08,0.1,2e-07,10000,0,1,12,0,0,0,0,False,800,15,6,4,5,1.6e-05,1.02242319487,22.6234011864,0.231306901199,0.481889377497,22.6267274924,32.7922859192,0.0557155967362,22.7203765353,-22.5260083587,0.092959537338,0.101408639237,0.64,3855.77575661,3855.77575661,3822.79038325,3840,3840,0,0,0,0.00341544574493,-0.172922834754,60,0.5,0.75,True,True,True,True,True,True,True,22.6234011864,0.00380784355947,0.133865449835,0.0163001376494,0.082027259711,0.00824226538461,0.110642235274,0.00509837147564,0.0788894504981,0.00348266632561,0.0599150549804,0.000525295523337,0.048003742956,0.00172306308144,0.0367864284282,0.00177871840476,0.0295084307883,0.00108847667582,0.0228035658115,0.00096022971106,0.0207264102862,0.00133636534626,0.0175355140131,0.000852080456622,0.0135392476739,0.000745795907248,0.011494600468,0.00066990875587,0.0101559773212,0.00096288180725,0.00895988726,0.000522025422169,0.00654130236327,0.000407784214155,0.00554301869524,0.000469829679604,0.00482322456344,0.000575299759301,0.00424745032213,0.000282702906589,46875,46875,46874,90,37e4c51135accc0b83c8ff4d3a3baf6f29c49aa275769175e749092a7e6381fd,940082
doe_N033_C02,doe,C02,N033,22.627416998,0,240,400,60,0.001,0.0001,0.08,0.1,2e-07,10000,0,1,12,0,0,0,0,False,800,15,6,4,5,1.6e-05,1.43841513802,15.9936780122,0.230055485655,0.479282261781,15.9985406365,23.1290988922,0.0598292790208,22.6182464849,0.101973856361,-0.00917051310073,0.101973856361,0.452548339959,3838.44371232,3838.44371232,-17.3055372807,3840,-0,0,0,0,0.00285621230888,-0.172922834754,60,0.5,0.75,True,True,True,True,True,True,True,15.9936780122,0.00133638617027,0.125920766835,0.0176392635583,0.074283811031,0.00795228772056,0.110812656202,0.00397224841125,0.0814828731298,0.00243565676871,0.0635566711781,0.0016321187547,0.0502691857612,0.00113450727708,0.0398456570626,0.000801383497734,0.0339672678228,0.000540003847387,0.0286391052504,0.00026369608243,0.0239123453565,0.000109848981074,0.0202192068962,0.000217181565735,0.0173044232175,0.000157877771876,0.014675582942,0.000197120256409,0.0131638010157,9.3132017993e-05,0.0114887306804,0.000214057094432,0.0100347182485,0.000138181559127,0.00898955524989,0.000123727841265,0.00821885208552,0.000168396076735,0.00718091911724,3.93906649037e-05,46875,46875,46874,90,d54d0a565f61e91b224544a5cbef0db2251d30f157d542b6dcd5eeacc642ac69,948857
doe_N036_C02,doe,C02,N036,22.627416998,22.627416998,240,400,60,0.001,0.0001,0.08,0.1,2e-07,10000,0,1,12,0,0,0,0,False,800,15,6,4,5,1.6e-05,1.02302742408,22.6228398703,0.231437855979,0.482162199957,22.6263937552,32.8068237305,0.0587997826829,22.5171213845,22.7280666171,-0.110295613471,0.100649619085,0.64,3821.28221371,3821.28221371,-3857.08080676,3840,-3840,0,0,0,0.00211547817016,-0.172922834754,60,0.5,0.75,True,True,True,True,True,True,True,22.6228398703,0.00192733846867,0.134082894938,0.0156268427939,0.0815630328661,0.00741804394395,0.111995229018,0.00554597334196,0.0780399088726,0.00273326411619,0.0578323771338,0.00012953594417,0.0486660320957,0.00151143414341,0.0396392412025,0.00184707786308,0.0302230288004,0.00135612441394,0.0223518468833,0.00086259879604,0.0193864339553,0.000772840629531,0.0177173311817,0.000915489076872,0.0137863321615,0.000845256402437,0.00986827068559,0.00063299814309,0.00920799466806,0.000784049693464,0.00939551017368,0.000582024969602,0.00701818202018,0.000414817057926,0.00410977020729,0.000526528696234,0.0040777452058,0.000480474879185,0.00394359567484,0.000280566230867,46875,46875,46874,90,108c7adeb01f50d3bf85262fc8148177d9db290892c0e09dfa25b0e1e76b4ba7,936583
doe_N014_C03,doe,C03,N014,5.65685424949,-5.65685424949,240,400,60,0.001,0.0001,0.08,0.1,2e-07,10000,0,1,12,0,0,0,0,False,800,15,6,4,7,1.6e-05,2.93837756161,5.65276604856,0.166099609181,0.346040852461,5.66422400226,8.78582859039,0.0519725107063,5.67363195539,-5.63182283407,0.0167777058966,0.0250314154214,0.3,962.847271107,962.847271107,955.752027939,960,960,0,0,0,0.00289496800359,-0.172922834754,60,0.5,0.75,True,True,True,True,True,True,True,5.65276604856,0.00642789858581,0.127514621091,0.0128167585753,0.0708343443586,0.00726011587951,0.0405174538387,0.00686416604663,0.0454661146151,0.00421714407783,0.0221133892848,0.00114326265855,0.00865074728332,0.000696808686188,0.00223601981027,0.00052907211701,0.00866547020458,0.00125098766247,0.0143038105214,0.00230640548767,0.0148619826818,0.00250643976779,0.014534003163,0.00291321504094,0.0154074834706,0.00291176509061,0.0151904418607,0.00288073686991,0.0132609383572,0.00264806885252,0.0106102676752,0.00235561692655,0.00915062863309,0.00219292789442,0.00767645017918,0.00165325187923,0.00532811374516,0.00118598499616,0.0029902110606,0.000591874239551,46875,46875,46874,90,59405f4d1e9c4860a5e93126c707e360e17de0974fb72238295cfaa58d2b7654,934562
doe_N015_C03,doe,C03,N015,5.65685424949,0,240,400,60,0.001,0.0001,0.08,0.1,2e-07,10000,0,1,12,0,0,0,0,False,800,15,6,4,7,1.6e-05,4.36144653907,3.9937819073,0.174186662774,0.362888880779,4.01054212149,6.10491085052,0.0572903618583,5.64800487695,0.0250750105247,-0.00884937254227,0.0250750105247,0.3,958.49821168,958.49821168,-4.25537039529,960,-0,0,0,0,0.00132694594934,-0.172922834754,60,0.5,0.75,True,True,True,True,True,True,True,3.9937819073,0.00208428768971,0.122902614733,0.0194209624953,0.0688819308475,0.00937602265271,0.0469746083161,0.00514858717822,0.0652604115677,0.00372459346045,0.0446514720464,0.00203517525008,0.0295477116123,0.00163863718411,0.0183899009278,0.000721995693934,0.0135722366299,0.000693105645498,0.00763232233531,0.000808892892499,0.00521636811578,0.000583987629544,0.00244164141997,0.000924583877872,0.00156485153799,0.000591096449677,0.00217812972134,0.00091880001888,0.00162700425375,0.000646011457219,0.00232032402979,0.00076956092019,0.00170760512077,0.000691199440583,0.00173811807697,0.000615830409523,0.000635902255636,0.000599791442492,0.000645105522574,0.000395871966158,46875,46875,46874,90,21ec7b1539eb535236a81ad15481d650f4ca55c959659241a23ddf711dbd151f,937378
doe_N016_C03,doe,C03,N016,5.65685424949,5.65685424949,240,400,60,0.001,0.0001,0.08,0.1,2e-07,10000,0,1,12,0,0,0,0,False,800,15,6,4,7,1.6e-05,2.94352427953,5.65258480256,0.166385206084,0.346635846009,5.66428559674,8.81318569183,0.0532003498596,5.62294136995,5.68207358721,-0.0339128795452,0.0252193377181,0.3,954.244793497,954.244793497,-964.279863532,960,-960,0,0,0,0.00221797078818,-0.172922834754,60,0.5,0.75,True,True,True,True,True,True,True,5.65258480256,0.00580218972999,0.127995485336,0.0126759615561,0.0707247164667,0.00900711604106,0.0401608352492,0.00702690842697,0.0442884657126,0.00314732255725,0.0214750942703,0.0002418968701,0.0110829787993,0.000975042860121,0.00324806469427,0.000768323067112,0.00976177239226,0.00172393485149,0.0143170179041,0.00223685834149,0.0136034205105,0.00231731232184,0.0148669343774,0.00267528197613,0.0171961437686,0.00285198227263,0.0162477620219,0.00255480802237,0.0121376507321,0.00251985142972,0.0108763978873,0.00235195628969,0.0106294483287,0.00214150704825,0.00823942631712,0.00139976746963,0.00390854010336,0.00122333079757,0.00322347331804,0.00079796833707,46875,46875,46874,90,f8ee9a16cff5252c424d32ba6cc2cd3052f503d12396a2fa9ae9b50521db2cb2,927576
doe_N022_C03,doe,C03,N022,11.313708499,-11.313708499,240,400,60,0.001,0.0001,0.08,0.1,2e-07,10000,0,1,12,0,0,0,0,False,800,15,6,4,7,1.6e-05,1.70513088419,11.3097749254,0.192846465185,0.401763469136,11.3158699395,16.7456436157,0.0547632440187,11.3558803319,-11.2634807948,0.0421718329295,0.0502277041983,0.32,1927.15679737,1927.15679737,1911.47607594,1920,1920,0,0,0,0.00247583099614,-0.172922834754,60,0.5,0.75,True,True,True,True,True,True,True,11.3097749254,0.00386028144657,0.132416179678,0.0147258524759,0.0790181956657,0.00753070409026,0.0514300470329,0.00643891435936,0.07133535472,0.00408112127111,0.0504246944475,0.00088936052374,0.0376493575983,0.00203049388038,0.0264751742944,0.00180954510598,0.0181660554397,0.00132802247433,0.0111152576137,0.000639850769933,0.00864573603401,0.000808393468122,0.00635554882044,0.000367298954413,0.00244448604912,0.000280512129357,0.000384749600113,0.000300315356346,0.00144854645774,6.74351809941e-05,0.00188611336035,0.000535679038623,0.00375688575893,0.000560516939201,0.00465858530609,0.000841551670831,0.00448739769563,0.000552848059677,0.00447610057479,0.00100805227911,46875,46875,46874,90,e6665a3b9f5268b59b94550168685e66ac91de4c92ea65b822298b0fe348712f,938750
doe_N024_C03,doe,C03,N024,11.313708499,0,240,400,60,0.001,0.0001,0.08,0.1,2e-07,10000,0,1,12,0,0,0,0,False,800,15,6,4,7,1.6e-05,2.55156409325,7.99430833506,0.203979900981,0.424958127044,8.00337878918,11.7524900436,0.0590785850017,11.3055461477,0.0505748288126,-0.00816235124973,0.0505748288126,0.3,1918.61480306,1918.61480306,-8.58283305858,1920,-0,0,0,0,0.00166095769156,-0.172922834754,60,0.5,0.75,True,True,True,True,True,True,True,7.99430833506,0.000311625741085,0.126016634361,0.0183421418869,0.0736190302329,0.00803849162181,0.0542541193266,0.00457062228929,0.0804150766328,0.00283205612063,0.0623647344354,0.00196519946702,0.0471952022213,0.00160601141765,0.0370688846837,0.0010827021395,0.0311194372439,0.000865490686572,0.0255612582751,0.000518839974182,0.0204328709041,0.000491312398149,0.0173737046002,0.000205262553941,0.0142456405533,0.000277007655648,0.0113645504531,0.00029081299673,0.00999919174823,0.000442293303857,0.00837575532796,0.000369109726372,0.00704644008381,0.000296929541844,0.00552238488744,0.000364822933797,0.00478843665808,0.000284503515945,0.00452487297377,0.000454088198608,46875,46875,46874,90,b5e3e1b2afd185f0f3d2993d482c4dc356a01df7467707d3c7eae631ecbaa4e2,951070
doe_N026_C03,doe,C03,N026,11.313708499,11.313708499,240,400,60,0.001,0.0001,0.08,0.1,2e-07,10000,0,1,12,0,0,0,0,False,800,15,6,4,7,1.6e-05,1.705122168,11.3095310241,0.192841320589,0.401752751228,11.3158593024,16.7701053619,0.0572059539682,11.2545824556,11.3642139068,-0.0591260433495,0.0505054078139,0.32,1909.96597771,1909.96597771,-1928.57105192,1920,-1920,0,0,0,0.00211273523709,-0.172922834754,60,0.5,0.75,True,True,True,True,True,True,True,11.3095310241,0.0036676148043,0.132874980783,0.01364016631,0.0786387568475,0.00784658971857,0.0516203620484,0.00619744749155,0.0698495265004,0.00281512170039,0.0492408458373,0.00118374552276,0.0393337923526,0.00229158669594,0.0288367348416,0.00152972313029,0.017950223729,0.00111173804915,0.0108673148888,0.000780575909553,0.00914971016006,0.00089663809318,0.00685609958262,0.000296667281716,0.00218049747459,0.000109769122419,0.00184240989818,3.56833603402e-05,0.00195462494564,0.000314655162335,0.00141083526756,0.000705962390027,0.00482534685257,0.000658574572773,0.0059759941319,0.000548049561399,0.00427126371594,0.000660593794859,0.00405225684955,0.00118514591522,46875,46875,46874,90,01e6959bbf38deed10cd214794d83e74980bdfdd7d100fa9940e7e54767266da,933691
doe_N030_C03,doe,C03,N030,22.627416998,-22.627416998,240,400,60,0.001,0.0001,0.08,0.1,2e-07,10000,0,1,12,0,0,0,0,False,800,15,6,4,7,1.6e-05,0.935009855709,22.623719013,0.2115340025,0.440695838541,22.6268503901,32.7088050842,0.055181703602,22.7205926405,-22.5264287899,0.0931756425046,0.100988208108,0.64,3855.81243088,3855.81243088,3822.86173277,3840,3840,0,0,0,0.00359818942583,-0.172922834754,60,0.5,0.75,True,True,True,True,True,True,True,22.623719013,0.00402266761675,0.134312605433,0.0159318474147,0.0817327656891,0.00705148065797,0.05470332276,0.00589897328692,0.0801983486354,0.00260884962129,0.060684264073,0.000422428947342,0.0485020892859,0.00132689209693,0.037454921902,0.00190893176251,0.0297005654832,0.000998935994599,0.0232531914726,0.00102241703784,0.0208106529305,0.000877342836913,0.0178232884215,0.00107378808982,0.013476795141,0.00056723456781,0.0114698297691,0.000883780999738,0.0101005472671,0.000630865621637,0.00911194948026,0.000660675957606,0.00648552038865,0.00043944696051,0.0056993539022,0.00050013249649,0.00505521089659,0.000416358691232,0.00434698957677,0.000362966749508,46875,46875,46874,90,f6c8d793d536606cd62d5d2ae77c5c87ffb089a396bdd0f6a70a2c5c90c036ff,940105
doe_N033_C03,doe,C03,N033,22.627416998,0,240,400,60,0.001,0.0001,0.08,0.1,2e-07,10000,0,1,12,0,0,0,0,False,800,15,6,4,7,1.6e-05,1.30867969061,15.9942440432,0.209313423459,0.436069632206,15.9988207521,23.0494556427,0.0594840694766,22.6190531585,0.100594419384,-0.00836383944734,0.100594419384,0.452548339959,3838.58060938,3838.58060938,-17.0714390631,3840,-0,0,0,0,0.00226425404541,-0.172922834754,60,0.5,0.75,True,True,True,True,True,True,True,15.9942440432,0.000910864146087,0.126064281754,0.0182302514577,0.073869963333,0.0074917933953,0.0542021298832,0.00428425185576,0.0825948687966,0.0020098266962,0.0641423867831,0.00128325036298,0.0501237399093,0.000744082636758,0.0400252733995,0.000652172998801,0.0337515982746,0.000519505838487,0.0286626549425,0.000614141923194,0.0237951319297,0.000545589611371,0.0204605171477,0.00037510968965,0.0172729410376,0.000286725014661,0.014909983214,0.000249612970757,0.0129550638993,8.57785401069e-05,0.0114862587968,0.000168426237778,0.0100132585674,0.000157906437781,0.00886259884188,0.000171444622831,0.00794833455133,0.000158271392553,0.00714384574763,0.000139209697399,46875,46875,46874,90,596a53280a13a7979895b6fef4c8379f6ec217a2a5fcf43a57038429a73c0e79,948006
doe_N036_C03,doe,C03,N036,22.627416998,22.627416998,240,400,60,0.001,0.0001,0.08,0.1,2e-07,10000,0,1,12,0,0,0,0,False,800,15,6,4,7,1.6e-05,0.932268229713,22.6232055184,0.210908957591,0.439393661648,22.6265623668,32.7364768982,0.0598147950639,22.5175905898,22.7283296766,-0.109826408159,0.100912678653,0.64,3821.36184049,3821.36184049,-3857.12544945,3840,-3840,0,0,0,0.00310123976116,-0.172922834754,60,0.5,0.75,True,True,True,True,True,True,True,22.6232055184,0.00141082618011,0.134058562129,0.0144081542667,0.0814172657792,0.00702102411143,0.0555404761165,0.00518328150919,0.0793718306867,0.00221635273939,0.0583917500001,0.000894035166257,0.0491392629835,0.00166594102179,0.0406005253387,0.0014375026185,0.030465927679,0.000654115983302,0.0224027860311,0.00084999933854,0.0195731944083,0.00125540533925,0.0183367981783,0.000974447111885,0.0138574673901,0.000310334528561,0.00967086357686,0.000706339552576,0.0091067450056,0.000919419010776,0.00987387053161,0.000734387179049,0.00732160031943,0.000209092749276,0.00412333558055,0.000368257298799,0.00405308011542,0.000638257906536,0.00442775990285,0.000501446587341,46875,46875,46874,90,69db144e3531e224389ffa07bec768c0eeb9356aef2fa25b2dee2071b6eb4237,936902
doe_N014_C04,doe,C04,N014,5.65685424949,-5.65685424949,240,400,60,0.001,0.0001,0.08,0.1,2e-07,10000,0,1,12,0,0,0,0,False,800,15,6,8,3,1.6e-05,3.77255767681,5.65261928357,0.213248322723,0.444267339006,5.66565421326,8.74945163727,0.0510285211863,5.67322764649,-5.6319355111,0.0163733969966,0.0249187383971,0.3,962.778657611,962.778657611,955.771149864,960,960,0,0,0,0.00381105612313,-0.172922834754,60,0.5,0.75,True,True,True,True,True,True,True,5.65261928357,0.00666178563061,0.126157892909,0.013791071292,0.139949313569,0.00712449630745,0.0761437408341,0.00671024812246,0.0385850183114,0.0036667020073,0.0154646615875,0.00111434799538,0.00284922923363,0.000980058977332,0.00742400388001,0.000892847631619,0.0131777666752,0.00208399141164,0.0187057259997,0.00296590110208,0.0185416981797,0.00347438642767,0.0170219499884,0.00320239676315,0.0162222396005,0.00334435014394,0.0148711605054,0.00300017585952,0.0123808834837,0.00271784047196,0.00914974439681,0.0020183440271,0.0071236024699,0.00174856771392,0.00539841407623,0.00108978041029,0.00268786974653,0.000532503720929,0.00037721265037,0.000211932093892,46875,46875,46874,90,59b331aac4f0a45bc5882b212e21dccce5d59057bfbd07ddea0ae44ae9db77d8,934657
doe_N015_C04,doe,C04,N015,5.65685424949,0,240,400,60,0.001,0.0001,0.08,0.1,2e-07,10000,0,1,12,0,0,0,0,False,800,15,6,8,3,1.6e-05,5.51969702544,3.99364259237,0.220436971378,0.45924369037,4.01266367261,6.05467414856,0.05630298005,5.64780871747,0.0248797525605,-0.0090455320248,0.0248797525605,0.3,958.464922312,958.464922312,-4.22223401995,960,-0,0,0,0,0.0010120137025,-0.172922834754,60,0.5,0.75,False,True,True,True,True,True,False,3.99364259237,0.00285452445373,0.120864270184,0.0205810612567,0.142961187382,0.00968381843244,0.0884471081511,0.0052544028047,0.0563694304994,0.00326129332782,0.0359427554633,0.00186680027271,0.0217321161799,0.00091938455625,0.010701855859,0.000843710481868,0.00688706838683,0.000584589625456,0.00268657844898,0.00105972355044,0.00164584054603,0.00101134829345,0.00260467921153,0.00100648867464,0.00256175279669,0.00115025013745,0.00320706484555,0.000741880914108,0.00160585064697,0.000855265936967,0.00169090503594,0.000515250332791,0.000967519960538,0.000631325732761,0.000416420367802,0.00046435381742,0.00103301185997,0.000351080898977,0.00157763551301,0.000540022284439,46875,46875,46874,90,361c6bf9c1211ad0a60322ffe3abd77ee65eb085b4c331219bf117de842f7c1c,938336
doe_N016_C04,doe,C04,N016,5.65685424949,5.65685424949,240,400,60,0.001,0.0001,0.08,0.1,2e-07,10000,0,1,12,0,0,0,0,False,800,15,6,8,3,1.6e-05,3.78399416115,5.652416125,0.213887096134,0.445598116946,5.66570224008,8.75540828705,0.0524722193203,5.62311333025,5.68156779203,-0.0337409192426,0.024713542539,0.3,954.273976128,954.273976128,-964.194027244,960,-960,0,0,0,0.00412255587872,-0.172922834754,60,0.5,0.75,True,True,True,True,True,True,True,5.652416125,0.00641848050512,0.126593167245,0.0132074405909,0.140335261162,0.00942900913668,0.0766042392964,0.00695247133822,0.0368689606669,0.00292051601713,0.0146011551472,0.000212959772852,0.00576636123131,0.000382912471993,0.00682674119188,0.00105276668602,0.0145994600649,0.00238729362039,0.0190888080935,0.0025610077655,0.0169199968046,0.00283905995211,0.0171780433496,0.00313273800374,0.018581508748,0.00328710136207,0.0159370937432,0.00278955759889,0.0106806243066,0.00268045270476,0.00930290854643,0.00220998094015,0.00897617758728,0.0018190980759,0.00610294299226,0.000892958767264,0.00115269576134,0.000664221180344,0.00111962504347,0.000269243565272,46875,46875,46874,90,853262cec1fb4efabd917cfe143b0f0aba2d6a8f6f25fe8854b3200a484b95ba,928149
doe_N022_C04,doe,C04,N022,11.313708499,-11.313708499,240,400,60,0.001,0.0001,0.08,0.1,2e-07,10000,0,1,12,0,0,0,0,False,800,15,6,8,3,1.6e-05,2.22440075875,11.3097374267,0.251573885131,0.52411226069,11.3169880144,16.7074966431,0.0544066782718,11.3557125992,-11.2635745962,0.0420041002462,0.0501339027906,0.32,1927.12833219,1927.12833219,1911.49199457,1920,1920,0,0,0,0.00233764012016,-0.172922834754,60,0.5,0.75,True,True,True,True,True,True,True,11.3097374267,0.0042057570591,0.132236400956,0.0157072404591,0.159962931639,0.00732214363811,0.101883093793,0.00643551793671,0.0685750575341,0.00408790308644,0.0479801160075,0.00088354446491,0.0354684617733,0.00201028149668,0.0243939347731,0.00189624276245,0.016643919582,0.0013190097739,0.00963700779913,0.00054310560704,0.0073664399477,0.00067280755042,0.00465163087954,0.000272021051512,0.00105362798537,4.12749758985e-05,0.00181204189489,0.000579102065839,0.00307683382253,0.000383034124961,0.00326617118683,0.000748418408995,0.00475791703219,0.000825226236813,0.00581356060305,0.000962611127449,0.0055670935584,0.000844552295889,0.00524237817082,0.00110484843745,46875,46875,46874,90,1ec8d858a6199a36fbc253a70bd2cdd5557aa9c4e640fc33a350f5fda547d96d,941539
doe_N024_C04,doe,C04,N024,11.313708499,0,240,400,60,0.001,0.0001,0.08,0.1,2e-07,10000,0,1,12,0,0,0,0,False,800,15,6,8,3,1.6e-05,3.26292013951,7.99410705321,0.260841329013,0.543419435444,8.00482615321,11.7074680328,0.0590598956933,11.3052651713,0.049744990114,-0.00844332772756,0.049744990114,0.3,1918.56711977,1918.56711977,-8.44200476152,1920,-0,0,0,0,0.00246198341101,-0.172922834754,60,0.5,0.75,True,True,True,True,True,True,True,7.99410705321,0.000500263667641,0.125740834229,0.0191329522177,0.157199455319,0.00854586368898,0.107595973743,0.00428529990353,0.0776302847367,0.00314381864644,0.0597691263015,0.00168410641982,0.0456204380519,0.00145500913836,0.035140338873,0.000920733745598,0.0296382735759,0.000845393819842,0.0239286721396,0.000726389563126,0.0194277644336,0.000630881621906,0.015910294319,0.00049702694947,0.0129602089384,0.000463343410461,0.00993906623109,0.000345825477199,0.00870628247148,0.00015581645934,0.00684031613176,0.000422194582777,0.00576684748776,0.000284385765184,0.00444576779012,0.000345372759604,0.00366219473278,0.000260302495544,0.00322707036027,0.000370084511503,46875,46875,46874,90,0d101442eae23499891ca8381127888efa51369ec4ec4b66e8d0530770dec010,950735
doe_N026_C04,doe,C04,N026,11.313708499,11.313708499,240,400,60,0.001,0.0001,0.08,0.1,2e-07,10000,0,1,12,0,0,0,0,False,800,15,6,8,3,1.6e-05,2.23139525644,11.3095935453,0.252361733893,0.525753612277,11.3170850151,16.7173099518,0.0561555186503,11.2545693578,11.3643513186,-0.0591391411993,0.0506428196269,0.32,1909.96375493,1909.96375493,-1928.59437148,1920,-1920,0,0,0,0.0039571270132,-0.172922834754,60,0.5,0.75,True,True,True,True,True,True,True,11.3095935453,0.00359627229501,0.132397376318,0.0150417905184,0.160237690306,0.00839951242451,0.103617768951,0.00647983999194,0.0668532199977,0.00320759996555,0.0466676051877,0.00121298326935,0.0374919010797,0.00231340399801,0.0267555370737,0.0021103174712,0.0162227576667,0.0011554957916,0.00915880314047,0.000522269028205,0.0080952682833,0.000558346446984,0.00523752774085,0.000189336332454,0.00165188579559,0.000349136860433,0.00352455464433,0.000238193846477,0.00283309465694,0.000340360892827,0.00265621209973,0.000710337505418,0.00575312059628,0.000842223316793,0.00690733847719,0.000787291147575,0.00478156193623,0.000873938212043,0.00474352216493,0.00115102706121,46875,46875,46874,90,1f7e2c613a836bfca5fcdabad0da0011e1aabde9172b9acd31326ec791355cdb,934656
doe_N030_C04,doe,C04,N030,22.627416998,-22.627416998,240,400,60,0.001,0.0001,0.08,0.1,2e-07,10000,0,1,12,0,0,0,0,False,800,15,6,8,3,1.6e-05,1.20200574967,22.6235888091,0.271936838266,0.566535079721,22.6273684393,32.6745147705,0.0555224058062,22.720079504,-22.5266848102,0.0926625060518,0.10073218776,0.64,3855.72534873,3855.72534873,3822.90518087,3840,3840,0,0,0,0.00437231009674,-0.172922834754,60,0.5,0.75,True,True,True,True,True,True,True,22.6235888091,0.00418399014214,0.134020068344,0.0169756422674,0.166024553339,0.00741512733686,0.109879674519,0.00545271128606,0.0783700133813,0.00286177501679,0.0595510668858,0.000346220722205,0.0475624674804,0.00126448683572,0.0365477219791,0.00172055682838,0.0292381562096,0.00107042207523,0.0225116393504,0.000998566842672,0.0200648224199,0.0009012574235,0.0173015619512,0.000851021943017,0.0133295521939,0.000673007025529,0.0114932017528,0.000717447309793,0.00989936321336,0.000602925829343,0.00881754463335,0.000449863259352,0.00634025089927,0.000415110564123,0.00549449892697,0.000404873977807,0.00458412373637,0.000466558272036,0.00385544944902,0.000241102733336,46875,46875,46874,90,e143e05d1170abb0c902f3b88f520fef0c26452424e5d2b7bcb425ecd07e1f4b,941060
doe_N033_C04,doe,C04,N033,22.627416998,0,240,400,60,0.001,0.0001,0.08,0.1,2e-07,10000,0,1,12,0,0,0,0,False,800,15,6,8,3,1.6e-05,1.68346660671,15.9942270757,0.269257471822,0.560953066296,15.9996982207,23.0080184937,0.0591541683552,22.6190262829,0.101239879194,-0.00839071503791,0.101239879194,0.452548339959,3838.57604844,3838.57604844,-17.1809772251,3840,-0,0,0,0,0.00295861281514,-0.172922834754,60,0.5,0.75,True,True,True,True,True,True,True,15.9942270757,0.00100758572541,0.126364103562,0.0192403856241,0.158617068064,0.00789050383835,0.110548560664,0.00423086351418,0.0807560293687,0.0028894496386,0.0635373608836,0.00186652316841,0.0497351982701,0.00132047490206,0.0398570805915,0.00112715217963,0.0335798647585,0.000697245891138,0.0285779279483,0.000516595313651,0.0237124127402,0.000499148130503,0.0204502628792,0.000464886387592,0.0173028289793,0.000239563023209,0.0148448343807,0.000409552714443,0.0132475366776,0.000299264588733,0.0116583996727,0.000150504430955,0.0101727053014,0.000214023500346,0.00904713430264,0.000226052141931,0.0081277427239,0.000173684259699,0.00744066780001,7.83526929958e-05,46875,46875,46874,90,76b9e6a702e094f9e87521ee4dd2d73a91fa4008d26bfffdec9ae4f3f5ac224e,948737
doe_N036_C04,doe,C04,N036,22.627416998,22.627416998,240,400,60,0.001,0.0001,0.08,0.1,2e-07,10000,0,1,12,0,0,0,0,False,800,15,6,8,3,1.6e-05,1.20439212783,22.6234192091,0.272474680001,0.567655583335,22.6274299361,32.6911087036,0.0589764545513,22.5172461281,22.7290963354,-0.110170869833,0.101679337407,0.64,3821.3033834,3821.3033834,-3857.25555576,3840,-3840,0,0,0,0.00353670704155,-0.172922834754,60,0.5,0.75,True,True,True,True,True,True,True,22.6234192091,0.0018809785978,0.134480352115,0.0161471147374,0.165855544679,0.00722754778607,0.111801466353,0.00534413567558,0.0769385138296,0.002584225264,0.0574250607958,0.000217233264918,0.0485990050829,0.00159443343929,0.0401687918039,0.00177671546128,0.0295417211694,0.00131984517482,0.0218470964233,0.00102623779479,0.0191073619367,0.000914472831017,0.0181793947491,0.00119491189832,0.0134004615582,0.000702406220324,0.00945575667096,0.000644628247013,0.00902859905453,0.000774211475326,0.0099925360962,0.0005747052086,0.00701380011808,0.000440564980551,0.00366832594235,0.000412947597296,0.00384090511653,0.000479502360448,0.0043355483277,0.000409075612804,46875,46875,46874,90,42a65d2f8e3e651e2815552909ccbdd80de24c0f827b96d164cdfba3e81bc721,936624
doe_N014_C05,doe,C05,N014,5.65685424949,-5.65685424949,240,400,60,0.001,0.0001,0.08,0.1,2e-07,10000,0,1,12,0,0,0,0,False,800,15,6,8,5,1.6e-05,3.16725279782,5.65288941168,0.179041298049,0.37300270427,5.66473356528,8.83282852173,0.0509564511015,5.67352665532,-5.63217655022,0.0166724058239,0.0246776992757,0.3,962.829401092,962.829401092,955.81205556,960,960,0,0,0,0.00351727047459,-0.172922834754,60,0.5,0.75,True,True,True,True,True,True,True,5.65288941168,0.00589391418898,0.126713770798,0.0127419159502,0.0702195509036,0.00644965950655,0.0812225684674,0.00731922539179,0.0428707354133,0.00395227281641,0.0195347578489,0.00103472031842,0.00599455242466,0.000806391129056,0.00457091336467,0.000496196360567,0.0109140333468,0.00194481585596,0.0161993481998,0.00254036946401,0.016767075521,0.00309538074797,0.0159962892716,0.0029901859425,0.0161109526038,0.00338863338379,0.0154215962743,0.00303564953081,0.0129081653995,0.00286267721226,0.00998741578124,0.00222233321429,0.00829058142972,0.00199784129711,0.00673368829655,0.00135693925641,0.00404997404905,0.000849409481273,0.00179918637788,0.000401376271126,46875,46875,46874,90,f677d67fae6ec1987bde763cb673bbf78a7be73e76f64885179a719d467d06cf,933610
doe_N015_C05,doe,C05,N015,5.65685424949,0,240,400,60,0.001,0.0001,0.08,0.1,2e-07,10000,0,1,12,0,0,0,0,False,800,15,6,8,5,1.6e-05,4.72035482851,3.99384647781,0.188523725059,0.392757760539,4.01124232595,6.16641235352,0.056420216706,5.64809742843,0.0247954738424,-0.0087568210588,0.0247954738424,0.3,958.513918187,958.513918187,-4.20793144721,960,-0,0,0,0,0.00138773553861,-0.172922834754,60,0.5,0.75,True,True,True,True,True,True,True,3.99384647781,0.00172211514717,0.12178423183,0.0203245696282,0.067774952346,0.0093655852775,0.0949980156493,0.00585685731323,0.0613030291531,0.00311463633914,0.0414726901447,0.00234099688549,0.0256087016757,0.00119910592754,0.0152062791476,0.000796633149185,0.0100207658463,0.000856662441701,0.00551615732376,0.00045732563329,0.00270994656589,0.000861363126285,0.00162141562737,0.000704079745126,0.00227210152181,0.00100745654524,0.00252989224538,0.000777878789792,0.0020633578112,0.000772442452998,0.00214557784456,0.000711017884159,0.00162019912159,0.000614154070231,0.000923091432553,0.000630556255813,0.000521899201792,0.000355148521205,0.000568698926872,0.000452889728098,46875,46875,46874,90,6f61c2d474668db5d86f981cf4a124983a00e207fb9b941dea94527b662ddce9,940680
doe_N016_C05,doe,C05,N016,5.65685424949,5.65685424949,240,400,60,0.001,0.0001,0.08,0.1,2e-07,10000,0,1,12,0,0,0,0,False,800,15,6,8,5,1.6e-05,3.16963093635,5.65230826139,0.17915731127,0.37324439848,5.66439327722,8.84345340729,0.0527005760262,5.62284925187,5.68161452883,-0.0340049976231,0.0247602793363,0.3,954.229160541,954.229160541,-964.201958741,960,-960,0,0,0,0.00116113357994,-0.172922834754,60,0.5,0.75,True,True,True,True,True,True,True,5.65230826139,0.00553447213331,0.12696666887,0.0125058705214,0.0698572229262,0.010232100395,0.0812675288876,0.00739951864082,0.04142298753,0.00274873746596,0.0188978533017,0.000131922594628,0.00849633588908,0.00050908565778,0.0043129599984,0.00101897280552,0.012054282238,0.00209621004163,0.016292491686,0.00226325771119,0.0154428499793,0.00258341325584,0.0161674643267,0.00283589389867,0.0183882269456,0.00317376025198,0.016207218139,0.00261860597092,0.0117485177554,0.00254686452845,0.010000464765,0.00225220914297,0.0100933784342,0.0019708696294,0.00710729029939,0.00129624153081,0.00289800227506,0.000924719091126,0.00188334963679,0.000549575091775,46875,46875,46874,90,98f60d05fcd7d65c78fb56de2e0e5cdb9b4bc30cd1d13c05e101ecd7849b6c6c,926281
doe_N022_C05,doe,C05,N022,11.313708499,-11.313708499,240,400,60,0.001,0.0001,0.08,0.1,2e-07,10000,0,1,12,0,0,0,0,False,800,15,6,8,5,1.6e-05,1.87715818045,11.3096542098,0.21230009918,0.442291873291,11.3160961072,16.8097610474,0.0543211854682,11.355891027,-11.2632275869,0.0421825279907,0.0504809120758,0.32,1927.15861238,1927.15861238,1911.43310514,1920,1920,0,0,0,0.00185355927352,-0.172922834754,60,0.5,0.75,True,True,True,True,True,True,True,11.3096542098,0.00351639781288,0.131882674923,0.0145953478499,0.0790313518974,0.00695305362666,0.104720374132,0.00727824653047,0.0708369121158,0.003871363236,0.0496540353996,0.00119264178736,0.036791679273,0.00154704890097,0.0254297186576,0.00222864263508,0.0175085145057,0.00139071059248,0.0104701846289,0.000830983816902,0.00806326148396,0.000422178516499,0.00545770586697,0.000518914249637,0.0016107634248,0.00029906854172,0.00101756310972,0.000158601492126,0.00245765595843,0.000428641127829,0.00275894287406,0.000397402547949,0.00441458643868,0.000850317539377,0.0052564747702,0.000690328222666,0.00501898380914,0.000886924028334,0.00497122045536,0.00100982864752,46875,46875,46874,90,c27c244e573707e2f8f52e0f73704916cbb020211a3403fed72e0a8accbfce16,939964
doe_N024_C05,doe,C05,N024,11.313708499,0,240,400,60,0.001,0.0001,0.08,0.1,2e-07,10000,0,1,12,0,0,0,0,False,800,15,6,8,5,1.6e-05,2.80877703696,7.9938903492,0.224530556488,0.467771992683,8.0035087371,11.8259773254,0.0588875367663,11.3049551924,0.050536408252,-0.00875330661044,0.050536408252,0.3,1918.51451461,1918.51451461,-8.57631287323,1920,-0,0,0,0,0.00208815265531,-0.172922834754,60,0.5,0.75,True,True,True,True,True,True,True,7.9938903492,0.000381910101789,0.125259680265,0.0189023540709,0.073645959121,0.00859099926127,0.110912895324,0.00509665385429,0.0800576645848,0.00277533834807,0.0616628877717,0.00212339633642,0.0468375174309,0.00130864039833,0.0365116135493,0.00104344061173,0.0304177959294,0.00064189415061,0.0251660603943,0.000505415512339,0.020199142089,0.00049297806113,0.0165654988152,0.000428390578932,0.0133523944615,0.000431105448909,0.011232908669,0.00035997970557,0.00943610743518,0.000412291182871,0.00735713120265,0.000229357065656,0.00618282464418,0.000331317845992,0.00540089420953,0.000154424742532,0.00421214862793,0.000347313980633,0.00349156897763,0.000334651713933,46875,46875,46874,90,d20ca98a6aeb6afff6c2d5222450219c39c6f711530b4b68f14fbf74b525ba7a,952700
doe_N026_C05,doe,C05,N026,11.313708499,11.313708499,240,400,60,0.001,0.0001,0.08,0.1,2e-07,10000,0,1,12,0,0,0,0,False,800,15,6,8,5,1.6e-05,1.88232565815,11.3092132686,0.212876223089,0.443492131434,11.3158946156,16.8282222748,0.0562793298091,11.254026706,11.364131837,-0.0596817929795,0.0504233379889,0.32,1909.87166387,1909.87166387,-1928.55712421,1920,-1920,0,0,0,0.00331311927179,-0.172922834754,60,0.5,0.75,True,True,True,True,True,True,True,11.3092132686,0.00329818315711,0.132477364135,0.0144814092186,0.0784354790079,0.00915772449449,0.105507320751,0.00672221058023,0.0695161493386,0.00280500685848,0.0485754136647,0.00118401558353,0.038846463697,0.00219868722052,0.0277181818303,0.00214282708037,0.0172884332597,0.000955162651551,0.0103501501867,0.00055465255921,0.00858388981034,0.000510829484467,0.00565266969194,0.000449419338653,0.00138421819988,0.000190681093966,0.00270603744038,0.000146363370445,0.00241894635575,0.000264909078836,0.00207068753127,0.000557143285133,0.00542110028223,0.000784518873052,0.00633113108198,0.000683975092027,0.00438878813712,0.000840484454603,0.00442350802418,0.00106131910752,46875,46875,46874,90,59e66c49387c372c31a8a4a87ed41525d59c854d6c1afc92dbed81f70df10a2e,933258
doe_N030_C05,doe,C05,N030,22.627416998,-22.627416998,240,400,60,0.001,0.0001,0.08,0.1,2e-07,10000,0,1,12,0,0,0,0,False,800,15,6,8,5,1.6e-05,1.02941908347,22.6233111656,0.232888682452,0.485184755109,22.6266544801,32.7928657532,0.0559825259994,22.7200418087,-22.5261651508,0.0926248107339,0.101251847135,0.64,3855.71895163,3855.71895163,3822.81699175,3840,3840,0,0,0,0.00484178610164,-0.172922834754,60,0.5,0.75,True,True,True,True,True,True,True,22.6233111656,0.00394573141527,0.133534581998,0.0161784101647,0.0820486609239,0.00766897450031,0.112452027581,0.00518030761221,0.080232743204,0.00321354910032,0.0608297049989,0.000570305920573,0.0484029914886,0.00179150323345,0.0373171132921,0.00176209143712,0.0298064452096,0.00111141384711,0.0229990532271,0.00099495979024,0.0206829152205,0.00138095854649,0.0176572943828,0.000883535752885,0.0136358360447,0.00067880336481,0.0114873912135,0.000696750602947,0.010072373194,0.000842041648814,0.00881849644851,0.000543150179716,0.00657581181528,0.000298317744761,0.00550030320677,0.000409916821989,0.00484836950873,0.000488076294308,0.00409896589488,0.000324311922428,46875,46875,46874,90,b9bc20644362edc0212366d0a5c637e9cf90ae04e880816f557f748b9205be3e,940215
doe_N033_C05,doe,C05,N033,22.627416998,0,240,400,60,0.001,0.0001,0.08,0.1,2e-07,10000,0,1,12,0,0,0,0,False,800,15,6,8,5,1.6e-05,1.44974249669,15.9938323633,0.23186938462,0.483061217959,15.9987195063,23.1304988861,0.0593358892019,22.618462849,0.102399604745,-0.00895414894215,0.102399604745,0.452548339959,3838.48043054,3838.48043054,-17.3777891774,3840,-0,0,0,0,0.00257616018931,-0.172922834754,60,0.5,0.75,True,True,True,True,True,True,True,15.9938323633,0.00122944967586,0.125447703109,0.0182758761307,0.0739788647604,0.00847423053025,0.112444877032,0.00481278089545,0.0828252918753,0.0031175198057,0.0645455280489,0.0021532588949,0.0511455791026,0.00174536605834,0.0406336648018,0.00116619179786,0.0346213438575,0.000728267308807,0.0288604827258,0.000584063180557,0.0241180850898,0.000416751942942,0.0203714331851,0.000254619786804,0.0173276574649,0.000297795389248,0.0147139747132,0.000202248372119,0.01316571301,0.000184690770718,0.0115736919995,0.000408120280192,0.0102576312857,0.000292866150914,0.00918689093788,0.000306628171758,0.00835713533149,0.000334413692872,0.00732540831786,0.000237575174994,46875,46875,46874,90,912ce7d971411fb0df8a82213929682be976173bce61c8822b672def0242cbea,949154
doe_N036_C05,doe,C05,N036,22.627416998,22.627416998,240,400,60,0.001,0.0001,0.08,0.1,2e-07,10000,0,1,12,0,0,0,0,False,800,15,6,8,5,1.6e-05,1.03156111639,22.6227986446,0.233367994258,0.486183321371,22.6263722474,32.8114814758,0.0587598459187,22.5172465147,22.7278605774,-0.110170483227,0.100443579409,0.64,3821.30344901,3821.30344901,-3857.04584067,3840,-3840,0,0,0,0.00346988309962,-0.172922834754,60,0.5,0.75,True,True,True,True,True,True,True,22.6227986446,0.0019606835592,0.133999730673,0.0158514431592,0.0814298888004,0.00801548023958,0.113764227806,0.00556399976995,0.0796930602868,0.00268301680649,0.0588350174031,6.8258544055e-05,0.0493434831865,0.00159327719785,0.0401137736408,0.00187235566598,0.030482981921,0.00126291840181,0.0224711401182,0.000957436032929,0.0196507782694,0.000843256741574,0.0179663995175,0.000876952834902,0.013824297642,0.000769056223028,0.00975213746351,0.000718377563784,0.00926026567405,0.0007271628776,0.00955528146078,0.000515382098604,0.00698917425242,0.000474639246364,0.00386458401498,0.000530386407708,0.00412937043084,0.0005037425957,0.0041972404873,0.000277341825365,46875,46875,46874,90,55d71422d0c2a31f5e31b4f0804c6ac7914f2d5e0ffc15e26dce7e3f5fbdff2a,936369
doe_N014_C06,doe,C06,N014,5.65685424949,-5.65685424949,240,400,60,0.001,0.0001,0.08,0.1,2e-07,10000,0,1,12,0,0,0,0,False,800,15,6,8,7,1.6e-05,2.94447534603,5.65281388276,0.166445711135,0.346761898198,5.664280945,8.79002189636,0.0518666446074,5.67359634443,-5.6319547323,0.0167420949363,0.0248995171968,0.3,962.841227727,962.841227727,955.77441181,960,960,0,0,0,0.00337683415191,-0.172922834754,60,0.5,0.75,True,True,True,True,True,True,True,5.65281388276,0.00665489739536,0.127247020129,0.0130722849392,0.0706773330779,0.00719031790614,0.0404388896307,0.00699711922363,0.0468149006272,0.00449709090156,0.0225020055853,0.00123441466474,0.00882420502409,0.000636742216876,0.00242796877112,0.000632356224084,0.0090961211888,0.00118195552419,0.0147430409983,0.00252310802361,0.0150933999697,0.0025310619758,0.0147377946556,0.00284650985806,0.015650591627,0.00285130446342,0.0154405914154,0.00301710522057,0.0134391516711,0.00272216037945,0.0107025017437,0.00238059116482,0.00906902839071,0.0021265807476,0.00762618439919,0.0017164233695,0.00523899974547,0.00115417679031,0.00291399502293,0.000560882848381,46875,46875,46874,90,16fe0f0c9bae9e1013fc8af0355b6321bce74f11696fe6490f77a7b31464518c,934366
doe_N015_C06,doe,C06,N015,5.65685424949,0,240,400,60,0.001,0.0001,0.08,0.1,2e-07,10000,0,1,12,0,0,0,0,False,800,15,6,8,7,1.6e-05,4.36996043203,3.99406797175,0.174539189994,0.363623312487,4.01084124298,6.10109424591,0.0572121180526,5.64840908459,0.0251543026365,-0.00844516489869,0.0251543026365,0.3,958.566807992,958.566807992,-4.26882671287,960,-0,0,0,0,0.00133572458266,-0.172922834754,60,0.5,0.75,True,True,True,True,True,True,True,3.99406797175,0.00238284767504,0.122528360871,0.0192932241896,0.0683880081008,0.0095304019068,0.0469765931589,0.00513466757924,0.0668969053885,0.00376439867151,0.0455117164657,0.00199458171981,0.0297088435707,0.0017270572898,0.0183153894532,0.00074485216864,0.0132573418457,0.000712158891315,0.00734536450345,0.000725754963842,0.0047821335439,0.000478089982477,0.00230469587289,0.00084795363299,0.00150969041779,0.000587419766218,0.00243422871123,0.000945860200568,0.00156395208466,0.000711233276831,0.00236180463663,0.000709553056025,0.00164386617417,0.000600628017251,0.00166265169578,0.000515661416489,0.000683724405514,0.000484093913217,0.000601255440957,0.000366399355829,46875,46875,46874,90,d3092d90279008e418c28b611cd303e60bbac0e22883ab1ccd9b8f0506ab3d03,936923
doe_N016_C06,doe,C06,N016,5.65685424949,5.65685424949,240,400,60,0.001,0.0001,0.08,0.1,2e-07,10000,0,1,12,0,0,0,0,False,800,15,6,8,7,1.6e-05,2.94614774925,5.65248687879,0.166530614956,0.346938781159,5.66419700228,8.80963802338,0.0536488154598,5.62272694685,5.68209094532,-0.0341273026422,0.0252366958278,0.3,954.208404691,954.208404691,-964.282809301,960,-960,0,0,0,0.00244644913599,-0.172922834754,60,0.5,0.75,True,True,True,True,True,True,True,5.65248687879,0.00583477366412,0.127640021328,0.0126829691302,0.0704248161759,0.00921181856546,0.0403329493178,0.00703354258437,0.0453937886624,0.00273428323047,0.0216790398501,0.000204445174612,0.0113306436823,0.000840073829526,0.00353753650974,0.000923285605377,0.0101585384647,0.00158154004285,0.0148039445401,0.0020500564981,0.0138459105489,0.00232036955871,0.0150081392762,0.00292560611431,0.017479243154,0.00282757962821,0.016520954786,0.00255256452027,0.0120365951924,0.00255940890924,0.0108993072743,0.0025296370785,0.0106716253669,0.00206748359656,0.00831257418019,0.00139004912375,0.00372019646897,0.00113025084621,0.00310166648171,0.000898120380798,46875,46875,46874,90,f08086ae627fabe21c42a7324d5546d2d42af7ab539c59ab3d8bd710a739aa97,927078
doe_N022_C06,doe,C06,N022,11.313708499,-11.313708499,240,400,60,0.001,0.0001,0.08,0.1,2e-07,10000,0,1,12,0,0,0,0,False,800,15,6,8,7,1.6e-05,1.71335790771,11.3096001697,0.193773928838,0.403695685079,11.3157106967,16.7414588928,0.0546393431258,11.3554961328,-11.2635171938,0.041787633784,0.0501913051498,0.32,1927.09159661,1927.09159661,1911.48225307,1920,1920,0,0,0,0.00238010835567,-0.172922834754,60,0.5,0.75,True,True,True,True,True,True,True,11.3096001697,0.00370761059146,0.132274972617,0.0148858811493,0.0786959773641,0.00716503806733,0.0510449915618,0.00699100281545,0.0734452975579,0.00405325993834,0.0515507466371,0.00104093107379,0.0382398932064,0.0017755932918,0.0264545864921,0.00190519581873,0.0184095473981,0.00147703385182,0.0112331293487,0.00066315472233,0.0087407720501,0.00052117700907,0.006139361034,0.000302993582276,0.00219830271483,0.000185545304353,0.000396831512448,0.000317758933799,0.00150101841244,8.26476845132e-05,0.00211185115699,0.000562994148817,0.0040302742846,0.000605886437538,0.00484169111679,0.000744480062767,0.00457299331149,0.000601690961069,0.00469808290556,0.00103122518197,46875,46875,46874,90,f00e4a7c56d7b0b1893fa3a3c528c6ca5ffe60ecae2f5c6f187bfdf02f969b95,938810
doe_N024_C06,doe,C06,N024,11.313708499,0,240,400,60,0.001,0.0001,0.08,0.1,2e-07,10000,0,1,12,0,0,0,0,False,800,15,6,8,7,1.6e-05,2.56460354138,7.994571705,0.205029069065,0.427143893885,8.00367049368,11.7508172989,0.0593373688526,11.3059199413,0.050276973275,-0.00778855769415,0.050276973275,0.3,1918.67823793,1918.67823793,-8.53228529766,1920,-0,0,0,0,0.00207049614504,-0.172922834754,60,0.5,0.75,True,True,True,True,True,True,True,7.994571705,0.000333615816881,0.125487606011,0.0182598352493,0.0727274343482,0.00825575837416,0.0542448515802,0.00490253536837,0.0826173720521,0.0031807880835,0.0638589714039,0.00179930452116,0.0478464440509,0.00161669048506,0.037537275,0.000931303718337,0.0313748117999,0.000824366736143,0.0259574295279,0.000490884941302,0.020524453076,0.000636294154353,0.0175460817387,0.00041848874435,0.0144574295916,0.000385804914765,0.01134958888,0.000322476729938,0.00996295760154,0.000275436592737,0.00841583050165,0.00032364526503,0.00686745140505,0.00027292005175,0.00532568386917,0.00036469645108,0.00470986448026,0.000212273932476,0.00427045109569,0.000417417344715,46875,46875,46874,90,edb2a94902d3eb403fad90527ac72db7b46a429c6e7c2522a05ae6a4da6c3f9f,950494
doe_N026_C06,doe,C06,N026,11.313708499,11.313708499,240,400,60,0.001,0.0001,0.08,0.1,2e-07,10000,0,1,12,0,0,0,0,False,800,15,6,8,7,1.6e-05,1.715191897,11.3098034586,0.193984832489,0.404135067686,11.3161496647,16.7632598877,0.0569633884037,11.2544358311,11.3649013489,-0.0592726679064,0.0511928499274,0.32,1909.9410947,1909.9410947,-1928.68771472,1920,-1920,0,0,0,0.00300231482148,-0.172922834754,60,0.5,0.75,True,True,True,True,True,True,True,11.3098034586,0.00338443633768,0.132816270637,0.0143051616344,0.0779937785773,0.00830447604551,0.0517815695861,0.00644435264088,0.0720359447615,0.00300193875778,0.0507688767544,0.00112364047842,0.0397904834639,0.00262050359081,0.0290882286811,0.00188842642595,0.0179353032659,0.00111178717838,0.0111766043614,0.000726202601733,0.00889518182863,0.000979212320439,0.00647933962203,0.000141950206195,0.00172557848143,0.00020645854585,0.00170695179698,0.000304182253922,0.00215514630766,0.000258061995496,0.00161467405509,0.000592305436664,0.00492777130088,0.000721130614084,0.00590623354462,0.000695479329015,0.00436494370232,0.000577735387531,0.00418526684951,0.00101327064377,46875,46875,46874,90,8f8fa92024919f5b71aee15c1304c394a7b1f4e3dd3f4233aea6c335326ba146,933131
doe_N030_C06,doe,C06,N030,22.627416998,-22.627416998,240,400,60,0.001,0.0001,0.08,0.1,2e-07,10000,0,1,12,0,0,0,0,False,800,15,6,8,7,1.6e-05,0.941558805761,22.6234220526,0.213012822501,0.443776713543,22.6265689488,32.7057647705,0.0558273088666,22.7203018453,-22.5261256056,0.0928848472991,0.101291392349,0.64,3855.76308129,3855.76308129,3822.8102807,3840,3840,0,0,0,0.00346187569915,-0.172922834754,60,0.5,0.75,True,True,True,True,True,True,True,22.6234220526,0.00365849171804,0.133675822921,0.0157118579612,0.081577658099,0.00741452428631,0.0550091239642,0.00579678178696,0.0826877757847,0.0032859639815,0.0621632346358,0.000806259670679,0.0495658885448,0.00165127812537,0.0380541259205,0.00185485615321,0.0301664977371,0.00112538475134,0.0235393936429,0.00116965603624,0.021010742016,0.0011368828149,0.0178808957577,0.00115423039155,0.0135677890067,0.000460408080523,0.0114910018716,0.000780160949992,0.0101640819962,0.000828269833777,0.00903359023063,0.00068654001364,0.00649103048131,0.0002973855618,0.00563563258383,0.000405795544924,0.00496827725644,0.000503067224292,0.00431465109232,0.000413929952863,46875,46875,46874,90,7a1ab673c2901ed2fe8ffdeefd4a7d085ada75d85afc6411883333ff54c26f49,940040
doe_N033_C06,doe,C06,N033,22.627416998,0,240,400,60,0.001,0.0001,0.08,0.1,2e-07,10000,0,1,12,0,0,0,0,False,800,15,6,8,7,1.6e-05,1.31858722952,15.994167764,0.210897053603,0.439368861674,15.9987652081,23.0435428619,0.0593965535124,22.6189465242,0.100314795878,-0.00847047372031,0.100314795878,0.452548339959,3838.56251294,3838.56251294,-17.0239853805,3840,-0,0,0,0,0.00315275527895,-0.172922834754,60,0.5,0.75,True,True,True,True,True,True,True,15.994167764,0.000750974701076,0.125502477037,0.0185779260482,0.0735923780804,0.00768746810993,0.0541608019198,0.00450667959478,0.0849616643937,0.00196593408288,0.0657335049908,0.00120790934971,0.0513037994128,0.000674540455512,0.0405384351231,0.000693286420302,0.0342266289907,0.000514121688847,0.0288676797723,0.000485706093956,0.0239447721615,0.000335372840289,0.0204804781739,0.00035241010248,0.0173339637405,0.000174939239672,0.0148472094093,0.000199559479547,0.0131404016154,0.00014144448861,0.0115611270432,8.5044137811e-05,0.0101770372364,0.000156180082819,0.00912478381988,9.98304691672e-05,0.00810361577523,0.000153382742605,0.00728166517067,0.00010802363778,46875,46875,46874,90,7079dc03444c83e947ce412fa6698479770f23f0d1deab1deb03795434a400ce,948028
doe_N036_C06,doe,C06,N036,22.627416998,22.627416998,240,400,60,0.001,0.0001,0.08,0.1,2e-07,10000,0,1,12,0,0,0,0,False,800,15,6,8,7,1.6e-05,0.938928426646,22.6233136758,0.212416723152,0.442534839899,22.6266814306,32.7323760986,0.0585765627985,22.5175745225,22.7285609086,-0.109842475508,0.101143910613,0.64,3821.35911377,3821.35911377,-3857.16469082,3840,-3840,0,0,0,0.00422093631355,-0.172922834754,60,0.5,0.75,True,True,True,True,True,True,True,22.6233136758,0.00212970363878,0.13339605009,0.0154096699144,0.0813230397901,0.00777621987291,0.0555792496861,0.00605396662042,0.0817752752591,0.00283139692169,0.0598413306356,7.04630283831e-05,0.0501996346268,0.00155978002714,0.0412285148474,0.00204733025076,0.0308730980887,0.00116259698631,0.0225956452175,0.000772392942796,0.01990113558,0.000902575389674,0.0184175979287,0.00106835451055,0.0140290074086,0.000779428231702,0.00960379313838,0.000627363944455,0.00910565382284,0.000530251420504,0.00992151782894,0.000715445083197,0.00735425754912,0.000501219466155,0.00408930976853,0.000421168764126,0.00410367467384,0.000428233870577,0.00432108680096,0.00036668585376,46875,46875,46874,90,91f68c5111208c2f88b1fd4c66b90ed0469154c790815ba719e7f43cd1ad6959,936791
doe_N014_C07,doe,C07,N014,5.65685424949,-5.65685424949,240,400,60,0.001,0.0001,0.08,0.1,2e-07,10000,0,1,12,0,0,0,0,False,800,15,6,16,3,1.6e-05,3.76876295865,5.65254650815,0.21303107902,0.443814747958,5.66557009369,8.76068592072,0.0507197127003,5.67318967882,-5.63182767153,0.0163354293261,0.0250265779631,0.3,962.772214284,962.772214284,955.752848883,960,960,0,0,0,0.0029091236518,-0.172922834754,60,0.5,0.75,True,True,True,True,True,True,True,5.65254650815,0.00651622483412,0.126147619111,0.0149050931434,0.138975610189,0.00694056378598,0.0767924004764,0.00724569217342,0.0390133177248,0.00392304736143,0.0154711749372,0.000999552331843,0.00304659548769,0.00107874037616,0.00748267429603,0.000993329554163,0.0131063620512,0.00244400928103,0.0186825134344,0.00300175238409,0.0184876167828,0.00361686101053,0.0171753502378,0.00324965904453,0.016398659381,0.00352599387071,0.0150661600066,0.00299212724936,0.0122648323567,0.00282436186927,0.00912391525815,0.002053425449,0.00696782760441,0.00171402929589,0.00530934772726,0.00104584941853,0.00258942128648,0.000511467875748,0.000228231776252,0.000231070287432,46875,46875,46874,90,f854c587a71c285feea139770636ac04079b6a4b2cc8d73d47d87bc5d80f8ef6,933718
doe_N015_C07,doe,C07,N015,5.65685424949,0,240,400,60,0.001,0.0001,0.08,0.1,2e-07,10000,0,1,12,0,0,0,0,False,800,15,6,16,3,1.6e-05,5.51343516602,3.99352932417,0.220180650125,0.458709687759,4.01253961363,6.05474185944,0.0564584671537,5.64764857562,0.0248695062667,-0.00920567386928,0.0248695062667,0.3,958.43774534,958.43774534,-4.22049516623,960,-0,0,0,0,0.00107891663291,-0.172922834754,60,0.5,0.75,False,True,True,True,True,True,False,3.99352932417,0.00249458373159,0.121042854927,0.0209581694779,0.141524947929,0.00944187462652,0.0894014531637,0.00547352645089,0.0569135445238,0.00316399589041,0.0361584235912,0.00210822125853,0.0216219289672,0.000807571964483,0.010759756685,0.000703948379272,0.00671318353156,0.000818308982683,0.00260416229979,0.000788539873328,0.00167676743522,0.00120368855765,0.00273929943409,0.000819622103954,0.00279957412589,0.00111561270902,0.0031489411424,0.000589507206562,0.00173664936204,0.00087718138048,0.0016585424935,0.000638945361767,0.000852872671106,0.000544517488789,0.000183801186178,0.000520005533165,0.00080791794402,0.000199156878656,0.00140431037997,0.000560383353256,46875,46875,46874,90,c3dadf9f90f667cd35d5d1db442a0aa8e38faf0660ba240a3da39bb0a1626fbf,937999
doe_N016_C07,doe,C07,N016,5.65685424949,5.65685424949,240,400,60,0.001,0.0001,0.08,0.1,2e-07,10000,0,1,12,0,0,0,0,False,800,15,6,16,3,1.6e-05,3.77067191779,5.65218040721,0.213125179358,0.444010790328,5.66543858513,8.75340938568,0.0525781784842,5.62312866392,5.68108358857,-0.0337255855694,0.024229339074,0.3,954.276578339,954.276578339,-964.111855191,960,-960,0,0,0,0.00279643703897,-0.172922834754,60,0.5,0.75,True,True,True,True,True,True,True,5.65218040721,0.00610931762842,0.126452167227,0.0139647392363,0.138626973878,0.009508490678,0.0771488663992,0.00714597605098,0.0376504939613,0.00265347214954,0.0147096275971,0.00019859168498,0.00539880648204,0.000186225799148,0.00675017148214,0.00147678359116,0.0145934243174,0.00235081402787,0.0190583675208,0.00247655914198,0.017390849771,0.00308954705599,0.0174363578299,0.0033348109192,0.0186131613536,0.00326554359307,0.0160171201619,0.00257343114281,0.0109733148527,0.0025814236702,0.00904050481645,0.00247762581901,0.00887676072797,0.00180666040075,0.00590896865052,0.000889752050488,0.00128024902244,0.000635660418053,0.000947674649847,0.0003564135093,46875,46875,46874,90,0dc85af5daa40ba802c3074aeb03d924880d6942d1e7ceda04eacf54cd4c0518,927139
doe_N022_C07,doe,C07,N022,11.313708499,-11.313708499,240,400,60,0.001,0.0001,0.08,0.1,2e-07,10000,0,1,12,0,0,0,0,False,800,15,6,16,3,1.6e-05,2.22788151869,11.3094989309,0.251962236537,0.524921326119,11.3167570544,16.7141094208,0.0542051818742,11.3552907648,-11.2635209318,0.0415822658416,0.0501875672153,0.32,1927.05674452,1927.05674452,1911.48288741,1920,1920,0,0,0,0.00325952953482,-0.172922834754,60,0.5,0.75,True,True,True,True,True,True,True,11.3094989309,0.00426296011408,0.132226198944,0.0165899655636,0.159102549487,0.00713763467392,0.10305255157,0.00675578814377,0.0694491690113,0.00427320159803,0.0486115955511,0.00118352150286,0.0356811215055,0.00202061949784,0.0243612145545,0.00197570468823,0.0166813709467,0.00145154478964,0.00954965686802,0.000615839504733,0.00723826244507,0.000736272793911,0.00452240497294,0.00039808022782,0.00102733538588,8.48228061869e-05,0.00186650836989,0.00045766393771,0.00302204815879,0.00036594908817,0.00343540331728,0.000749397680398,0.00496835138246,0.00085986902217,0.00597357137671,0.000990323164837,0.00563077815416,0.000948524798975,0.00541815705214,0.00114042682679,46875,46875,46874,90,4c586fab2917e0d29e00e410944f4b1f7778362dacaf52a951ececec5a359766,940384
doe_N024_C07,doe,C07,N024,11.313708499,0,240,400,60,0.001,0.0001,0.08,0.1,2e-07,10000,0,1,12,0,0,0,0,False,800,15,6,16,3,1.6e-05,3.26719338944,7.99364537987,0.261167853427,0.544099694639,8.00437582189,11.7076072693,0.0589788336896,11.3046101115,0.0502309207755,-0.00909838748758,0.0502309207755,0.3,1918.45595244,1918.45595244,-8.52446992935,1920,-0,0,0,0,0.00214047152413,-0.172922834754,60,0.5,0.75,True,True,True,True,True,True,True,7.99364537987,0.000607925422773,0.125458597612,0.0195893795881,0.155912824662,0.00850481766731,0.108825933029,0.00443902163454,0.0791555893865,0.00309056410959,0.0605654805932,0.00193248017118,0.0462386605175,0.00174775044983,0.0353341142289,0.000973630277025,0.0297120376389,0.000809813993608,0.0235868170633,0.000595469607775,0.0191506667993,0.000396746154421,0.0155876455976,0.000536290736556,0.0125849172369,0.000242589549083,0.00984922631374,0.000555760947684,0.00864866932387,0.000137636911566,0.00677769862761,0.000337775347355,0.00562091531669,0.000195095068477,0.00445847390608,0.00029097405297,0.00357018420527,0.000256586142167,0.00342449948437,0.000278621153711,46875,46875,46874,90,6e4d08a7af3ff0936e39a9769e78450ff9145762e790409e173f1b8e2b7f252c,950112
doe_N026_C07,doe,C07,N026,11.313708499,11.313708499,240,400,60,0.001,0.0001,0.08,0.1,2e-07,10000,0,1,12,0,0,0,0,False,800,15,6,16,3,1.6e-05,2.22876932414,11.3092562683,0.252057234496,0.525119238534,11.3167421136,16.7176761627,0.0564312004051,11.2540234231,11.3642206717,-0.0596850758503,0.0505121727203,0.32,1909.87110675,1909.87110675,-1928.57219997,1920,-1920,0,0,0,0.00270815386459,-0.172922834754,60,0.5,0.75,True,True,True,True,True,True,True,11.3092562683,0.00364568012284,0.132484537643,0.0155690083341,0.15865151415,0.0083587092716,0.104128899296,0.00655066645502,0.0678444258207,0.00312651878151,0.0470400891006,0.00119263686504,0.0377860245064,0.00237455711264,0.0268741104188,0.00182151277121,0.0163317243873,0.00106788009865,0.0089627588807,0.000704022101581,0.00815187402255,0.000625619345631,0.00508023818268,0.00033261476639,0.00191377452182,0.000218131430423,0.00366242548665,0.000314510579874,0.00299487348981,0.000489355146334,0.00254038984839,0.000787870617827,0.00587035302322,0.000846036183945,0.0072385000704,0.0007721107666,0.00504069105913,0.000868031820102,0.00477162871664,0.00111777109713,46875,46875,46874,90,e23570a8a8814b97ad356236a34323725086a8b742b2398c25ceb10a0ee4c31f,934038
doe_N030_C07,doe,C07,N030,22.627416998,-22.627416998,240,400,60,0.001,0.0001,0.08,0.1,2e-07,10000,0,1,12,0,0,0,0,False,800,15,6,16,3,1.6e-05,1.20657512826,22.6235693336,0.272970360703,0.568688251465,22.6273610949,32.6839561462,0.055461922128,22.7200260191,-22.5266996357,0.0926090211181,0.100717362247,0.64,3855.71627204,3855.71627204,3822.90769684,3840,3840,0,0,0,0.00335231893804,-0.172922834754,60,0.5,0.75,True,True,True,True,True,True,True,22.6235693336,0.0041461423205,0.13408068329,0.0177003910599,0.165384859042,0.00773065789299,0.111481294018,0.00543187939685,0.0794465695382,0.00325498387257,0.0603721814398,0.000558325472146,0.0481297803147,0.0015726352275,0.0371935169119,0.00184654023126,0.0291749057726,0.00128325512278,0.0223737632318,0.00123680912471,0.0201948757251,0.00124817553812,0.0175424112152,0.000888442447762,0.0132722180135,0.000853734001732,0.0112410794763,0.000870275500485,0.00987482888509,0.000990609530019,0.00887234165881,0.000541476065195,0.00627643454077,0.000529098898821,0.0053154768163,0.000567630760408,0.00473902627364,0.000557346838045,0.00406799775486,0.00029694161501,46875,46875,46874,90,41140547dea8cd5aea4711ae17a784d9d70bdb945371765862df040bed76c851,941018
doe_N033_C07,doe,C07,N033,22.627416998,0,240,400,60,0.001,0.0001,0.08,0.1,2e-07,10000,0,1,12,0,0,0,0,False,800,15,6,16,3,1.6e-05,1.68703603645,15.994262285,0.269828968513,0.562143684403,15.9997446481,23.0139541626,0.0594350535626,22.619074753,0.10153522713,-0.00834224494103,0.10153522713,0.452548339959,3838.58427409,3838.58427409,-17.2310994319,3840,-0,0,0,0,0.00272252827247,-0.172922834754,60,0.5,0.75,True,True,True,True,True,True,True,15.994262285,0.000671855577561,0.126429228526,0.0196781512173,0.156990255953,0.00826717723699,0.111878940266,0.00425760976824,0.0821238377021,0.0028939890559,0.0643913609554,0.00146090069239,0.0503047537549,0.0014717456581,0.0405223275025,0.000937090487161,0.0339069361651,0.000721988434102,0.0286125118502,0.000282018179394,0.023888768908,0.000516832908593,0.0205890315038,0.000212412079316,0.0173328898781,0.000360048362876,0.015031519849,0.000219463891705,0.0133383521655,0.000216893026525,0.0115099631279,0.000160911160615,0.0102546844038,0.000110141343887,0.00910657714311,0.000147510059308,0.00812031464383,0.0001156634141,0.00738949766402,0.0001718501988,46875,46875,46874,90,666d5cefc044cd6fbabf96b38f2b9fb071eac08f244d6eb724d2d3d85aa069bb,948122
doe_N036_C07,doe,C07,N036,22.627416998,22.627416998,240,400,60,0.001,0.0001,0.08,0.1,2e-07,10000,0,1,12,0,0,0,0,False,800,15,6,16,3,1.6e-05,1.20608675816,22.6236496168,0.272860842239,0.568460087998,22.6276637968,32.692363739,0.0586038861319,22.5179608099,22.7288469775,-0.109456188044,0.101429979524,0.64,3821.42466893,3821.42466893,-3857.21323832,3840,-3840,0,0,0,0.00405910963964,-0.172922834754,60,0.5,0.75,True,True,True,True,True,True,True,22.6236496168,0.00212778321429,0.13455497676,0.0168528532411,0.164222291838,0.00746598312965,0.113494792396,0.00567850796144,0.0782780127313,0.00274913423092,0.0579782254135,0.000389378527339,0.0486633424358,0.00145272261439,0.0406561884264,0.00182491264658,0.0297002302272,0.00141273729894,0.0218662582413,0.000971569898258,0.0189502358624,0.000840813295474,0.0182413020679,0.000886004834804,0.0135380903299,0.000730319167397,0.00943966201073,0.000822840704842,0.0087661058242,0.000563446932012,0.00973333848766,0.000553899775231,0.00701109489353,0.000449695844809,0.00384720392702,0.000446593379048,0.00370223739491,0.000497581675772,0.00419465143207,0.000283811796382,46875,46875,46874,90,96c4ad08e9c13166a0cebcacb3d481667de275a2fdf37090aaba96b43a71014e,936268
doe_N014_C08,doe,C08,N014,5.65685424949,-5.65685424949,240,400,60,0.001,0.0001,0.08,0.1,2e-07,10000,0,1,12,0,0,0,0,False,800,15,6,16,5,1.6e-05,3.16621775815,5.65279364168,0.178979756115,0.372874491906,5.66463452756,8.82935905457,0.0507769712761,5.6735439561,-5.6319668757,0.0166897066125,0.0248873737914,0.3,962.832337133,962.832337133,955.776472614,960,960,0,0,0,0.00284545947162,-0.172922834754,60,0.5,0.75,True,True,True,True,True,True,True,5.65279364168,0.00592013651307,0.126072013744,0.0132075156705,0.0695288979163,0.00647006310678,0.0816545573974,0.00752508078453,0.0437591724518,0.00427148010912,0.0199729278042,0.00103415109433,0.0062781147243,0.00075696487222,0.00471804133343,0.000332551738092,0.011220051006,0.00206472418701,0.0165719488845,0.00258116861673,0.0169479069877,0.0032057405621,0.0161420588764,0.0030597499117,0.0164264149452,0.00352092099741,0.0155699757037,0.00302742898646,0.0129731409877,0.00293453464331,0.00991791961505,0.00231321080038,0.00827424321883,0.00212466204763,0.00673505001458,0.00138011283618,0.00407122751146,0.000970072873495,0.00179487161822,0.000360466851115,46875,46875,46874,90,cc3851b2bad52264201f617f667cf3c5d6204516ea0dcdd8a69e8e879bd6fdce,933103
doe_N015_C08,doe,C08,N015,5.65685424949,0,240,400,60,0.001,0.0001,0.08,0.1,2e-07,10000,0,1,12,0,0,0,0,False,800,15,6,16,5,1.6e-05,4.72148570765,3.99394507707,0.188573545985,0.392861554136,4.01134346853,6.16559314728,0.0564473050944,5.64823585088,0.0250265884564,-0.00861839861692,0.0250265884564,0.3,958.537409255,958.537409255,-4.2471528978,960,-0,0,0,0,0.00161337320771,-0.172922834754,60,0.5,0.75,True,True,True,True,True,True,True,3.99394507707,0.00174006687927,0.120903389695,0.0201836673245,0.0673922740434,0.009444685024,0.0952618716804,0.00590196456032,0.0627079503027,0.00306588066469,0.0421049103791,0.00227593231382,0.0261231939524,0.00109174283532,0.0151782564826,0.000694644257045,0.00962370450391,0.00079633595015,0.00511354821443,0.000548972966334,0.00221436514067,0.000973782294865,0.00149861776267,0.000707720178999,0.00231377522227,0.000906903363603,0.00263257133247,0.000680326358414,0.00217876038214,0.000848507979199,0.00206308084665,0.000690126377856,0.00168813591432,0.000549565726943,0.000915549924437,0.000511616381057,0.000386456605544,0.00038819698202,0.000623733064737,0.000439779974654,46875,46875,46874,90,a170eed63a2e536c97dc7bca9b5889b1bdab90384132291759bdba6e98c44a45,940070
doe_N016_C08,doe,C08,N016,5.65685424949,5.65685424949,240,400,60,0.001,0.0001,0.08,0.1,2e-07,10000,0,1,12,0,0,0,0,False,800,15,6,16,5,1.6e-05,3.1718445204,5.65228618431,0.179281729614,0.373503603363,5.66437363628,8.84877490997,0.0524545589405,5.62303224242,5.68138949724,-0.0338220070719,0.0245352477523,0.3,954.260215067,954.260215067,-964.163769615,960,-960,0,0,0,0.00254227719337,-0.172922834754,60,0.5,0.75,True,True,True,True,True,True,True,5.65228618431,0.00554747578695,0.126458158056,0.0131750519848,0.0691902989896,0.0107745079461,0.081650234101,0.00783636837305,0.0426407588033,0.00287169344859,0.0190576325513,0.000270077514557,0.00854544904161,0.00051336461601,0.00462516947303,0.0011128322013,0.0123930994164,0.00220763317271,0.0167853703685,0.00241286780249,0.0158472732309,0.00286447463402,0.0163045044374,0.00281664276645,0.0184242207488,0.00321280766872,0.016474610227,0.00268850418405,0.0118719799387,0.00263233775765,0.00998153093556,0.00237902911554,0.00998679575204,0.00210182263339,0.0070772902087,0.00123944167596,0.00286187129477,0.000930270449852,0.00168648506173,0.000540323209566,46875,46875,46874,90,58d36ea88b062a246f9a9e5e1ffa7b21f7f9711fa99cdb6e8cd18ecd8c7627d1,926236
doe_N022_C08,doe,C08,N022,11.313708499,-11.313708499,240,400,60,0.001,0.0001,0.08,0.1,2e-07,10000,0,1,12,0,0,0,0,False,800,15,6,16,5,1.6e-05,1.88544284921,11.3097894217,0.213239615913,0.444249199818,11.3162494682,16.8074111938,0.0543313741165,11.3557640091,-11.2636271821,0.0420555101348,0.0500813168786,0.32,1927.13705674,1927.13705674,1911.50091869,1920,1920,0,0,0,0.00352157758756,-0.172922834754,60,0.5,0.75,True,True,True,True,True,True,True,11.3097894217,0.00371599564742,0.131302130609,0.015186727864,0.0786750042204,0.00706815547261,0.105399620266,0.00737073662364,0.0725185977349,0.00409953575531,0.0509729291213,0.00144858938759,0.0374416723014,0.00136515002006,0.0257341100253,0.00219917335205,0.0176089330343,0.00138547456636,0.010433227325,0.00093480336816,0.00777366591442,0.000459836460963,0.00508962024736,0.000386963305497,0.00155340490583,0.000265277505846,0.00128692318716,0.000173894455473,0.00252652725908,0.000473348580564,0.00298038441103,0.000471526568945,0.00475849171558,0.000900402304389,0.0053826935108,0.000821185445719,0.00514702436189,0.000946144449884,0.00514488965932,0.00107023383448,46875,46875,46874,90,267cb7d1b239a06b574d75d0b2358302bb7055768f7608bd98067bbdc3cf338d,939285
doe_N024_C08,doe,C08,N024,11.313708499,0,240,400,60,0.001,0.0001,0.08,0.1,2e-07,10000,0,1,12,0,0,0,0,False,800,15,6,16,5,1.6e-05,2.82606620532,7.9939921571,0.225915510808,0.470657314183,8.00364892901,11.8264217377,0.0587543876529,11.3050975119,0.0509064085388,-0.00861098710913,0.0509064085388,0.3,1918.53866703,1918.53866703,-8.63910400407,1920,-0,0,0,0,0.00230862681167,-0.172922834754,60,0.5,0.75,True,True,True,True,True,True,True,7.9939921571,0.00010076440901,0.124425060787,0.0188465244578,0.073221724246,0.00882278168108,0.111686728141,0.00501385240703,0.0821835728236,0.0027629277407,0.0633567035986,0.00219192997067,0.0482250852057,0.00159936742189,0.0371086770578,0.00138012141631,0.0306367086027,0.000793084717847,0.0251515221308,0.000538790657962,0.020227730423,0.000427849668015,0.0164125166089,0.000496720472411,0.0131490910871,0.000343508677539,0.0108880169521,0.000472434696176,0.00927096178628,0.000486671922399,0.00718924961906,0.000324670903773,0.00598034538169,0.000311294248201,0.00529511088656,0.000182034077134,0.00420776114745,0.000344782334435,0.00349754202042,0.000156334403702,46875,46875,46874,90,74f26cc474ba1c5dd91b818f4299e0536dfe59368d4f3a17c1c0acf671faf510,953207
doe_N026_C08,doe,C08,N026,11.313708499,11.313708499,240,400,60,0.001,0.0001,0.08,0.1,2e-07,10000,0,1,12,0,0,0,0,False,800,15,6,16,5,1.6e-05,1.88635092848,11.3095382472,0.213337579733,0.444453291111,11.3162289459,16.831319809,0.0563426487149,11.2545414132,11.3642689298,-0.0591670857849,0.0505604308193,0.32,1909.95901258,1909.95901258,-1928.58038964,1920,-1920,0,0,0,0.00279259620782,-0.172922834754,60,0.5,0.75,True,True,True,True,True,True,True,11.3095382472,0.00313380965558,0.131105609176,0.0146097227638,0.0780395166881,0.0100425537051,0.106387780312,0.00694111540294,0.0713071473532,0.00288905806027,0.0493262640075,0.00100447288423,0.039289151527,0.00222358207436,0.0284544566372,0.00217484694598,0.0174236328206,0.00108271430437,0.0100857717077,0.00064530391766,0.00812237751751,0.000578825551845,0.00561591404675,0.000420274157643,0.00159203613622,0.000148559194394,0.00290825752734,0.000122376433581,0.00284237240065,0.000352048390296,0.0022934165468,0.000500421900125,0.00557028808714,0.000704999246729,0.00667362268569,0.00068221922501,0.00487848284671,0.000811229606419,0.00462990277389,0.00110659560304,46875,46875,46874,90,abadd862f7f22f790a8700758bf36a31f74833e7359ec3940f42e39a77b010c2,933005
doe_N030_C08,doe,C08,N030,22.627416998,-22.627416998,240,400,60,0.001,0.0001,0.08,0.1,2e-07,10000,0,1,12,0,0,0,0,False,800,15,6,16,5,1.6e-05,1.03759404196,22.6235505544,0.234740612632,0.489042942983,22.6269120744,32.7907714844,0.0555525014751,22.7199830137,-22.5267052901,0.0925660157538,0.100711707862,0.64,3855.70897379,3855.70897379,3822.90865642,3840,3840,0,0,0,0.00272020764485,-0.172922834754,60,0.5,0.75,True,True,True,True,True,True,True,22.6235505544,0.00417833383001,0.13304725089,0.0169318310427,0.0814622447905,0.0083698847442,0.113650890212,0.00558184248518,0.082431604718,0.0032646545829,0.0622061336406,0.000385349487509,0.04965444146,0.00154604669478,0.03804607152,0.00175230684381,0.0305304349726,0.00112056311476,0.023378736206,0.000980448644946,0.0209228083224,0.000947275183372,0.0177178999459,0.000886139487222,0.013740336427,0.000728649227856,0.0114664625397,0.000765371418454,0.0099821698808,0.000757955654787,0.00880465741155,0.000538155118904,0.00650300534541,0.000458441941548,0.00556928729263,0.000423555653335,0.00500671133435,0.000493522960607,0.00411184818511,0.000317626816449,46875,46875,46874,90,149610b056383715678ae70b60454f4bc012ee2277968e778f967d5e10d3e8e9,939580
doe_N033_C08,doe,C08,N033,22.627416998,0,240,400,60,0.001,0.0001,0.08,0.1,2e-07,10000,0,1,12,0,0,0,0,False,800,15,6,16,5,1.6e-05,1.46549609093,15.9937452893,0.234387712008,0.488307733349,15.998671132,23.1304798126,0.0596857033357,22.6183434399,0.1015716108,-0.0090735580769,0.1015716108,0.452548339959,3838.46016613,3838.46016613,-17.2372739454,3840,-0,0,0,0,0.00373127293843,-0.172922834754,60,0.5,0.75,True,True,True,True,True,True,True,15.9937452893,0.00113486125371,0.124880035044,0.0185002527621,0.0736912391532,0.00911697307148,0.113934400008,0.00498729524309,0.0856142320449,0.0031306981985,0.0664067039969,0.00228213507575,0.0523994410709,0.00157755348935,0.0414645011541,0.00121972256576,0.0347387177489,0.000943406980063,0.0288825314834,0.000604526464146,0.0242449809375,0.000436582682633,0.0206854440141,0.000303486933572,0.0176789446613,0.00025362662743,0.0153566210514,0.000137066489121,0.0137436125093,7.19446673093e-05,0.0118929303626,0.00013111240582,0.0106656429171,0.000166644778677,0.00930992208451,0.000174289027078,0.00818938551805,0.000163440526539,0.00716296468327,0.000181160571604,46875,46875,46874,90,d36f05fa6dba5813d1f9a7c63805bba51501189ebef18818dfed3e16a36cfd49,948408
doe_N036_C08,doe,C08,N036,22.627416998,22.627416998,240,400,60,0.001,0.0001,0.08,0.1,2e-07,10000,0,1,12,0,0,0,0,False,800,15,6,16,5,1.6e-05,1.03716195064,22.6228938091,0.23463604672,0.488825097334,22.6264827449,32.815196991,0.0595547771498,22.5166977331,22.7285937046,-0.110719264887,0.101176706621,0.64,3821.21031768,3821.21031768,-3857.17025648,3840,-3840,0,0,0,0.00386094799734,-0.172922834754,60,0.5,0.75,True,True,True,True,True,True,True,22.6228938091,0.0019946615746,0.133024034176,0.0155535648138,0.0808387429358,0.0082438112913,0.114794906702,0.00541251855888,0.0815250574116,0.00249064447423,0.0597973324872,0.000507768290307,0.0508434603394,0.00196610933511,0.0413317351319,0.00172110000105,0.0309905851512,0.00101916840594,0.0224137607314,0.00108623526141,0.0198864198583,0.00118049866958,0.0184153740378,0.00103715748641,0.0140732371018,0.000640209577085,0.00942924393004,0.000694291394202,0.00909801021272,0.000949178090328,0.00983826487302,0.000614888209429,0.00728092779251,0.0001470309515,0.00365366541273,0.000474846753875,0.00396209719429,0.000602679687536,0.00451075151891,0.000499259335342,46875,46875,46874,90,375c203d4d9aa253a0fbeb001e3b9e05ff5424e537a59c42cd6263c0071cfa4a,935834
doe_N014_C09,doe,C09,N014,5.65685424949,-5.65685424949,240,400,60,0.001,0.0001,0.08,0.1,2e-07,10000,0,1,12,0,0,0,0,False,800,15,6,16,7,1.6e-05,2.9408568603,5.65255969592,0.1662336896,0.346320186667,5.66402048148,8.79937553406,0.0517360304733,5.67323862553,-5.63180483768,0.0163843760372,0.0250494118123,0.3,962.780520816,962.780520816,955.74897385,960,960,0,0,0,0.00312221521822,-0.172922834754,60,0.5,0.75,True,True,True,True,True,True,True,5.65255969592,0.00652954131883,0.126604427738,0.0134214848908,0.0696531926478,0.00712801626251,0.0401336288861,0.00700385648949,0.0481950848948,0.0048956933418,0.0234951296665,0.00145585017354,0.00916821536799,0.000760736397372,0.00258888947459,0.000659236051116,0.00923730741354,0.00130607881228,0.0152229759635,0.00257466503324,0.0155035937167,0.00262876635678,0.0152148238328,0.00303124969001,0.0159010542561,0.00306425779748,0.0156943621822,0.00308796057654,0.0134782786351,0.00273971546433,0.0108215909256,0.00244126361168,0.00911141124669,0.00215373104532,0.007550767462,0.00164827563945,0.00517242522539,0.00114678628408,0.00279322833848,0.000687867986911,46875,46875,46874,90,a0941527236007babcb9d3d43ada198311b6afbea98fbf27092cf5cadc4bbf1c,933684
doe_N015_C09,doe,C09,N015,5.65685424949,0,240,400,60,0.001,0.0001,0.08,0.1,2e-07,10000,0,1,12,0,0,0,0,False,800,15,6,16,7,1.6e-05,4.36696877171,3.99409192562,0.174420747105,0.36337655647,4.01086057021,6.09825325012,0.0572555567655,5.64844430988,0.0248495233929,-0.00840993961219,0.0248495233929,0.3,958.572785921,958.572785921,-4.21710396009,960,-0,0,0,0,0.00113981585255,-0.172922834754,60,0.5,0.75,True,True,True,True,True,True,True,3.99409192562,0.0019972484984,0.121627362653,0.0190338529674,0.0671605481071,0.00953184611119,0.0467110524138,0.0055436308898,0.0685729001403,0.00401731216768,0.0467775889097,0.00211204193892,0.0304419044739,0.0016897680225,0.0184505355618,0.000758956065526,0.0130542858853,0.000634135846948,0.00693884820886,0.000734036081444,0.00431777805098,0.000376864579942,0.00177206392652,0.000851310656323,0.00121349026523,0.000589098150091,0.00240468402177,0.000939347738048,0.00144627803239,0.00068705235444,0.0024830848913,0.000812068842864,0.00179730868406,0.000568719885283,0.00155260771873,0.000572022579616,0.000749291011879,0.000438896960339,0.000519762562679,0.00040636661801,46875,46875,46874,90,7d83a148d8d61adeec0a4129f76d2d7f4399dceb3a2abc11bd4717b9d9fd0ef1,936868
doe_N016_C09,doe,C09,N016,5.65685424949,5.65685424949,240,400,60,0.001,0.0001,0.08,0.1,2e-07,10000,0,1,12,0,0,0,0,False,800,15,6,16,7,1.6e-05,2.93869247889,5.65247548782,0.166108872032,0.346060150066,5.6641744813,8.80181217194,0.0536877534359,5.62299656031,5.68180147169,-0.0338576891859,0.0249472221969,0.3,954.254159612,954.254159612,-964.233683997,960,-960,0,0,0,0.00301392045852,-0.172922834754,60,0.5,0.75,True,True,True,True,True,True,True,5.65247548782,0.00574407944463,0.126633187017,0.0130985180459,0.0693929639328,0.00922156433479,0.0401319179986,0.00730024917484,0.0468207092653,0.00266328937335,0.022553179743,0.000476983863162,0.0115645005264,0.00112085806847,0.003593121248,0.00112505825942,0.010659032473,0.00171457566941,0.0155607648436,0.0021429994707,0.0141624976474,0.00237312901174,0.0153341792586,0.00310552262569,0.0179039516993,0.00290688262935,0.0168072658301,0.00264047640022,0.012219669831,0.00261597426847,0.0108246455159,0.00262456621739,0.0108299161617,0.00199008975235,0.00836809504329,0.00146497899901,0.00362519387336,0.00116388511222,0.00284652902547,0.00102571043041,46875,46875,46874,90,b691c7684c49f921c92891c25d933bb8ad2767ee516b19e0121fda7403919db8,926759
doe_N022_C09,doe,C09,N022,11.313708499,-11.313708499,240,400,60,0.001,0.0001,0.08,0.1,2e-07,10000,0,1,12,0,0,0,0,False,800,15,6,16,7,1.6e-05,1.71981533698,11.3093756493,0.194500376934,0.405209118612,11.3155001306,16.7424068451,0.0547527349292,11.355483932,-11.2630786122,0.0417754330196,0.0506298868055,0.32,1927.08952607,1927.08952607,1911.40782329,1920,1920,0,0,0,0.00223897304915,-0.172922834754,60,0.5,0.75,True,True,True,True,True,True,True,11.3093756493,0.00378150952152,0.131449660072,0.0150394178257,0.0775131718248,0.00748744473432,0.0506767196833,0.00729325728626,0.0755177189622,0.00446745332272,0.0537598702901,0.00124774095451,0.0395993681293,0.00175357349903,0.027198071708,0.00205068571793,0.0186029610548,0.00143511565316,0.0112154166648,0.000704630656745,0.00866506805176,0.000726052513725,0.00590192586787,0.000228510621266,0.00180290334052,0.000154555425889,0.000626872280614,0.000294113362052,0.00186636959887,0.00021226580489,0.00251056915852,0.000685457009187,0.00444279345145,0.000639057347628,0.00513770851627,0.000800760471475,0.00483695881818,0.000706542148398,0.00495167097604,0.000986767086157,46875,46875,46874,90,3dd4a61ce789574c4afc1597837d9dcedbd438ef1016f9004e2092eff4e9d22c,938885
doe_N024_C09,doe,C09,N024,11.313708499,0,240,400,60,0.001,0.0001,0.08,0.1,2e-07,10000,0,1,12,0,0,0,0,False,800,15,6,16,7,1.6e-05,2.58755582645,7.9944089349,0.206859794185,0.430957904553,8.00355344626,11.7472934723,0.0591224058763,11.3056922438,0.0497124256067,-0.0080162551839,0.0497124256067,0.3,1918.63959638,1918.63959638,-8.43647838137,1920,-0,0,0,0,0.00190019074723,-0.172922834754,60,0.5,0.75,True,True,True,True,True,True,True,7.9944089349,0.000255998251003,0.124700562889,0.0185794571886,0.0716181741624,0.00856193779707,0.0536869615851,0.00533760462214,0.0856893435257,0.00332643086907,0.0663794948128,0.00206192157013,0.0494406600137,0.00162203756382,0.038639705464,0.00110580381596,0.0322640598532,0.000890838140498,0.0260906990791,0.000481979372721,0.0207767273712,0.000517366810615,0.0177192579064,0.000329699897394,0.0144428134247,0.000362102981419,0.0111154172572,0.000415588689115,0.0098991256766,0.00022214692293,0.00817317849383,0.000415727406238,0.00670856710195,0.000257644418292,0.00518427942913,0.000409085860934,0.00462502141475,0.000154621978769,0.00410390873774,0.000419188955564,46875,46875,46874,90,9b3e2f285b7e520684c6c21ea4383b287e58961682e2a4a8b679eb84042d32fb,950479
doe_N026_C09,doe,C09,N026,11.313708499,11.313708499,240,400,60,0.001,0.0001,0.08,0.1,2e-07,10000,0,1,12,0,0,0,0,False,800,15,6,16,7,1.6e-05,1.71580547148,11.3098360392,0.194054785577,0.404280803285,11.3161855465,16.7543983459,0.0571983636169,11.2545517995,11.3648513523,-0.059156699452,0.0511428533428,0.32,1909.9607752,1909.9607752,-1928.67923002,1920,-1920,0,0,0,0.00304559752841,-0.172922834754,60,0.5,0.75,True,True,True,True,True,True,True,11.3098360392,0.00331965889042,0.131346818062,0.0140570391219,0.0770449326178,0.00811697947612,0.0514028609084,0.00654114267477,0.0737978936204,0.00237660933405,0.0521513528314,0.00141805128748,0.04126628083,0.00266750526984,0.0302512266232,0.00178113983336,0.018085303381,0.000930489243833,0.0107148705422,0.000996602822262,0.00903246874145,0.00107885276754,0.00673622269168,0.000347244703954,0.00200123861472,0.000174662227491,0.00236159193154,0.000279285836911,0.00254383514867,0.00041447924921,0.00163537908533,0.000922386325564,0.00530372550604,0.000855250495095,0.00642103516179,0.000611708120437,0.00496740973714,0.00065724567798,0.00437716751458,0.00115752059148,46875,46875,46874,90,34e033549163a967f1c33fbdc6b9e784e76681d60f67b41d8b8e6a29cb055d6c,933088
doe_N030_C09,doe,C09,N030,22.627416998,-22.627416998,240,400,60,0.001,0.0001,0.08,0.1,2e-07,10000,0,1,12,0,0,0,0,False,800,15,6,16,7,1.6e-05,0.951350369136,22.6235437299,0.215229166786,0.44839409747,22.6267106901,32.7032241821,0.0553667507691,22.7202478761,-22.5264244443,0.0928308781387,0.100992553704,0.64,3855.75392242,3855.75392242,3822.8609953,3840,3840,0,0,0,0.00368412080047,-0.172922834754,60,0.5,0.75,True,True,True,True,True,True,True,22.6235437299,0.00450314698227,0.132896018558,0.0168137990075,0.080552625085,0.00751994563312,0.054508389492,0.00729471891352,0.0855640339554,0.0035837581477,0.0650679471207,0.000423205738431,0.0517081200401,0.00122104400785,0.0395485744055,0.00197573896169,0.0311929819284,0.00139813321509,0.0241769181539,0.000978883338198,0.0215094829948,0.00077572366327,0.0180602764875,0.00114801833746,0.0137146369306,0.000787207673525,0.0116456902949,0.000774331205018,0.0101501226922,0.000582845719969,0.00889531042937,0.000551151216771,0.00656235416971,0.00046833717704,0.00567302443468,0.000577769733488,0.00505405973925,0.000284060937572,0.00422491072324,0.000371035904311,46875,46875,46874,90,c9337a8613c2d16329b9a6b8e8fbee19085d64d58b2a1c71487ec8ddfca07738,940091
doe_N033_C09,doe,C09,N033,22.627416998,0,240,400,60,0.001,0.0001,0.08,0.1,2e-07,10000,0,1,12,0,0,0,0,False,800,15,6,16,7,1.6e-05,1.3445986604,15.9938754625,0.215053435215,0.448027990032,15.9985279336,23.0401515961,0.0590861590442,22.6185326306,0.100430384531,-0.00888436738874,0.100430384531,0.452548339959,3838.49227286,3838.49227286,-17.0436014254,3840,-0,0,0,0,0.00307408461412,-0.172922834754,60,0.5,0.75,True,True,True,True,True,True,True,15.9938754625,0.000992623583065,0.125089139343,0.0184835947558,0.0733843334457,0.00847224964079,0.054676104483,0.00558203970235,0.0887459806202,0.00301124300443,0.0693904172196,0.00211474313158,0.0538358299097,0.00116569106381,0.0421794639985,0.000891595533567,0.035523509409,0.000509677990592,0.0296024691605,0.00025281673522,0.0246357685204,0.00030279079491,0.0211001658056,0.000433991926952,0.017901670025,0.000312410355867,0.0155521342309,0.000340782098891,0.0135985816961,0.000360227971387,0.011855185479,0.000365588991432,0.0105724459777,0.000233784260581,0.00918109987571,0.000386146691901,0.00815831309977,8.52263035531e-05,0.00736860948472,0.000149084727555,46875,46875,46874,90,6246dd3a1d5000a3bb1886afcaab4e3bc5c67526da8556bca18a3966389eb04f,948197
doe_N036_C09,doe,C09,N036,22.627416998,22.627416998,240,400,60,0.001,0.0001,0.08,0.1,2e-07,10000,0,1,12,0,0,0,0,False,800,15,6,16,7,1.6e-05,0.946437492643,22.623154408,0.214114015336,0.446070865283,22.6265409525,32.7262763977,0.0596139148305,22.5169217493,22.7288905509,-0.11049524867,0.101473552903,0.64,3821.24833449,3821.24833449,-3857.22063297,3840,-3840,0,0,0,0.00374800467588,-0.172922834754,60,0.5,0.75,True,True,True,True,True,True,True,22.623154408,0.00179433174755,0.132318928001,0.0154303696679,0.0801728420021,0.00729546957767,0.0550919010241,0.00623152412313,0.0844841698397,0.00212392751152,0.0624892160679,0.000660245146211,0.0524751366365,0.00172490346036,0.042691527995,0.00167041802351,0.0320223200473,0.0011047094301,0.0228835073138,0.0010304864151,0.0202781403203,0.0010347950863,0.0188784714213,0.000888114106903,0.0142720580345,0.000519273457874,0.00970559172631,0.000838768533694,0.00912093588184,0.000818688585151,0.00997371339726,0.000590953600872,0.0075353144606,0.000194775384673,0.00377982418202,0.000453021033112,0.003998250259,0.000695453280067,0.00443112344712,0.000390489487134,46875,46875,46874,90,ca478a5ae03487c4c353643c749195aa46ba3a72eb08333d55a7c2af8baaf0ce,936107
doe_N014_C10,doe,C10,N014,5.65685424949,-5.65685424949,240,400,60,0.001,0.0001,0.08,0.1,2e-07,10000,0,1,12,0,0,0,0,False,800,15,12,4,3,1.6e-05,3.41632131357,5.65300380868,0.193124773973,0.40234327911,5.66531931823,8.69384670258,0.0511430566933,5.67371796648,-5.63221346884,0.0168637169895,0.0246407806501,0.3,962.861867673,962.861867673,955.818320858,960,960,0,0,0,0.00262789832341,-0.172922834754,60,0.5,0.75,True,True,True,True,True,True,True,5.65300380868,0.0067603545798,0.0840794212692,0.0142209202533,0.141185817154,0.00697261058632,0.0775503247666,0.00672685338117,0.03995215899,0.00392571088287,0.0170497812258,0.00112901198368,0.00412217775242,0.000717795666818,0.00639894134577,0.00116826260368,0.0123222135684,0.00172782284996,0.0178625165696,0.00312410108336,0.0180128434305,0.00309784153012,0.0166687113306,0.00330102925965,0.0160345356498,0.00306418910815,0.0149181333538,0.00324814468045,0.0125196238461,0.00260038936057,0.0095821086042,0.00219487021898,0.00752358081249,0.00174570823138,0.00595684756777,0.00132908747725,0.00328462192337,0.000651791579937,0.000908063261921,0.000183466667484,46875,46875,46874,90,121a5b5f505865be586540d6af08849f4de598c47a4aa1d48ff4ec0e258f93fb,933748
doe_N015_C10,doe,C10,N015,5.65685424949,0,240,400,60,0.001,0.0001,0.08,0.1,2e-07,10000,0,1,12,0,0,0,0,False,800,15,12,4,3,1.6e-05,5.0845541833,3.99404699015,0.203079483321,0.423082256918,4.01215413851,5.99846792221,0.0565480134436,5.64838008707,0.025002221391,-0.00847416242387,0.025002221391,0.3,958.561886948,958.561886948,-4.24301766967,960,-0,0,0,0,0.00166780591544,-0.172922834754,60,0.5,0.75,False,True,True,True,True,True,False,3.99404699015,0.00275847670623,0.078300338828,0.0203553742258,0.144099121792,0.00968529982975,0.0905855132351,0.00498342185629,0.0577158769334,0.00352293434807,0.0381278888559,0.00175522893768,0.0229667998025,0.00148533239949,0.0122448966814,0.000748429731565,0.00800749511604,0.000534281983889,0.0035751675446,0.00108439855694,0.00209351912132,0.000667171735663,0.00211081414257,0.00118586843425,0.0024487976623,0.000843835692999,0.00305478401871,0.00104718141237,0.00175777874215,0.00070481415634,0.00192381322681,0.000674790753897,0.00123897013014,0.000632583769823,0.000633045658501,0.000408776130566,0.000866523140831,0.000498838219428,0.0011939837216,0.000249380720341,46875,46875,46874,90,694adee7a54ad659172ec1a4e59b7d72d422993dd2fd30ec938ce20ccd244ea3,936929
doe_N016_C10,doe,C10,N016,5.65685424949,5.65685424949,240,400,60,0.001,0.0001,0.08,0.1,2e-07,10000,0,1,12,0,0,0,0,False,800,15,12,4,3,1.6e-05,3.43213931303,5.65293962405,0.194016763179,0.404201589956,5.66550550417,8.6975402832,0.0524021970396,5.62372311181,5.68200590884,-0.0331311376808,0.0251516593445,0.3,954.377459491,954.377459491,-964.268378131,960,-960,0,0,0,0.00320716431358,-0.172922834754,60,0.5,0.75,True,True,True,True,True,True,True,5.65293962405,0.00624941390821,0.0849640240743,0.0133093248201,0.141534708264,0.00932092349538,0.0786000203918,0.00680638052153,0.0378260038837,0.00279538368901,0.0162951653229,0.000291648019018,0.00689109357915,0.000647545017652,0.00559877963162,0.00117000315193,0.0137349598579,0.00216237082015,0.0181203540033,0.00265101093702,0.0162807662793,0.00260431790136,0.0168638008988,0.00317066286749,0.0184959524678,0.00313440540677,0.016004621588,0.00297083410584,0.0107356637054,0.00247206694734,0.00982360310665,0.00237788219488,0.0094142839477,0.0017477447796,0.00672749763486,0.00124792073708,0.00163145224953,0.000644573922844,0.00141856197674,0.000569908809238,46875,46875,46874,90,274abb5c0d1a5fefb9ff8655f6afd6488f588e41ba56742b2e9487cff74fd3c8,926587
doe_N022_C10,doe,C10,N022,11.313708499,-11.313708499,240,400,60,0.001,0.0001,0.08,0.1,2e-07,10000,0,1,12,0,0,0,0,False,800,15,12,4,3,1.6e-05,2.05395999006,11.3098650776,0.232300103624,0.483958549218,11.3167032658,16.6383590698,0.0541474547137,11.3558561436,-11.2636862258,0.0421476446446,0.0500222731805,0.32,1927.15269248,1927.15269248,1911.51093874,1920,1920,0,0,0,0.00288366724416,-0.172922834754,60,0.5,0.75,True,True,True,True,True,True,True,11.3098650776,0.00390582910379,0.0877311543169,0.0154609195082,0.160822171464,0.00702507148414,0.102116693656,0.00679357428686,0.0688593174371,0.003893590247,0.0485757446176,0.0011221446941,0.0358580747346,0.00168064115273,0.0247484574079,0.00210989261475,0.0170106537942,0.00121104588368,0.0100091107377,0.000670045034604,0.00754995479629,0.000576124495368,0.00486905876968,0.000295246070243,0.00109286241892,0.000204401170863,0.00158212044794,0.000337852762979,0.00293082674069,0.000404710012377,0.00304734039191,0.000610673199508,0.00453183538245,0.000834486010274,0.00548460110609,0.000942529884818,0.00531876686237,0.000789637551482,0.00500171404974,0.00100657552237,46875,46875,46874,90,3401e34e35465c0bd5ef22135838744e54754a8482e078dc4b56fc2b5c8fbbd0,941361
doe_N024_C10,doe,C10,N024,11.313708499,0,240,400,60,0.001,0.0001,0.08,0.1,2e-07,10000,0,1,12,0,0,0,0,False,800,15,12,4,3,1.6e-05,3.04868695421,7.9941504662,0.243716622363,0.507742963256,8.004327936,11.6424808502,0.0587792379021,11.3053219142,0.0507914229296,-0.00838658477292,0.0507914229296,0.3,1918.57674937,1918.57674937,-8.61959029912,1920,-0,0,0,0,0.00218241248224,-0.172922834754,60,0.5,0.75,True,True,True,True,True,True,True,7.9941504662,0.000253081764253,0.080769551637,0.0191483026817,0.157786770782,0.00803261956965,0.108711798898,0.00455307323765,0.0779176778924,0.0027397963278,0.0605489687244,0.00189576875783,0.0457591178859,0.00145321346679,0.0355187152166,0.00118480485223,0.0296244263179,0.00083818292863,0.0243003208185,0.000464646287089,0.0194321360299,0.000419059269904,0.0162487252726,0.000492413425062,0.0130734649079,0.00043752057211,0.0103070885563,0.000421597824976,0.00885717614155,0.000324337842725,0.00703826873935,0.000190120905954,0.00588299227035,0.000270500724386,0.00472911921976,0.000454720083174,0.00380776574792,0.0004089669642,0.00329146092603,0.000511247883136,46875,46875,46874,90,9af4234d4eb64e5acff7e017df340dadc189b58b3c0ea3854fea3e89911d0e99,949707
doe_N026_C10,doe,C10,N026,11.313708499,11.313708499,240,400,60,0.001,0.0001,0.08,0.1,2e-07,10000,0,1,12,0,0,0,0,False,800,15,12,4,3,1.6e-05,2.05935161789,11.309912323,0.232910862406,0.485230963346,11.3169850247,16.6535377502,0.0562066829509,11.254639285,11.3649165449,-0.0590692139522,0.0512080458692,0.32,1909.97562198,1909.97562198,-1928.69029356,1920,-1920,0,0,0,0.00292124450962,-0.172922834754,60,0.5,0.75,True,True,True,True,True,True,True,11.309912323,0.00339839696416,0.0885235497888,0.0149288424961,0.160344646428,0.00853277898383,0.104114043418,0.00646215864282,0.0668992273697,0.00318436186923,0.047111802763,0.00100162906063,0.0376602044015,0.00209620243936,0.0277140598374,0.00195562121436,0.016367942485,0.00103904197894,0.00969796707791,0.000639243627526,0.00817583575628,0.000630690952034,0.00566015727161,0.000333679644676,0.00166012211768,0.000303324872389,0.00322360343518,0.000226961042229,0.00293743333555,0.000356959629615,0.00231740660582,0.000632248218348,0.00565810252356,0.000877128289145,0.00653097392573,0.000846143147548,0.00485620607444,0.000900841914305,0.00433094573432,0.00110121833293,46875,46875,46874,90,1cecd322a623ba6b423b462795093f58585bb0af20aae951346334d56644380b,934333
doe_N030_C10,doe,C10,N030,22.627416998,-22.627416998,240,400,60,0.001,0.0001,0.08,0.1,2e-07,10000,0,1,12,0,0,0,0,False,800,15,12,4,3,1.6e-05,1.1212806526,22.6235393176,0.253673369302,0.528486186046,22.6271076021,32.605140686,0.0556945178549,22.7197186664,-22.5269493324,0.0923016684394,0.100467665522,0.64,3855.66411256,3855.66411256,3822.95007178,3840,3840,0,0,0,0.00301551056506,-0.172922834754,60,0.5,0.75,True,True,True,True,True,True,True,22.6235393176,0.0038377262803,0.0888130528817,0.0173702653799,0.166916769723,0.00732581451545,0.110178035791,0.00531846205234,0.0786375056432,0.00300920917203,0.0595421554267,0.0005618505259,0.0477252633422,0.00138894617553,0.0365555660451,0.00181456905791,0.0294224421911,0.00128082160176,0.0226022545402,0.000848518864945,0.0202660374848,0.000935108516347,0.0174431168534,0.000908191528409,0.0137191809202,0.000688916303019,0.0115954272205,0.000909017016826,0.0100270418039,0.00064473784146,0.00874659379495,0.000584249146955,0.00648003142882,0.000372133307695,0.00549362110087,0.000462132030348,0.00460061501757,0.000588979146302,0.00379921775921,0.00024070358684,46875,46875,46874,90,659865fca8f31d1391b9ad644b054bcf16701128f691cf781a9556d77b8c05d9,940862
doe_N033_C10,doe,C10,N033,22.627416998,0,240,400,60,0.001,0.0001,0.08,0.1,2e-07,10000,0,1,12,0,0,0,0,False,800,15,12,4,3,1.6e-05,1.57215687829,15.9935270831,0.251443336119,0.523840283582,15.9987101111,22.9402618408,0.0596776572575,22.6180341848,0.101718888558,-0.00938281315121,0.101718888558,0.452548339959,3838.40768381,3838.40768381,-17.2622678098,3840,-0,0,0,0,0.00185212184607,-0.172922834754,60,0.5,0.75,True,True,True,True,True,True,True,15.9935270831,0.00152768480693,0.0806611076602,0.0188089736831,0.159400399866,0.00748448790857,0.110321990897,0.0038567752883,0.0812226345605,0.00212928176198,0.0633275552297,0.00164560649486,0.0497449599778,0.00107759479316,0.0397619128545,0.000707425694084,0.0336711811967,0.000500288764507,0.0282048481542,0.000533474576556,0.0238653158914,0.000215951564077,0.0203614766015,0.000293334852953,0.017293870215,0.000205359061156,0.0147929775006,5.16733884141e-05,0.0131422297631,0.000116156522649,0.0114949866656,0.000129928072363,0.0102101649261,0.000171369620779,0.00899943305046,4.73150302421e-05,0.00800425231026,0.000143035737578,0.0072705472275,7.3115789612e-05,46875,46875,46874,90,25f2a0b66df219daab86029f9caf4b5ed02e00ccdb38281455bef96e6c1d4923,948335
doe_N036_C10,doe,C10,N036,22.627416998,22.627416998,240,400,60,0.001,0.0001,0.08,0.1,2e-07,10000,0,1,12,0,0,0,0,False,800,15,12,4,3,1.6e-05,1.12280222485,22.6228938765,0.254010355769,0.529188241186,22.626688783,32.6280593872,0.0588517654952,22.5166108657,22.728679896,-0.110806132287,0.101262898017,0.64,3821.19557579,3821.19557579,-3857.18488365,3840,-3840,0,0,0,0.00433812332614,-0.172922834754,60,0.5,0.75,True,True,True,True,True,True,True,22.6228938765,0.00191615474357,0.0892763964302,0.0160799600526,0.16683217353,0.00719504577349,0.11170470192,0.00546825401043,0.0773325949758,0.00288803287174,0.0574891593196,0.000332852230719,0.0489775900304,0.00171483582277,0.039709086556,0.00179863318125,0.0297247258109,0.00136332791372,0.0216004435848,0.000828558898921,0.0194071345131,0.00104854369955,0.0181302556653,0.00112553747241,0.0137509475081,0.000643004062314,0.00933966146106,0.000591264442069,0.00926160424557,0.000604325027243,0.00990889642036,0.000592007975253,0.00720012515453,0.00038269962364,0.00356656080748,0.000404038278915,0.00379847900977,0.00051912398427,0.00432419212165,0.000407088584402,46875,46875,46874,90,8cade5c16704afc13b80efb058afa35a3b2462f875fc40d4b991ce67bc29dd52,934798
doe_N014_C11,doe,C11,N014,5.65685424949,-5.65685424949,240,400,60,0.001,0.0001,0.08,0.1,2e-07,10000,0,1,12,0,0,0,0,False,800,15,12,4,5,1.6e-05,2.5680525781,5.65251082925,0.145159450078,0.302415520995,5.66339090541,8.80274295807,0.0514709471431,5.67323450675,-5.63171089288,0.0163802572565,0.0251433566116,0.3,962.779821836,962.779821836,955.733030889,960,960,0,0,0,0.003808002081,-0.172922834754,60,0.5,0.75,True,True,True,True,True,True,True,5.65251082925,0.00622450969077,0.0845380651236,0.0127802744712,0.0477810751744,0.00663279400284,0.0832897724988,0.00705927064091,0.0453465596951,0.00411303844927,0.022120897952,0.000864158592834,0.0085269820666,0.00052679808516,0.00247513442186,0.000393707762282,0.00900288771605,0.00144509477254,0.0145572318962,0.00250443139025,0.0155058016763,0.00256744014283,0.0153659525344,0.00290238237206,0.0157683062154,0.00286703715138,0.015184332864,0.00310851877353,0.0133259187163,0.00258003878318,0.010499292586,0.00239126643269,0.00891117511528,0.00202877495438,0.0073969255435,0.00169125406424,0.0049759609934,0.00108055641057,0.00286328725247,0.000703256900995,46875,46875,46874,90,df7ee3c022a527fb4bfdc75311d20c3cb5ac4405b20feb1f14a971d8aa8f2ef0,932996
doe_N015_C11,doe,C11,N015,5.65685424949,0,240,400,60,0.001,0.0001,0.08,0.1,2e-07,10000,0,1,12,0,0,0,0,False,800,15,12,4,5,1.6e-05,4.00530157296,3.99401275739,0.159972255796,0.333275532908,4.01017815045,6.1469912529,0.0571274592737,5.64833147359,0.0250474912584,-0.0085227759022,0.0250474912584,0.3,958.553636968,958.553636968,-4.25070022093,960,-0,0,0,0,0.000936204167321,-0.172922834754,60,0.5,0.75,True,True,True,True,True,True,True,3.99401275739,0.00216988513622,0.0784641360308,0.0194454714619,0.0435719152829,0.00965919657503,0.0976836489533,0.00520055117051,0.0641773733348,0.00348714543471,0.0441599910071,0.00199114864602,0.0287116084182,0.00156917664521,0.017798808918,0.000705815219814,0.0124977318826,0.000600563531625,0.00734570208541,0.000840011709869,0.00439032925284,0.000648453486548,0.00206529015069,0.000931127841633,0.0015782540821,0.000660598121829,0.00222603938771,0.000925784060341,0.00162232813802,0.000693131688157,0.00236784025517,0.000807975043668,0.00182514523653,0.000596210257174,0.00153585050582,0.000605963749069,0.00079757555449,0.000457534688218,0.000261176477048,0.000387596173802,46875,46875,46874,90,ef4e87cb700b4ee666a247e69e5f128cd0bf51e0ab3e5ab44ac9f5171ca81993,940240
doe_N016_C11,doe,C11,N016,5.65685424949,5.65685424949,240,400,60,0.001,0.0001,0.08,0.1,2e-07,10000,0,1,12,0,0,0,0,False,800,15,12,4,5,1.6e-05,2.58755746555,5.65298185644,0.146274154053,0.304737820943,5.66412232048,8.81531429291,0.053102634588,5.6234800114,5.68233053421,-0.0333742380961,0.0254762847165,0.3,954.336203982,954.336203982,-964.323468884,960,-960,0,0,0,0.0017018857815,-0.172922834754,60,0.5,0.75,True,True,True,True,True,True,True,5.65298185644,0.0056182376545,0.0856705288999,0.0128301108863,0.0470728289825,0.0102534629934,0.0844718939784,0.0070545461048,0.0436252957373,0.00295433744283,0.0216150091942,4.19960984143e-05,0.0106464037355,0.000840060745145,0.00336989250356,0.000860522441946,0.0104950616934,0.0016403411209,0.014619852441,0.00223236229879,0.01433542792,0.0023271695161,0.0151577925155,0.00280928972109,0.0178375106594,0.00276117932398,0.016060144391,0.00276250342832,0.0120774394926,0.00239441052902,0.0105402348877,0.0024073261834,0.0106793769271,0.00194779266264,0.00800129065036,0.00160330696292,0.00372003357995,0.00107040922269,0.00297065975864,0.000884153807881,46875,46875,46874,90,76655ee820110280ce68eee6f17708f2760ea8a18941c8d5a5550e56cd5218e9,926815
doe_N022_C11,doe,C11,N022,11.313708499,-11.313708499,240,400,60,0.001,0.0001,0.08,0.1,2e-07,10000,0,1,12,0,0,0,0,False,800,15,12,4,5,1.6e-05,1.59536666969,11.3098743924,0.180433966441,0.375904096752,11.3157648122,16.7992420197,0.054712372983,11.3558682049,-11.2636927718,0.0421597059129,0.0500157271357,0.32,1927.15473935,1927.15473935,1911.51204964,1920,1920,0,0,0,0.00281048462999,-0.172922834754,60,0.5,0.75,True,True,True,True,True,True,True,11.3098743924,0.00415481854333,0.0881418924681,0.0148353844674,0.0532442403519,0.00738893569367,0.105799406552,0.00619729730393,0.0715101791789,0.00404217642609,0.0505482226925,0.0010047237849,0.0373621624775,0.00201887544692,0.0260236066707,0.00174815624629,0.0181766057211,0.00139239660694,0.0111852546974,0.000635721505593,0.00840980898448,0.000756382871612,0.00578416747382,0.000322850862432,0.00213380971053,9.25892916638e-05,0.000436198026627,0.000393597263866,0.00199031628138,0.000246182908361,0.00222369673531,0.000561055282949,0.00396021391992,0.000698639354563,0.00484360808913,0.000845397595989,0.00465873621056,0.000712939252772,0.00466609990581,0.000957970623979,46875,46875,46874,90,f39ed7ab21b220ff8bdd52741bdbbf7efd549e99915b4124cd7b011125ae4752,940205
doe_N024_C11,doe,C11,N024,11.313708499,0,240,400,60,0.001,0.0001,0.08,0.1,2e-07,10000,0,1,12,0,0,0,0,False,800,15,12,4,5,1.6e-05,2.45523831218,7.99403091987,0.196272509832,0.408901062151,8.00291046049,11.8050498962,0.0593511677784,11.3051534425,0.0506590288344,-0.00855505648823,0.0506590288344,0.3,1918.54815877,1918.54815877,-8.5971222761,1920,-0,0,0,0,0.00209465010718,-0.172922834754,60,0.5,0.75,True,True,True,True,True,True,True,7.99403091987,0.000367025145572,0.0802416780781,0.0184666812809,0.0471700156423,0.00884506205964,0.111802993342,0.00468043685351,0.08072362071,0.00311418733816,0.06210989977,0.00175587977443,0.0475178738603,0.00132423283296,0.0368305475936,0.000903487846963,0.0308373033864,0.00078659848875,0.0254225263384,0.000629411773742,0.0208402517856,0.000495961636139,0.0168444424236,0.000315913051016,0.0137934053471,0.00033998937285,0.0114705028958,0.000367634415267,0.0102558880888,0.000267986865848,0.00775201790026,0.000356295333546,0.00631741676026,0.000192049114281,0.00556526593471,0.00037229220272,0.00486330070943,0.000275126283582,0.00388148397116,0.00040211168585,46875,46875,46874,90,4230558deb0b1d419f957889a8914d9ff042fa9e1781e14467a9f49e77b38c67,952330
doe_N026_C11,doe,C11,N026,11.313708499,11.313708499,240,400,60,0.001,0.0001,0.08,0.1,2e-07,10000,0,1,12,0,0,0,0,False,800,15,12,4,5,1.6e-05,1.6028301422,11.3094840805,0.181271819771,0.377649624522,11.3156157286,16.8035411835,0.0566259270617,11.2544413232,11.3642602416,-0.0592671757559,0.050551742597,0.32,1909.94202675,1909.94202675,-1928.5789152,1920,-1920,0,0,0,0.00349157579566,-0.172922834754,60,0.5,0.75,True,True,True,True,True,True,True,11.3094840805,0.00327265229168,0.0885717984517,0.0145974484761,0.0528412635225,0.00931811088243,0.107127654279,0.00645642942668,0.0698267991983,0.0030012296698,0.0493753362751,0.000761007412044,0.0395980533658,0.00228938990155,0.0285864218972,0.00199324353759,0.0177903056998,0.00115361317511,0.0110088840313,0.000729333681174,0.00920227391246,0.000694344056406,0.00633265166196,0.000358000285867,0.00168148950511,0.000176408979679,0.00216322669898,0.000117188090187,0.00201364780763,0.000406520950301,0.00158004765363,0.000587677676907,0.00500255263341,0.000560702076916,0.0059881824294,0.00062437390933,0.00411495017713,0.000739415831875,0.00404940172072,0.000971841525645,46875,46875,46874,90,fe532a9fd2e3399d678a4658b9b1cb9573ec321ed40ce536aadd2cf2ab563faa,932867
doe_N030_C11,doe,C11,N030,22.627416998,-22.627416998,240,400,60,0.001,0.0001,0.08,0.1,2e-07,10000,0,1,12,0,0,0,0,False,800,15,12,4,5,1.6e-05,0.894345744516,22.623283641,0.202330374513,0.421521613569,22.6263331744,32.7716674805,0.0561110114274,22.7201821988,-22.5259682645,0.0927652008658,0.101448733467,0.64,3855.74277662,3855.74277662,3822.78357903,3840,3840,0,0,0,0.00241201554903,-0.172922834754,60,0.5,0.75,True,True,True,True,True,True,True,22.623283641,0.0042933046436,0.0889989308339,0.0158936205106,0.0552014438235,0.00739736298362,0.113134226413,0.00493552571913,0.0803390191746,0.00281476383097,0.0611027911592,0.000664575099311,0.0487801929525,0.00138732886008,0.0377302566881,0.00151773147058,0.0297781646675,0.000897007382959,0.023223946868,0.00121700695682,0.0211134425626,0.00119172360574,0.0179286749297,0.00062754622391,0.0135188248129,0.000546348092484,0.0113709975353,0.000775429058891,0.0101972616697,0.000772368886828,0.00910088631544,0.000477196592067,0.00651228486606,0.000351980195426,0.00550698145066,0.000525463018267,0.00504219959002,0.000580247807343,0.0044235504041,0.000232207434196,46875,46875,46874,90,045df953872d557e25a1a649f86283ba1fe073ae7f3ab936e5ab64d5c158ece4,941140
doe_N033_C11,doe,C11,N033,22.627416998,0,240,400,60,0.001,0.0001,0.08,0.1,2e-07,10000,0,1,12,0,0,0,0,False,800,15,12,4,5,1.6e-05,1.27847117905,15.9942466821,0.204481834137,0.426003821118,15.9987607652,23.1081523895,0.0594926163252,22.6190507814,0.101958821121,-0.00836621657193,0.101958821121,0.452548339959,3838.58020597,3838.58020597,-17.302985716,3840,-0,0,0,0,0.00192362766592,-0.172922834754,60,0.5,0.75,True,True,True,True,True,True,True,15.9942466821,0.00087529351311,0.0811764198681,0.0185664425712,0.0472540748412,0.00847671242329,0.114013196227,0.0041983604276,0.0829165142291,0.00203738682086,0.0654419684001,0.00124259702568,0.0509246700765,0.000699001535937,0.0408031503849,0.000505316206999,0.0341060826025,0.000613724257554,0.0289081241731,0.00072505571628,0.0239486244488,0.000589864985861,0.0206449374316,0.000581714875154,0.0172953411567,0.000510333226804,0.0150662061213,0.000227406704686,0.0132908633977,0.000169288073149,0.0116284604677,0.000177870302715,0.00999617448582,0.000139550673175,0.00901163497371,0.000281728330032,0.00805438705619,0.000226583012073,0.00699914845779,0.000296135532995,46875,46875,46874,90,cc5953581e1275af6c3d71f195bd559ec9c2f4fed12387c38c9eda6d3036e3ee,948258
doe_N036_C11,doe,C11,N036,22.627416998,22.627416998,240,400,60,0.001,0.0001,0.08,0.1,2e-07,10000,0,1,12,0,0,0,0,False,800,15,12,4,5,1.6e-05,0.896240674355,22.6237864526,0.202763576268,0.422424117225,22.6270666257,32.7888374329,0.0595466156074,22.5176986696,22.7293790838,-0.109718328339,0.101962085795,0.64,3821.38018224,3821.38018224,-3857.30353975,3840,-3840,0,0,0,0.00359482399102,-0.172922834754,60,0.5,0.75,True,True,True,True,True,True,True,22.6237864526,0.00158887963503,0.0893957746973,0.0152288750157,0.0544012976555,0.00805333032803,0.115481427941,0.00502298636013,0.0788106458302,0.00231372575753,0.0586505242043,0.000589474561476,0.0492355536218,0.00159064027552,0.0409934310615,0.00161293702858,0.030411510466,0.00108697404669,0.0223247681905,0.000987007312366,0.0195087283051,0.00113404657368,0.0187156788619,0.000897218080974,0.0139308313542,0.00054234829759,0.00977086443706,0.000872513925584,0.00899607130637,0.000847966939561,0.0100182448262,0.000724249762478,0.00716805536628,0.000156402750183,0.00391351447966,0.000509297977413,0.00403104113153,0.000697137638246,0.00443245321277,0.000416916919938,46875,46875,46874,90,9b5a1874cf2c32d7d37543a4b6be6c36f5f3587950771b9e2be95faed62f5685,936135
doe_N014_C12,doe,C12,N014,5.65685424949,-5.65685424949,240,400,60,0.001,0.0001,0.08,0.1,2e-07,10000,0,1,12,0,0,0,0,False,800,15,12,4,7,1.6e-05,2.21035549872,5.6527942275,0.124946848039,0.260305933415,5.66319592002,8.74833583832,0.0521440433127,5.67383354305,-5.63167631195,0.0169792935543,0.0251779375384,0.3,962.881481667,962.881481667,955.727162311,960,960,0,0,0,0.00310807093429,-0.172922834754,60,0.5,0.75,True,True,True,True,True,True,True,5.6527942275,0.00627309402938,0.0850977155723,0.0131628002111,0.0484394508844,0.00724467581067,0.027342050697,0.00681346966838,0.0501957781893,0.00460592246921,0.02604687151,0.00126182064628,0.012067040642,0.000779081549045,0.000474580784716,0.000180901320054,0.00654647886134,0.000861930955254,0.0127073351377,0.0021802150288,0.013382891432,0.00212444111806,0.0134715199195,0.00255832642768,0.0148068450777,0.00284046228379,0.0150341718346,0.00285636932029,0.0132901338168,0.00259576905452,0.011195674552,0.00242156587293,0.00989826585655,0.00225154153737,0.008547549764,0.00192347537183,0.00635407671528,0.00147434321788,0.0040503282824,0.00098317898946,46875,46875,46874,90,d6f08df1ba6b484dd254120b092c74bf16400849ad764c6ff3d629889eb6cff0,932727
doe_N015_C12,doe,C12,N015,5.65685424949,0,240,400,60,0.001,0.0001,0.08,0.1,2e-07,10000,0,1,12,0,0,0,0,False,800,15,12,4,7,1.6e-05,3.46596910469,3.99419230113,0.138437471139,0.288411398206,4.00956433182,6.05207443237,0.0577123738856,5.64858714647,0.0246480323501,-0.00826710302209,0.0246480323501,0.3,958.597026094,958.597026094,-4.18290979623,960,-0,0,0,0,0.00202014391758,-0.172922834754,60,0.5,0.75,True,True,True,True,True,True,True,3.99419230113,0.00180452711031,0.0793576643879,0.0190463591664,0.0441440994175,0.00939109654494,0.0314253127931,0.00523061684274,0.0704015025724,0.00375281820507,0.0492354656765,0.00191988690136,0.0331022714158,0.00184969894939,0.0218470749081,0.00066472696276,0.0165834951637,0.000891657034036,0.0102546432717,0.000704732147745,0.00711944494757,0.000466084372246,0.00402608859529,0.000801982717689,0.00218038524433,0.000520474923197,0.00165694760035,0.000676085684496,0.00151394033414,0.000657945877015,0.00191833635348,0.000650835945413,0.00173016101578,0.000598627050016,0.00185536343983,0.000623710749409,0.00105549395953,0.000538706193338,0.00108974036911,0.000480547846593,46875,46875,46874,90,685584b83d301c3b41c600bf93f5d84e5b1b143a5eb626e20125d567c04edcf4,936869
doe_N016_C12,doe,C12,N016,5.65685424949,5.65685424949,240,400,60,0.001,0.0001,0.08,0.1,2e-07,10000,0,1,12,0,0,0,0,False,800,15,12,4,7,1.6e-05,2.21181555369,5.65256087339,0.12502422058,0.260467126208,5.66319926257,8.76918029785,0.0534642848841,5.62284257294,5.68212374511,-0.0340116765545,0.0252694956208,0.3,954.228027089,954.228027089,-964.288375611,960,-960,0,0,0,0.00212533997276,-0.172922834754,60,0.5,0.75,True,True,True,True,True,True,True,5.65256087339,0.00569017131171,0.0855910440399,0.0129329388983,0.0481029636228,0.00940012773262,0.0269522243071,0.00746671381173,0.0489329747776,0.00316239710122,0.0250882749791,0.000251846433584,0.0144702296748,0.00110105285544,0.00370208699439,0.000702708668852,0.00740628189373,0.00130265276561,0.0126872155889,0.00183720358476,0.0121705664212,0.00187337256907,0.0137129786583,0.00259614021679,0.0163966408597,0.00265234230842,0.0160352158474,0.00257474117071,0.0121502171302,0.0023383681028,0.0114140568865,0.00238631904417,0.0113679396144,0.00208913558307,0.00922700746437,0.00157978749989,0.00486518377056,0.00136492448192,0.00428618875008,0.00113280178533,46875,46875,46874,90,b5c0b787dbb8110b328c783d7a20e1a30e319ee7abef846634c3bb4f271ad642,926708
doe_N022_C12,doe,C12,N022,11.313708499,-11.313708499,240,400,60,0.001,0.0001,0.08,0.1,2e-07,10000,0,1,12,0,0,0,0,False,800,15,12,4,7,1.6e-05,1.35428404468,11.3094447234,0.153162005431,0.319087511314,11.3149314132,16.687456131,0.0544848670224,11.3556233136,-11.2630768026,0.0419148146159,0.050631696353,0.32,1927.11317992,1927.11317992,1911.4075162,1920,1920,0,0,0,0.00222559028653,-0.172922834754,60,0.5,0.75,True,True,True,True,True,True,True,11.3094447234,0.00377746844888,0.0881789001001,0.0146393280937,0.0533596849722,0.00717032456426,0.033606471002,0.00726258526759,0.0745125501395,0.00399124713256,0.0525361361277,0.00100081168522,0.0393127697025,0.00158468119403,0.0274738985532,0.00205572072922,0.0192237479569,0.00136678859682,0.0121036440994,0.000671016074622,0.00948715433858,0.000633066487574,0.00687510832333,0.000503670872231,0.00284044018393,0.000388726423731,0.000468409900305,7.70663814027e-05,0.000933029341462,0.000147314092229,0.00142494429085,0.000449639447312,0.00342628726343,0.000444289584026,0.00449554897631,0.000718907640706,0.00417487332062,0.000529283910656,0.00429888621187,0.000910613304495,46875,46875,46874,90,7d176985bac76f1bfa58a02ff300ee7a7e915afd4539339bf26f48be411a1ec8,939660
doe_N024_C12,doe,C12,N024,11.313708499,0,240,400,60,0.001,0.0001,0.08,0.1,2e-07,10000,0,1,12,0,0,0,0,False,800,15,12,4,7,1.6e-05,2.11573866298,7.99443043446,0.169141255587,0.352377615806,8.00268791659,11.6924533844,0.0588205261227,11.3057226343,0.0497157860313,-0.00798586470272,0.0497157860313,0.3,1918.64475382,1918.64475382,-8.43704866434,1920,-0,0,0,0,0.00384410988179,-0.172922834754,60,0.5,0.75,True,True,True,True,True,True,True,7.99443043446,0.000167116974307,0.0808935199367,0.0186585920049,0.0471279537956,0.00840463644721,0.0354101723158,0.00519145670888,0.0835154514754,0.00285412144218,0.0645757332758,0.00204806272392,0.048429784408,0.00147531520272,0.0380429991275,0.00122214059648,0.0321054629243,0.00075977620719,0.0266374820689,0.000565825052681,0.0210274815871,0.000575384596442,0.0179491247681,0.000399792119324,0.014851700879,0.000494859156812,0.0119353311782,0.000436612252001,0.0102910127966,0.000306903316808,0.00871141169016,0.000280005055719,0.00737354202928,0.000257546587506,0.00604147028772,0.000268515857902,0.00512521292448,0.000206152383079,0.00467285627137,0.000357098491092,46875,46875,46874,90,affc36ba3ebfd334bb2bc89167930f1bb816aa54e66e2ffa8823d0976f312bb5,950103
doe_N026_C12,doe,C12,N026,11.313708499,11.313708499,240,400,60,0.001,0.0001,0.08,0.1,2e-07,10000,0,1,12,0,0,0,0,False,800,15,12,4,7,1.6e-05,1.3561154626,11.3096405204,0.153371783862,0.319524549713,11.315360757,16.7147140503,0.0566123435837,11.2543909308,11.3646215149,-0.059317568136,0.0509130159597,0.32,1909.93347488,1909.93347488,-1928.64022532,1920,-1920,0,0,0,0.00291619512195,-0.172922834754,60,0.5,0.75,True,True,True,True,True,True,True,11.3096405204,0.00338640619245,0.0890238935709,0.0142040747475,0.0524914212944,0.00831148089694,0.0337629662268,0.00654065883786,0.0731552020731,0.00300348468346,0.0518951596157,0.000931994607821,0.0406995834929,0.00225920522027,0.0300984333249,0.00192682985767,0.0188831541243,0.00104678906244,0.0121961021832,0.000613583298646,0.00988449620202,0.000782248254741,0.00758562895036,0.000456258579485,0.00226199504979,0.000334649816535,0.00111172850857,0.000108877896521,0.00169563085498,0.000116188745071,0.000987449269128,0.000308622665131,0.00443005656229,0.000445039373005,0.00523142812888,0.000713256847931,0.00403362589713,0.000564094721982,0.00362088663929,0.000848115993727,46875,46875,46874,90,54cdd360038be83c0d030f8d8efa67eff2599393ef3683bb721fa3a46702d3de,934682
doe_N030_C12,doe,C12,N030,22.627416998,-22.627416998,240,400,60,0.001,0.0001,0.08,0.1,2e-07,10000,0,1,12,0,0,0,0,False,800,15,12,4,7,1.6e-05,0.768482952604,22.6234314013,0.173857213613,0.362202528361,22.6262421548,32.6512985229,0.0553785067325,22.7205386737,-22.5259055116,0.0931216757247,0.101511486359,0.64,3855.80327241,3855.80327241,3822.77292951,3840,3840,0,0,0,0.00360953750389,-0.172922834754,60,0.5,0.75,True,True,True,True,True,True,True,22.6234314013,0.00458927807343,0.0889328527572,0.0164041138999,0.0550641944384,0.00701341864359,0.0359443134355,0.0066138697295,0.0830450134797,0.00293839041147,0.0623172241624,0.000167215896825,0.0497158419797,0.00116107069105,0.0380715602421,0.0021882060021,0.0304051330443,0.00135216234248,0.023585103237,0.00100714414891,0.0212041321871,0.000815547105611,0.0180981390414,0.00105603670901,0.0136133889695,0.00088132160023,0.0116259857943,0.000700949230473,0.0101981756283,0.000462641762887,0.00909191871675,0.000558570872884,0.00665177717958,0.000551467287955,0.00564760536852,0.000663678066182,0.00513620329309,0.000220247469665,0.00441299736355,0.000257059146219,46875,46875,46874,90,66fed6f91d173d5fd6c38b103fc866e25eb0b641e7c98813b00f6db01b761a95,939739
doe_N033_C12,doe,C12,N033,22.627416998,0,240,400,60,0.001,0.0001,0.08,0.1,2e-07,10000,0,1,12,0,0,0,0,False,800,15,12,4,7,1.6e-05,1.09885981202,15.9938926953,0.175750459206,0.366146790012,15.9980676096,22.9905281067,0.0597657970093,22.6185504016,0.10190598839,-0.00886659641926,0.10190598839,0.452548339959,3838.49528869,3838.49528869,-17.2940197042,3840,-0,0,0,0,0.00278925050707,-0.172922834754,60,0.5,0.75,True,True,True,True,True,True,True,15.9938926953,0.000926503937968,0.0804833383195,0.0182903120673,0.047569486784,0.00780593099219,0.0357250622171,0.00438518847081,0.0863019717224,0.00235325256539,0.0664239283259,0.00143009557484,0.0520569484334,0.000866002713144,0.0410848536212,0.000569561947792,0.0345572194946,0.000456904804218,0.028997318673,0.0005231250246,0.0242584471198,0.000215803099051,0.0205010429636,0.000366691632366,0.0173899561841,0.000220171169086,0.0149823740839,0.000142706732285,0.0133260160865,4.67717752727e-05,0.0114269359529,1.12701230504e-05,0.0103498091049,2.39878935969e-05,0.00913830152371,9.44721555821e-05,0.00811529008148,8.63260878307e-05,0.00729064881901,7.68376805176e-05,46875,46875,46874,90,eb36134892760a8747d7e1bc410d6fcd237c22a1eb8f7b6aaf9f25f223fffceb,948319
doe_N036_C12,doe,C12,N036,22.627416998,22.627416998,240,400,60,0.001,0.0001,0.08,0.1,2e-07,10000,0,1,12,0,0,0,0,False,800,15,12,4,7,1.6e-05,0.76739451112,22.6231109866,0.173608511956,0.361684399907,22.6261485759,32.6821861267,0.0590903911102,22.5173748216,22.7283552543,-0.110042176368,0.100938256358,0.64,3821.32522341,3821.32522341,-3857.12979013,3840,-3840,0,0,0,0.0019233401184,-0.172922834754,60,0.5,0.75,True,True,True,True,True,True,True,22.6231109866,0.00187741229395,0.0888771930044,0.0154634426129,0.05473588468,0.00702969273126,0.036500328663,0.00594439980274,0.082702447331,0.0027118075267,0.0600845146748,3.4101868162e-05,0.0505563722756,0.00140188249216,0.0413838784258,0.00187445173541,0.0313222161277,0.00131029476811,0.0229745634125,0.00095965770003,0.0199879278406,0.000917737751398,0.018458075666,0.000843541297343,0.0143062667955,0.000685438888925,0.00997983411592,0.000694743030458,0.00933331557491,0.000722941992466,0.00980157899355,0.000526004620105,0.00748864563145,0.000353083004808,0.00422175831857,0.000525663260853,0.00422077264709,0.000504565314521,0.00434106142959,0.000290589066747,46875,46875,46874,90,0170ccd611e7b982067b14feb3ccc2dd30e5310a24f29d909f2346e3aedcd9ba,936566
doe_N014_C13,doe,C13,N014,5.65685424949,-5.65685424949,240,400,60,0.001,0.0001,0.08,0.1,2e-07,10000,0,1,12,0,0,0,0,False,800,15,12,8,3,1.6e-05,3.43395953268,5.65279838191,0.194114808899,0.404405851872,5.66514614559,8.70830249786,0.0509964211744,5.67354832027,-5.63197199484,0.0166940707773,0.0248822546548,0.3,962.833077757,962.833077757,955.777341361,960,960,0,0,0,0.0035739255387,-0.172922834754,60,0.5,0.75,True,True,True,True,True,True,True,5.65279838191,0.00712525458615,0.0841101443541,0.0154294748037,0.141651654157,0.00690607799998,0.0784901283028,0.00696232539874,0.0403903747698,0.00412729585377,0.0169029712493,0.00115750582501,0.00409741486943,0.000777516058239,0.00654773252468,0.00106449863186,0.0123360492522,0.00188222988558,0.0180890730614,0.00321212658892,0.0179945824525,0.0031530698564,0.0168690320293,0.00340926746126,0.016145527536,0.00319781634785,0.0151081743488,0.00314145225569,0.0124408024506,0.00263994495737,0.00963398594576,0.0021930035593,0.00747143493757,0.00181997095882,0.00586489684462,0.00132304854653,0.00322351190624,0.000698724589698,0.000722726312837,0.000110821658356,46875,46875,46874,90,14c42a58adb99a6057240240b5903e489d2f355af0a12a603bda0a3e8cb94419,932846
doe_N015_C13,doe,C13,N015,5.65685424949,0,240,400,60,0.001,0.0001,0.08,0.1,2e-07,10000,0,1,12,0,0,0,0,False,800,15,12,8,3,1.6e-05,5.10348166445,3.9938821898,0.203827045256,0.424639677616,4.01203315906,5.99907159805,0.0568770973165,5.64814760189,0.024870849355,-0.00870664759856,0.024870849355,0.3,958.522432906,958.522432906,-4.22072309586,960,-0,0,0,0,0.0014427927912,-0.172922834754,60,0.5,0.75,False,True,True,True,True,True,False,3.9938821898,0.00255437597737,0.0777145177543,0.0207835598044,0.144431864808,0.00995050171305,0.0916476132038,0.00491282846657,0.0584663180679,0.00344559443936,0.0381093559801,0.00165977485783,0.023155496952,0.0012953690989,0.0121213766222,0.000713078811379,0.00778728076902,0.000327546471158,0.00332426166203,0.00102328980463,0.00185953574126,0.000691106716872,0.0023886963265,0.00119159949659,0.0025651298628,0.000768272938665,0.0031246304021,0.000990203192595,0.00177944142846,0.000733615549514,0.0018945459983,0.000626219775668,0.00114973051254,0.000604256178125,0.000514968289854,0.000343513689123,0.000678857192205,0.000407974023168,0.00126437091687,0.000289960926631,46875,46875,46874,90,c02f48c38cbf508cd9160d9c93096e0385bde6e277a4f04f8f40b5930b17c9f7,936455
doe_N016_C13,doe,C13,N016,5.65685424949,5.65685424949,240,400,60,0.001,0.0001,0.08,0.1,2e-07,10000,0,1,12,0,0,0,0,False,800,15,12,8,3,1.6e-05,3.43618673525,5.65269900324,0.194237293333,0.404661027777,5.66527615858,8.69344520569,0.0528299750966,5.6231291029,5.682115023,-0.033725146591,0.0252607735085,0.3,954.276652836,954.276652836,-964.286895419,960,-960,0,0,0,0.00386296622406,-0.172922834754,60,0.5,0.75,True,True,True,True,True,True,True,5.65269900324,0.00618109916122,0.0847824629616,0.0141569297385,0.141125604971,0.00954736709055,0.0792403753495,0.00686681562421,0.0387599119324,0.00258505910298,0.0162532743684,0.000279205724424,0.00666363010682,0.000364538146856,0.00596385383024,0.00147935936659,0.0138431695026,0.00202718410954,0.0183749639188,0.00241955147879,0.0165634441478,0.00283713272394,0.0171605769779,0.00342326460756,0.0184688674493,0.00314754863723,0.0161134067683,0.00282191487583,0.010937911633,0.00255459859623,0.00966488218062,0.00255956839997,0.00922641804691,0.00180232903079,0.00669778102115,0.00105138384916,0.00178475563402,0.000722612550175,0.00108599847203,0.000549376993908,46875,46875,46874,90,09f1857358c3dcb5a04f574d17350b12b8292627aa650170bef8931f9a534efc,925977
doe_N022_C13,doe,C13,N022,11.313708499,-11.313708499,240,400,60,0.001,0.0001,0.08,0.1,2e-07,10000,0,1,12,0,0,0,0,False,800,15,12,8,3,1.6e-05,2.06673774641,11.3095176063,0.233738069307,0.486954311056,11.3163855266,16.6496829987,0.0542318570277,11.3552948056,-11.2635543615,0.0415863065904,0.0501541374548,0.32,1927.05743025,1927.05743025,1911.48856063,1920,1920,0,0,0,0.00251451387513,-0.172922834754,60,0.5,0.75,True,True,True,True,True,True,True,11.3095176063,0.004047215655,0.0878703433648,0.0163885225293,0.161249059818,0.00706540812736,0.103550155259,0.00694898422814,0.0697014633419,0.00389308895478,0.0490042504144,0.00112331107702,0.0360228504478,0.00184025965954,0.0248115456761,0.00199309650634,0.0169727353959,0.00123118797582,0.0100000578279,0.000614762762944,0.00737767815486,0.000571200837292,0.00478956555138,0.000309061888058,0.00109245470315,0.000155584659513,0.00159923680978,0.00031239931488,0.0029903129501,0.000362766773498,0.00317349343392,0.000690528910994,0.0047540257686,0.000869271933775,0.00576224272164,0.000930157223602,0.00557631265177,0.000866232248673,0.00518225127127,0.00104623794442,46875,46875,46874,90,2772c7fc8e6c4f647f856aef27edabd85b57a4e55c422db6ac57beccad261f48,940339
doe_N024_C13,doe,C13,N024,11.313708499,0,240,400,60,0.001,0.0001,0.08,0.1,2e-07,10000,0,1,12,0,0,0,0,False,800,15,12,8,3,1.6e-05,3.07114470668,7.99418496159,0.24551298829,0.511485392271,8.00442127241,11.6462450027,0.0592019567194,11.3053721846,0.0504595783838,-0.00833631442987,0.0504595783838,0.3,1918.58528053,1918.58528053,-8.56327441225,1920,-0,0,0,0,0.00254073081616,-0.172922834754,60,0.5,0.75,True,True,True,True,True,True,True,7.99418496159,0.000313000111347,0.0808316123854,0.0199902334847,0.158242736337,0.00842102629285,0.110279120337,0.0046243766863,0.0792031993394,0.0030607274787,0.0612824044523,0.00199854739745,0.0461460873298,0.00160567012309,0.035888504538,0.000950908746011,0.0297146850102,0.000973159759311,0.0241653253261,0.000665746746913,0.0194117704115,0.000605540715376,0.0159832181562,0.000403174895058,0.012914401131,0.000375023567787,0.0102135810502,0.000416180661174,0.00901019548908,0.000283530318041,0.00696228869647,0.000445969075388,0.00588742080406,0.000320974158794,0.00472840207987,0.000428772542428,0.00382005759158,0.00021614950219,0.00333070100658,0.000373509372989,46875,46875,46874,90,aef57681fe9ef2146a4626bf3d2cef3a5b09cb075f7372aa2a46d296221418aa,949400
doe_N026_C13,doe,C13,N026,11.313708499,11.313708499,240,400,60,0.001,0.0001,0.08,0.1,2e-07,10000,0,1,12,0,0,0,0,False,800,15,12,8,3,1.6e-05,2.07132293033,11.3098025654,0.234262533913,0.488046945653,11.316904006,16.654045105,0.0564224535035,11.2545587202,11.3647778751,-0.0591497787446,0.0510693761304,0.32,1909.96194968,1909.96194968,-1928.66676052,1920,-1920,0,0,0,0.00289478037364,-0.172922834754,60,0.5,0.75,True,True,True,True,True,True,True,11.3098025654,0.00374226186828,0.0889658432655,0.0159967577083,0.160603957436,0.00869254562644,0.105391687914,0.00650050827299,0.0675678805448,0.00308198747938,0.0477265556369,0.00126417102006,0.0377761694663,0.00230109481267,0.0276951201887,0.00195525319044,0.0163751224714,0.00111725105581,0.00958735849015,0.000641309746744,0.00794913882061,0.00062232454985,0.00557576359327,0.000263857740212,0.00169118188997,0.000360412820765,0.00336241878536,0.000282279493498,0.00323288454494,0.000512201337321,0.00224063117624,0.000739752459444,0.0058285756376,0.000879213884671,0.00693718533038,0.000782668743285,0.00499775074843,0.000901183776607,0.00448555345638,0.00111124738175,46875,46875,46874,90,612b3ac5be37504826b8660963dbde4882da4ab3b7f31bc98cca31db511af0ca,933610
doe_N030_C13,doe,C13,N030,22.627416998,-22.627416998,240,400,60,0.001,0.0001,0.08,0.1,2e-07,10000,0,1,12,0,0,0,0,False,800,15,12,8,3,1.6e-05,1.13104704512,22.623429494,0.255881630797,0.533086730828,22.6270214842,32.6095352173,0.0552721875228,22.719869283,-22.5265768351,0.0924522850048,0.100840162893,0.64,3855.68967304,3855.68967304,3822.88685688,3840,3840,0,0,0,0.00355910999052,-0.172922834754,60,0.5,0.75,True,True,True,True,True,True,True,22.623429494,0.00449975516327,0.0888011348807,0.0181143809641,0.167718422019,0.00750360257582,0.111986430082,0.0059377725768,0.0798324496018,0.00303654947139,0.0603807843817,0.000365917659146,0.0483135302559,0.00160841597031,0.0372069517499,0.00218208406644,0.0296413564405,0.0012817357854,0.0226231010628,0.00108755064451,0.0205258960425,0.000851585362575,0.0174833545189,0.000959344742511,0.0135002499672,0.00074712840651,0.0114123620243,0.000618963987239,0.00995236940153,0.000650249993222,0.00879963605985,0.000605526883777,0.00656627492828,0.000476162707149,0.00540540551087,0.00060878042993,0.00476934672337,0.000431749183051,0.0040648648031,0.000338697453628,46875,46875,46874,90,7c4d71d05a1fb8506fdf056886e44fe3b91a332114f16c90b8ca8e924eae22a8,940401
doe_N033_C13,doe,C13,N033,22.627416998,0,240,400,60,0.001,0.0001,0.08,0.1,2e-07,10000,0,1,12,0,0,0,0,False,800,15,12,8,3,1.6e-05,1.5875381102,15.9937858266,0.253907445262,0.528973844296,15.9990074026,22.9407424927,0.0592488586079,22.6184007782,0.101569561162,-0.00901621981159,0.101569561162,0.452548339959,3838.46989676,3838.46989676,-17.2369261104,3840,-0,0,0,0,0.00254039017846,-0.172922834754,60,0.5,0.75,True,True,True,True,True,True,True,15.9937858266,0.000900354964684,0.0805975741116,0.0201752403254,0.159901261605,0.00809638070752,0.112159821252,0.00457889436327,0.0825131228622,0.00244430643062,0.0646439616007,0.00189833870399,0.0506146065233,0.00128012264663,0.0403275290795,0.000925196384645,0.0340999478124,0.000442912852262,0.0287548359288,0.000574395326105,0.0238603581275,0.000403646799249,0.0205357870625,0.000482334861164,0.0174632928909,0.000455318263276,0.0150709024036,0.000418879554463,0.0134534248821,0.000288217574014,0.0117525853126,0.000271853884077,0.0103242720821,4.40713683298e-05,0.00902785590342,0.000138451250397,0.00823584057271,0.000200395887678,0.0073205169269,5.10430038809e-05,46875,46875,46874,90,51eb8565d983022983a84a8784e32bfd68b72de9581da4be0e4ba99e7ed75b1b,947213
doe_N036_C13,doe,C13,N036,22.627416998,22.627416998,240,400,60,0.001,0.0001,0.08,0.1,2e-07,10000,0,1,12,0,0,0,0,False,800,15,12,8,3,1.6e-05,1.13046144794,22.6230702803,0.25574508786,0.532802266375,22.6268847471,32.6283149719,0.0589582481776,22.5172102268,22.7284372849,-0.110206771164,0.10102028694,0.64,3821.29729075,3821.29729075,-3857.14371118,3840,-3840,0,0,0,0.00349786062053,-0.172922834754,60,0.5,0.75,True,True,True,True,True,True,True,22.6230702803,0.00217189460999,0.0893384669152,0.0171358417537,0.166882415949,0.00769804218237,0.113503322371,0.00562015559384,0.0786962602567,0.00270553143081,0.0582091806655,0.000466361164449,0.0493086544504,0.00161817001639,0.0401997872105,0.00174788481346,0.0301601186809,0.00150079481983,0.0219156296207,0.000893324888052,0.0194997670991,0.000941257340129,0.018004680633,0.000968397134459,0.0138391585403,0.000622647747825,0.00945638150338,0.000682875732865,0.00911120161462,0.000604315064633,0.00977009895365,0.000513077948597,0.00719048206527,0.000383929252678,0.0037482573306,0.000398130599114,0.00390038814905,0.000488015188585,0.00429838387011,0.000402727946298,46875,46875,46874,90,7ebd721a2126210e4055cc5e864e3b52379afb07df6e7bc1368d290b6d9b9eb0,934420
doe_N014_C14,doe,C14,N014,5.65685424949,-5.65685424949,240,400,60,0.001,0.0001,0.08,0.1,2e-07,10000,0,1,12,0,0,0,0,False,800,15,12,8,5,1.6e-05,2.60037545012,5.65255672364,0.146987697345,0.306224369469,5.66348432568,8.79817867279,0.0514857017572,5.67323698142,-5.6318005274,0.0163827319315,0.0250537220906,0.3,962.780241802,962.780241802,955.748242372,960,960,0,0,0,0.0027639530668,-0.172922834754,60,0.5,0.75,True,True,True,True,True,True,True,5.65255672364,0.00617694777646,0.0846562622757,0.0132497617067,0.0479924148283,0.00640506321242,0.085135592788,0.0073870660376,0.046462605694,0.00454302721302,0.0223182089775,0.00107915087358,0.00847868653167,0.000502715253141,0.00283220557031,0.00041192447871,0.00946411507129,0.00136090893729,0.0149975692941,0.00261224553709,0.0159764794261,0.00259204750014,0.0155221352555,0.0030691176027,0.0159290797028,0.00296492930289,0.015381734919,0.00321338167015,0.0133286087913,0.00260216213467,0.0104977904451,0.00250654396138,0.00884845362808,0.00202510562076,0.00734777639944,0.00180915713881,0.00493596585588,0.00106026640651,0.00275543751626,0.000670174378752,46875,46875,46874,90,decd390c04d0ada9e3685ca579d1e631ea3ea082655cc22b92ba27b29ab6be42,932684
doe_N015_C14,doe,C14,N015,5.65685424949,0,240,400,60,0.001,0.0001,0.08,0.1,2e-07,10000,0,1,12,0,0,0,0,False,800,15,12,8,5,1.6e-05,4.04445688383,3.99401170608,0.161536081388,0.336533502891,4.01024350672,6.14842128754,0.0573717320679,5.64832928702,0.0252048027936,-0.00852496247304,0.0252048027936,0.3,958.553265894,958.553265894,-4.27739687372,960,-0,0,0,0,0.0012490659307,-0.172922834754,60,0.5,0.75,True,True,True,True,True,True,True,3.99401170608,0.00202755995428,0.0781834243914,0.019724051329,0.0432911128477,0.0101713496305,0.0991718560683,0.00520157324136,0.0656807016798,0.00357913602953,0.0449556057727,0.00202492719555,0.0289504952659,0.00143814229825,0.0177598214472,0.000714126239714,0.0121579085094,0.000510394498195,0.00684568939174,0.000711975375875,0.00375357895699,0.000598005564024,0.00167422221287,0.000883425965886,0.00171092604613,0.000561080981925,0.0024309319808,0.000858874600274,0.00184201186017,0.000684662734105,0.00236947952455,0.000726927796214,0.0017613950575,0.000547103280505,0.00159765129448,0.000522754672382,0.000650068005781,0.000413234213326,0.000331275014718,0.000354298890907,46875,46875,46874,90,c2ad74d7e6b8c7331c2988c88843b027c8957a09b16008dd83166d8d00122180,939861
doe_N016_C14,doe,C14,N016,5.65685424949,5.65685424949,240,400,60,0.001,0.0001,0.08,0.1,2e-07,10000,0,1,12,0,0,0,0,False,800,15,12,8,5,1.6e-05,2.6065578572,5.65275036476,0.147342208781,0.30696293496,5.66391884667,8.82389259338,0.0530248555512,5.62321891048,5.6821283387,-0.0336353390117,0.02527408921,0.3,954.291893687,954.291893687,-964.289155168,960,-960,0,0,0,0.00205148846163,-0.172922834754,60,0.5,0.75,True,True,True,True,True,True,True,5.65275036476,0.00561209619397,0.0853150985831,0.0133943683517,0.0467318567671,0.0111171066296,0.0856980615846,0.00724412441037,0.0445662745926,0.00296050002283,0.0218816981775,0.000107648779367,0.0108553282797,0.000750710290832,0.00339103087766,0.000878669739983,0.0109168821826,0.00180586804354,0.0150486714497,0.00228452749017,0.0147769894113,0.00234597242513,0.0153747261244,0.00299231675077,0.018150063533,0.00283690743548,0.0163956149492,0.00278724063213,0.012101113121,0.00243908808997,0.0104245907382,0.00252548896905,0.0106645491951,0.00186712477565,0.00800947582925,0.00161611546935,0.0037106527626,0.0010212478726,0.00270850359973,0.000842099216078,46875,46875,46874,90,077d1c4b69f523d7683f036e300e27d88afded030c715b163452ae2071107ab2,925856
doe_N022_C14,doe,C14,N022,11.313708499,-11.313708499,240,400,60,0.001,0.0001,0.08,0.1,2e-07,10000,0,1,12,0,0,0,0,False,800,15,12,8,5,1.6e-05,1.61924494479,11.3096855584,0.183131511676,0.381523982659,11.3156193522,16.7978744507,0.0546144801275,11.3555660761,-11.2636181554,0.0418575771419,0.0500903435699,0.32,1927.10346639,1927.10346639,1911.49938681,1920,1920,0,0,0,0.0015409535636,-0.172922834754,60,0.5,0.75,True,True,True,True,True,True,True,11.3096855584,0.00434196812861,0.088221869766,0.0153222983619,0.0531243186366,0.00728130873179,0.107798248888,0.0066469414281,0.0733672697693,0.00451294129087,0.0519866488289,0.00102525032271,0.038333713943,0.00214334208327,0.0264723708062,0.00196191485355,0.0182715236608,0.00161943310433,0.0113218602805,0.000609641814266,0.00849093391186,0.000793071869809,0.00549428516489,0.000311317763468,0.00178116325527,0.000187395724109,0.000601822913663,0.000479950080654,0.00220260632256,0.000266717707879,0.00252732713326,0.000653074226097,0.00419679448479,0.000633564796952,0.00500836888824,0.000806524810113,0.00474365438832,0.000675743999628,0.00487238656082,0.00103062617031,46875,46875,46874,90,2b10432a9bc81ed9fff75b02cde8db49b97b5f562ee681d973acb60ec24470ab,940157
doe_N024_C14,doe,C14,N024,11.313708499,0,240,400,60,0.001,0.0001,0.08,0.1,2e-07,10000,0,1,12,0,0,0,0,False,800,15,12,8,5,1.6e-05,2.4937678531,7.9939963705,0.199351711666,0.41531606597,8.00295060298,11.8073253632,0.0590948271185,11.3051057052,0.0504077114753,-0.00860279379054,0.0504077114753,0.3,1918.54005748,1918.54005748,-8.554472306,1920,-0,0,0,0,0.0024622378908,-0.172922834754,60,0.5,0.75,True,True,True,True,True,True,True,7.9939963705,0.000265138269143,0.0799551471556,0.0185448094334,0.0471199330104,0.00915155706922,0.114016587211,0.00470029335009,0.0828881923963,0.00298177277328,0.0636743599699,0.00175487269571,0.0486716837026,0.00150412230419,0.0375325204758,0.000966693619385,0.0314169663935,0.000746017443936,0.025757527761,0.000410464511652,0.0210232616478,0.000424826303058,0.0169586016308,0.00028594326272,0.0137187734793,0.000278724943068,0.0112034920926,0.00038650793083,0.0101276476707,0.000295089702245,0.00767341661935,0.00026671320849,0.00616663584878,0.000127650357836,0.00532023275894,0.000238910123712,0.0047772842054,0.000290922220946,0.00383021146474,0.000375759297971,46875,46875,46874,90,50091c378f8bce8e0c72058cf8c518325601b8ac83b238c53b076a21191df303,952035
doe_N026_C14,doe,C14,N026,11.313708499,11.313708499,240,400,60,0.001,0.0001,0.08,0.1,2e-07,10000,0,1,12,0,0,0,0,False,800,15,12,8,5,1.6e-05,1.62246671478,11.3094855127,0.183492638057,0.382276329285,11.3156530758,16.8077049255,0.0565895891926,11.2543195688,11.3643836687,-0.0593889302277,0.0506751696784,0.32,1909.92136433,1909.92136433,-1928.59986147,1920,-1920,0,0,0,0.0037368468683,-0.172922834754,60,0.5,0.75,True,True,True,True,True,True,True,11.3094855127,0.0035761666403,0.0881346783147,0.014721405277,0.052717578277,0.0102301174738,0.108805816859,0.00668576092089,0.0719965314661,0.00309571212698,0.05042115875,0.000939640761874,0.0403070235093,0.0023068927291,0.0291212381329,0.00196656379507,0.0181022294799,0.00119680621685,0.0106561760733,0.000664196115405,0.00892705707286,0.000778594940924,0.00611916117014,0.000337742256977,0.00157416231353,0.00013184596247,0.00253100283264,0.000193347055484,0.00235989321656,0.000379077043953,0.00171089193087,0.00061126668201,0.00518654661926,0.000607434465152,0.00634813508527,0.000738841660256,0.00442057744704,0.000834060892067,0.0043190386617,0.00101483451061,46875,46875,46874,90,3d4a3e1b2c2cb7b94d1600bc9d8f7b53a19d355a63299bd6ae14afce964468bf,933148
doe_N030_C14,doe,C14,N030,22.627416998,-22.627416998,240,400,60,0.001,0.0001,0.08,0.1,2e-07,10000,0,1,12,0,0,0,0,False,800,15,12,8,5,1.6e-05,0.910726237223,22.6232186413,0.20603558787,0.429240808063,22.6262995777,32.7724952698,0.0552284243813,22.7202273572,-22.5257921552,0.0928103592057,0.101624842738,0.64,3855.75044025,3855.75044025,3822.7536923,3840,3840,0,0,0,0.00349583416996,-0.172922834754,60,0.5,0.75,True,True,True,True,True,True,True,22.6232186413,0.00431728056536,0.0891576409526,0.0168019914523,0.0549692645825,0.0082820591052,0.11531908263,0.00618038834673,0.0832310184058,0.00338112348327,0.0631362189971,0.000539699855416,0.0498686745608,0.00157606893544,0.0382089002919,0.00208128173057,0.0305233297319,0.00134236652,0.0238735338681,0.000754823847698,0.0211045068665,0.000972292437028,0.0177521206541,0.00104628609466,0.0137484615821,0.000762919685111,0.011703595139,0.000647462342696,0.0101701477058,0.000688726573665,0.00888323407355,0.000639267214861,0.00647673280998,0.000498067071829,0.00572548829102,0.00037738640943,0.00498696726571,0.000519180717404,0.00420588762426,0.000252465871713,46875,46875,46874,90,3715550f742f2a55bac8666e9d338238c663f6cf09a3b221af02edded648512e,941180
doe_N033_C14,doe,C14,N033,22.627416998,0,240,400,60,0.001,0.0001,0.08,0.1,2e-07,10000,0,1,12,0,0,0,0,False,800,15,12,8,5,1.6e-05,1.30458524669,15.9943582476,0.208660038001,0.434708412502,15.9989286157,23.1111736298,0.0599917951955,22.6192077619,0.102135853897,-0.0082092360811,0.102135853897,0.452548339959,3838.60684644,3838.60684644,-17.3330291743,3840,-0,0,0,0,0.00269397685583,-0.172922834754,60,0.5,0.75,True,True,True,True,True,True,True,15.9943582476,0.00118440032626,0.0811701434045,0.0184750223891,0.0474592941825,0.00854398472991,0.116349843537,0.00407912655518,0.0857839620946,0.00251976872982,0.0673912010861,0.00121480230403,0.0523299351841,0.000974229614833,0.0418823659714,0.00106583543088,0.0347676300054,0.000730945815637,0.0296491562972,0.00048011507219,0.0244539004545,0.000562157539905,0.0210305659653,0.000155282364091,0.0175718390079,0.000269529403107,0.0154413841178,0.00020967379596,0.0136553672239,0.000194806266083,0.0120200828138,0.00017447238371,0.0103493640172,5.3746558708e-05,0.00935174042282,0.000252959706324,0.00839623160078,0.000161583603418,0.00725904210835,0.000141111451842,46875,46875,46874,90,03bc322ce14788908d2ca9d5bb6c12516afa3d9cbb54a6e8453bafbb647c67fe,948149
doe_N036_C14,doe,C14,N036,22.627416998,22.627416998,240,400,60,0.001,0.0001,0.08,0.1,2e-07,10000,0,1,12,0,0,0,0,False,800,15,12,8,5,1.6e-05,0.912011322123,22.623808497,0.206331694988,0.429857697893,22.6271201781,32.7913322449,0.0593184915796,22.517536105,22.7295840169,-0.109880892955,0.102167018929,0.64,3821.35259411,3821.35259411,-3857.33831806,3840,-3840,0,0,0,0.00322654114183,-0.172922834754,60,0.5,0.75,True,True,True,True,True,True,True,22.623808497,0.00205014711492,0.0890569535022,0.0156874119541,0.0542939875338,0.00866147680713,0.117584752945,0.00581469137199,0.0816476148428,0.00246643682724,0.0605945545015,0.000509931844342,0.0507423905327,0.00151596474887,0.042037436096,0.00168723990456,0.0309528114524,0.00129581857777,0.0228630872997,0.000999112821382,0.0199205882198,0.00101851182322,0.01889594904,0.000910457974968,0.0139784076258,0.000557912539642,0.00982710629894,0.000769092313114,0.00906308795292,0.000835367125746,0.0100528729512,0.000592603939518,0.00715017697901,0.00038710699864,0.00388925461438,0.000383218749273,0.00381178984801,0.000587395501723,0.00436802097069,0.000423324886858,46875,46875,46874,90,2076b4df00cead3756b80e06d76203e71f4724391eb774756cdf0baaccde58d2,936083
doe_N014_C15,doe,C15,N014,5.65685424949,-5.65685424949,240,400,60,0.001,0.0001,0.08,0.1,2e-07,10000,0,1,12,0,0,0,0,False,800,15,12,8,7,1.6e-05,2.22936602965,5.65276231353,0.126020762755,0.262543255739,5.6631874168,8.75900268555,0.0520517266434,5.67361150643,-5.63183593694,0.0167572569423,0.0250183125533,0.3,962.843800804,962.843800804,955.75425157,960,960,0,0,0,0.0023958171925,-0.172922834754,60,0.5,0.75,True,True,True,True,True,True,True,5.65276231353,0.00628669264006,0.0849074408292,0.013582988507,0.0479108991876,0.00731701068744,0.0269909583859,0.00723801749887,0.0524037034128,0.00486899970035,0.0269016486214,0.00144065958055,0.0125027818272,0.000630693709574,0.000173208053529,0.000426062093793,0.00687549424676,0.0009977533303,0.0131196234616,0.00217560044871,0.0137340050206,0.00222524666664,0.0139117295658,0.00273289599951,0.0151610450119,0.00279011855081,0.0153471216408,0.00294304139495,0.0136207461229,0.00273381687069,0.0113314662804,0.0024543117517,0.00992512951524,0.00230658413687,0.00853083606616,0.00190714458788,0.00624606038855,0.00141575186686,0.00376888102432,0.00102806123426,46875,46875,46874,90,fcbec1ce305202098a60edb7609a774315485ebc8361cfc495b5a73a0ad8033a,932366
doe_N015_C15,doe,C15,N015,5.65685424949,0,240,400,60,0.001,0.0001,0.08,0.1,2e-07,10000,0,1,12,0,0,0,0,False,800,15,12,8,7,1.6e-05,3.50704471742,3.99423527019,0.140079617045,0.29183253551,4.00966784897,6.04861354828,0.0579571443011,5.64864733562,0.0247803365617,-0.00820691387189,0.0247803365617,0.3,958.607240532,958.607240532,-4.20536256549,960,-0,0,0,0,0.00134877299844,-0.172922834754,60,0.5,0.75,True,True,True,True,True,True,True,3.99423527019,0.00171825914962,0.0788406404286,0.0189775457741,0.0433576804953,0.00945214607042,0.0311846940028,0.00569809417827,0.0734743487492,0.00406919262126,0.0506970301815,0.00197369269032,0.0338163753043,0.00165080916119,0.0222553686071,0.00095983175902,0.0162215465275,0.000727858288574,0.00971066251884,0.000693158339736,0.00644913626171,0.000422990695296,0.00361244749861,0.000802699581689,0.00158594368902,0.00045481706866,0.00168506409529,0.000766441682422,0.00136027488723,0.00057963489356,0.00211895603296,0.000651687566668,0.00181041942119,0.000521305006058,0.00178333900899,0.000632800561214,0.00135850775805,0.000436210141508,0.000980835327847,0.000511996632936,46875,46875,46874,90,c5495e6dc33ef204c4a3c25c9766003edb11a79ce2be003d24974efefc874850,936673
doe_N016_C15,doe,C15,N016,5.65685424949,5.65685424949,240,400,60,0.001,0.0001,0.08,0.1,2e-07,10000,0,1,12,0,0,0,0,False,800,15,12,8,7,1.6e-05,2.23047496582,5.65268389634,0.126081699205,0.262670206677,5.66335486598,8.76219272614,0.0543233176678,5.62301426369,5.68219861094,-0.0338399858017,0.0253443614484,0.3,954.257163975,954.257163975,-964.301080763,960,-960,0,0,0,0.00294388679901,-0.172922834754,60,0.5,0.75,True,True,True,True,True,True,True,5.65268389634,0.00543835477872,0.0854910709675,0.0127879644406,0.0476512239543,0.00949635956347,0.0271448845591,0.00735162607024,0.0507301355201,0.0027124359237,0.0259782850129,0.000526607390229,0.0149026685041,0.00120137362506,0.00388583470144,0.00101173812891,0.00826826270888,0.00119119065133,0.0135274796014,0.00170500809102,0.0124027229959,0.00207447394031,0.013980180524,0.00309661685591,0.0169642164597,0.00272353600915,0.0164931368139,0.00249379436855,0.0120790463094,0.00240066849951,0.011269101907,0.00272368508246,0.0115321980652,0.00204820110222,0.00940694687213,0.00155602105274,0.00466551921765,0.00127536785676,0.00396566470842,0.00132456734359,46875,46875,46874,90,c05fbdc6bdf5b4669d60d0432cfe08ff2bed86398ed288ade73d38ebe95f62c3,926384
doe_N022_C15,doe,C15,N022,11.313708499,-11.313708499,240,400,60,0.001,0.0001,0.08,0.1,2e-07,10000,0,1,12,0,0,0,0,False,800,15,12,8,7,1.6e-05,1.37930621374,11.3094934934,0.155992546496,0.324984471867,11.3150189517,16.6849479675,0.0543972803809,11.355319352,-11.2634811922,0.0416108530445,0.0502273068117,0.32,1927.06159593,1927.06159593,1911.47614338,1920,1920,0,0,0,0.0022952240389,-0.172922834754,60,0.5,0.75,True,True,True,True,True,True,True,11.3094934934,0.00379830895537,0.0879191393692,0.0146554042552,0.0528906819076,0.00721505014459,0.0334774407091,0.00769784363182,0.0778657456535,0.00424314995878,0.0551238552812,0.00127493864507,0.0407701993282,0.00156956835087,0.0281604122016,0.00203169746229,0.019641492161,0.00118113464732,0.0121229077922,0.000833931358745,0.00952125754432,0.000562662537439,0.00673414091536,0.000425048893988,0.00260670695326,0.000286263023954,0.000295153829758,0.000140698049402,0.00116133410268,0.000279758417044,0.00185031696871,0.000475097017544,0.0038339008639,0.000713451680717,0.00472704939812,0.000784347360829,0.00439957622196,0.00073059670644,0.00443835473022,0.000948965365624,46875,46875,46874,90,9e58736dfab581cec5f021e121ef80c6f560e4b393c30781ae77b8bf0bcd307e,938665
doe_N024_C15,doe,C15,N024,11.313708499,0,240,400,60,0.001,0.0001,0.08,0.1,2e-07,10000,0,1,12,0,0,0,0,False,800,15,12,8,7,1.6e-05,2.17171033261,7.99396676083,0.173605802131,0.361678754439,8.00232371571,11.6871671677,0.0592573709282,11.3050657133,0.0499836416149,-0.00864278568585,0.0499836416149,0.3,1918.53327063,1918.53327063,-8.48250526423,1920,-0,0,0,0,0.00235316354804,-0.172922834754,60,0.5,0.75,True,True,True,True,True,True,True,7.99396676083,0.000697955679529,0.0805224736733,0.0185040044445,0.0464550374656,0.00822034616994,0.0350936439666,0.00585166234739,0.0884050900523,0.00291171412791,0.0678718799377,0.00217318757054,0.0502979567957,0.00131154684105,0.0393228958024,0.00114973879373,0.0332454510905,0.000644856761066,0.0269705784234,0.000556034254392,0.0213093935633,0.000513499424862,0.0181428721339,0.000388480244735,0.0150119612662,0.000395747773699,0.0120264735237,0.000182405067272,0.0104263887909,0.00016703769797,0.00866775529888,0.000137705872614,0.00724101213366,0.000250363374315,0.00594257496423,0.000265056975371,0.00522251004977,0.00035440979055,0.00444342878863,0.00037378878336,46875,46875,46874,90,77f28c0c7255fe6f9c6d309f5a8df17cd3462c3b573c962a9cd58b60777fd2e5,949118
doe_N026_C15,doe,C15,N026,11.313708499,11.313708499,240,400,60,0.001,0.0001,0.08,0.1,2e-07,10000,0,1,12,0,0,0,0,False,800,15,12,8,7,1.6e-05,1.37769296392,11.3098128605,0.155814496013,0.32461353336,11.3155673397,16.7039222717,0.056714485227,11.2546990722,11.3646593735,-0.059009426781,0.0509508745011,0.32,1909.9857682,1909.9857682,-1928.64665013,1920,-1920,0,0,0,0.0028112292,-0.172922834754,60,0.5,0.75,True,True,True,True,True,True,True,11.3098128605,0.0031856251941,0.0882064641119,0.0141098782296,0.0525093763339,0.00855193281745,0.0343231403322,0.00758643637229,0.0764450684099,0.00287013824243,0.0534448920035,0.000994224048888,0.0420561294745,0.00242037939702,0.0311177237708,0.00208624433057,0.0194931093986,0.000798440257528,0.0118319421127,0.000848333667291,0.00943808992356,0.000728798485738,0.00713795584108,0.000516675829113,0.00228923017717,0.000132607748515,0.00152089365275,0.000156513474523,0.00214277909588,0.000150682926695,0.0013012994366,0.000526798788822,0.00458390843266,0.000704795931602,0.00545857098948,0.00064991675989,0.00445282528933,0.000661066978892,0.00409299896098,0.000883386213264,46875,46875,46874,90,98125f382d78a28a2fe2bcbcabe59a2ce7ba8879fa289bb59737821b03b376bb,933982
doe_N030_C15,doe,C15,N030,22.627416998,-22.627416998,240,400,60,0.001,0.0001,0.08,0.1,2e-07,10000,0,1,12,0,0,0,0,False,800,15,12,8,7,1.6e-05,0.787357022572,22.6235037837,0.178127745793,0.371099470403,22.6263487301,32.6500663757,0.0557415380495,22.7203321717,-22.526259186,0.0929151736844,0.101157811942,0.64,3855.76822785,3855.76822785,3822.83295005,3840,3840,0,0,0,0.00443726780763,-0.172922834754,60,0.5,0.75,True,True,True,True,True,True,True,22.6235037837,0.00392911283967,0.0884897151931,0.0163633112303,0.055059836268,0.00806257497455,0.0357661170074,0.00641256711677,0.0869223570197,0.00370141563272,0.0655736686907,0.000857324343251,0.0519256142341,0.00158895702321,0.0396842712465,0.00192380351339,0.0316075343448,0.00115445643774,0.0243596397431,0.00106334138362,0.0215509021308,0.00105986565534,0.018289871865,0.000855068797178,0.0141139672511,0.000611181501772,0.0118440379,0.00064165042583,0.0103687177455,0.000782000998652,0.00905845293367,0.000645391489797,0.00681303966701,0.000314523864358,0.00581769847153,0.000417013635282,0.00514490869795,0.000493889735729,0.00421703105358,0.000402928909627,46875,46875,46874,90,e69d10067eb03e326fbfdd25568b723b6c9e62092d888c5854c9760f27d06d01,939351
doe_N033_C15,doe,C15,N033,22.627416998,0,240,400,60,0.001,0.0001,0.08,0.1,2e-07,10000,0,1,12,0,0,0,0,False,800,15,12,8,7,1.6e-05,1.12375106917,15.9936359571,0.179728655067,0.374434698055,15.9978547599,22.9848213196,0.0595390773893,22.6181968921,0.0997577480042,-0.00922010587884,0.0997577480042,0.452548339959,3838.43529615,3838.43529615,-16.9294512215,3840,-0,0,0,0,0.00314321451682,-0.172922834754,60,0.5,0.75,True,True,True,True,True,True,True,15.9936359571,0.000954024374742,0.0802416926191,0.0183356335148,0.047308431522,0.00830400714159,0.0355176961665,0.00549499106445,0.0901390817662,0.00326735964388,0.0691443942971,0.00209756899683,0.0537543517624,0.00153118376944,0.0419125937102,0.00129381979602,0.0353639143647,0.000838636614156,0.0295262252988,0.000549768474557,0.0246305904949,0.000450346314031,0.0209236314768,0.000457799212831,0.0179650556199,0.000181775445497,0.0154085338646,0.000353449545898,0.0134530952178,7.96301875873e-05,0.0116449788398,0.000130114782625,0.0104696922873,0.000148813945904,0.00918225804807,0.000140965023116,0.00808270872091,4.09741407306e-05,0.00721008326424,6.86818314716e-05,46875,46875,46874,90,76bb3d670070a5c291430f694f9c3e98fbb662abb2ce0d8a23b9d2419662636a,947303
doe_N036_C15,doe,C15,N036,22.627416998,22.627416998,240,400,60,0.001,0.0001,0.08,0.1,2e-07,10000,0,1,12,0,0,0,0,False,800,15,12,8,7,1.6e-05,0.784103597606,22.622963467,0.17738747043,0.369557230063,22.6260323537,32.6701583862,0.0597604036869,22.516746382,22.7286841773,-0.110670616013,0.101267179359,0.64,3821.21857367,3821.21857367,-3857.18561022,3840,-3840,0,0,0,0.00383341182629,-0.172922834754,60,0.5,0.75,True,True,True,True,True,True,True,22.622963467,0.00183288807923,0.0887437826916,0.0152713924232,0.0544352508699,0.00745347729063,0.0356847170919,0.00637929773371,0.0862569322659,0.00222045657487,0.0630605268644,0.000637243770886,0.052932579963,0.00178737583589,0.0427913161888,0.00149896712381,0.032061016804,0.000969057935875,0.0231592300138,0.00122298802771,0.0206103040888,0.00117343404479,0.0189708579956,0.000904098639417,0.0144111716235,0.000559772476581,0.00973111066712,0.000869636164436,0.00948071392786,0.000954963063647,0.0101502535507,0.000611936268836,0.00751621908135,0.00018939175314,0.00391027499482,0.000519785444716,0.00404840052305,0.00061456453828,0.00453284096808,0.000447770321162,46875,46875,46874,90,8b809e712c5fa469a88480b70c92775b07d4afbb313aa5b7181cf8466bc79950,936448
doe_N014_C16,doe,C16,N014,5.65685424949,-5.65685424949,240,400,60,0.001,0.0001,0.08,0.1,2e-07,10000,0,1,12,0,0,0,0,False,800,15,12,16,3,1.6e-05,3.39553495481,5.6525151681,0.191933128359,0.399860684081,5.66477964697,8.73146629333,0.0501009334378,5.67319473983,-5.63175966241,0.0163404903405,0.0250945870815,0.3,962.773073167,962.773073167,955.741307353,960,960,0,0,0,0.00358500283713,-0.172922834754,60,0.5,0.75,True,True,True,True,True,True,True,5.6525151681,0.00643563427549,0.0838006796421,0.0168869522755,0.137302288547,0.00682473232506,0.0798571577055,0.00759484326751,0.0417278654253,0.00418540125798,0.0174321402538,0.000967252874184,0.0049463976716,0.000994703897764,0.0063236226392,0.000735604046497,0.0123802880371,0.00231499079079,0.0181123255977,0.00281964828883,0.0177821465358,0.00361089950387,0.0169296635488,0.00343429318361,0.0167233610551,0.00372348767681,0.0151945936291,0.00323971394805,0.0125539095426,0.0029049221261,0.0093611950759,0.00233905426317,0.00756114287234,0.00179133150278,0.00594952712709,0.00140359053395,0.00336851353608,0.000617123832353,0.000640253452778,0.000295996901711,46875,46875,46874,90,f1397886cbc4f04ff7de23a8da7de029c9ed3c86e1466e99985e832272538477,932658
doe_N015_C16,doe,C16,N015,5.65685424949,0,240,400,60,0.001,0.0001,0.08,0.1,2e-07,10000,0,1,12,0,0,0,0,False,800,15,12,16,3,1.6e-05,5.03896055974,3.99361194384,0.201236530759,0.419242772415,4.01163553139,6.00811100006,0.0569544001419,5.64776343414,0.0253161619254,-0.00909081535482,0.0253161619254,0.3,958.457237476,958.457237476,-4.29629514506,960,-0,0,0,0,0.00136638598478,-0.172922834754,60,0.5,0.75,False,True,True,True,True,True,False,3.99361194384,0.00183128922936,0.0772143885591,0.0211909829776,0.138893018468,0.00970994197029,0.0928345109523,0.00553707009259,0.0604560868185,0.00303668798737,0.0390509061033,0.00205780564746,0.0239903008692,0.000770294891631,0.0126396158481,0.00066572393885,0.00779817395378,0.000719493064479,0.00326113703823,0.000650228153765,0.00148862597504,0.00113516957541,0.00257885818842,0.000717702008678,0.00285804248122,0.00101131782752,0.00324413490294,0.000784319323906,0.0020923777526,0.000783690375126,0.00211583510099,0.000682139763764,0.00134970748592,0.000449358794765,0.000745274152523,0.000619231114067,8.6175331459e-05,9.86818020441e-05,0.00100326659363,0.000449258712515,46875,46875,46874,90,cbe7165fe6f7e2b5ffc9224c2472c7ab644e148248fcd78afd64c2ebe16a4416,934464
doe_N016_C16,doe,C16,N016,5.65685424949,5.65685424949,240,400,60,0.001,0.0001,0.08,0.1,2e-07,10000,0,1,12,0,0,0,0,False,800,15,12,16,3,1.6e-05,3.38615589385,5.65207411086,0.191388040629,0.398725084645,5.66455191112,8.69563007355,0.0524672513083,5.6226225665,5.68137298405,-0.0342316829893,0.0245187345561,0.3,954.190690758,954.190690758,-964.160967233,960,-960,0,0,0,0.00292784454456,-0.172922834754,60,0.5,0.75,True,True,True,True,True,True,True,5.65207411086,0.00568879224422,0.0843140671508,0.016055876663,0.135957531716,0.0104261379422,0.0803601385835,0.00724235167521,0.0401600924973,0.00258863186346,0.0164543517162,5.98993378682e-05,0.00694180780965,0.000338319519258,0.00542418365868,0.00152757965143,0.0137939333569,0.00235625101061,0.0187374427471,0.00254336453382,0.0169105820095,0.00302108233683,0.0168285609961,0.00358596194176,0.0188222803989,0.00337597039509,0.0164437676733,0.00271945591763,0.0113446727411,0.0026822193851,0.00916610926286,0.00255316128729,0.00938293109954,0.00191841613843,0.00657916926829,0.000987489426022,0.00219738481323,0.000682008663624,0.000794035663339,0.000567803797392,46875,46875,46874,90,b544ff85de04902789730e126edc3ec55e1b306e662519d3d665c7d37e641741,924766
doe_N022_C16,doe,C16,N022,11.313708499,-11.313708499,240,400,60,0.001,0.0001,0.08,0.1,2e-07,10000,0,1,12,0,0,0,0,False,800,15,12,16,3,1.6e-05,2.04774421534,11.3095347373,0.231590343366,0.482479882012,11.3163578159,16.6736850739,0.0542185917563,11.3555700338,-11.2633112874,0.0418615348185,0.0503972115863,0.32,1927.10413803,1927.10413803,1911.44730958,1920,1920,0,0,0,0.00250221697982,-0.172922834754,60,0.5,0.75,True,True,True,True,True,True,True,11.3095347373,0.00441280590735,0.0878490368,0.0180169945774,0.155481199184,0.00713865689564,0.105193522608,0.00670514018043,0.0713351864784,0.00437421480312,0.0499976785521,0.00147884822485,0.0370203909816,0.00210373194055,0.0250957213275,0.00179919954204,0.017133296263,0.00148849147366,0.00980316586257,0.000793442574949,0.00756522196824,0.000771938907431,0.00471367849839,0.000329180494985,0.00107977610209,0.000126617053453,0.00178937983975,0.000328176567657,0.00270659203572,0.000294379089848,0.00331601764854,0.000796557091737,0.00491424297552,0.000937713544989,0.00594126389435,0.000950298393554,0.00552166011889,0.000940126483534,0.00534573077583,0.00119043459823,46875,46875,46874,90,d032ede78815d02e83f0e7bc1224bd17f0513a7d7003604d31e669254c5d4cf6,940016
doe_N024_C16,doe,C16,N024,11.313708499,0,240,400,60,0.001,0.0001,0.08,0.1,2e-07,10000,0,1,12,0,0,0,0,False,800,15,12,16,3,1.6e-05,3.04823554414,7.99383172922,0.243670820109,0.507647541893,8.00401646862,11.6601028442,0.0595928263249,11.3048715476,0.0507022992429,-0.00883695141442,0.0507022992429,0.3,1918.50031962,1918.50031962,-8.60446550793,1920,-0,0,0,0,0.00292176159609,-0.172922834754,60,0.5,0.75,True,True,True,True,True,True,True,7.99383172922,0.000323045307547,0.080303683647,0.02041105823,0.152014275671,0.00893368886199,0.111593009079,0.0045872832481,0.0817642302145,0.00322921782426,0.0625513461543,0.0017101484602,0.0479140678836,0.00136440788697,0.0364281251524,0.000927532927419,0.0302584675752,0.000707529019406,0.0242258281353,0.000715322497824,0.0197905588517,0.000462283807396,0.0158501159403,0.000431569541239,0.0127832824779,0.000208780269883,0.0100178284983,0.000352475257082,0.00868493535128,0.000223201011112,0.00672024060363,0.000326770204384,0.00563312235694,0.000247463698188,0.00474106404011,0.000197282082672,0.00367238142583,0.000200955984728,0.0034139190992,0.000178032534609,46875,46875,46874,90,1be80c54dd4575e131060c6e0ac15cbdb21ad127bbb6748aabdfe9245d098246,947654
doe_N026_C16,doe,C16,N026,11.313708499,11.313708499,240,400,60,0.001,0.0001,0.08,0.1,2e-07,10000,0,1,12,0,0,0,0,False,800,15,12,16,3,1.6e-05,2.04320925806,11.3092964818,0.231072592738,0.481401234871,11.3163331047,16.6637363434,0.0566276023753,11.2543422321,11.3639849855,-0.0593662668663,0.0502764865314,0.32,1909.92521043,1909.92521043,-1928.53220269,1920,-1920,0,0,0,0.0031126672567,-0.172922834754,60,0.5,0.75,True,True,True,True,True,True,True,11.3092964818,0.00350088709859,0.088192076382,0.0168264373056,0.154144214878,0.00917306376484,0.106128590366,0.00666863023601,0.0699913317572,0.00286120762052,0.0486506722042,0.00153591454914,0.0386627061955,0.00229865968511,0.027576342651,0.00185859489572,0.0168136079709,0.000969506830835,0.00916613847859,0.000864911307026,0.00786511221114,0.000815721560275,0.00501343662331,0.000362954628668,0.00183257899374,0.000291197706456,0.00361050662708,9.30570233055e-05,0.00309332137838,0.000405217969695,0.00257655383323,0.000979978068772,0.0057031239909,0.000999072067999,0.00715763492575,0.000739593588601,0.00526957616696,0.000880041883091,0.00481055103996,0.00132818428498,46875,46875,46874,90,2dc11dbbb24cdab3913955011354e13b2bb14a906d691143c0db9016192c7fca,931522
doe_N030_C16,doe,C16,N030,22.627416998,-22.627416998,240,400,60,0.001,0.0001,0.08,0.1,2e-07,10000,0,1,12,0,0,0,0,False,800,15,12,16,3,1.6e-05,1.12419849444,22.6236839277,0.254335114102,0.529864821046,22.6272580571,32.6341819763,0.055278537638,22.7199031655,-22.5270537149,0.0924861675181,0.100363283097,0.64,3855.69542309,3855.69542309,3822.96778607,3840,3840,0,0,0,0.00528717255581,-0.172922834754,60,0.5,0.75,True,True,True,True,True,True,True,22.6236839277,0.00457345278226,0.0892923978846,0.0189011543681,0.161504631907,0.00739103368166,0.11373449673,0.00619677237866,0.0817398510869,0.00299725786443,0.062375298097,0.000603017772398,0.0492798247277,0.00155851353925,0.0378581500374,0.00211735312288,0.0299073415255,0.00136898624043,0.0234820867974,0.00103764813329,0.0206780144746,0.00103108090071,0.017363763344,0.00113732097478,0.0132207547391,0.000666150986458,0.0115353462229,0.000717259556008,0.00987790124172,0.000715883775723,0.00860946197815,0.000572471553173,0.00618507161503,0.000412032840013,0.00556906634229,0.000530771527708,0.0049359751231,0.000425544932234,0.00408816175671,0.000293548578302,46875,46875,46874,90,f55417b119f9a789607204603897ff5220391d869bc72576df5a71c819ca8c7f,939289
doe_N033_C16,doe,C16,N033,22.627416998,0,240,400,60,0.001,0.0001,0.08,0.1,2e-07,10000,0,1,12,0,0,0,0,False,800,15,12,16,3,1.6e-05,1.58160271292,15.9943114974,0.252966464557,0.527013467827,15.9995187867,22.9634819031,0.0592030968217,22.6191489271,0.100510531854,-0.0082680708786,0.100510531854,0.452548339959,3838.59686184,3838.59686184,-17.0572028772,3840,-0,0,0,0,0.00315834932579,-0.172922834754,60,0.5,0.75,True,True,True,True,True,True,True,15.9943114974,0.000489528833177,0.0810159209165,0.0206365744866,0.153650510334,0.00859865923934,0.11451173515,0.00417545974359,0.084500218118,0.00268504710454,0.0665958756468,0.00114871560851,0.0517876865791,0.00108619526771,0.0410539442251,0.000827868897145,0.0343778142203,0.000693764387585,0.0290840682661,0.000641012899508,0.0241494824509,0.00070713368123,0.0210027427524,0.000441497167359,0.0177373918447,0.000530918184497,0.0153432672124,0.000252422541362,0.0136860188121,0.00031305702339,0.0117199459725,4.79101244071e-05,0.0102653220753,5.90932026575e-05,0.0090958059935,0.000179974584867,0.00818464884397,0.000120893300051,0.00724799334179,0.000182132853425,46875,46875,46874,90,2aa36e53ee7d73fbbe1564d82973eb272d72a2e0fa13a7423608e0c6421ac0ba,945785
doe_N036_C16,doe,C16,N036,22.627416998,22.627416998,240,400,60,0.001,0.0001,0.08,0.1,2e-07,10000,0,1,12,0,0,0,0,False,800,15,12,16,3,1.6e-05,1.12259151199,22.6234783679,0.253969247874,0.529102599738,22.6272724729,32.6421127319,0.0589199751472,22.5177184521,22.7287461738,-0.109698545895,0.101329175878,0.64,3821.38353943,3821.38353943,-3857.19613137,3840,-3840,0,0,0,0.00505133283024,-0.172922834754,60,0.5,0.75,True,True,True,True,True,True,True,22.6234783679,0.0022684962259,0.0896532278515,0.017946812668,0.160111674379,0.00859320332796,0.115815260885,0.00579453544567,0.0803595980357,0.00290157337055,0.0597663325832,0.000337780465262,0.0502440489119,0.00192572464184,0.0414689856653,0.00191588030873,0.0304364350159,0.00117009114112,0.0221402747815,0.000905056586275,0.019432733472,0.00095100487975,0.0186527854302,0.000873171357306,0.0136638990178,0.000631918450352,0.00919963038752,0.000599851041237,0.00868892526796,0.000756469227005,0.00973669209146,0.000547157818431,0.00722819447683,0.000343426594187,0.00380340459607,0.0003502088629,0.00371669786875,0.000438484597036,0.00436511343116,0.0003263575706,46875,46875,46874,90,a56fc6577fa7bff116b3fa5bf7acd18c3e3591876d4c98f7a4fb7957fa776716,932894
doe_N014_C17,doe,C17,N014,5.65685424949,-5.65685424949,240,400,60,0.001,0.0001,0.08,0.1,2e-07,10000,0,1,12,0,0,0,0,False,800,15,12,16,5,1.6e-05,2.58574037256,5.65265181727,0.14616290016,0.304506041999,5.6635500797,8.77666378021,0.0505654694388,5.67331053066,-5.63191732515,0.0164562811636,0.0249369243427,0.3,962.792723521,962.792723521,955.768063607,960,960,0,0,0,0.00260627790638,-0.172922834754,60,0.5,0.75,True,True,True,True,True,True,True,5.65265181727,0.00543120438625,0.0839393844819,0.0138183658849,0.0473548020071,0.0061531038689,0.0825833722973,0.00831354441521,0.0485894815401,0.00478528367029,0.023914052327,0.00116129128702,0.00954483625401,0.000678193471365,0.00252905137509,0.000313904915009,0.00956926792611,0.00174180794499,0.0152449902171,0.00246735113191,0.0160478327898,0.00313851489276,0.0157086307362,0.00312918839755,0.016235805705,0.00332507497548,0.0156376471105,0.00326316594986,0.0134701010667,0.00289087221816,0.0106550037757,0.00253567408227,0.00894805486008,0.00214281028968,0.00741582779932,0.00178836430283,0.0049082533433,0.0010602376814,0.00274455868068,0.000704590440975,46875,46875,46874,90,525933fdbd3b9997dfba625affa05d23f809013f97e57fa763c5bf0d78963c4a,932018
doe_N015_C17,doe,C17,N015,5.65685424949,0,240,400,60,0.001,0.0001,0.08,0.1,2e-07,10000,0,1,12,0,0,0,0,False,800,15,12,16,5,1.6e-05,4.03275997944,3.99449733408,0.161088489868,0.335601020559,4.01071048634,6.14317846298,0.0574220191151,5.64901298509,0.0258881857454,-0.00784126440122,0.0258881857454,0.3,958.669293305,958.669293305,-4.39337080636,960,-0,0,0,0,0.000946771944025,-0.172922834754,60,0.5,0.75,True,True,True,True,True,True,True,3.99449733408,0.00140882889914,0.0775260817026,0.019595968323,0.0420389910675,0.0098874302641,0.0960106256269,0.00571431151383,0.0680817774576,0.0036651157524,0.0477802931919,0.00211775314741,0.0300878884064,0.00136084426402,0.0189787681254,0.000538479948374,0.0119396458027,0.000520527594624,0.00694551334892,0.00050839710572,0.00299957856802,0.000589064496773,0.00133727398653,0.000660813856436,0.00189721981748,0.000618668048375,0.00228212862144,0.000864137137196,0.00257054427233,0.000660281018405,0.00220010505426,0.000850151475899,0.00201584127961,0.000467335903515,0.00137230706035,0.000630870576397,0.00111553789194,0.000298977478711,0.00058081714921,0.000444980124214,46875,46875,46874,90,7dab274d6813c1777a1fec436fd2ccb99829d43e37035ab68254b3e0c6ea3963,939650
doe_N016_C17,doe,C17,N016,5.65685424949,5.65685424949,240,400,60,0.001,0.0001,0.08,0.1,2e-07,10000,0,1,12,0,0,0,0,False,800,15,12,16,5,1.6e-05,2.58617634726,5.65279604565,0.146191274292,0.304565154774,5.66392932303,8.82597255707,0.0522597769991,5.6232941855,5.68214473336,-0.0335600639969,0.0252904838674,0.3,954.304668281,954.304668281,-964.291937434,960,-960,0,0,0,0.00284149281324,-0.172922834754,60,0.5,0.75,True,True,True,True,True,True,True,5.65279604565,0.00500779035433,0.0844885454705,0.0137987477064,0.0460147323754,0.01170657372,0.0825142618756,0.00838602770024,0.0469017070623,0.00273648872313,0.0229800159526,0.000309129580282,0.011370231531,0.000906679768869,0.00335028735439,0.00116619045374,0.0112965855605,0.00197969787528,0.0155990798873,0.00215830995712,0.0153027972816,0.00252351157477,0.0155805807876,0.00303394212881,0.0185538418153,0.00311119129512,0.0168126488935,0.00289456877565,0.0125304611626,0.00260962402797,0.0103607003353,0.00262817243723,0.0107569147605,0.00209321932394,0.00809236421262,0.00163066773405,0.00382735729844,0.00111641526894,0.00255277259094,0.000960184687946,46875,46875,46874,90,e24cee7fc4dabec509123abf2aa021ce54ffa78ae814bdd441691405a8d843ac,924721
doe_N022_C17,doe,C17,N022,11.313708499,-11.313708499,240,400,60,0.001,0.0001,0.08,0.1,2e-07,10000,0,1,12,0,0,0,0,False,800,15,12,16,5,1.6e-05,1.61595090418,11.3095725514,0.182757139903,0.380744041464,11.3154995625,16.7671699524,0.0542545909748,11.3553074162,-11.2636519866,0.041598917199,0.0500565124288,0.32,1927.05957035,1927.05957035,1911.50512815,1920,1920,0,0,0,0.00339023154201,-0.172922834754,60,0.5,0.75,True,True,True,True,True,True,True,11.3095725514,0.00394337854073,0.0871192786757,0.0155990191081,0.0527813357126,0.00750270527632,0.104010671626,0.0074653916187,0.0761429790379,0.00463605903178,0.0544798390182,0.00145384410564,0.0398487231484,0.00162913546983,0.0271846964021,0.00223150168713,0.0187550823397,0.00135584577343,0.0114554669384,0.000615541944684,0.00845558962125,0.000511463994825,0.00539166692311,0.000300176376345,0.00167236511279,0.000304412621173,0.000950657423571,0.000179132663777,0.0024063396954,0.000444342406463,0.0027572790347,0.000578011422375,0.00469209931922,0.00078496496667,0.00541637615565,0.000819088973912,0.00510536986312,0.000846074264121,0.00518062632048,0.00114488014281,46875,46875,46874,90,b5398cdc254ed0b67fe616f5bac1ca0133dcd9776c1a31c6ccea66fc27a9a017,939782
doe_N024_C17,doe,C17,N024,11.313708499,0,240,400,60,0.001,0.0001,0.08,0.1,2e-07,10000,0,1,12,0,0,0,0,False,800,15,12,16,5,1.6e-05,2.5022847355,7.99440711743,0.200042828993,0.416755893735,8.00338277278,11.7968959808,0.059589709072,11.3056864332,0.0504439539108,-0.0080220657754,0.0504439539108,0.3,1918.63861029,1918.63861029,-8.56062285125,1920,-0,0,0,0,0.00187496582544,-0.172922834754,60,0.5,0.75,True,True,True,True,True,True,True,7.99440711743,0.000154493338172,0.0796638609568,0.0186256072868,0.0459714021842,0.00975056490773,0.110337087544,0.00515621717735,0.0856623345277,0.00314144673318,0.0670138926079,0.00180867687098,0.0505298738377,0.0014902086324,0.0392613120708,0.000892847775071,0.0315257895756,0.000742594967777,0.0259384531815,0.000429043529359,0.0207962511141,0.000530871076114,0.0173241136355,0.000313835640659,0.0133878753022,0.000342067653721,0.0112255667399,0.000302442454554,0.00986103158477,0.000189856312079,0.00804663295699,0.000244341443871,0.00619242207896,9.87145804463e-05,0.00549793729523,0.000236288810683,0.00467693297419,0.00018300763682,0.00402059589911,0.000364372260463,46875,46875,46874,90,de22472aa70dd7aa46d7c0ab966f53b80603693bb2b948ab6438844bd085436b,951412
doe_N026_C17,doe,C17,N026,11.313708499,11.313708499,240,400,60,0.001,0.0001,0.08,0.1,2e-07,10000,0,1,12,0,0,0,0,False,800,15,12,16,5,1.6e-05,1.61497366819,11.3097002326,0.182648680708,0.380518084808,11.3158542986,16.8055419922,0.056476196648,11.2547038573,11.3644304647,-0.0590046417159,0.0507219656982,0.32,1909.98658025,1909.98658025,-1928.60780302,1920,-1920,0,0,0,0.00296719310791,-0.172922834754,60,0.5,0.75,True,True,True,True,True,True,True,11.3097002326,0.00312148630757,0.0872634539323,0.0151021398749,0.0514363724111,0.0105846080561,0.104909457896,0.00718609631931,0.0745455780986,0.00302019061282,0.0525934393438,0.00125030452281,0.0413645756694,0.00271705732159,0.0303410417792,0.00227093811861,0.0183227112748,0.00106849800219,0.0108161091968,0.000674677598354,0.00847454908965,0.000838145861965,0.00609612111165,0.000450106903569,0.00176401050333,0.000290425042984,0.00282526069565,0.000311509496524,0.00307272256734,0.000377100392387,0.00191386012332,0.000564915498772,0.00552308558366,0.000694912371879,0.00664594614157,0.00089270441838,0.00516641112718,0.00077036951469,0.00459669045355,0.00104758581378,46875,46875,46874,90,6b96fee8190da263ea92f55203260b83c97682fd7a3ef88339266c1b954043c8,932682
doe_N030_C17,doe,C17,N030,22.627416998,-22.627416998,240,400,60,0.001,0.0001,0.08,0.1,2e-07,10000,0,1,12,0,0,0,0,False,800,15,12,16,5,1.6e-05,0.916022033854,22.6237400923,0.207238444128,0.4317467586,22.6268329563,32.7529907227,0.0555291891792,22.7203717551,-22.5266939173,0.0929547571156,0.10072308069,0.64,3855.77494538,3855.77494538,3822.90672639,3840,3840,0,0,0,0.00324668601426,-0.172922834754,60,0.5,0.75,True,True,True,True,True,True,True,22.6237400923,0.00411430380674,0.0879603836171,0.0169128724973,0.0546662479922,0.00888893998772,0.112125737083,0.00647543840884,0.0864286331035,0.00373036792328,0.0657764618181,0.000847368750775,0.0524362527436,0.00115171567226,0.0402656453869,0.00182294642331,0.0319363424864,0.00117922802828,0.0244038637382,0.00110300444486,0.0213155788024,0.00097289595607,0.0182654444623,0.0007935763228,0.0139856955666,0.000617039062017,0.0117544629769,0.000781579336625,0.0099822389095,0.000632754077002,0.00882273582316,0.000647964637971,0.00665198016868,0.000322518148203,0.00584938922649,0.00045575535345,0.00481300865816,0.000525584638379,0.00407801598639,0.000273194830169,46875,46875,46874,90,0cf615a55e89d07c82de2b74d4ab1e91b85f3ed0a812db15b39085b35101067e,940164
doe_N033_C17,doe,C17,N033,22.627416998,0,240,400,60,0.001,0.0001,0.08,0.1,2e-07,10000,0,1,12,0,0,0,0,False,800,15,12,16,5,1.6e-05,1.31365636366,15.9938366007,0.210104052299,0.437716775622,15.9984248207,23.0939884186,0.0593468924173,22.618472593,0.101567612799,-0.00894440501702,0.101567612799,0.452548339959,3838.48208413,3838.48208413,-17.2365954621,3840,-0,0,0,0,0.00227214704112,-0.172922834754,60,0.5,0.75,True,True,True,True,True,True,True,15.9938366007,0.000956734210613,0.0797766999773,0.0190575291083,0.0465067193937,0.00966336118305,0.111957349878,0.00502737353181,0.0897006008998,0.00304861167267,0.0705718010222,0.00175877274567,0.0553561177749,0.00125126106397,0.0435615817533,0.000862615834929,0.0363864366409,0.000469427298913,0.030397932831,0.000351813829589,0.0252737365849,0.000178207962375,0.0213400805348,0.000304559493628,0.01817315781,0.000146949006576,0.015870796225,0.000246563927732,0.0138882274201,0.000184765690287,0.012090657028,0.00015054417245,0.010574933612,0.000224684107885,0.00947829644855,0.000150679251448,0.00858281685723,8.87151765771e-05,0.00753051189685,0.000112669949432,46875,46875,46874,90,f0a94a8527986e5366f2902981f4eae0e5a06824f182759186c3efaf86c10ff5,946991
doe_N036_C17,doe,C17,N036,22.627416998,22.627416998,240,400,60,0.001,0.0001,0.08,0.1,2e-07,10000,0,1,12,0,0,0,0,False,800,15,12,16,5,1.6e-05,0.914949364089,22.6229404351,0.20698844965,0.43122593677,22.6262574867,32.7825965881,0.0589081979857,22.5171995254,22.7281893999,-0.110217472599,0.100772401956,0.64,3821.29547465,3821.29547465,-3857.10164371,3840,-3840,0,0,0,0.00386938001341,-0.172922834754,60,0.5,0.75,True,True,True,True,True,True,True,22.6229404351,0.00221909065896,0.0884306791878,0.0162130005465,0.0535096387029,0.00958549209149,0.11232423586,0.00654721531438,0.0856103603043,0.00264957486183,0.0640913564739,0.00030397718671,0.0535089404525,0.00203864730881,0.0432574397297,0.00197341286302,0.0321894997954,0.00120231906038,0.0235450151233,0.00111718901512,0.0205758364347,0.000972558807591,0.0187788457357,0.000994324603551,0.0141045314835,0.000634422362284,0.00975201190092,0.000700880911151,0.00924171999925,0.000744088629576,0.0099726323477,0.00071346138123,0.00726589122411,0.000309283158712,0.0037804238705,0.000526397863549,0.00398570579617,0.000428116983791,0.00442228381223,0.000401007531151,46875,46875,46874,90,6539000ced8527b6401d3a543d97c8654130b01b0039c155de7512210beccfb5,935850
doe_N014_C18,doe,C18,N014,5.65685424949,-5.65685424949,240,400,60,0.001,0.0001,0.08,0.1,2e-07,10000,0,1,12,0,0,0,0,False,800,15,12,16,7,1.6e-05,2.23156591854,5.65251851277,0.12613967667,0.262790993063,5.66294275886,8.77913475037,0.0515055814354,5.67320127985,-5.63175978826,0.0163470303566,0.025094461232,0.3,962.774183044,962.774183044,955.74132871,960,960,0,0,0,0.00276799406647,-0.172922834754,60,0.5,0.75,True,True,True,True,True,True,True,5.65251851277,0.00561940832767,0.0843098335294,0.0139790319085,0.0472914631326,0.00705379000312,0.0267167219109,0.00768957304302,0.0517086539421,0.00568427080189,0.0292760704554,0.00190888777787,0.0138088678994,0.000418468694441,0.000590808880245,0.000216483663943,0.00695942013338,0.00126087282,0.0136402520115,0.00220457252819,0.0143732449992,0.00279923798789,0.0143176249982,0.00271054062338,0.0156375684678,0.00310597055694,0.0155582272422,0.00287971382725,0.0138978535989,0.00292867780858,0.0114881407983,0.00270164194101,0.0101355245349,0.00240545989343,0.00860302659513,0.00207625485258,0.00634739191946,0.00147981904689,0.00386092442023,0.00117349702488,46875,46875,46874,90,34255f3f01b5cfc1b96d6971027f34a732bf3e5351b80df3b9f99d2e1d67c91b,932889
doe_N015_C18,doe,C18,N015,5.65685424949,0,240,400,60,0.001,0.0001,0.08,0.1,2e-07,10000,0,1,12,0,0,0,0,False,800,15,12,16,7,1.6e-05,3.51410549259,3.99362688289,0.140340261645,0.292375545094,4.00907040021,6.05713844299,0.0578981754835,5.647785673,0.0250669365526,-0.00906857649217,0.0250669365526,0.3,958.461011536,958.461011536,-4.25400019678,960,-0,0,0,0,0.00204068118995,-0.172922834754,60,0.5,0.75,True,True,True,True,True,True,True,3.99362688289,0.00156459463014,0.0770861017547,0.0188365938393,0.0428688334563,0.00929264862725,0.0301029289624,0.00559841989768,0.0728762735199,0.00407941523684,0.0536674200369,0.00226831562278,0.0365958128332,0.00163401428652,0.0228665862765,0.00105503615064,0.0171621272024,0.000487154272112,0.00965972130298,0.000589631297451,0.00588369899216,0.000265932726548,0.002931329247,0.000513728316925,0.000802007243956,0.000603820846341,0.00178510611807,0.000619255942352,0.00128324985445,0.000714537054781,0.00198802281462,0.000627924938466,0.00213094020794,0.000645009325079,0.00170562344912,0.000518629347668,0.00166265227719,0.000511654930388,0.000949377556575,0.000516764279923,46875,46875,46874,90,6f377f9748f5e7063822d972b6bc602fa1adfc3b38c3cd2d233680c2773dbb95,935916
doe_N016_C18,doe,C18,N016,5.65685424949,5.65685424949,240,400,60,0.001,0.0001,0.08,0.1,2e-07,10000,0,1,12,0,0,0,0,False,800,15,12,16,7,1.6e-05,2.2299158259,5.65248951726,0.126045758303,0.262595329797,5.66315241291,8.74437713623,0.0534349810829,5.6229772768,5.68184846949,-0.0338769726959,0.0249942199927,0.3,954.250887091,954.250887091,-964.241659787,960,-960,0,0,0,0.00214667965196,-0.172922834754,60,0.5,0.75,True,True,True,True,True,True,True,5.65248951726,0.00520680150844,0.0842585298969,0.013798746203,0.0469996028785,0.00948200033742,0.0261149348117,0.00729126389701,0.0508446648866,0.00292196909387,0.0278511024263,0.00103462956098,0.01626841258,0.00139832078119,0.00407250533659,0.000989850852716,0.00859681310553,0.00173704409359,0.014325023181,0.00187732268634,0.0130292709306,0.00250902716817,0.014434198162,0.0029812533894,0.0176080485204,0.00304597901407,0.0170755516244,0.00255706089236,0.0127426647322,0.00270977966801,0.0113085846239,0.00272896167463,0.011941130436,0.00233260933237,0.00936073758429,0.00161565328535,0.00498401815084,0.00143881622285,0.00368600371925,0.00128411143237,46875,46875,46874,90,75183d44bf708071fff116ba4264af0d32be35791ca5e5adbd4ae6afe9259ad1,926224
doe_N022_C18,doe,C18,N022,11.313708499,-11.313708499,240,400,60,0.001,0.0001,0.08,0.1,2e-07,10000,0,1,12,0,0,0,0,False,800,15,12,16,7,1.6e-05,1.38995683368,11.3097064733,0.157200037995,0.327500079156,11.3152522804,16.7233371735,0.0549220958518,11.355469836,-11.2637571807,0.0417613370512,0.049951318262,0.32,1927.08713391,1927.08713391,1911.52298019,1920,1920,0,0,0,0.00283924392519,-0.172922834754,60,0.5,0.75,True,True,True,True,True,True,True,11.3097064733,0.0042615286286,0.087423049768,0.0156570797538,0.0517268082873,0.00762996149018,0.0325810123773,0.007077203621,0.0763197616535,0.00543003325593,0.059022033505,0.00150305457881,0.0437174202935,0.00181247454253,0.0298707449234,0.00202501480904,0.0202654789715,0.0016708169224,0.0125200692049,0.000697493629395,0.00957236246119,0.000538808827718,0.00640963698764,0.000433629090491,0.00216256535927,0.000206145169421,0.000209267106407,0.000248604249001,0.00132490970458,0.000305596429115,0.00236397070382,0.000631072968842,0.00429273632273,0.000584833547335,0.00504508961379,0.00071410978388,0.00468207449952,0.000821991242559,0.0049390057605,0.00103088581312,46875,46875,46874,90,18fe62ca402a822924c12eb62b4446d1171817bd0d38bf6df613c46f4253ea62,938630
doe_N024_C18,doe,C18,N024,11.313708499,0,240,400,60,0.001,0.0001,0.08,0.1,2e-07,10000,0,1,12,0,0,0,0,False,800,15,12,16,7,1.6e-05,2.19843770324,7.99418403966,0.175747155994,0.366139908322,8.00259143152,11.7063302994,0.0597283440356,11.3053752339,0.0494746389704,-0.00833326504617,0.0494746389704,0.3,1918.58579803,1918.58579803,-8.39612465105,1920,-0,0,0,0,0.00225799620261,-0.172922834754,60,0.5,0.75,True,True,True,True,True,True,True,7.99418403966,9.33026519246e-05,0.0793827295967,0.0180400671728,0.0454584192715,0.00867649432853,0.0340667214616,0.00571244309694,0.0868470026087,0.00358649024868,0.0720800614003,0.0021417038496,0.0543009883237,0.00166281722525,0.0416967518627,0.000848734454889,0.0350328707077,0.000690349006839,0.0275982851964,0.000473714218196,0.022031335894,0.000455747896591,0.0182448681782,0.00026329374304,0.0151073573031,0.000292640161563,0.0118023597796,0.000211433946684,0.0104796890729,0.000112133419678,0.00835016015644,0.000245444518265,0.00682775822789,0.000110871926888,0.00584256798223,0.000309189814959,0.00497667077026,0.000208423351459,0.00421010988043,0.000320467629649,46875,46875,46874,90,f029631b72a52af6d80cc6e33dbd5bdb40712893d1a5902caafe2a3a161c5951,949832
doe_N026_C18,doe,C18,N026,11.313708499,11.313708499,240,400,60,0.001,0.0001,0.08,0.1,2e-07,10000,0,1,12,0,0,0,0,False,800,15,12,16,7,1.6e-05,1.38297037618,11.309782684,0.15641094413,0.325856133605,11.315546579,16.6942825317,0.0567178486494,11.2545697411,11.3647273906,-0.0591387579022,0.0510188915898,0.32,1909.96381998,1909.96381998,-1928.65819301,1920,-1920,0,0,0,0.00199455214888,-0.172922834754,60,0.5,0.75,True,True,True,True,True,True,True,11.309782684,0.00335543013261,0.0868248738961,0.0149131804048,0.0513842691776,0.00878588198928,0.0336348018485,0.0073113390114,0.0749369440128,0.00323981520996,0.0561987524877,0.00126418773523,0.0453690288204,0.00276567594745,0.0334285595553,0.00213965120338,0.0200865129619,0.0011133568308,0.0112291644044,0.000690007610773,0.00961465636722,0.000814468878001,0.00732771336334,0.00025513761499,0.00234091365197,0.000423026353214,0.00260870907135,0.000370150022748,0.00286076843664,0.000194720209918,0.0012090046642,0.00047944133401,0.0050622228147,0.000740682491669,0.00665317253131,0.000663265279784,0.00505975818114,0.000652123415787,0.00418453033111,0.000902266196801,46875,46875,46874,90,b5ea92b3ccf4c1aa858f14c43dee1209cf6afafe1c50e494181aa6eea8a2f126,933571
doe_N030_C18,doe,C18,N030,22.627416998,-22.627416998,240,400,60,0.001,0.0001,0.08,0.1,2e-07,10000,0,1,12,0,0,0,0,False,800,15,12,16,7,1.6e-05,0.803019743248,22.6233926782,0.181670309799,0.37847981208,22.6262660149,32.6682434082,0.0556380105279,22.7201136096,-22.5262564603,0.0926966115873,0.101160537702,0.64,3855.73113664,3855.73113664,3822.83248747,3840,3840,0,0,0,0.00304077110156,-0.172922834754,60,0.5,0.75,True,True,True,True,True,True,True,22.6233926782,0.00441931944032,0.0881958270696,0.0163328342765,0.0537026931613,0.00818748945689,0.0350728170719,0.0066831083869,0.0857276460043,0.00412989066401,0.0710143431413,0.000569349448642,0.0561686551913,0.00166901589822,0.0425153435733,0.0021061954477,0.0334123325226,0.00140545493433,0.0258180890533,0.00106973164759,0.0227122948723,0.000998124787903,0.01896646401,0.00109436109447,0.014142411535,0.000731836203797,0.0121544644913,0.000624738110582,0.0105945600621,0.000773179607779,0.00914657766884,0.000719444348075,0.00671216523472,0.000341794366986,0.00577953719134,0.000416453429947,0.00514098121647,0.000451897969789,0.0043715245484,0.00040389426345,46875,46875,46874,90,01261e861ea66fd6ac5ddc20e1057c3f470e22fbe87c8304a5da603baa9cd163,939344
doe_N033_C18,doe,C18,N033,22.627416998,0,240,400,60,0.001,0.0001,0.08,0.1,2e-07,10000,0,1,12,0,0,0,0,False,800,15,12,16,7,1.6e-05,1.15806081385,15.9939132722,0.185219242205,0.385873421261,15.9981950022,23.0000457764,0.0594450783825,22.618575886,0.102705425952,-0.0088411119816,0.102705425952,0.452548339959,3838.49961354,3838.49961354,-17.4296887573,3840,-0,0,0,0,0.00281250472816,-0.172922834754,60,0.5,0.75,True,True,True,True,True,True,True,15.9939132722,0.00131360789685,0.0796696434349,0.0181512555309,0.0458680524103,0.00802826442905,0.0350195583156,0.0057216915861,0.0889615475657,0.00298489917359,0.0751412439941,0.00241419253385,0.0587689552044,0.00137816565644,0.0463755403174,0.00121944563314,0.0383106403566,0.000927408469228,0.0320092976874,0.000839598242591,0.026214945745,0.000457353408108,0.0223038604382,0.000700889111413,0.0188635513007,0.000234328807694,0.0162966237327,0.000307344871888,0.0141991892197,0.000154328274449,0.0124987365043,0.000167805598546,0.0112144205034,0.000124147858542,0.00981922737513,0.000186287989569,0.00868502708028,0.000139213934335,0.00780569610283,6.86954989027e-05,46875,46875,46874,90,e730ff4a5e6b43dde2f3475a481153c52537ab95a113cb4970980c9a5a01f93d,947251
doe_N036_C18,doe,C18,N036,22.627416998,22.627416998,240,400,60,0.001,0.0001,0.08,0.1,2e-07,10000,0,1,12,0,0,0,0,False,800,15,12,16,7,1.6e-05,0.801606455147,22.6231352893,0.181348512835,0.37780940174,22.6262364347,32.6702613831,0.0600760632425,22.5175570347,22.7282231118,-0.109859963253,0.100806113861,0.64,3821.356146,3821.356146,-3857.10736481,3840,-3840,0,0,0,0.00429603327375,-0.172922834754,60,0.5,0.75,True,True,True,True,True,True,True,22.6231352893,0.00211317836012,0.0878008206142,0.0150500446468,0.053494257363,0.0080918502999,0.0352271215354,0.00629398003755,0.0861823295091,0.00221256510937,0.0683101393508,0.00063197073803,0.0569364550748,0.00231198523277,0.0460656261835,0.00194514691985,0.0344348768097,0.000742702658078,0.0247033412018,0.00124234770031,0.0214101949928,0.00131159647339,0.0196286995711,0.00116700455219,0.0148380648368,0.000323883834423,0.0101940819141,0.000692976586805,0.00936623566119,0.000967835870496,0.00998916519101,0.000726912049865,0.00751868907113,0.000257027473267,0.00420469546072,0.000503060797115,0.00402610573534,0.000589574037653,0.00422087435767,0.000576329857973,46875,46875,46874,90,0522aa6b97473d32e8abd36c9dafef5516041d91ad1b312a2dd2b232d780d014,935471
doe_N014_C19,doe,C19,N014,5.65685424949,-5.65685424949,240,400,60,0.001,0.0001,0.08,0.1,2e-07,10000,0,1,12,0,0,0,0,False,800,15,18,4,3,1.6e-05,3.30478659286,5.65276477916,0.186811812548,0.389191276141,5.66486550155,8.6751241684,0.0506581840084,5.67359338257,-5.63185914473,0.0167391330823,0.0249951047582,0.3,962.840725083,962.840725083,955.758190063,960,960,0,0,0,0.00360340064778,-0.172922834754,60,0.5,0.75,True,True,True,True,True,True,True,5.65276477916,0.00614861321429,0.0634486430634,0.014221419409,0.142624776889,0.00688389491703,0.0785462485697,0.00736167857137,0.0408019801883,0.00379162110582,0.0176554477007,0.000771374601147,0.00483160951456,0.00104312760522,0.00602643510239,0.000588467161043,0.0119697996225,0.00225300758433,0.0176152773399,0.0026875743694,0.0177363878605,0.00338790936429,0.0167017328686,0.00304543815013,0.0161140646841,0.00334978630786,0.0148942261331,0.00310647659529,0.0126288550492,0.00275613605192,0.00968779995479,0.00225954573299,0.00773008222999,0.00185399600978,0.00621246473468,0.0014340803824,0.00363318408761,0.00062784608003,0.0011066891815,0.000362213762265,46875,46875,46874,90,d96e3517eeec8b8672eb3de09a06b372b9f0d1c0c3f243fd151cc1b7f3082102,933258
doe_N015_C19,doe,C19,N015,5.65685424949,0,240,400,60,0.001,0.0001,0.08,0.1,2e-07,10000,0,1,12,0,0,0,0,False,800,15,18,4,3,1.6e-05,4.96251273287,3.99349426486,0.19817766138,0.412870127875,4.01135969095,5.95835351944,0.0565828994771,5.64759780169,0.0251387605208,-0.00925644780061,0.0251387605208,0.3,958.429128718,958.429128718,-4.26618912838,960,-0,0,0,0,0.00140961400933,-0.172922834754,60,0.5,0.75,True,True,True,True,True,True,True,3.99349426486,0.00243072311805,0.0559135609999,0.0209623819503,0.146062987991,0.00934319264038,0.0914801376433,0.00541187534508,0.0593184370569,0.0030896418869,0.0383385968085,0.00210766651314,0.0241229189722,0.000842785087384,0.0128234392506,0.000911074745298,0.00867011421303,0.00078526107179,0.00398028050093,0.000654387930383,0.00209234414911,0.00113709631228,0.00219009484156,0.000649247270782,0.00241518166652,0.00113222670719,0.00302567526659,0.000672156145846,0.00188527535586,0.000957414530484,0.00191094226119,0.000655357295075,0.00129621417057,0.000508049428546,0.000683498720571,0.000644367638066,0.000548778203106,0.000195460346005,0.00103636267646,0.000518944586512,46875,46875,46874,90,570ccb06ec87038d86cd744e7966a92a398432cd01fdc946669bf3daec92bf93,936141
doe_N016_C19,doe,C19,N016,5.65685424949,5.65685424949,240,400,60,0.001,0.0001,0.08,0.1,2e-07,10000,0,1,12,0,0,0,0,False,800,15,18,4,3,1.6e-05,3.3137674494,5.6523454684,0.187305584259,0.390219967207,5.66468784484,8.66730880737,0.0527491304513,5.62319036045,5.68135096245,-0.0336638890472,0.0244967129574,0.3,954.287048586,954.287048586,-964.157230044,960,-960,0,0,0,0.0030819326717,-0.172922834754,60,0.5,0.75,True,True,True,True,True,True,True,5.6523454684,0.00601924520023,0.0639716891766,0.0134076112362,0.142815090661,0.00926544262905,0.0790815972685,0.00697872196314,0.039303355189,0.00244106771806,0.0168807534291,0.000421544286358,0.00728879433721,0.000333226766264,0.0052502157021,0.0011880882709,0.013444793517,0.00203768784897,0.0180403579679,0.00212063125149,0.0163282929742,0.00284131081164,0.0166279914283,0.00331575934833,0.0185020603058,0.00322093712857,0.0157598199159,0.00262507535055,0.0112200537586,0.00265554574415,0.00977951239061,0.00250130396949,0.00971044758644,0.0018941234907,0.00670017151473,0.00101615494696,0.00231260685408,0.000791379581501,0.001529298765,0.00062414562169,46875,46875,46874,90,1539dc6bb45ec11b5d0e1ca4217f3ee22ecaac37061c29db31d979d0baa405b8,925565
doe_N022_C19,doe,C19,N022,11.313708499,-11.313708499,240,400,60,0.001,0.0001,0.08,0.1,2e-07,10000,0,1,12,0,0,0,0,False,800,15,18,4,3,1.6e-05,2.0040239498,11.3095272554,0.226645634808,0.472178405851,11.3162521075,16.6189537048,0.0543348673744,11.3554445078,-11.2634228152,0.041736008805,0.0502856838329,0.32,1927.08283556,1927.08283556,1911.46623647,1920,1920,0,0,0,0.00235883249491,-0.172922834754,60,0.5,0.75,True,True,True,True,True,True,True,11.3095272554,0.00448096087846,0.066248542582,0.0161973049421,0.161812833727,0.00717525673964,0.102957835027,0.00655918588843,0.0697101295385,0.00410661272443,0.0488895418694,0.00116541430985,0.036234578674,0.00191455394376,0.0248711794286,0.00196935427553,0.017276023817,0.0015298657308,0.0101122587145,0.000708230636547,0.00760292771408,0.000697770248447,0.00481457487773,0.00034683965516,0.00122808004865,0.000109177808502,0.00153207906094,0.000384802267186,0.002744857359,0.000322840918555,0.00306810494084,0.000606033951651,0.00441074872455,0.000730781482195,0.00544872004073,0.000814813143234,0.00528047686753,0.000769316384857,0.00503816580102,0.000981685377321,46875,46875,46874,90,39afd51d7ec8c45a1fef644313571fcef22d0ae40885717f4798cf8f4b1dba6a,941332
doe_N024_C19,doe,C19,N024,11.313708499,0,240,400,60,0.001,0.0001,0.08,0.1,2e-07,10000,0,1,12,0,0,0,0,False,800,15,18,4,3,1.6e-05,2.99037347612,7.99397540429,0.239049720178,0.49802025037,8.00401768978,11.6112947464,0.0594394788139,11.3050755073,0.0505302126931,-0.00863299165235,0.0505302126931,0.3,1918.53493273,1918.53493273,-8.57526145202,1920,-0,0,0,0,0.00211548213429,-0.172922834754,60,0.5,0.75,True,True,True,True,True,True,True,7.99397540429,0.000299942643421,0.0581672060099,0.0193760327616,0.159176830095,0.00861213404101,0.109268736312,0.0043176324716,0.0790914583677,0.00314288414484,0.060751183842,0.00178924464976,0.0462889700209,0.00142504497155,0.0354599850052,0.00100740761515,0.0299962526427,0.00100450379711,0.0242650539109,0.000777553902528,0.0198021668981,0.000551667343222,0.0160850588924,0.000453975485246,0.0132977970882,0.000132408487494,0.010556517128,0.000320931055306,0.00928973108634,0.00023891952579,0.00710601862942,0.000486177682542,0.00605445420738,0.000246324073905,0.00487397873506,0.000348262541684,0.00381958199634,0.000282849810606,0.00336039415931,0.000376534468114,46875,46875,46874,90,d26b30d285b42fc983d7c24d7dda95f3b1db450342644d046048457b2085edf6,949482
doe_N026_C19,doe,C19,N026,11.313708499,11.313708499,240,400,60,0.001,0.0001,0.08,0.1,2e-07,10000,0,1,12,0,0,0,0,False,800,15,18,4,3,1.6e-05,2.00701274137,11.3094172456,0.226981445094,0.472878010613,11.3163719116,16.6236133575,0.0568486119743,11.2544189114,11.3641494111,-0.0592895875525,0.0504409120951,0.32,1909.93822334,1909.93822334,-1928.56010664,1920,-1920,0,0,0,0.0031505751609,-0.172922834754,60,0.5,0.75,True,True,True,True,True,True,True,11.3094172456,0.00365092052262,0.066609263182,0.0149383733219,0.161590089174,0.00825065723749,0.104231951009,0.00611384286417,0.0681605061633,0.00290219515093,0.0473923452296,0.00130510034041,0.0383532891331,0.00206830892624,0.0274277549026,0.00156019673168,0.0170821575807,0.000986730244577,0.00975636131476,0.000970531321439,0.00835072106298,0.000743618528693,0.00528278623736,0.000251797700268,0.00168640398557,0.000298223778083,0.00335860448262,0.00012525273537,0.00263489082715,0.000394284342141,0.00256877729324,0.000903680445791,0.00548265866963,0.000856035446205,0.0065909799557,0.00054902988269,0.00459929825763,0.000811938348806,0.00449781066765,0.00131323827879,46875,46875,46874,90,4d7fdd51d55581fee3da6fa941d8137df9f35aeb53a967bda094aecf81f9b987,933541
doe_N030_C19,doe,C19,N030,22.627416998,-22.627416998,240,400,60,0.001,0.0001,0.08,0.1,2e-07,10000,0,1,12,0,0,0,0,False,800,15,18,4,3,1.6e-05,1.09681960233,22.6235567408,0.248139605078,0.51695751058,22.6270632335,32.5834770203,0.0554483578845,22.7202107375,-22.5264880365,0.0927937394942,0.100928961516,0.64,3855.74761979,3855.74761979,3822.87178725,3840,3840,0,0,0,0.00470710183267,-0.172922834754,60,0.5,0.75,True,True,True,True,True,True,True,22.6235567408,0.00448788338033,0.0671030785645,0.0177710817788,0.167691209474,0.00701191329213,0.110696879516,0.00564284773734,0.0792647909003,0.00304685273382,0.0602757981739,6.80535006233e-05,0.0476368502963,0.00123713256203,0.0368122491742,0.00179484836363,0.0293667068391,0.00109605075064,0.022970184879,0.000786844503863,0.0205265920993,0.000996365721913,0.0175376210551,0.00115758718186,0.01343725527,0.000697730433159,0.0115555580874,0.000674283194282,0.00998011880792,0.000645230549928,0.00875769680012,0.000641938086809,0.00632744595958,0.00052172955261,0.00550151229036,0.000364028551049,0.00470389901738,0.000391049431821,0.00405438831471,0.000356361015202,46875,46875,46874,90,65599582bded121fbe97ece93207062f2d9db8961c268986f744a23d31c17716,941613
doe_N033_C19,doe,C19,N033,22.627416998,0,240,400,60,0.001,0.0001,0.08,0.1,2e-07,10000,0,1,12,0,0,0,0,False,800,15,18,4,3,1.6e-05,1.54398115543,15.9941868635,0.246947231136,0.5144733982,15.9992994715,22.9125938416,0.059350905078,22.6189657414,0.102057041517,-0.0084512565905,0.102057041517,0.452548339959,3838.5657742,3838.5657742,-17.3196542698,3840,-0,0,0,0,0.00257198323518,-0.172922834754,60,0.5,0.75,True,True,True,True,True,True,True,15.9941868635,0.000840921025555,0.058521882218,0.0195507987304,0.159984835769,0.00805728522294,0.111631417886,0.00440547784343,0.0816153849143,0.00304450518385,0.0642870519166,0.00196850874413,0.050163380269,0.00147465753769,0.0404016212256,0.0010195628433,0.0338635698691,0.000814131548593,0.0286312755539,0.000420636036705,0.0237429170636,0.000363702953936,0.0204761477778,0.00029607838119,0.0170622053688,0.000258249340126,0.0147681932873,0.000225409727161,0.0131710491761,0.000317227935187,0.0115195629545,0.00032432726857,0.0102628616806,0.000214284646225,0.00916121763869,0.000292818932303,0.00813000040852,0.000201400582693,0.00730960125622,4.74314744556e-05,46875,46875,46874,90,0e4b32f5b645eb689c461c38a7302526c3c9d01438358655c3c5702e265339ff,948276
doe_N036_C19,doe,C19,N036,22.627416998,22.627416998,240,400,60,0.001,0.0001,0.08,0.1,2e-07,10000,0,1,12,0,0,0,0,False,800,15,18,4,3,1.6e-05,1.10010509088,22.6238653504,0.248886294473,0.518513113484,22.6276045407,32.5957298279,0.0595717204217,22.518366951,22.7288740734,-0.10905004697,0.101457075473,0.64,3821.49359335,3821.49359335,-3857.21783666,3840,-3840,0,0,0,0.00439557552665,-0.172922834754,60,0.5,0.75,True,True,True,True,True,True,True,22.6238653504,0.00191673077355,0.0678278510512,0.0165418746189,0.167116019451,0.00781541697661,0.113778773817,0.00534894279268,0.078058519191,0.00267050190387,0.0578214826874,0.000489031588128,0.0485951205049,0.00179021090737,0.0406962719542,0.00166707575451,0.0297172886023,0.00112452864917,0.0219128168166,0.000858776764874,0.0191908383906,0.00108288676704,0.0185487853217,0.00102438155291,0.0137947604435,0.000546841872315,0.00949182312858,0.000695331936845,0.00882624495711,0.000772035627694,0.00988885416648,0.000644489407574,0.00716567266937,0.000399148086445,0.00370378390569,0.00035533549491,0.00379882221958,0.00043946036564,0.0042439796805,0.000439909238114,46875,46875,46874,90,5cde8a354178ce25948903e13076ec0b47632ac6eee4bd3d8d9c436f7833b24f,933887
doe_N014_C20,doe,C20,N014,5.65685424949,-5.65685424949,240,400,60,0.001,0.0001,0.08,0.1,2e-07,10000,0,1,12,0,0,0,0,False,800,15,18,4,5,1.6e-05,2.35248421305,5.65260338155,0.132976602177,0.27703458787,5.66318381811,8.78404331207,0.0514148069681,5.67325454399,-5.6318764952,0.0164002944955,0.0249777542885,0.3,962.783222268,962.783222268,955.761134535,960,960,0,0,0,0.00271156532791,-0.172922834754,60,0.5,0.75,True,True,True,True,True,True,True,5.65260338155,0.00566524696043,0.0639405993516,0.0126217209965,0.0368414042504,0.00625760506436,0.0856635234765,0.00773868093818,0.047002499742,0.00424961077191,0.0234337047104,0.00125109164413,0.00948396626772,0.000389266112716,0.00178108759925,0.000361881705968,0.00835497112782,0.00150720987766,0.014099147811,0.00211641628793,0.0151512440752,0.00263156949338,0.015110113983,0.00267260072904,0.0156751431458,0.00294172480267,0.0151715505262,0.00299247695942,0.0132901361842,0.00267163643328,0.0105840716561,0.00240418717922,0.00928952199047,0.00211918199026,0.00769624743285,0.00172645456452,0.00540534397465,0.00114471129236,0.00324245448816,0.000782738643895,46875,46875,46874,90,d26b5650976fd58cb3a6999c45af75c5629d8cfa0f992b405f4137c8b95acc31,932456
doe_N015_C20,doe,C20,N015,5.65685424949,0,240,400,60,0.001,0.0001,0.08,0.1,2e-07,10000,0,1,12,0,0,0,0,False,800,15,18,4,5,1.6e-05,3.79095952352,3.99446752548,0.151428647071,0.315476348064,4.0103036027,6.13977766037,0.0574034284963,5.64897436833,0.0251039862249,-0.00787988116437,0.0251039862249,0.3,958.662739822,958.662739822,-4.26028773467,960,-0,0,0,0,0.00116895321203,-0.172922834754,60,0.5,0.75,True,True,True,True,True,True,True,3.99446752548,0.00190559864912,0.0574811500576,0.0195944619613,0.0310380545655,0.009803853965,0.100545295988,0.00522165663467,0.0659093297813,0.00341631583459,0.04616598782,0.00193994340585,0.0297689357128,0.00143152998597,0.019177547996,0.000788877518105,0.013105336529,0.000626224434946,0.00839324326327,0.000730624662428,0.00457831228275,0.000601204829144,0.00231729675223,0.000876587508184,0.00171382908577,0.000628149422993,0.00175346097354,0.000883015985855,0.00190415131836,0.000693433197241,0.00206570664214,0.000835445901469,0.00200460451858,0.000551988906107,0.00150376299764,0.000593288099556,0.000989457029851,0.000550289815514,0.000409536919383,0.000490435585355,46875,46875,46874,90,34f9a6dd247a787b952001c8fe0bfafc4df8061fbe867885c42fbb143aa2f915,939909
doe_N016_C20,doe,C20,N016,5.65685424949,5.65685424949,240,400,60,0.001,0.0001,0.08,0.1,2e-07,10000,0,1,12,0,0,0,0,False,800,15,18,4,5,1.6e-05,2.36708222243,5.65287171663,0.133808121461,0.278766919711,5.66370020776,8.8066740036,0.0527227490592,5.62334919562,5.68224085318,-0.0335050538712,0.0253866036873,0.3,954.314003809,954.314003809,-964.308249508,960,-960,0,0,0,0.00229048437647,-0.172922834754,60,0.5,0.75,True,True,True,True,True,True,True,5.65287171663,0.00521144157717,0.0650395193411,0.0127717760894,0.0353969445582,0.0105577284725,0.0865967197695,0.00751357847798,0.0452648678135,0.00275112512937,0.023036425858,0.000490778614811,0.0117977556114,0.000689362080367,0.00309275901714,0.00118211725398,0.00995292663305,0.00164250261855,0.0141139468403,0.00188731976337,0.0140034760761,0.00230888966773,0.0148595781829,0.00269175016673,0.0178444773254,0.00289631902651,0.0160095593831,0.00250533750206,0.0122457425516,0.00253540753529,0.0105848486854,0.00247061530154,0.0110744542406,0.00207142227674,0.0082697039125,0.00147002545273,0.00420877043726,0.00116241650661,0.00331603257185,0.000920236250527,46875,46875,46874,90,0d4e94d408ec1bae5dee2c28a36dcb2e1acfa61519c9f6b953713699f9e36cea,925927
doe_N022_C20,doe,C20,N022,11.313708499,-11.313708499,240,400,60,0.001,0.0001,0.08,0.1,2e-07,10000,0,1,12,0,0,0,0,False,800,15,18,4,5,1.6e-05,1.50093581214,11.3095907019,0.169749697052,0.353645202192,11.3153139216,16.7743225098,0.0542736266596,11.3555513512,-11.2634425111,0.0418428521894,0.0502659878685,0.32,1927.10096749,1927.10096749,1911.46957899,1920,1920,0,0,0,0.00242210230808,-0.172922834754,60,0.5,0.75,True,True,True,True,True,True,True,11.3095907019,0.00398439587531,0.0665670050513,0.0146706471995,0.0406904285427,0.00728111304555,0.107392248142,0.00701726265943,0.0729380022872,0.004039455118,0.0516375809756,0.00114811027218,0.0382182850977,0.0016666626391,0.0265615082825,0.00222427457681,0.0186219063063,0.00125342973328,0.0115157764402,0.000706899015436,0.00867460295638,0.000693619607806,0.00574962833284,0.000418032711113,0.0021157182793,0.000316564773283,0.000299911043113,0.000159911038858,0.00179627849477,0.000247817617494,0.00210833995923,0.000386145457248,0.00389784997023,0.000605836783439,0.0047313072216,0.000768641893857,0.00447580954923,0.000803551781021,0.00454996237061,0.000900414618329,46875,46875,46874,90,adb1588f088be4440397a20637567f51e63a3f125122e8a9a4935f2fe175f280,940276
doe_N024_C20,doe,C20,N024,11.313708499,0,240,400,60,0.001,0.0001,0.08,0.1,2e-07,10000,0,1,12,0,0,0,0,False,800,15,18,4,5,1.6e-05,2.35482769903,7.99435232742,0.188253222964,0.392194214509,8.00303936136,11.7978792191,0.0593475343285,11.3056092535,0.0503753651247,-0.00809924549687,0.0503753651247,0.3,1918.62551246,1918.62551246,-8.54898294826,1920,-0,0,0,0,0.00311795387681,-0.172922834754,60,0.5,0.75,True,True,True,True,True,True,True,7.99435232742,0.000101886372906,0.0585751772335,0.0185864152672,0.0336062509993,0.00892039885244,0.113971240942,0.00440329243156,0.0817982593098,0.00289256486242,0.0633549177081,0.0016003768127,0.048009431522,0.00157869870947,0.0377435354023,0.0010226780425,0.0311471230535,0.000773615736003,0.0260559936418,0.000571190972883,0.0210575405871,0.00056349983089,0.017329721755,0.000358826394144,0.0136443898449,0.000378957832722,0.0115335849027,0.000392329592903,0.0102935739572,0.000191680647195,0.00801645071036,0.000334030714534,0.00626810575585,7.59746750583e-05,0.00556564935802,0.000349657684243,0.00494730699892,0.000331455136501,0.00412798694932,0.000421822897592,46875,46875,46874,90,0789eae17adda99414498c094de61e1857144fca16df5c9725328bd6cfa25632,951369
doe_N026_C20,doe,C20,N026,11.313708499,11.313708499,240,400,60,0.001,0.0001,0.08,0.1,2e-07,10000,0,1,12,0,0,0,0,False,800,15,18,4,5,1.6e-05,1.5101760834,11.3096172804,0.170795135292,0.355823198525,11.315585001,16.7981681824,0.056531287443,11.2541265406,11.3648370804,-0.059581958375,0.0511285814327,0.32,1909.88860637,1909.88860637,-1928.67680799,1920,-1920,0,0,0,0.00244394312186,-0.172922834754,60,0.5,0.75,True,True,True,True,True,True,True,11.3096172804,0.00335180903188,0.067346442617,0.0145755164735,0.0396645235064,0.00992601049492,0.109209950739,0.00687563349523,0.0710304169479,0.00300987202023,0.0504054612663,0.000874609408868,0.040007407546,0.00228641429588,0.0295123037508,0.00202459392511,0.0180077957249,0.00123335102302,0.0112010312893,0.000778492571254,0.00916301333419,0.000675560704126,0.00674302039969,0.000426562228515,0.00166681184866,0.000239503259465,0.00199607930793,6.34065486601e-05,0.00206716714705,0.000303009107823,0.00140690683135,0.00058402356851,0.00484742924305,0.000693612304618,0.00594263362812,0.000618622772598,0.00417112930046,0.000741013735278,0.00387174709925,0.00102686479627,46875,46875,46874,90,f46269d8ec85f3cc7426e132a7d1b50447423d6d09f674ab9c7af01fa189ec58,932470
doe_N030_C20,doe,C20,N030,22.627416998,-22.627416998,240,400,60,0.001,0.0001,0.08,0.1,2e-07,10000,0,1,12,0,0,0,0,False,800,15,18,4,5,1.6e-05,0.8529045128,22.6237488633,0.192958975019,0.401997864624,22.6267157729,32.7537956238,0.055793129622,22.7204029515,-22.52668007,0.0929859535458,0.100736927952,0.64,3855.78023959,3855.78023959,3822.90437643,3840,3840,0,0,0,0.00237561223992,-0.172922834754,60,0.5,0.75,True,True,True,True,True,True,True,22.6237488633,0.00472561936436,0.0666574540628,0.0162579391118,0.0423674752671,0.0071476370625,0.115648921107,0.00582515152996,0.0818177393776,0.00280548834863,0.061516703806,0.000646073224159,0.0492721116205,0.00106644208329,0.0381650248619,0.00169603506761,0.0304699729912,0.00115812725787,0.0234282981249,0.00125797941642,0.0209736046335,0.000897013493047,0.0180208498764,0.000910318234716,0.0138947431154,0.000701384520028,0.0116300752805,0.00101778281363,0.0100151711349,0.000683262551024,0.008894910066,0.000523131999781,0.00649905669826,0.000406754696959,0.00565383208946,0.000694906721014,0.00492798484121,0.000527919436049,0.00418946726243,0.00023559108371,46875,46875,46874,90,b59c9b4432641c22025ce3d65f027521f521886d422f583676d965f633f390bc,941142
doe_N033_C20,doe,C20,N033,22.627416998,0,240,400,60,0.001,0.0001,0.08,0.1,2e-07,10000,0,1,12,0,0,0,0,False,800,15,18,4,5,1.6e-05,1.21881021485,15.9939850685,0.194936323776,0.406117341201,15.9983833911,23.0946121216,0.0601743084212,22.6186923214,0.0993700628054,-0.00872467652764,0.0993700628054,0.452548339959,3838.5193733,3838.5193733,-16.8636588616,3840,-0,0,0,0,0.00238861267934,-0.172922834754,60,0.5,0.75,True,True,True,True,True,True,True,15.9939850685,0.00176595367626,0.0586863817685,0.0181878673365,0.0342894350674,0.00827480384779,0.115807769539,0.00443939471701,0.0843407553455,0.00268265658079,0.065046334374,0.00182868380605,0.0505673651836,0.0012746224689,0.0398794899249,0.0010019248149,0.0334196877486,0.00049118587329,0.0281003894539,0.0003531680592,0.0236037008121,0.000251752283891,0.0203106821265,0.000181540715569,0.0174717797833,0.000174824402287,0.0152767491093,0.000137154342006,0.0134969074873,0.000123866684977,0.0117606149597,0.000105731510112,0.0103326931507,0.000209405811741,0.00908706608157,0.000129469926679,0.00810313596357,0.000164095038104,0.00713227989795,6.62965529547e-05,46875,46875,46874,90,a2200e236f4b8f58aafbfc554faf2594a8b47b9edd48c0c954dc4bfd7388e399,947891
doe_N036_C20,doe,C20,N036,22.627416998,22.627416998,240,400,60,0.001,0.0001,0.08,0.1,2e-07,10000,0,1,12,0,0,0,0,False,800,15,18,4,5,1.6e-05,0.854366565805,22.6229650748,0.193283049793,0.402673020403,22.6261614344,32.7782402039,0.0593479060186,22.5169271613,22.728508283,-0.110489836719,0.101091285019,0.64,3821.24925293,3821.24925293,-3857.15575996,3840,-3840,0,0,0,0.00273566883331,-0.172922834754,60,0.5,0.75,True,True,True,True,True,True,True,22.6229650748,0.00203164319153,0.0677979007605,0.015436462605,0.0413624083209,0.00864944153395,0.116469948585,0.00560968029262,0.0807063668544,0.00282242216273,0.0601899238432,0.000335919217008,0.0502430438623,0.00158750025246,0.0408259198413,0.00183625166296,0.0307271530757,0.00102463255894,0.0229432344396,0.000871054635966,0.0201902490007,0.00103340943974,0.0184469146639,0.000871585088852,0.0138016889174,0.000660682928579,0.00977035026792,0.000559541877367,0.00932186569013,0.000532596429681,0.00981999340648,0.000617156450495,0.00717895602721,0.000321374657828,0.00378762805521,0.000272500211092,0.00412297370986,0.000401282214314,0.00440753608986,0.000313037916592,46875,46875,46874,90,4456ceae5f80a45921b372f151cc2d15a8504b75bed34a6fdc157c1032ce207e,935580
doe_N014_C21,doe,C21,N014,5.65685424949,-5.65685424949,240,400,60,0.001,0.0001,0.08,0.1,2e-07,10000,0,1,12,0,0,0,0,False,800,15,18,4,7,1.6e-05,1.90249149679,5.65268779354,0.107541904612,0.224045634609,5.66272646599,8.72976875305,0.051459025802,5.67345863484,-5.63184034763,0.016604385348,0.0250139018625,0.3,962.817857634,962.817857634,955.755000089,960,960,0,0,0,0.00338731905494,-0.172922834754,60,0.5,0.75,True,True,True,True,True,True,True,5.65268779354,0.00520830698653,0.0644404499775,0.0123318658719,0.0371037812326,0.00642966480954,0.0204240768802,0.00837283232788,0.0529317604757,0.0043501847072,0.027823996787,0.00126661204258,0.0136658715279,0.000344496998429,0.00175336512606,0.000412893485759,0.00528109095838,0.00142732669795,0.0119820513303,0.00158112824395,0.0126651873905,0.00228429335176,0.0131080922046,0.00218470546797,0.0144076328916,0.00265961261924,0.0149096248964,0.00256921310993,0.0133505395926,0.00255264974967,0.0113869024565,0.00246045613699,0.0100752944799,0.00230900122922,0.00893678860658,0.00199335687865,0.00670648251772,0.00140254280257,0.00451246301877,0.00117924841146,46875,46875,46874,90,0af1d58435e94c717755c26a460cebbe09ba1055db6354bf55a1fe036682e218,932381
doe_N015_C21,doe,C21,N015,5.65685424949,0,240,400,60,0.001,0.0001,0.08,0.1,2e-07,10000,0,1,12,0,0,0,0,False,800,15,18,4,7,1.6e-05,3.14509756558,3.99362622972,0.125603441329,0.261673836103,4.00857920913,6.01848077774,0.0577783889646,5.64778507182,0.0249941575609,-0.00906917766907,0.0249941575609,0.3,958.460909513,958.460909513,-4.24164919232,960,-0,0,0,0,0.00259528221175,-0.172922834754,60,0.5,0.75,True,True,True,True,True,True,True,3.99362622972,0.00114862384627,0.056318686073,0.0192463142261,0.0328209702586,0.00882585492327,0.0230644043084,0.00625227352208,0.0744983797212,0.00308227504895,0.0504772998805,0.00264495161465,0.0357343215993,0.00123806652622,0.0234669318045,0.00147017816642,0.0180828785427,0.000725031308809,0.010976998737,0.000658109722644,0.00785663123238,0.000771300104915,0.00497082325969,0.00037963169424,0.00230900660447,0.000885287516654,0.00151297570116,0.000386501428771,0.00161661823081,0.000843972991879,0.00156746835853,0.000516577923047,0.00188751676627,0.000724606634341,0.00151709038463,0.000672892563437,0.00147046030233,0.000573324604661,0.00089960498192,0.000600860470278,46875,46875,46874,90,79a07f7f5145252b7ddf3993955060354eb20e41acc538f2b2eee7661a6c3e1b,935042
doe_N016_C21,doe,C21,N016,5.65685424949,5.65685424949,240,400,60,0.001,0.0001,0.08,0.1,2e-07,10000,0,1,12,0,0,0,0,False,800,15,18,4,7,1.6e-05,1.90762732473,5.65270031321,0.10783245576,0.224650949499,5.66298153193,8.74645900726,0.0530988374754,5.62311907337,5.68212755476,-0.0337351761251,0.025273305268,0.3,954.274950767,954.274950767,-964.289022129,960,-960,0,0,0,0.00195619076416,-0.172922834754,60,0.5,0.75,True,True,True,True,True,True,True,5.65270031321,0.00474248841824,0.06513367127,0.0122708499994,0.0365001000731,0.00922064981312,0.0202853658399,0.00840644822484,0.051633254818,0.00267071929588,0.027618983779,0.000719680046345,0.015716270574,0.000940046244478,0.00454959746838,0.00106221853531,0.00669992346912,0.00141253046869,0.0115996225565,0.00144383752535,0.0119016050967,0.00198445594413,0.0129707642173,0.0022073566767,0.01647140404,0.00261963348773,0.0154366509508,0.00240782585363,0.0124586275467,0.00243826478001,0.0112456160409,0.0023642013838,0.0119575447117,0.00213460674457,0.00922928583638,0.00178080342602,0.00550955937004,0.00135610321711,0.00442947644202,0.0011724242674,46875,46875,46874,90,ead1b5c2845ebcf74c76978f256aa728cc25576aa50c82a333d4fb22d28144d4,927007
doe_N022_C21,doe,C21,N022,11.313708499,-11.313708499,240,400,60,0.001,0.0001,0.08,0.1,2e-07,10000,0,1,12,0,0,0,0,False,800,15,18,4,7,1.6e-05,1.22523160826,11.309495369,0.138567511996,0.288682316659,11.3147950335,16.6694641113,0.054719314771,11.3553114306,-11.2634929448,0.0416029316021,0.0502155541533,0.32,1927.06025161,1927.06025161,1911.47813787,1920,1920,0,0,0,0.00271722287441,-0.172922834754,60,0.5,0.75,True,True,True,True,True,True,True,11.309495369,0.00392539739956,0.0665065742908,0.0151311251556,0.0406416744018,0.00736885361325,0.024697501842,0.00718528668287,0.0771481903285,0.00439221911622,0.0544718573932,0.001152577783,0.0404109907042,0.00176024262666,0.0282069007455,0.00216024230625,0.0200755808601,0.00146445248719,0.0125421635766,0.000752330652444,0.00991300711947,0.000808338752313,0.00711157209628,0.000425693579442,0.00299735830117,0.000153598859048,0.000546615962731,8.07604106633e-05,0.000643580412121,0.000190547851412,0.00142393448327,0.000413142814665,0.00330953616181,0.000551536765708,0.00424289304843,0.000601572278905,0.00403934255202,0.000656441333294,0.00426214874805,0.000723267493137,46875,46875,46874,90,81a5921da0a0fe87984c8db4f2843751263e0342573e8042ceb379550b0df1bc,938626
doe_N024_C21,doe,C21,N024,11.313708499,0,240,400,60,0.001,0.0001,0.08,0.1,2e-07,10000,0,1,12,0,0,0,0,False,800,15,18,4,7,1.6e-05,1.97679912827,7.99392493498,0.158023838429,0.32921633006,8.00196112051,11.6620082855,0.0594607943746,11.3050078493,0.0496916512304,-0.0087006497247,0.0496916512304,0.3,1918.52345078,1918.52345078,-8.43295285281,1920,-0,0,0,0,0.00189090538588,-0.172922834754,60,0.5,0.75,True,True,True,True,True,True,True,7.99392493498,5.3180489509e-05,0.0581189040006,0.0179249438206,0.0339126046991,0.00830587893757,0.0255816458744,0.00470664695717,0.0873662542398,0.00318564077727,0.0661174754126,0.00174752772836,0.049871406501,0.00164278160733,0.038466478292,0.00122880972912,0.0334983914543,0.000885376637366,0.0270177364712,0.000572020978142,0.0218469245078,0.000359674170216,0.0178890269901,0.000372480743208,0.0156715083758,0.000227394827135,0.0122706628158,0.000500671740878,0.0109081312669,0.000216391481218,0.00858431931331,0.000277604798628,0.0076366352855,0.000172420120191,0.00616925734993,0.000286570819879,0.00544347258444,0.000244875724693,0.00467110298561,0.000344783861317,46875,46875,46874,90,20f9a1f4773edbbbff3e62a355e2791cc1638eabb673cd8786a65fc6e9d37346,948620
doe_N026_C21,doe,C21,N026,11.313708499,11.313708499,240,400,60,0.001,0.0001,0.08,0.1,2e-07,10000,0,1,12,0,0,0,0,False,800,15,18,4,7,1.6e-05,1.22211900996,11.3093620673,0.13821386373,0.287945549438,11.3148880419,16.6859016418,0.0568580800586,11.2540755416,11.364379633,-0.0596329573789,0.0506711340043,0.32,1909.87995155,1909.87995155,-1928.59917659,1920,-1920,0,0,0,0.00282696661138,-0.172922834754,60,0.5,0.75,True,True,True,True,True,True,True,11.3093620673,0.00316076463345,0.0664751989574,0.0142672356843,0.0403683583913,0.00840001217755,0.0249465312534,0.00703795141902,0.0761505009538,0.00293558329802,0.0524685809753,0.000954016671491,0.0421763408252,0.00245650848093,0.030730810337,0.00199114937438,0.020216556606,0.00108549514932,0.0121312226969,0.000623125917449,0.0100886248551,0.000857863278357,0.00739553914056,0.000542657612249,0.0030021704365,0.00035564308615,0.00120844821933,9.71027313081e-05,0.0016515545894,0.000286741834851,0.0010012630077,0.000403987833076,0.00408856225863,0.000573805501945,0.00526185563658,0.000605427416058,0.00369452445533,0.00068097430192,0.00382680037417,0.000745584913935,46875,46875,46874,90,9d80a496d9afb07d8ac36d701673d0b5303c348aa11405d3a3b96ec26f2e5d0f,934122
doe_N030_C21,doe,C21,N030,22.627416998,-22.627416998,240,400,60,0.001,0.0001,0.08,0.1,2e-07,10000,0,1,12,0,0,0,0,False,800,15,18,4,7,1.6e-05,0.711958254087,22.623776979,0.161071847588,0.335566349141,22.6264929396,32.6330718994,0.0553530957349,22.7207951301,-22.5263409866,0.0933781320898,0.101076011362,0.64,3855.8467945,3855.8467945,3822.84683207,3840,3840,0,0,0,0.00369126986336,-0.172922834754,60,0.5,0.75,True,True,True,True,True,True,True,22.623776979,0.00500262894944,0.0668519902154,0.0168397052271,0.0419985423641,0.00728952227652,0.0266324589708,0.00665068141064,0.0856894805103,0.00328725994619,0.0641573524271,0.000292420340899,0.0509941423054,0.0012236498269,0.0391980233996,0.00186967070095,0.0310012251897,0.00155685021809,0.0240143756559,0.000980233905741,0.0213270725557,0.000759493436966,0.0184229193748,0.00082203608698,0.013830580136,0.000965961994863,0.0118174728854,0.000672456596601,0.0102576962838,0.000641396523283,0.00911703046426,0.000442283087481,0.00689071027734,0.000597053014856,0.00575209072178,0.000659828551015,0.0050780768657,0.000404457594665,0.00434696050827,0.00024822845188,46875,46875,46874,90,b6f5e385fede75520624f089602ef7243d9e33adb3f99a947e48a138a615ae23,939805
doe_N033_C21,doe,C21,N033,22.627416998,0,240,400,60,0.001,0.0001,0.08,0.1,2e-07,10000,0,1,12,0,0,0,0,False,800,15,18,4,7,1.6e-05,1.02337634531,15.9942862197,0.163681741773,0.341003628694,15.9983357267,22.9671955109,0.0603468195602,22.6191114536,0.100897993854,-0.0083055444003,0.100897993854,0.452548339959,3838.59050238,3838.59050238,-17.1229573589,3840,-0,0,0,0,0.00210406680095,-0.172922834754,60,0.5,0.75,True,True,True,True,True,True,True,15.9942862197,0.00104849413245,0.0587488945671,0.0175510723539,0.0335898753773,0.00780432551032,0.026226846945,0.00485133408797,0.087993866558,0.00295875975566,0.068048095477,0.00146752267495,0.0521687605553,0.00125903778277,0.0416514530495,0.00079425439293,0.0346490097403,0.00046931772103,0.0292945155522,0.000209033771512,0.0242975521561,0.000366571580839,0.0208146581788,0.000195131692793,0.0177017368551,0.000238867760533,0.0155642513781,7.89712785971e-05,0.0135149783807,4.29567955015e-05,0.0118365807494,7.25725491616e-05,0.0106336788883,0.000140965807891,0.00949976958158,0.000135746480889,0.00831462892113,8.84325784701e-05,0.0073363893813,0.000172837032363,46875,46875,46874,90,c284090d71bc4463f25701a02343bf585f4772ec14aa19e4914237dc08cdecd9,947280
doe_N036_C21,doe,C21,N036,22.627416998,22.627416998,240,400,60,0.001,0.0001,0.08,0.1,2e-07,10000,0,1,12,0,0,0,0,False,800,15,18,4,7,1.6e-05,0.710272369541,22.6232549602,0.160686729073,0.334764018903,22.6261967246,32.6517601013,0.059009089868,22.5173363387,22.7286799925,-0.11008065926,0.101262994525,0.64,3821.31869265,3821.31869265,-3857.18490003,3840,-3840,0,0,0,0.00285654092145,-0.172922834754,60,0.5,0.75,True,True,True,True,True,True,True,22.6232549602,0.00215062404772,0.0679196047245,0.0156640018579,0.0409605715221,0.00752306298107,0.0266647725262,0.00606200495678,0.0846509981847,0.00277458793998,0.0625009226326,0.000203459686841,0.0516646693775,0.00174044988864,0.0421550138094,0.00176133265805,0.0316466822918,0.00134424317211,0.0237001470412,0.000837587852169,0.0203609357773,0.00103752986705,0.0188414500198,0.000739677789028,0.0140738045145,0.00082005698793,0.0101892056713,0.000615931978165,0.0094462180585,0.000693819095387,0.0101295871576,0.00056522053696,0.00722276240777,0.000442478290297,0.00437605890613,0.00040747399678,0.00412927914264,0.000530928234602,0.00459518778039,0.000331016045262,46875,46875,46874,90,f521fe5dee91f30b02525d5e9340c1ca1378360accdc2f05b893bc3400114e42,936015
doe_N014_C22,doe,C22,N014,5.65685424949,-5.65685424949,240,400,60,0.001,0.0001,0.08,0.1,2e-07,10000,0,1,12,0,0,0,0,False,800,15,18,8,3,1.6e-05,3.31542378071,5.65277585492,0.187413474964,0.390444739509,5.66489112668,8.68803310394,0.0501966000101,5.67323960636,-5.6322377525,0.0163853568725,0.0246164969936,0.3,962.78068727,962.78068727,955.822441931,960,960,0,0,0,0.00281249260938,-0.172922834754,60,0.5,0.75,True,True,True,True,True,True,True,5.65277585492,0.00587766135671,0.0636312958505,0.0153936938002,0.141934556757,0.00630964354891,0.0801085335096,0.00797654978886,0.0415960787643,0.00412979288129,0.0181458857007,0.000717142249648,0.00483783099534,0.000946835480187,0.00590009524673,0.000848276931381,0.0122864768057,0.00230947633328,0.0179120887829,0.00290175533716,0.0179545833182,0.00330179816432,0.0166591582761,0.00350978036665,0.0163529475536,0.00338521647462,0.0150137564268,0.00321377834375,0.0124995990342,0.00259875503351,0.00963568910571,0.00245418610498,0.00767866758178,0.00181598782257,0.00607859260778,0.00144171946499,0.00352442482194,0.00055290475248,0.000971784213218,0.000322348935734,46875,46875,46874,90,1a4a23389c8ef8814c076071553d3ff5ab436d052d499240c355c85c67f5d585,932972
doe_N015_C22,doe,C22,N015,5.65685424949,0,240,400,60,0.001,0.0001,0.08,0.1,2e-07,10000,0,1,12,0,0,0,0,False,800,15,18,8,3,1.6e-05,4.97069798791,3.99387136253,0.198523283457,0.413590173869,4.01175143391,5.96065092087,0.0564541945996,5.64813162729,0.0250208259452,-0.00872262220273,0.0250208259452,0.3,958.519721926,958.519721926,-4.24617496721,960,-0,0,0,0,0.0017105412296,-0.172922834754,60,0.5,0.75,True,True,True,True,True,True,True,3.99387136253,0.00139348143749,0.0563447614897,0.0219514994152,0.144599399827,0.00889006160001,0.0932326235383,0.00583396361761,0.0600912169835,0.00272354357712,0.0392410896525,0.00237945068211,0.0240898421678,0.00111232385058,0.0128945943562,0.000524970656683,0.0082802196831,0.000975214555735,0.00368571585009,0.000474751873496,0.0019233855661,0.00120172742111,0.00225820538452,0.000858159913875,0.00262992978577,0.000867657205463,0.00324866684121,0.000987616632139,0.00209593827448,0.000609969696511,0.00199849834011,0.000875653178046,0.00131285800349,0.000375229519157,0.00060584310479,0.000564879717871,0.000183659960063,0.000266183422423,0.000904004433025,0.000273725732,46875,46875,46874,90,62f6e790fdb653603787f0eb370630038be99d08ed12f0b15e5da50d569796a1,935808
doe_N016_C22,doe,C22,N016,5.65685424949,5.65685424949,240,400,60,0.001,0.0001,0.08,0.1,2e-07,10000,0,1,12,0,0,0,0,False,800,15,18,8,3,1.6e-05,3.31545768737,5.65274929674,0.187414511106,0.390446898138,5.66508066908,8.66360664368,0.0513135471116,5.62352713823,5.68182116483,-0.03332711126,0.0249669153392,0.3,954.344201671,954.344201671,-964.237026034,960,-960,0,0,0,0.00337131270289,-0.172922834754,60,0.5,0.75,True,True,True,True,True,True,True,5.65274929674,0.00585494933114,0.0643699090222,0.0157349428897,0.14113238955,0.0104243101128,0.0807660236566,0.00798615401419,0.0399367071412,0.00301677612929,0.0172679717686,0.000542641618548,0.00704012457974,0.00057204953994,0.00520177999226,0.00110032822608,0.0137550729288,0.00225489202641,0.0180147773488,0.00289916406352,0.0167700470338,0.00280376620449,0.0166752737439,0.00286534067655,0.0186504522873,0.00321559248398,0.0160105852944,0.00305920605538,0.0113220702931,0.00257199699581,0.0094826849169,0.00221037791026,0.00951302449531,0.00182957088338,0.00671112698316,0.0013346158173,0.0022419788063,0.000721732506915,0.00135085278459,0.000314484148199,46875,46875,46874,90,307da8713e22edec729250a4bee7479522388c713ec2b20843ddfbc9691ab578,925117
doe_N022_C22,doe,C22,N022,11.313708499,-11.313708499,240,400,60,0.001,0.0001,0.08,0.1,2e-07,10000,0,1,12,0,0,0,0,False,800,15,18,8,3,1.6e-05,2.01933168305,11.3094578593,0.228375465734,0.475782220278,11.3162167436,16.6276092529,0.0542585137252,11.35518043,-11.2635496867,0.0414719309652,0.0501588122556,0.32,1927.03802007,1927.03802007,1911.48776729,1920,1920,0,0,0,0.00150130386818,-0.172922834754,60,0.5,0.75,True,True,True,True,True,True,True,11.3094578593,0.00424856551318,0.0660423664171,0.0176859283462,0.161761120652,0.00717774260387,0.105128045771,0.00670871585117,0.0710308637919,0.00438480476081,0.049574594305,0.00136520515914,0.0369210976818,0.00202429443519,0.0250934370974,0.00210989526062,0.0173449388356,0.00158015633322,0.00981327336368,0.000917581701179,0.00773944537528,0.000743394013904,0.00481901666941,0.000323093684909,0.00105809560531,0.000176074334549,0.00165549271708,0.000343627062973,0.00276833594546,0.000460381907103,0.00324573518598,0.000622589038877,0.00466427707971,0.000924247365524,0.00576977624361,0.000896720702163,0.00544963313713,0.000875745856723,0.00519723720056,0.00102896751277,46875,46875,46874,90,199d54e3f51b9c50a5e7feb316cd52f816fbec80ea52f1cb9a32b36736d7c07f,940442
doe_N024_C22,doe,C22,N024,11.313708499,0,240,400,60,0.001,0.0001,0.08,0.1,2e-07,10000,0,1,12,0,0,0,0,False,800,15,18,8,3,1.6e-05,3.00856706667,7.99372209032,0.240496490211,0.501034354605,8.00380888039,11.6135072708,0.0593608951609,11.3047173117,0.0505194643686,-0.00899118725311,0.0505194643686,0.3,1918.47414493,1918.47414493,-8.57343740086,1920,-0,0,0,0,0.00164527425597,-0.172922834754,60,0.5,0.75,True,True,True,True,True,True,True,7.99372209032,9.48734995044e-05,0.0583478070537,0.0205142050035,0.158319156084,0.00865905663899,0.11108363774,0.00469462341861,0.0808364323755,0.00295144392123,0.0616073685129,0.00184152511009,0.0472021058434,0.00145435836141,0.0361761892262,0.00119339321383,0.030167738797,0.00056964861123,0.0242258123097,0.000619122519351,0.0196315326624,0.000441995211509,0.0159985659835,0.000439103627811,0.0128655375485,0.000303818677371,0.0102784326334,0.00048013650891,0.00906203629607,0.000419985645029,0.00706266711908,0.000318863998976,0.00587123080714,0.000364023536581,0.00492904867111,0.000275599370592,0.00379420451828,0.000376282471441,0.00354229156307,0.000223908948418,46875,46875,46874,90,25c7f572c59c9f8d43c7a4dfdd84028bce567af7c523126b74cf810786a19669,948159
doe_N026_C22,doe,C22,N026,11.313708499,11.313708499,240,400,60,0.001,0.0001,0.08,0.1,2e-07,10000,0,1,12,0,0,0,0,False,800,15,18,8,3,1.6e-05,2.01020588964,11.309227695,0.227338761197,0.47362241916,11.3161857845,16.6237010956,0.0562332673994,11.2541338067,11.3640544866,-0.0595746923246,0.0503459876093,0.32,1909.88983946,1909.88983946,-1928.54399742,1920,-1920,0,0,0,0.0028010161599,-0.172922834754,60,0.5,0.75,True,True,True,True,True,True,True,11.309227695,0.00361778578177,0.0666257342755,0.016756222575,0.159832566816,0.00940841560735,0.105685757312,0.00675374250769,0.069942323234,0.00317308070632,0.0483624183978,0.00123339988006,0.0383263563044,0.00228203077608,0.0272274417813,0.00199864127672,0.0172763265749,0.00111251429757,0.0096944299912,0.000733100399205,0.00791840105211,0.000700159559548,0.00491005580065,0.000413875284932,0.00157641005518,0.000325638203353,0.00326268314544,0.000300557826258,0.00283453271663,0.000304820784852,0.00276716174381,0.000695902101654,0.00545232970565,0.000909297208064,0.00671992597481,0.000891993308401,0.0050681181926,0.000848631358896,0.00475936812739,0.00112098129781,46875,46875,46874,90,06ee9541995a9b4517213c68bb181ce46866c34fe2264190a86ff571dd368009,932343
doe_N030_C22,doe,C22,N030,22.627416998,-22.627416998,240,400,60,0.001,0.0001,0.08,0.1,2e-07,10000,0,1,12,0,0,0,0,False,800,15,18,8,3,1.6e-05,1.10689618496,22.6240257963,0.250424478424,0.521717663383,22.6275581116,32.5988311768,0.0558477716653,22.7205174654,-22.5271208228,0.0931004674601,0.100296175133,0.64,3855.79967325,3855.79967325,3822.97917466,3840,3840,0,0,0,0.00375005144775,-0.172922834754,60,0.5,0.75,True,True,True,True,True,True,True,22.6240257963,0.00443127919852,0.0669097216965,0.0191160343475,0.167469514179,0.00766758442319,0.113533254954,0.00546877574048,0.0806333718379,0.00310252254819,0.0612989851956,0.000374954836163,0.0488758849973,0.00176977792184,0.0375750254553,0.00173369392631,0.0297079857148,0.00144239572878,0.023075382643,0.000989956528805,0.0205142661397,0.00112946829065,0.0176780551466,0.000919128676493,0.0133974339308,0.000672879898142,0.0114319570777,0.000687391073261,0.00979547256523,0.0010181894539,0.00872595622055,0.000455769312758,0.00643869110638,0.000510697612127,0.00554930582138,0.000478332143016,0.00473211723334,0.000491389349879,0.00405800134072,0.000335387770397,46875,46875,46874,90,b1ceaf9b314d30defcd4d8389a061cb6f36df4c9b3cf2ccc53aea547f9bf9218,940102
doe_N033_C22,doe,C22,N033,22.627416998,0,240,400,60,0.001,0.0001,0.08,0.1,2e-07,10000,0,1,12,0,0,0,0,False,800,15,18,8,3,1.6e-05,1.55479410798,15.9941592306,0.248676245338,0.51807551112,15.9993000294,22.9215259552,0.0595776171211,22.6189267168,0.102044939271,-0.00849028120598,0.102044939271,0.452548339959,3838.5591515,3838.5591515,-17.3176004506,3840,-0,0,0,0,0.00267515982665,-0.172922834754,60,0.5,0.75,True,True,True,True,True,True,True,15.9941592306,0.000564090059702,0.0583061545673,0.020282533655,0.158521630956,0.00862424709469,0.113689557416,0.00415482720842,0.0835369152256,0.00288602271842,0.0658055996157,0.00138578329261,0.0514096625691,0.00153658803896,0.0412750841451,0.000920244166277,0.0345556499747,0.000981660917299,0.0291652248685,0.000441449998127,0.024111000206,0.000667038558872,0.0206221049068,0.000326462471647,0.0174529141432,0.000413016724404,0.0150397464446,0.000198112353437,0.0133977051825,0.000154416267827,0.0115984894045,0.000197659430633,0.0103735850018,0.000178978435775,0.00922052340079,0.000202458781077,0.00828371679053,7.67458770288e-05,0.00736181359509,0.000156292921373,46875,46875,46874,90,976e8794c212da2cb168c02429f88bd89d2709b70c76e1910e40045984f574ea,947039
doe_N036_C22,doe,C22,N036,22.627416998,22.627416998,240,400,60,0.001,0.0001,0.08,0.1,2e-07,10000,0,1,12,0,0,0,0,False,800,15,18,8,3,1.6e-05,1.10505978064,22.6231905441,0.249999779799,0.520832874582,22.6269414491,32.5986175537,0.0594879659305,22.5173730797,22.728515358,-0.110043918282,0.101098360068,0.64,3821.3249278,3821.3249278,-3857.15696063,3840,-3840,0,0,0,0.0050184311074,-0.172922834754,60,0.5,0.75,True,True,True,True,True,True,True,22.6231905441,0.00192917894056,0.0680315817199,0.0174674145204,0.166011668929,0.00769655091351,0.114791345903,0.00545013638741,0.079731139069,0.00226166834758,0.0595811172054,0.000595419923316,0.0497072061971,0.00170618436458,0.040569083209,0.00169437809278,0.030147563351,0.00116032949559,0.0226849501779,0.00119213049456,0.0195277136041,0.00126245573929,0.0182482034382,0.000997250542276,0.0137390614654,0.000438078609774,0.00968319263454,0.000734213048939,0.00903149452528,0.00102923094776,0.00962152075033,0.000602660993989,0.00703013469044,0.000152385012724,0.00388817715355,0.000453102403427,0.00400699102468,0.000623819492152,0.00430387906388,0.000543120039449,46875,46875,46874,90,25cbb4eade70924e1733ce9c4a6f0e9061e0f6bce8e5d1a4f3ebcc55572f1c87,932911
doe_N014_C23,doe,C23,N014,5.65685424949,-5.65685424949,240,400,60,0.001,0.0001,0.08,0.1,2e-07,10000,0,1,12,0,0,0,0,False,800,15,18,8,5,1.6e-05,2.38300175373,5.6525148487,0.134699527974,0.280624016613,5.663133955,8.77297782898,0.0511086470932,5.67331390795,-5.63163897382,0.0164596584582,0.0252152756678,0.3,962.793296667,962.793296667,955.720825821,960,960,0,0,0,0.00289685290863,-0.172922834754,60,0.5,0.75,True,True,True,True,True,True,True,5.6525148487,0.0057220964404,0.0639403328936,0.0131502152019,0.0363337120428,0.00623377475569,0.0866823646424,0.00797632443441,0.0489183809229,0.00449368994967,0.0243919825058,0.00115771552891,0.00991471245727,0.000602391829375,0.00190208519655,0.000272442469965,0.00880363133512,0.00169817840431,0.0145141256647,0.00214875633825,0.0155180159459,0.00305068690638,0.0153782228807,0.00283536480358,0.0159262609893,0.00321381924152,0.0154399156706,0.00302922942532,0.0134324501647,0.00287331214915,0.0106744582224,0.00235927290111,0.00921547340252,0.00227577561322,0.00764773016618,0.00178242034811,0.00529951767901,0.00124625143245,0.00309711579262,0.000748122700174,46875,46875,46874,90,8a38057059ab0f35aea34c6bad5b8416996328c2d7e296eefe2cba511497a29c,932140
doe_N015_C23,doe,C23,N015,5.65685424949,0,240,400,60,0.001,0.0001,0.08,0.1,2e-07,10000,0,1,12,0,0,0,0,False,800,15,18,8,5,1.6e-05,3.83840941455,3.99428519086,0.15331701881,0.319410455854,4.01019543071,6.13640928268,0.0574841277222,5.64871453608,0.0255433287612,-0.00813971341214,0.0255433287612,0.3,958.618644828,958.618644828,-4.33484663547,960,-0,0,0,0,0.00159200379189,-0.172922834754,60,0.5,0.75,True,True,True,True,True,True,True,3.99428519086,0.0015586673312,0.0567646249285,0.0196800398419,0.0307582890091,0.0101308252862,0.101329386096,0.00559697749972,0.068312758343,0.00326127354527,0.0478661772328,0.00209632395908,0.0303475250572,0.00146203538406,0.0195595848686,0.000765276748289,0.0126191455121,0.000524661029775,0.00778399199491,0.000506122966392,0.00383597634253,0.000570522008919,0.00199706347266,0.000766655184931,0.00177453068225,0.000601702083615,0.00189842903035,0.000825428094331,0.00233917817422,0.000641509203194,0.00208501428818,0.00071844437615,0.00214989815941,0.000467156707966,0.00132136079431,0.000631779056351,0.00114571347068,0.000381246387528,0.000456520274474,0.000438656180083,46875,46875,46874,90,f0b491ddb48923c06b361bc5ed54980e5dd1dcc1f35dd7056e69448e55398a70,939946
doe_N016_C23,doe,C23,N016,5.65685424949,5.65685424949,240,400,60,0.001,0.0001,0.08,0.1,2e-07,10000,0,1,12,0,0,0,0,False,800,15,18,8,5,1.6e-05,2.39308080261,5.65275647887,0.135275030114,0.281822979405,5.66362159403,8.81688213348,0.0527640674072,5.62322877739,5.68213073908,-0.0336254720976,0.0252764895881,0.3,954.293568158,954.293568158,-964.289562526,960,-960,0,0,0,0.00260537477794,-0.172922834754,60,0.5,0.75,True,True,True,True,True,True,True,5.65275647887,0.00522561596942,0.06469334096,0.0131156769695,0.0354936156692,0.0116713408894,0.0873443511011,0.008199437922,0.0468591964758,0.00260747435911,0.0234080019467,0.000342943158253,0.0121612682165,0.000674048864495,0.00316836312644,0.00106698052536,0.0104858116191,0.00201172960277,0.0147676901723,0.00200429992018,0.0146754693882,0.00252989485524,0.0151123113735,0.00266007567248,0.0182321855038,0.0029803691703,0.0164684738247,0.00265424401433,0.0123860614187,0.00266325955365,0.0104052405341,0.00245852834701,0.010984308349,0.0021406463511,0.00828056797636,0.00154702330903,0.00417077635893,0.00122880649,0.00296552478866,0.000855597115994,46875,46875,46874,90,5c22136d2ac24db3be1a55e57e19c5ff12761f9dee636d124d419701200ab8ae,925745
doe_N022_C23,doe,C23,N022,11.313708499,-11.313708499,240,400,60,0.001,0.0001,0.08,0.1,2e-07,10000,0,1,12,0,0,0,0,False,800,15,18,8,5,1.6e-05,1.53059298264,11.3096774215,0.173105128973,0.36063568536,11.3154521427,16.7648944855,0.0542671277643,11.3555449614,-11.2636231022,0.0418364623881,0.0500853967993,0.32,1927.0998831,1927.0998831,1911.50022631,1920,1920,0,0,0,0.00247711578896,-0.172922834754,60,0.5,0.75,True,True,True,True,True,True,True,11.3096774215,0.00396188901636,0.0664339079008,0.0151817910083,0.0406273321595,0.00742421698935,0.108919938299,0.00751709355191,0.0759106815916,0.00449198482658,0.0536553485743,0.00139990451759,0.0396593711144,0.00154931815207,0.0270474883894,0.00219002648602,0.0186965590978,0.00137917382457,0.0116603349108,0.00090257663519,0.00868857580999,0.000570794013917,0.00560896457505,0.000516811228103,0.00185152669104,0.000270223565897,0.000596063086135,0.000129758192358,0.00209138193129,0.000333513865241,0.00251679380107,0.000432726749354,0.00434773855922,0.000818141362766,0.00516275772284,0.000724109038809,0.00477649346441,0.000756086772259,0.00480771564421,0.000983568775936,46875,46875,46874,90,20fb49e147ad7144a8b3bdd6259b7d7d4e0e13240eab890ec12e9b2b176fc5dc,940545
doe_N024_C23,doe,C23,N024,11.313708499,0,240,400,60,0.001,0.0001,0.08,0.1,2e-07,10000,0,1,12,0,0,0,0,False,800,15,18,8,5,1.6e-05,2.4012477123,7.99442711005,0.191965998092,0.399929162691,8.00320223687,11.7929039001,0.0592417345084,11.3057155355,0.050257985937,-0.00799296343766,0.050257985937,0.3,1918.64354912,1918.64354912,-8.52906303956,1920,-0,0,0,0,0.00251385536419,-0.172922834754,60,0.5,0.75,True,True,True,True,True,True,True,7.99442711005,7.60205207179e-05,0.0581577700369,0.0190242401214,0.0332527181267,0.00958397781066,0.115203055544,0.00491049906874,0.0848928911996,0.00290129811966,0.0659831733135,0.001992661056,0.0496952371366,0.00142372178077,0.0388656126769,0.00113861479244,0.0318013717596,0.000656450221358,0.0264243013718,0.000603094380318,0.0210992107703,0.000406610792082,0.0176236651976,0.000471949860068,0.0136897683088,0.000440637128171,0.0114530614586,0.000368192668334,0.00995846668941,0.000296432749055,0.00801765778113,0.000262028246989,0.00615615684512,0.000248094874931,0.00542326519647,0.000224112233245,0.0047796028446,0.000209732204335,0.00416386372661,0.000311309424729,46875,46875,46874,90,ba2b6ffd57e31a1affa09b2339a7f7ae82ad2e31c205736960d40ce3448e81e7,950755
doe_N026_C23,doe,C23,N026,11.313708499,11.313708499,240,400,60,0.001,0.0001,0.08,0.1,2e-07,10000,0,1,12,0,0,0,0,False,800,15,18,8,5,1.6e-05,1.53365735674,11.3097687694,0.173453100762,0.361360626587,11.3157777355,16.8026542664,0.0565612901689,11.2546707893,11.3645996259,-0.0590377097016,0.0508911269411,0.32,1909.98096843,1909.98096843,-1928.63651063,1920,-1920,0,0,0,0.00366265403248,-0.172922834754,60,0.5,0.75,True,True,True,True,True,True,True,11.3097687694,0.00320935663481,0.0670217021523,0.0147857112061,0.039479303759,0.0109763302612,0.109962841062,0.00725194981402,0.0741329772548,0.00285866028836,0.0520480669803,0.00105982479436,0.0411141857526,0.00241635237975,0.030275768209,0.00232598819129,0.0182933341876,0.00107633086985,0.0110737271352,0.000665830264202,0.00894040978935,0.00062574589861,0.00635965025071,0.000470109969697,0.0018102516225,0.000153077847046,0.00242925059668,9.48085487372e-05,0.00273992113671,0.000229296992156,0.00169535722827,0.000547751420559,0.0052902099156,0.000758924178461,0.00631536288072,0.000655184546005,0.00469073853448,0.000704536766554,0.0041525845667,0.000985086477156,46875,46875,46874,90,3e33228d89fc84f79f4538e3144bb0735f01703441061461f71000e88b011af0,932130
doe_N030_C23,doe,C23,N030,22.627416998,-22.627416998,240,400,60,0.001,0.0001,0.08,0.1,2e-07,10000,0,1,12,0,0,0,0,False,800,15,18,8,5,1.6e-05,0.872530498717,22.62348814,0.197396833895,0.411243403948,22.626494648,32.7511405945,0.0562591284835,22.7204359296,-22.526123111,0.0930189316286,0.101293886996,0.64,3855.78583616,3855.78583616,3822.80985735,3840,3840,0,0,0,0.0025616438734,-0.172922834754,60,0.5,0.75,True,True,True,True,True,True,True,22.62348814,0.00448304120629,0.0669161221237,0.0161577284114,0.0420640025934,0.00826129604298,0.116956368079,0.00543646183982,0.0852611458116,0.00342547639494,0.0645339922285,0.000936520995443,0.0515555953767,0.00156200114053,0.0394136326257,0.00160377217898,0.031292678538,0.000861577912779,0.0240630920359,0.00124406076499,0.0215762511628,0.00123733838419,0.018321651993,0.000920247656007,0.0138668280963,0.000567669496792,0.0116479163418,0.000844342653855,0.0102550816314,0.000866643839236,0.00898897146223,0.000692536876134,0.006509125616,0.000374475421804,0.00556000124402,0.000597719436153,0.0049764064517,0.000546023559824,0.00425968738965,0.000355428665394,46875,46875,46874,90,73f00a49f4b7720665b4eb2a7e9c6d3a71e8a99430eb5525b8ad21f227a47cee,940642
doe_N033_C23,doe,C23,N033,22.627416998,0,240,400,60,0.001,0.0001,0.08,0.1,2e-07,10000,0,1,12,0,0,0,0,False,800,15,18,8,5,1.6e-05,1.25798942418,15.993748862,0.201199669213,0.419165977528,15.9982234006,23.092212677,0.059580957735,22.618347619,0.101765931262,-0.00906937893486,0.101765931262,0.452548339959,3838.46087536,3838.46087536,-17.2702512214,3840,-0,0,0,0,0.0025595653545,-0.172922834754,60,0.5,0.75,True,True,True,True,True,True,True,15.993748862,0.000912500682677,0.0583250100913,0.018927719307,0.03417995163,0.00936580736186,0.116847107404,0.00522974073935,0.0885014993294,0.00307823740728,0.0688620055825,0.00184190315925,0.0538498775913,0.00136836083693,0.0423768573128,0.000933814179444,0.0356781966037,0.000443097679517,0.0298817547758,0.000328148961212,0.0249409483516,0.000353023193791,0.021406362119,0.000311332282436,0.018192190275,0.000183595025633,0.0157513619534,0.000362209186334,0.0140066461687,0.000196627440191,0.0120885354916,0.000246894821746,0.0105850293425,0.000177946922274,0.00939073318066,0.000140570426296,0.00852822900808,7.18106861819e-05,0.00753591314695,3.61114826895e-05,46875,46875,46874,90,2aeb4e96850ebdeefe6774b5e2e5f50c044dc80aeeb1a79d9678cecef3973e4a,947819
doe_N036_C23,doe,C23,N036,22.627416998,22.627416998,240,400,60,0.001,0.0001,0.08,0.1,2e-07,10000,0,1,12,0,0,0,0,False,800,15,18,8,5,1.6e-05,0.872289857168,22.6233140908,0.197340874169,0.411126821186,22.6265455723,32.7774581909,0.059329840767,22.5174933717,22.7286421318,-0.109923626262,0.101225133857,0.64,3821.34534203,3821.34534203,-3857.17847486,3840,-3840,0,0,0,0.00282184427843,-0.172922834754,60,0.5,0.75,True,True,True,True,True,True,True,22.6233140908,0.00208665864019,0.0669055378765,0.0154084425534,0.0413491572201,0.00974228054816,0.117903146953,0.00596857888019,0.0845309185307,0.0024546206902,0.062223332683,0.000567018104633,0.0521445554604,0.00207655129764,0.0425596044287,0.00197813048457,0.0318935301115,0.00100661454974,0.0232522700637,0.000877220786141,0.0203519916823,0.00111692616632,0.0187785711486,0.00119282501631,0.0143732131172,0.000537173792931,0.00975651094629,0.00055871779482,0.00932522556338,0.000676283869684,0.00993367435426,0.000738953203622,0.0072554970121,0.00044422826368,0.00386704364001,0.000371688610319,0.00405033818225,0.000368481676456,0.00434715565178,0.000375470499022,46875,46875,46874,90,b676f2a9afbafaaf96b003cc82430a2530dd5ede05c36cfe332592e1cd8cd058,935652
doe_N014_C24,doe,C24,N014,5.65685424949,-5.65685424949,240,400,60,0.001,0.0001,0.08,0.1,2e-07,10000,0,1,12,0,0,0,0,False,800,15,18,8,7,1.6e-05,1.93638156296,5.65267144696,0.109457287714,0.22803601607,5.66274769543,8.74381828308,0.0514801259576,5.67352525835,-5.63174041637,0.0166710088539,0.0251138331212,0.3,962.829164018,962.829164018,955.738041192,960,960,0,0,0,0.00251896438743,-0.172922834754,60,0.5,0.75,True,True,True,True,True,True,True,5.65267144696,0.00526052828397,0.0642097885721,0.0126418440537,0.036951568429,0.0064163170395,0.0202431188969,0.00843129164191,0.0550905415831,0.00534741774865,0.0295386785087,0.00116304991757,0.0144110338175,0.000287067799443,0.00163898967158,0.000576159924479,0.00572620548201,0.00118475547451,0.0124107052451,0.00188643493945,0.0134696812546,0.00226821655304,0.0137028064556,0.00260981016282,0.0149385160178,0.00268171474299,0.0151283832254,0.00294429654201,0.013708462767,0.00257217820287,0.0114894194235,0.00256912964744,0.010381510749,0.00223035382863,0.00886195569389,0.00205684606308,0.00668279828733,0.00140843969156,0.0041715895176,0.00114010639355,46875,46875,46874,90,e5d8a065661da6f7fb6bd4eb6c06a641330173f39296d4bad5a766c3de555330,931730
doe_N015_C24,doe,C24,N015,5.65685424949,0,240,400,60,0.001,0.0001,0.08,0.1,2e-07,10000,0,1,12,0,0,0,0,False,800,15,18,8,7,1.6e-05,3.21810699815,3.99358951069,0.128517983521,0.267745799002,4.00863378097,6.01688146591,0.0576441480223,5.64773017029,0.0256570345148,-0.00912407920382,0.0256570345148,0.3,958.451592413,958.451592413,-4.35414314173,960,-0,0,0,0,0.00278699783102,-0.172922834754,60,0.5,0.75,True,True,True,True,True,True,True,3.99358951069,0.000866646474496,0.0560546203596,0.019436629846,0.0319023662144,0.00876603189376,0.022451709816,0.00683313506684,0.0774435848086,0.0031991376767,0.0537580748481,0.00276464043826,0.0366404890388,0.00103038940454,0.0236908655124,0.00121624918291,0.0182958014536,0.000943246824987,0.0108623999604,0.000253646012347,0.00678646402726,0.00103902747289,0.00385532186254,0.000378709801913,0.00181513636246,0.00069801702811,0.00141509245875,0.000678051415607,0.00138301657585,0.000572789494653,0.00187014313999,0.000735254536006,0.00182820715783,0.000408011596698,0.00165979852985,0.000717186173939,0.00159833018586,0.000405417554911,0.0010469601454,0.000510858683305,46875,46875,46874,90,186f5e161c8d30d1767b5d843f71454c1d803894cd8641ef5d7b073bce64e40d,934282
doe_N016_C24,doe,C24,N016,5.65685424949,5.65685424949,240,400,60,0.001,0.0001,0.08,0.1,2e-07,10000,0,1,12,0,0,0,0,False,800,15,18,8,7,1.6e-05,1.93765772516,5.65276464791,0.109531230885,0.228190064344,5.66308475669,8.73129749298,0.0536371052836,5.62311869285,5.68225593366,-0.0337355566452,0.0254016841629,0.3,954.274886191,954.274886191,-964.31080875,960,-960,0,0,0,0.00359459434418,-0.172922834754,60,0.5,0.75,True,True,True,True,True,True,True,5.65276464791,0.00443093003736,0.0647487247939,0.0122756845582,0.0361590342314,0.00944518238621,0.0200665967472,0.00853158576275,0.0537954675565,0.00189416914009,0.0287237111821,0.00112791925985,0.0166642650261,0.00101583876549,0.00500196045096,0.00140008355561,0.00753025032225,0.00157322633522,0.0127301125044,0.00137997827928,0.0123163422855,0.00209760058739,0.0133859140538,0.00285950136657,0.0170998371,0.00280539392416,0.0163160915752,0.00231098912424,0.0126200203929,0.00236339260735,0.0111899798546,0.00262649178855,0.0120932306657,0.00220122676588,0.00969782099571,0.00161207010039,0.00531636778474,0.00133384854659,0.0041906000984,0.00138641537805,46875,46875,46874,90,30aa625bf3ba75a71fd79a95e1e321daace8d977ca8ca7dea8c92ac83dfb0d10,925958
doe_N022_C24,doe,C24,N022,11.313708499,-11.313708499,240,400,60,0.001,0.0001,0.08,0.1,2e-07,10000,0,1,12,0,0,0,0,False,800,15,18,8,7,1.6e-05,1.25943667346,11.3096624248,0.142438036223,0.296745908797,11.3150118147,16.6808757782,0.0549215619604,11.3556751428,-11.2634617405,0.0419666437743,0.0502467584675,0.32,1927.12197562,1927.12197562,1911.47284233,1920,1920,0,0,0,0.00254151778191,-0.172922834754,60,0.5,0.75,True,True,True,True,True,True,True,11.3096624248,0.0040199821532,0.0661985839149,0.0152195665781,0.0405438273231,0.00763761328911,0.0248773442626,0.00734269545268,0.080037982625,0.00504336178808,0.0575025610104,0.00145470554214,0.0427117674565,0.00169535435328,0.0298237196753,0.00219099513774,0.0207318061235,0.00145932994163,0.0125633416358,0.000716318503444,0.00961573535266,0.000724961316755,0.00687144407663,0.000463241251145,0.00288191142338,0.000132497425786,0.00027873126201,0.000122702193806,0.00117933940237,0.000306147531062,0.00198810956851,0.000469841425121,0.0036099964137,0.000625994615412,0.00457554699166,0.000591308074384,0.00450095725891,0.000674076637076,0.00459449878256,0.000837971677197,46875,46875,46874,90,e33b38674d51cee67e83c79da58180a1f65cc7f632703ed27f3161a3a71b4aeb,938193
doe_N024_C24,doe,C24,N024,11.313708499,0,240,400,60,0.001,0.0001,0.08,0.1,2e-07,10000,0,1,12,0,0,0,0,False,800,15,18,8,7,1.6e-05,2.05596647366,7.99329830442,0.164339533278,0.342374027663,8.00146311863,11.6616592407,0.0595412522123,11.3041216415,0.049693865159,-0.00958685745402,0.049693865159,0.3,1918.37305634,1918.37305634,-8.43332856895,1920,-0,0,0,0,0.00233197237053,-0.172922834754,60,0.5,0.75,True,True,True,True,True,True,True,7.99329830442,0.000236176240185,0.0584356347209,0.0182546101928,0.0336218858878,0.00881772033923,0.0250647313417,0.00530478119861,0.0918212166754,0.00327227170612,0.0709625869709,0.00217608552357,0.0528422321435,0.00175961376254,0.0400900092532,0.00131501081446,0.0348842881127,0.000832973789776,0.0275444749053,0.000627277127609,0.0220971558882,0.000467838592239,0.0180628052504,0.000410894632625,0.0152550856309,0.00025467686701,0.0121596378265,0.000439386984793,0.0109500356602,0.000123339560806,0.00863988134234,0.000332802589099,0.00707240154064,0.000259462534764,0.00628032540601,0.000220409880311,0.00540912737823,0.000304006006689,0.0047121213151,0.000162313344174,46875,46875,46874,90,cffc05510d6df513fc2aa90b1609f09b1efd7e315a6e7f9a688dbf2d67161812,948219
doe_N026_C24,doe,C24,N026,11.313708499,11.313708499,240,400,60,0.001,0.0001,0.08,0.1,2e-07,10000,0,1,12,0,0,0,0,False,800,15,18,8,7,1.6e-05,1.25487449756,11.3090222866,0.141914036598,0.295654242913,11.3145982234,16.6717205048,0.0574264342927,11.2539054548,11.3638717949,-0.059803044142,0.0501632959376,0.32,1909.85108687,1909.85108687,-1928.51299361,1920,-1920,0,0,0,0.00179982657167,-0.172922834754,60,0.5,0.75,True,True,True,True,True,True,True,11.3090222866,0.00335234276408,0.0663783439838,0.0143009246334,0.0400329542954,0.00856666628597,0.0244207854888,0.00702999283276,0.0788726219452,0.00260562138357,0.0558347380214,0.00147323900604,0.0446596654125,0.00262037855343,0.0320728864827,0.00179971121699,0.0200886853088,0.000828452311702,0.0117168840812,0.000943715645299,0.010130975175,0.000998313552811,0.00739653626156,0.000229384077733,0.00268484543833,0.000152659652348,0.00214181198049,0.00029778590187,0.00211132112842,0.000351747352862,0.00103651127169,0.000655134141999,0.00464562496389,0.000724883430102,0.00610643098712,0.000469346853987,0.00442551949938,0.000582094210735,0.00398443929844,0.00104102865572,46875,46875,46874,90,ff30df604b3b7eb9d6044592bb4f77681230a54ef1fe2fccf0c2c172dfee2670,933218
doe_N030_C24,doe,C24,N030,22.627416998,-22.627416998,240,400,60,0.001,0.0001,0.08,0.1,2e-07,10000,0,1,12,0,0,0,0,False,800,15,18,8,7,1.6e-05,0.73930288142,22.6235508782,0.167256563522,0.348451174004,22.6263121107,32.6356315613,0.0554324219851,22.7202260243,-22.5264608424,0.0928090262859,0.100956155557,0.64,3855.75021404,3855.75021404,3822.86717227,3840,3840,0,0,0,0.00273778681097,-0.172922834754,60,0.5,0.75,True,True,True,True,True,True,True,22.6235508782,0.00478003979332,0.0670137867785,0.0166233116484,0.0415709428587,0.00764074565922,0.0263556592197,0.00705308946076,0.0895974664164,0.00379614244992,0.0690475210545,0.000360856616635,0.0542287676776,0.00146360926895,0.0411116054869,0.00202940418408,0.0325972143972,0.00136205785936,0.0251237695751,0.000750025074796,0.0223260357826,0.00100830734458,0.0186513559693,0.000964783584714,0.0140765693583,0.000914218890918,0.0120540534201,0.000553064528262,0.0105101356484,0.000713129722128,0.0090743076396,0.000578464517596,0.00661422276954,0.000565454360598,0.00576061759447,0.000393682138588,0.00526478807092,0.000273932373905,0.00433654985208,0.000354480161125,46875,46875,46874,90,3e4170afbd875f9cd2e1c5df682a596b4cc14d0eecc2cdc63a0dac3cf727f3ae,939326
doe_N033_C24,doe,C24,N033,22.627416998,0,240,400,60,0.001,0.0001,0.08,0.1,2e-07,10000,0,1,12,0,0,0,0,False,800,15,18,8,7,1.6e-05,1.07998450637,15.9939815617,0.172732522818,0.359859422537,15.9981258963,22.9689559937,0.0600352126637,22.6186777567,0.101532897576,-0.00873924126234,0.101532897576,0.452548339959,3838.51690158,3838.51690158,-17.2307040934,3840,-0,0,0,0,0.00403427677859,-0.172922834754,60,0.5,0.75,True,True,True,True,True,True,True,15.9939815617,0.000897258499923,0.0588357229566,0.0177949049021,0.0337627889141,0.0083590713994,0.0266799843567,0.00562340097335,0.0930882092875,0.00358703748192,0.0738314132644,0.00174382852615,0.0566012231358,0.0016950786869,0.0447343190989,0.000996998159066,0.0370637676755,0.000781771986655,0.0311964774746,0.000728256831687,0.0257029046409,0.000493094980108,0.021798654047,0.000174224814664,0.0185874614123,0.000404262391224,0.0161347516081,0.000123875264989,0.0138309630174,0.000215847767432,0.0120210377751,7.85411869161e-05,0.0108874622019,0.00026222591958,0.00945619174704,6.71869174107e-05,0.00839259912694,0.000115782803548,0.0076508217146,1.24317609851e-05,46875,46875,46874,90,248ccb14ac7d9a3f35f9a25b20bb93d87f28ade6fa2340dc5184f9e9158b71f6,947443
doe_N036_C24,doe,C24,N036,22.627416998,22.627416998,240,400,60,0.001,0.0001,0.08,0.1,2e-07,10000,0,1,12,0,0,0,0,False,800,15,18,8,7,1.6e-05,0.735809798775,22.6238284051,0.166468346262,0.346809054713,22.6268143557,32.6389312744,0.0598999586899,22.5175301714,22.7296295259,-0.109886826575,0.102212527898,0.64,3821.35158714,3821.35158714,-3857.34604118,3840,-3840,0,0,0,0.00220198772731,-0.172922834754,60,0.5,0.75,True,True,True,True,True,True,True,22.6238284051,0.00216748959739,0.067006778322,0.0150457542468,0.041306607194,0.00809384574874,0.0270129353355,0.0065857460283,0.0882757834687,0.0023869531994,0.0661318485541,0.000463066568744,0.055486975764,0.00206034217546,0.0452726918194,0.00186247084426,0.0331816343147,0.000825777178199,0.0239838189422,0.00106644094044,0.020758213725,0.00127934593945,0.019884720542,0.000933736063399,0.0149855035281,0.000462691466877,0.00998720489733,0.000539714719355,0.00913225816625,0.0008842749458,0.0104182790985,0.000654323998518,0.00773553523407,0.00020388456415,0.00422670569491,0.000447215677357,0.00378823770026,0.000495974086479,0.00449173035969,0.000520737292186,46875,46875,46874,90,58b93fc6845c93e0379b95053a3920b00984c9e38f40343d8be3cf0163f1549f,935234
doe_N014_C25,doe,C25,N014,5.65685424949,-5.65685424949,240,400,60,0.001,0.0001,0.08,0.1,2e-07,10000,0,1,12,0,0,0,0,False,800,15,18,16,3,1.6e-05,3.2074745932,5.6524709762,0.181301570449,0.377711605103,5.66438594748,8.73182868958,0.0502953360983,5.67290112504,-5.63196671679,0.0160468755456,0.0248875327027,0.3,962.723245084,962.723245084,955.776445646,960,960,0,0,0,0.00351665668488,-0.172922834754,60,0.5,0.75,True,True,True,True,True,True,True,5.6524709762,0.00630108447572,0.0634946260774,0.0180163220538,0.131373401254,0.00706010760847,0.0819927011913,0.00772938850471,0.0438916947587,0.00482570292475,0.0192015499572,0.00139500644254,0.00613347511141,0.000735707407671,0.00535705213627,0.000878028522588,0.0116011891169,0.00206256015513,0.0174749685898,0.00316773312337,0.0172698763793,0.00359599978836,0.0164816859578,0.00355927095746,0.0165782967144,0.00360493372906,0.0155259516275,0.00342786642567,0.0128027172318,0.00316675238173,0.00980533489499,0.00246772949001,0.00810893220407,0.00214677985692,0.00627443185328,0.00143735213585,0.00382791782653,0.000863129873217,0.00107146299325,0.000304350729693,46875,46875,46874,90,cf53259ab08db983b97df5ecc02eb083312444bef4a0455912317aaef4e01ecf,932125
doe_N015_C25,doe,C25,N015,5.65685424949,0,240,400,60,0.001,0.0001,0.08,0.1,2e-07,10000,0,1,12,0,0,0,0,False,800,15,18,16,3,1.6e-05,4.81573376873,3.99397355458,0.192339133182,0.400706527462,4.01156657049,6.00515460968,0.0573870601899,5.64827323752,0.0256698994123,-0.00858101197588,0.0256698994123,0.3,958.543753978,958.543753978,-4.35632638723,960,-0,0,0,0,0.00175783980196,-0.172922834754,60,0.5,0.75,True,True,True,True,True,True,True,3.99397355458,0.00171573650455,0.0561237321685,0.0209439215497,0.132225143715,0.0101831474463,0.0950784547448,0.00523541623083,0.0631756771388,0.00356733509476,0.0415217194987,0.0017524981077,0.0259691861004,0.00125090819908,0.014010890401,0.000535651263919,0.00883499390104,0.000188171724451,0.00355493702048,0.000984910938733,0.00160706588431,0.000680266723455,0.00266895520393,0.000906255868205,0.00276800920207,0.000794655474738,0.00354355739213,0.000773900904589,0.00247512402594,0.000835664300809,0.00247315151042,0.000583224337554,0.00187678393177,0.000569859947191,0.00122867623676,0.000295568800786,0.000606019702787,0.00034157298334,0.00118519217091,0.000212023613282,46875,46875,46874,90,98b23bbb84d2f434d3bd00867e6033962603867f2f618751fa30c138efb9c631,934850
doe_N016_C25,doe,C25,N016,5.65685424949,5.65685424949,240,400,60,0.001,0.0001,0.08,0.1,2e-07,10000,0,1,12,0,0,0,0,False,800,15,18,16,3,1.6e-05,3.18076890818,5.65260105585,0.179796176888,0.374575368516,5.66468762079,8.67618179321,0.0515354985111,5.62324194331,5.68180846563,-0.0336123061804,0.0249542161413,0.3,954.295802488,954.295802488,-964.234870909,960,-960,0,0,0,0.00232870527879,-0.172922834754,60,0.5,0.75,True,True,True,True,True,True,True,5.65260105585,0.00537002295218,0.0640327962886,0.0174803323966,0.128867259821,0.0115162978861,0.0820209974979,0.0076775237475,0.0424332490293,0.00297883812268,0.0181958759881,0.00015034959376,0.00793877811762,0.000479163565829,0.00485906338039,0.00127829227175,0.0127189278119,0.00233105923306,0.018162278209,0.00274376896095,0.0165686248413,0.00295129623107,0.0168775439907,0.00329102017553,0.0185920678703,0.00339420289995,0.0169235035534,0.00313083926404,0.0117891459237,0.00276810445235,0.00966159762827,0.00250691280997,0.00946908868836,0.00207042823192,0.00703326931259,0.00134540783255,0.00271860623587,0.000748681362904,0.000785726240694,0.000488255955573,46875,46875,46874,90,09bd824dd5fcaed4a37a0ee3fc2376fb818cf253b6872fe3ce7b01e31c7ad8ea,923927
doe_N022_C25,doe,C25,N022,11.313708499,-11.313708499,240,400,60,0.001,0.0001,0.08,0.1,2e-07,10000,0,1,12,0,0,0,0,False,800,15,18,16,3,1.6e-05,1.95721350451,11.3098535978,0.221357981957,0.461162462411,11.316470459,16.6705436707,0.0540016213934,11.3557672748,-11.2637527676,0.0420587758095,0.0499557314022,0.32,1927.13761094,1927.13761094,1911.52223126,1920,1920,0,0,0,0.00202848973656,-0.172922834754,60,0.5,0.75,True,True,True,True,True,True,True,11.3098535978,0.00412067186213,0.0664337788938,0.018710989701,0.148191526156,0.00726355817473,0.106829360589,0.0073117823317,0.0729932348486,0.00442639746874,0.0515918205002,0.00132581058948,0.0378295857751,0.00189954700269,0.0257917033411,0.00215785667644,0.0171392831386,0.00155017057385,0.0101149113729,0.000819595707543,0.00756844984536,0.000635145158575,0.004837892255,0.000464351832547,0.00107044974017,6.12768843386e-05,0.00150692468337,0.000361808387091,0.00265004457991,0.000309545089787,0.00321242963332,0.000776618776784,0.00496785523203,0.000759766742205,0.00577382910889,0.00094586767644,0.00549712136571,0.00101993454338,0.00543973012006,0.00116416732765,46875,46875,46874,90,c9b0be97c2481e8a677cc70dde5eb66771fea2d0b8a9b218329c276857a06279,939733
doe_N024_C25,doe,C25,N024,11.313708499,0,240,400,60,0.001,0.0001,0.08,0.1,2e-07,10000,0,1,12,0,0,0,0,False,800,15,18,16,3,1.6e-05,2.93772415061,7.99402782229,0.234842485942,0.489255179046,8.00395178589,11.6564722061,0.0597920286751,11.3051497958,0.0504949558274,-0.00855870313798,0.0504949558274,0.3,1918.54753991,1918.54753991,-8.5692781635,1920,-0,0,0,0,0.00293910913034,-0.172922834754,60,0.5,0.75,True,True,True,True,True,True,True,7.99402782229,0.000101661955756,0.0586835923476,0.0203656893754,0.144041242571,0.00908103476005,0.113059063247,0.00470070091169,0.0835322019599,0.00326837582703,0.0643087233612,0.00197668436019,0.0489127366985,0.00167482070658,0.0377071984314,0.000883366071071,0.0310117147944,0.000838137325139,0.0248003052344,0.00053179005903,0.0199525020588,0.000552472830977,0.0161426932164,0.000386074167407,0.012840468665,0.000242512171648,0.0100988850719,0.00033898626583,0.00898344372063,0.000142331385445,0.00689317671882,0.000317570234105,0.00567082924057,7.74694132377e-05,0.00463880957409,0.000322514903153,0.00374697606032,0.000154744057272,0.00341974564299,0.000356062278042,46875,46875,46874,90,a8f360741412b5e2d83cdbba5fd374b3ad58c7142947bb3de924113caa967e5f,947310
doe_N026_C25,doe,C25,N026,11.313708499,11.313708499,240,400,60,0.001,0.0001,0.08,0.1,2e-07,10000,0,1,12,0,0,0,0,False,800,15,18,16,3,1.6e-05,1.94781077236,11.3096863625,0.220291289289,0.458940186019,11.3165042413,16.6483745575,0.0560933688023,11.2546992173,11.3644074533,-0.0590092817198,0.05069895433,0.32,1909.98579282,1909.98579282,-1928.60389786,1920,-1920,0,0,0,0.00367942332335,-0.172922834754,60,0.5,0.75,True,True,True,True,True,True,True,11.3096863625,0.00338521379024,0.067096549605,0.0180301095868,0.145781389093,0.0100712395214,0.107496884552,0.00735107452564,0.072002004438,0.00303792066159,0.0503543740687,0.00124244485312,0.0391137778099,0.00245843288828,0.0283784265868,0.00234251942968,0.0172441999315,0.00112459078739,0.00961697687512,0.000667363175749,0.00765606947246,0.000650591133228,0.00527995743842,0.000429326423418,0.001726950107,0.000164234975255,0.00324865322284,0.000171156968227,0.00304193417129,0.000415976166736,0.00249267530738,0.000746864153294,0.00555918096603,0.000898643580989,0.00700977973655,0.000807168204782,0.00568222390805,0.00092423270318,0.00496284215932,0.00118264985948,46875,46875,46874,90,7fb40930c78a29644eecef2b51a0a1c5d29f1191f3c35af57cf89a1ce736bcc5,930775
doe_N030_C25,doe,C25,N030,22.627416998,-22.627416998,240,400,60,0.001,0.0001,0.08,0.1,2e-07,10000,0,1,12,0,0,0,0,False,800,15,18,16,3,1.6e-05,1.08507927376,22.6235908721,0.245483895532,0.511424782359,22.6270671544,32.6238021851,0.0553542092339,22.7204770473,-22.5262879907,0.0930600493134,0.101129007236,0.64,3855.79281406,3855.79281406,3822.83783837,3840,3840,0,0,0,0.00364607586501,-0.172922834754,60,0.5,0.75,True,True,True,True,True,True,True,22.6235908721,0.00495252985306,0.0664862897807,0.019788386725,0.15470528182,0.00742567853804,0.115418658221,0.00643544791792,0.0836633708227,0.00323752012388,0.063852687101,0.000339315647052,0.051109566974,0.00136156981968,0.0390622632081,0.00213159675174,0.0307366478943,0.00124988270388,0.0235229604938,0.000974167856362,0.021014254158,0.000925289003506,0.0177171377514,0.0010753872175,0.0133202868111,0.000722921088676,0.0112684538282,0.000594708826457,0.00973291716441,0.0005889530819,0.00865961621266,0.000572028676688,0.00632442248761,0.000483570837323,0.00532712369982,0.000479227490928,0.00473486913203,0.000340838666095,0.00412914814663,0.000317870307588,46875,46875,46874,90,85beb3fd8b85a40ad3b22ed466fe63430a63738e8f35bb57687e407809d8525e,938576
doe_N033_C25,doe,C25,N033,22.627416998,0,240,400,60,0.001,0.0001,0.08,0.1,2e-07,10000,0,1,12,0,0,0,0,False,800,15,18,16,3,1.6e-05,1.5290838838,15.9943061782,0.244566358098,0.509513246037,15.9993858871,22.9493865967,0.0597142318819,22.6191386622,0.101125792994,-0.0082783357743,0.101125792994,0.452548339959,3838.59511983,3838.59511983,-17.1616161549,3840,-0,0,0,0,0.00159903100238,-0.172922834754,60,0.5,0.75,True,True,True,True,True,True,True,15.9943061782,0.00144764309788,0.0586637304985,0.0206832319466,0.145586287821,0.00821751164362,0.115475708063,0.00455917261106,0.0866461899376,0.00206013854641,0.0686359372355,0.00177100704914,0.053490308111,0.00085842660561,0.0424324931503,0.000641580803802,0.0355569214444,0.000296394825946,0.0296470816606,0.000328029133965,0.0245832834537,0.000153288230616,0.0213104209388,0.000139894075395,0.0179559086416,5.64359027257e-05,0.0155980430927,0.000208127402309,0.0139098284205,0.000189552478632,0.0120861784979,0.00014766060942,0.0106718186007,0.000133964091193,0.0093626426738,7.6804765956e-05,0.00839808236214,1.53100354535e-05,0.00740653091948,0.000242971918943,46875,46875,46874,90,bb31db21e3e7bed3043ff3ba529a4a382642f23e2d0fb2ff115af3c52b28ea27,944509
doe_N036_C25,doe,C25,N036,22.627416998,22.627416998,240,400,60,0.001,0.0001,0.08,0.1,2e-07,10000,0,1,12,0,0,0,0,False,800,15,18,16,3,1.6e-05,1.07806418231,22.623001503,0.243890476167,0.508105158681,22.6266841482,32.630115509,0.0589745707018,22.5171973274,22.7283131474,-0.110219670545,0.100896149385,0.64,3821.29510165,3821.29510165,-3857.12264434,3840,-3840,0,0,0,0.00330247303282,-0.172922834754,60,0.5,0.75,True,True,True,True,True,True,True,22.623001503,0.00247375864248,0.0677024549371,0.018841418481,0.151552929987,0.00903293635989,0.11609329447,0.00606819805326,0.0831444282661,0.00277155450012,0.0621893459872,3.94955600076e-05,0.0515769423646,0.00202368277595,0.0416763608977,0.00187591557582,0.0313992957601,0.0013616723528,0.0229868324412,0.000925983858939,0.0197897865174,0.00107668617601,0.0181448597002,0.00104979975416,0.0137537947287,0.000774996319418,0.00948085759697,0.000636017658595,0.00871869722719,0.000665854567117,0.00931496342961,0.000710291859075,0.00709589216179,0.00053673000917,0.00396289658956,0.000363858722359,0.0036168615969,0.00048878689522,0.0040772447559,0.000433501084827,46875,46875,46874,90,b7e75b1efeadb65f6d90f51d80153d6a31d25e92a73c3dfb705bf4c5dda69127,931636
doe_N014_C26,doe,C26,N014,5.65685424949,-5.65685424949,240,400,60,0.001,0.0001,0.08,0.1,2e-07,10000,0,1,12,0,0,0,0,False,800,15,18,16,5,1.6e-05,2.31880318881,5.65261336445,0.131072978946,0.273068706137,5.66314725172,8.75253582001,0.05108172054,5.67311217722,-5.63203994309,0.0162579277325,0.0248143064022,0.3,962.759061827,962.759061827,955.788872561,960,960,0,0,0,0.00234223523141,-0.172922834754,60,0.5,0.75,True,True,True,True,True,True,True,5.65261336445,0.00575613212782,0.063728333897,0.0149857845663,0.0360891489689,0.00657131703867,0.0778574814605,0.00771332334247,0.0511651608506,0.00598828587902,0.0274422690023,0.00176697196499,0.012126115487,0.000559017924799,0.000626560155004,0.000576110101117,0.00836742273862,0.00109949188745,0.0140553752513,0.0025978891804,0.0153022901857,0.0026463227817,0.0152369777019,0.00326672188878,0.0163758070453,0.00307825176014,0.0156622447742,0.00348370919746,0.0138195090843,0.00296742441528,0.0110785303917,0.00288515447021,0.00967882728917,0.00231533934422,0.0079166508572,0.00205331861122,0.0055805692005,0.00124556934382,0.00333076679435,0.00102121043198,46875,46875,46874,90,730f0d2c73bd7a25cf46e1d8e21e1d26333445395a549ada9223200dcab7ca2f,930738
doe_N015_C26,doe,C26,N015,5.65685424949,0,240,400,60,0.001,0.0001,0.08,0.1,2e-07,10000,0,1,12,0,0,0,0,False,800,15,18,16,5,1.6e-05,3.73619735711,3.99358793205,0.149208326771,0.310850680773,4.00935257164,6.10980272293,0.0578899349785,5.64773013458,0.0251688100138,-0.00912411491334,0.0251688100138,0.3,958.451586353,958.451586353,-4.27128869644,960,-0,0,0,0,0.00165946820726,-0.172922834754,60,0.5,0.75,True,True,True,True,True,True,True,3.99358793205,0.00113468149867,0.0558297908803,0.019292740874,0.0311751030959,0.0100568152436,0.0891375026355,0.00592422220753,0.0720326233994,0.00390170197243,0.051100446601,0.00224831837288,0.0337769626471,0.00155609759044,0.0208067295357,0.000691535119812,0.0142540653443,0.000322171936733,0.00790191424118,0.000498188174312,0.00431331428579,0.00037898914064,0.00168862687521,0.00072434576562,0.00122465114484,0.000589128785828,0.00196203394328,0.000814417105573,0.00230779886932,0.000627368353167,0.002510226683,0.000609039119414,0.00228734811959,0.000559080984955,0.00208147514772,0.000443567788186,0.00171396497579,0.000483149630743,0.00137788960481,0.00034494604732,46875,46875,46874,90,11291c554a42842d24b413e7faffde2ffc8d2a0fb7eee12957425cae5442d8b2,937834
doe_N016_C26,doe,C26,N016,5.65685424949,5.65685424949,240,400,60,0.001,0.0001,0.08,0.1,2e-07,10000,0,1,12,0,0,0,0,False,800,15,18,16,5,1.6e-05,2.31205007836,5.65250747557,0.130688803518,0.272268340663,5.66326591153,8.8071975708,0.0525991160669,5.62304241181,5.68181973999,-0.0338118376869,0.0249654904957,0.3,954.261940869,954.261940869,-964.23678423,960,-960,0,0,0,0.00215744724366,-0.172922834754,60,0.5,0.75,True,True,True,True,True,True,True,5.65250747557,0.00511795270419,0.0637035473364,0.0149034151646,0.0349678777841,0.0114434326119,0.0773091152278,0.00808402147414,0.0500703203375,0.00324076302894,0.0258519382943,0.000687525354331,0.0139536795146,0.00160198699676,0.00383088162962,0.00110087609127,0.0099330860361,0.00194832215502,0.0149744271938,0.00248596419496,0.0146329342936,0.00250868472064,0.0150602944265,0.00318605054273,0.0182727548701,0.00312471590798,0.0170788337233,0.00316217544998,0.012868068408,0.00278660730005,0.0106949772669,0.00284006912631,0.0111703337715,0.00239220520408,0.00890107649294,0.00191478435298,0.00456083702046,0.00135538867408,0.00302887458575,0.0011226488247,46875,46875,46874,90,91f0e23e7b4a130af1bca37f3b69a78fe3deca3891ba83851079612e4d3c0aae,924937
doe_N022_C26,doe,C26,N022,11.313708499,-11.313708499,240,400,60,0.001,0.0001,0.08,0.1,2e-07,10000,0,1,12,0,0,0,0,False,800,15,18,16,5,1.6e-05,1.48810581969,11.3095244849,0.168297692039,0.350620191748,11.3152297598,16.7396450043,0.0547036144571,11.3553339282,-11.2635287335,0.0416254291834,0.0501797655033,0.32,1927.06406958,1927.06406958,1911.48421141,1920,1920,0,0,0,0.0019670183062,-0.172922834754,60,0.5,0.75,True,True,True,True,True,True,True,11.3095244849,0.00392160050885,0.0658377724492,0.0164192697671,0.0398575487968,0.00781503164657,0.0963839827794,0.00727134632023,0.0776756174015,0.00542567613249,0.0570428802919,0.0015006622579,0.0422917235944,0.00199785853774,0.0288000898698,0.00211864426265,0.0195376965519,0.00174942173301,0.0120039490696,0.000636200731562,0.00901990098992,0.000686974358294,0.00589357570968,0.000203632511236,0.00188615883811,0.000177648682959,0.000659559592692,0.000411373781737,0.00199993646576,0.000301757539165,0.00263802817447,0.00060829119133,0.00450764432898,0.000654464381987,0.00531564057169,0.00088031101484,0.00508252117997,0.000760660443033,0.00524601915344,0.00113064333026,46875,46875,46874,90,3d430a7107dbb2903d5c1ec95d42b587fa942d5d42e450eed0c691165883fa5e,938966
doe_N024_C26,doe,C26,N024,11.313708499,0,240,400,60,0.001,0.0001,0.08,0.1,2e-07,10000,0,1,12,0,0,0,0,False,800,15,18,16,5,1.6e-05,2.35661458787,7.99390025475,0.188385419543,0.392469624048,8.00259620439,11.7615146637,0.0597104098104,11.3049718212,0.04994684348,-0.008736677761,0.04994684348,0.3,1918.51733662,1918.51733662,-8.47626041366,1920,-0,0,0,0,0.00209785815565,-0.172922834754,60,0.5,0.75,True,True,True,True,True,True,True,7.99390025475,0.000207257252441,0.0570923207789,0.0185517088958,0.0334390952457,0.00963648322287,0.101342071751,0.00547029977632,0.0880212994562,0.00343613441056,0.0696753702752,0.00202987596967,0.0535339950897,0.00170474024919,0.041027571273,0.000989951679305,0.0334337159408,0.000757160143362,0.026471348958,0.000418794915408,0.0216898546668,0.0004236853931,0.0176966585888,0.000341075053686,0.0141761442461,0.000378156148652,0.0111930991874,0.000264914668405,0.00989556993235,0.000216161910269,0.00794137813784,0.000249421919157,0.00673519216556,0.00020200568189,0.00530334108312,0.000273722647156,0.00476226029153,9.55300303883e-05,0.00395585744561,0.00026151714551,46875,46875,46874,90,cbd6c2b3ae1f3402a1ddf7ab1870ef26aa232bc513024d70779f7618b863f687,950530
doe_N026_C26,doe,C26,N026,11.313708499,11.313708499,240,400,60,0.001,0.0001,0.08,0.1,2e-07,10000,0,1,12,0,0,0,0,False,800,15,18,16,5,1.6e-05,1.48623349896,11.309362187,0.168083529342,0.350174019463,11.3152903085,16.7763271332,0.0562598203852,11.2543195695,11.3641382068,-0.0593889295204,0.05042970779,0.32,1909.92136445,1909.92136445,-1928.5582052,1920,-1920,0,0,0,0.00274183733887,-0.172922834754,60,0.5,0.75,True,True,True,True,True,True,True,11.309362187,0.00338475260132,0.0659149869281,0.0157516073217,0.0390160887171,0.0109721116347,0.0961000574628,0.0077012522038,0.0768497341142,0.00335892213068,0.0552370434505,0.00114233381973,0.0441345016874,0.00291589890336,0.0316555808567,0.00215722828391,0.0193587192042,0.00127175262576,0.0109789375849,0.000677422480737,0.00916963149965,0.000916004032514,0.00642287397284,0.000337966245765,0.00213473999604,0.00020993057067,0.00290000841008,0.000231836297525,0.00288555586305,0.000274912721067,0.00168687699341,0.00076401439372,0.00538202470664,0.000824911418046,0.00697079397201,0.000885609225859,0.0052018079952,0.000787835704533,0.00461629735378,0.00113486239068,46875,46875,46874,90,bab8cfab4906d076a70b6374fe1b7d2475d4afe39d041cbdab94f7d4cf2dccfd,931941
doe_N030_C26,doe,C26,N030,22.627416998,-22.627416998,240,400,60,0.001,0.0001,0.08,0.1,2e-07,10000,0,1,12,0,0,0,0,False,800,15,18,16,5,1.6e-05,0.862205305872,22.6235669068,0.195061594248,0.40637832135,22.6265539828,32.7219696045,0.0563866983138,22.7200249551,-22.5266958344,0.0926079571052,0.100721163577,0.64,3855.71609147,3855.71609147,3822.90705173,3840,3840,0,0,0,0.00397369501237,-0.172922834754,60,0.5,0.75,True,True,True,True,True,True,True,22.6235669068,0.00505016903975,0.0666886734546,0.0172325281384,0.0415020492173,0.00814010497281,0.103649347043,0.00632151214971,0.0883040528498,0.00377826784035,0.0694241741298,0.000567238072081,0.0553423009506,0.0013128843524,0.042304103568,0.00175473697194,0.032659939271,0.00136789833766,0.0252694447898,0.00111391774923,0.0225747009957,0.00103112367633,0.018762598644,0.000711136892928,0.0138367136218,0.000727793977017,0.0116400227198,0.0008024169991,0.0104272201045,0.000734526237555,0.00927977747877,0.000244025327366,0.00656254530752,0.000454071828841,0.00562578953561,0.00058991907015,0.00521762181091,0.00041086718733,0.00451726916401,0.000214722973143,46875,46875,46874,90,754eccaa403a938622829ead69ce6f3b3c788a1e8ad36b2766b45fdc1d17e414,939311
doe_N033_C26,doe,C26,N033,22.627416998,0,240,400,60,0.001,0.0001,0.08,0.1,2e-07,10000,0,1,12,0,0,0,0,False,800,15,18,16,5,1.6e-05,1.25177418729,15.9943453992,0.200213087133,0.417110598193,15.998810493,23.0636196136,0.0601129922028,22.6191940721,0.101138640166,-0.0082229258628,0.101138640166,0.452548339959,3838.60452321,3838.60452321,-17.1637963923,3840,-0,0,0,0,0.00279460191402,-0.172922834754,60,0.5,0.75,True,True,True,True,True,True,True,15.9943453992,0.00127723229394,0.0585678437512,0.0185032993902,0.0333534894463,0.00966749715146,0.103927180226,0.00508123470407,0.0913029270727,0.00308917468741,0.0744474387655,0.00150172072608,0.0578805597275,0.00128906194485,0.0459093401104,0.000383232950871,0.0376733825613,0.000154243637811,0.0318777017022,1.05105898849e-05,0.0262026899157,0.000131247898273,0.0226040207792,0.000257586838163,0.0184995628635,0.000184559527271,0.0162423988073,0.000222873356195,0.0139656830819,4.12953358409e-05,0.0123449738224,0.000116956435906,0.0106029596912,9.28286015081e-05,0.0096106578331,0.000175250569653,0.00870660945967,3.17028472605e-05,0.0078139474631,0.000179912014311,46875,46875,46874,90,aef155be26ce579274855fc6fba3ba4d10e433166eb074fb34e27f03fa0e430c,946608
doe_N036_C26,doe,C26,N036,22.627416998,22.627416998,240,400,60,0.001,0.0001,0.08,0.1,2e-07,10000,0,1,12,0,0,0,0,False,800,15,18,16,5,1.6e-05,0.859442129493,22.6233074614,0.194434235408,0.405071323766,22.6265141462,32.7511405945,0.0592677247797,22.5173771655,22.7287440606,-0.110039832502,0.101327062605,0.64,3821.32562118,3821.32562118,-3857.19577274,3840,-3840,0,0,0,0.00262524022217,-0.172922834754,60,0.5,0.75,True,True,True,True,True,True,True,22.6233074614,0.00248167551069,0.0664950886122,0.0161310717165,0.0402848324219,0.0100089431026,0.104110625968,0.00635304564027,0.0874793167858,0.00283648233267,0.0666837900991,0.000278797863488,0.0560739541766,0.00239844453619,0.0456877678311,0.00226405122007,0.0337877148312,0.00126473631397,0.0242951866886,0.000646838592136,0.0207936700625,0.00140396427546,0.0195582204226,0.00118306450051,0.0147910358118,0.000771009341563,0.00994024387037,0.000544039189999,0.00903436616898,0.000709190147373,0.0100579501458,0.000816789901167,0.00762669735567,0.000542650367409,0.00420788486677,0.000277291870783,0.00377771811095,0.000456996693191,0.00433607277927,0.000383217908957,46875,46875,46874,90,8634695cc150d606fe5f63b4e33699f431e500f73a4ade727551b5e30387baea,934928
doe_N014_C27,doe,C27,N014,5.65685424949,-5.65685424949,240,400,60,0.001,0.0001,0.08,0.1,2e-07,10000,0,1,12,0,0,0,0,False,800,15,18,16,7,1.6e-05,1.91597338581,5.65259792098,0.108302271773,0.22562973286,5.66265475678,8.77387046814,0.0515775509724,5.67320734006,-5.63191308431,0.0163530905629,0.0249411651838,0.3,962.775211495,962.775211495,955.767343912,960,960,0,0,0,0.00277798556607,-0.172922834754,60,0.5,0.75,True,True,True,True,True,True,True,5.65259792098,0.00533388189882,0.0640766591826,0.0144570609782,0.0363064480641,0.00733398512045,0.0199576991645,0.00653609943639,0.048994274938,0.00650655755315,0.0330703260743,0.00270473747544,0.0174555933277,0.00105034266086,0.00318841396731,0.000264325014855,0.00514148889047,0.000890421957637,0.0123278708928,0.00213535920076,0.0135344124795,0.00267002236119,0.0141055650438,0.00270126767852,0.0152704417518,0.00313795268119,0.0154612500182,0.00300490427387,0.0139749354967,0.00297970078737,0.0119380155681,0.00267134876989,0.0108555306735,0.00262429331337,0.0091955914961,0.00216457191124,0.0069652631028,0.00179844316238,0.00453400024308,0.00134091329272,46875,46875,46874,90,f748429ccb993ee11045ceea3732af0b575f66f7f9fd3fc3fd8aab2be69f3ca2,931984
doe_N015_C27,doe,C27,N015,5.65685424949,0,240,400,60,0.001,0.0001,0.08,0.1,2e-07,10000,0,1,12,0,0,0,0,False,800,15,18,16,7,1.6e-05,3.18484742417,3.9938285973,0.127197347207,0.264994473348,4.00883586361,6.05632019043,0.0580527956945,5.64807118483,0.0250124038863,-0.00878306466583,0.0250124038863,0.3,958.5094645,958.5094645,-4.24474569642,960,-0,0,0,0,0.00163649713618,-0.172922834754,60,0.5,0.75,True,True,True,True,True,True,True,3.9938285973,0.00105498642732,0.0562108950946,0.0186654689914,0.0310189535856,0.00917169087257,0.0223719233134,0.00552106912394,0.0679771638994,0.00424645359801,0.0581536284844,0.00245378617575,0.0413875365873,0.00205800949909,0.0268296746764,0.000976839589869,0.019704543084,0.000690093335163,0.0119833778581,0.000381276559081,0.00753188105312,0.000118088714601,0.00373663712422,0.000493842168933,0.00145169719345,0.000446201150232,0.00114729263839,0.00063846131084,0.00112288245724,0.000697749682901,0.00186469118101,0.000567262981861,0.00201393001798,0.000556165835672,0.00197025393371,0.000487235384548,0.00188917125822,0.000509297922715,0.00158163564467,0.000363566115699,46875,46875,46874,90,eb799113bdae6151e7953f2641c6482627fdd17826ada0b45f05ff26683729eb,935814
doe_N016_C27,doe,C27,N016,5.65685424949,5.65685424949,240,400,60,0.001,0.0001,0.08,0.1,2e-07,10000,0,1,12,0,0,0,0,False,800,15,18,16,7,1.6e-05,1.9152343927,5.65263834408,0.108261273661,0.225544320127,5.66293305871,8.71453762054,0.0534874837666,5.62296724808,5.68215450556,-0.0338870014167,0.0253002560698,0.3,954.249185161,954.249185161,-964.293595832,960,-960,0,0,0,0.00219333984151,-0.172922834754,60,0.5,0.75,True,True,True,True,True,True,True,5.65263834408,0.00471190021369,0.0639734026824,0.0138259693786,0.0354987116876,0.00966781380664,0.0196091083677,0.0065717675269,0.0486192897495,0.00252161005889,0.0314313271332,0.0018339046055,0.0198187503701,0.00218947802348,0.00629576763543,0.00109649708025,0.00691502210385,0.00162583155712,0.0132023773907,0.0018284956719,0.012299418274,0.00226626923243,0.0138105288024,0.00311915806185,0.0171387297175,0.00295988211877,0.0169781664837,0.0026411518885,0.0129358411444,0.00276559611693,0.0117921532965,0.00298741707658,0.0124385021498,0.00251518173305,0.0102039847053,0.00186485344374,0.0058885732295,0.00171842648182,0.00429612184992,0.0017077591113,46875,46875,46874,90,9fe3be82b94ed16efb5637b23591caec035a3363db1ff050cb5a7b07432d35df,925132
doe_N022_C27,doe,C27,N022,11.313708499,-11.313708499,240,400,60,0.001,0.0001,0.08,0.1,2e-07,10000,0,1,12,0,0,0,0,False,800,15,18,16,7,1.6e-05,1.24599798922,11.3096011492,0.140917402908,0.293577922725,11.3149324579,16.717458725,0.0547092203629,11.3556447224,-11.2633693558,0.0419362233787,0.0503391431426,0.32,1927.1168131,1927.1168131,1911.45716413,1920,1920,0,0,0,0.00345293043899,-0.172922834754,60,0.5,0.75,True,True,True,True,True,True,True,11.3096011492,0.00382800953508,0.0662348585845,0.0157501792441,0.0394268102988,0.00758142920328,0.0239817264064,0.00666248311891,0.0698982587417,0.00595822387566,0.0618939755606,0.00196417436278,0.0471301636398,0.0018738218777,0.0323838429245,0.00232253985455,0.0222895310313,0.00173736582574,0.0136410920475,0.000859772622367,0.010310059953,0.000787111641004,0.00674266578074,0.000520937120384,0.0025459999969,0.000165327040559,0.000382865912725,0.000186920872435,0.00134978621903,0.000193784807729,0.00227193342053,0.000473749757468,0.0039746957645,0.000553705863886,0.00489795870045,0.000705557324477,0.00472152923106,0.000735910377496,0.00490493754123,0.000937333790594,46875,46875,46874,90,49590f9829abb035c1ac0f465f0cc07226c4de8abcde977f74c39e179ef168d1,939026
doe_N024_C27,doe,C27,N024,11.313708499,0,240,400,60,0.001,0.0001,0.08,0.1,2e-07,10000,0,1,12,0,0,0,0,False,800,15,18,16,7,1.6e-05,2.05545621852,7.99389130064,0.164310935841,0.342314449669,8.0020568502,11.7065191269,0.0596813945945,11.3049590195,0.0499782043222,-0.00874947951043,0.0499782043222,0.3,1918.51516409,1918.51516409,-8.48158252506,1920,-0,0,0,0,0.00188177535024,-0.172922834754,60,0.5,0.75,True,True,True,True,True,True,True,7.99389130064,0.000468753531947,0.0579284138684,0.017880882962,0.0326615446151,0.00875254669158,0.0249605024665,0.00564802056179,0.0797452963883,0.00407128169087,0.0756796603723,0.00247323772326,0.0593648977658,0.00191140167672,0.0454999167451,0.000928198840386,0.0370007905468,0.000854350619888,0.0290732399291,0.000314313177993,0.0232383721037,0.000375510088151,0.0188578700219,0.00032431032802,0.0155339911688,0.000329313939813,0.0122064662269,0.000279531066336,0.0105054049783,0.000176280874714,0.0083405735346,0.000248774348734,0.00712998533919,0.000190043404799,0.00609558063805,0.000320975107774,0.00519328413825,0.000144535376404,0.00436263494604,0.000260626613783,46875,46875,46874,90,253e1600cf54a136de7047dc20899c46383bd6c63bf0cc762397058040c2f19c,950084
doe_N026_C27,doe,C27,N026,11.313708499,11.313708499,240,400,60,0.001,0.0001,0.08,0.1,2e-07,10000,0,1,12,0,0,0,0,False,800,15,18,16,7,1.6e-05,1.23721307761,11.3095382324,0.139923086029,0.291506429228,11.3150852736,16.6822910309,0.0565281002552,11.2546228247,11.3641882744,-0.059085674267,0.0504797753879,0.32,1909.97282857,1909.97282857,-1928.56670196,1920,-1920,0,0,0,0.00185410700904,-0.172922834754,60,0.5,0.75,True,True,True,True,True,True,True,11.3095382324,0.00286133267041,0.0656518816904,0.0149737259387,0.0386858637874,0.00870931871894,0.0239810096109,0.00688139109329,0.0691521678192,0.00286017864367,0.0590715886618,0.00170615043357,0.0485106715071,0.00317136638327,0.0356331492721,0.00273964094025,0.0215495401382,0.00123281075739,0.0123940276874,0.000925468308461,0.0101551450845,0.000748862993663,0.00767095254984,0.000456997749287,0.00252456438876,0.000168613767304,0.00229900879416,5.03975105069e-05,0.00268611930374,0.000127437684634,0.00118256042898,0.000549041285565,0.00487969211745,0.000789211665459,0.00660251160922,0.000715680725941,0.00517724862328,0.000611536491473,0.00420555904824,0.000858702601226,46875,46875,46874,90,4517f81c2f20d5f881a37a90b73265d3dbabd8858b4f6d95bd01b5077577328a,932927
doe_N030_C27,doe,C27,N030,22.627416998,-22.627416998,240,400,60,0.001,0.0001,0.08,0.1,2e-07,10000,0,1,12,0,0,0,0,False,800,15,18,16,7,1.6e-05,0.745270171929,22.6235413806,0.168606505744,0.351263553633,22.6263135586,32.6666030884,0.0554453128697,22.7199916678,-22.5266781354,0.0925746697932,0.100738862521,0.64,3855.71044243,3855.71044243,3822.90404812,3840,3840,0,0,0,0.00319598407023,-0.172922834754,60,0.5,0.75,True,True,True,True,True,True,True,22.6235413806,0.0043171108631,0.0664013737399,0.0171318740574,0.0407510125454,0.00809163255694,0.0259635619759,0.00709969363228,0.0790247910495,0.00483223837171,0.0738975996649,0.00101355331113,0.0602652207907,0.0011504864892,0.0462546727357,0.00217758742186,0.036241007788,0.00155397928136,0.0277476625578,0.00138166036344,0.0237334482382,0.000887437247161,0.0194036428402,0.00108206863986,0.0149609832149,0.000679924264816,0.0127603498024,0.000871717921341,0.0107673851578,0.000745528588811,0.00912702712602,0.000369842856133,0.00689397713289,0.000308711748913,0.00615716712939,0.000546035413774,0.00534284182747,0.000539811583881,0.00407967210952,0.000325574637806,46875,46875,46874,90,34ec986360410d490ea480f6030c976d8d43d9375663f4db20dd441fe185d39a,939398
doe_N033_C27,doe,C27,N033,22.627416998,0,240,400,60,0.001,0.0001,0.08,0.1,2e-07,10000,0,1,12,0,0,0,0,False,800,15,18,16,7,1.6e-05,1.09568883428,15.9937827662,0.175242091949,0.36508769156,15.9979570282,22.9984512329,0.0605090033164,22.6183972389,0.101393735766,-0.00901975903651,0.101393735766,0.452548339959,3838.46929613,3838.46929613,-17.2070875513,3840,-0,0,0,0,0.00283942655701,-0.172922834754,60,0.5,0.75,True,True,True,True,True,True,True,15.9937827662,0.00185603279515,0.0576413140343,0.0176345057868,0.033042455968,0.00806451798454,0.0257703072992,0.00572133784099,0.0819542128117,0.00360962439062,0.0791546500655,0.0023111339599,0.0637955799917,0.0012016128707,0.0502906955616,0.00091561017184,0.0414246965764,0.000286357735424,0.0339369040658,0.000274593840042,0.0277446138837,0.000120679530352,0.0233917917555,0.000195545196054,0.0196995176302,0.000144502778352,0.0169079622657,0.000122044451785,0.0147396713897,0.000218336941011,0.0129242264987,8.74444988945e-05,0.0114212777886,8.61879434796e-05,0.0100064179925,0.000270933069352,0.00893410333191,0.000195978900938,0.00798473456806,0.000246379572449,46875,46875,46874,90,0bce4a79cbb95820ad26bd67f4accad292fd7e9b7eadf9f95b9840fb508b05a7,946674
doe_N036_C27,doe,C27,N036,22.627416998,22.627416998,240,400,60,0.001,0.0001,0.08,0.1,2e-07,10000,0,1,12,0,0,0,0,False,800,15,18,16,7,1.6e-05,0.740419474549,22.6230562832,0.167505514459,0.34896982179,22.6260484101,32.6628379822,0.0593304422644,22.5168253256,22.7287907387,-0.110591672398,0.101373740755,0.64,3821.23197084,3821.23197084,-3857.20369429,3840,-3840,0,0,0,0.00327276872053,-0.172922834754,60,0.5,0.75,True,True,True,True,True,True,True,22.6230562832,0.00186127861976,0.0659400495423,0.0159970582327,0.0402765197697,0.00851668030949,0.0255794209401,0.0063908827253,0.0782462743233,0.00282567976027,0.0708046461295,0.000650033338144,0.0614939937879,0.00263233831452,0.0499255874237,0.00224355953868,0.0367409833988,0.00125617140995,0.0258019420865,0.00113801023562,0.0224804660223,0.00110246110546,0.0207753106542,0.00115994402441,0.0156612721637,0.00069952081182,0.0103301355133,0.000643648485909,0.00952396571818,0.000893181545108,0.0104085269459,0.000680102842759,0.00814245685466,0.000384358716623,0.00415542979201,0.000412530321966,0.00378726764306,0.000520824860832,0.00453328547578,0.000478038486512,46875,46875,46874,90,af34681fa81a359a826d8352e19897887eb27fe1a604d0d46bec764b11b7c716,934984
improved_N001_selected,improved,selected,N001,0,-67.8822509939,240,400,60,0.001,0.0001,0.08,0.1,2e-07,10000,0,1,12,0,0,0,0,False,800,15,18,4,7,1.6e-05,0.352220372561,48.0010529418,0.169069487505,0.352228098969,48.002285029,68.0364608765,0.0542825199315,0.296649485045,-67.8830919016,0.296649485045,-0.000840907720402,1.35764501988,50.3430870026,50.3430870026,11520.1427068,0,11520,0,0,0,0.00417949440662,-0.172922834754,60,0.5,0.75,True,True,False,True,True,True,False,48.0010529418,0.00887546759176,0.0646499680969,0.0191124395233,0.0371704745245,0.00771936659333,0.0283149296039,0.00474405059017,0.0888310258862,0.00212062249309,0.0686421976157,0.00141582588504,0.0526756938228,0.00117862503927,0.0437727685049,0.000927309701915,0.0344981165518,0.000367481161436,0.0294594287013,0.000403040961898,0.0244149981477,0.000287319602732,0.0213687526673,0.000332006156156,0.018252842897,9.33978393755e-05,0.0156883241463,4.8690538317e-05,0.013829355131,0.000459445409654,0.0124161693325,0.000319484042126,0.0110433503873,6.63255396826e-05,0.00971927431249,0.000137794199756,0.00886003593649,0.00014053963231,0.0078625657886,0.000330563876413,46875,46875,46874,90,026c4acaa7c0cdbfa7e8a8390a90a7dafd5abab65134185350338774cbb1e4ab,945158
improved_N002_selected,improved,selected,N002,0,-45.2548339959,240,400,60,0.001,0.0001,0.08,0.1,2e-07,10000,0,1,12,0,0,0,0,False,800,15,18,4,7,1.6e-05,0.52667566131,32.0004660587,0.168538666237,0.351122221327,32.0023874969,45.4062767029,0.0563693648552,0.194630545585,-45.2550745763,0.194630545585,-0.000240580327343,0.905096679919,33.0298988662,33.0298988662,7680.04082784,0,7680,0,0,0,0.00285461637362,-0.172922834754,60,0.5,0.75,True,True,True,True,True,True,True,32.0004660587,0.00620188260504,0.0649751809276,0.0188353496405,0.0372031559689,0.00726630117949,0.0285359308138,0.0051493954633,0.0884826850526,0.00230493909899,0.0690946721285,0.00165235993911,0.0519281709486,0.000775628477489,0.043430052677,0.000898261290439,0.0342795130544,0.000356316320736,0.0298312411807,0.000401363739225,0.0239990961748,0.000172086855136,0.0211681810039,0.000414863002275,0.017513007929,0.000304323511262,0.0159150158939,0.000330082712831,0.0134967865598,0.000207925719052,0.0121307433432,0.000313578048635,0.0107255006248,0.000113244286754,0.00966279074856,0.000275606537283,0.00835022843927,0.000144059346562,0.00772502042523,0.000266370336363,46875,46875,46874,90,dd8020b383516e56caba45032e38a64a5ab3eab1dce50a52d3ac56b64e2ad577,951259
improved_N003_selected,improved,selected,N003,0,-22.627416998,240,400,60,0.001,0.0001,0.08,0.1,2e-07,10000,0,1,12,0,0,0,0,False,800,15,18,4,7,1.6e-05,1.01744170737,16.000137857,0.162792075793,0.339150157903,16.0040723655,22.8160877228,0.0575830856904,0.0922224350198,-22.6274240228,0.0922224350198,-7.02481838033e-06,0.452548339959,15.6506662032,15.6506662032,3840.00119215,0,3840,0,0,0,0.00294584225385,-0.172922834754,60,0.5,0.75,True,True,True,True,True,True,True,16.000137857,0.00400783652518,0.0648745596229,0.0187082725649,0.0373654521764,0.00652270446534,0.0279462275315,0.005576264501,0.0865465469165,0.00175896323862,0.0672222152136,0.00229484237013,0.0500182379147,0.000476829780942,0.0411467827058,0.00123742586394,0.0318635173205,0.000363647219819,0.0279095910929,0.000730762361637,0.0215417411887,0.000340402918684,0.0191212556071,0.000661581934513,0.0152651252791,0.000437296995732,0.0137885689162,0.000625042111248,0.0110209852472,0.000454442135393,0.00994265045318,0.000566744528926,0.00839341111954,0.000424480229865,0.00740879697218,0.000504704091852,0.00605561119864,0.000314485527398,0.00540243616898,0.000351766622237,46875,46875,46874,90,2ee10bee2d4ed56034baeac32c4d379262cbce63ca701c7e7fd7efd70287c8ec,941940
improved_N004_selected,improved,selected,N004,0,-11.313708499,240,400,60,0.001,0.0001,0.08,0.1,2e-07,10000,0,1,12,0,0,0,0,False,800,15,18,4,7,1.6e-05,1.78448168034,8.00040603782,0.142765780098,0.297428708537,8.00804870211,11.6196899414,0.0568606867333,0.0413558117058,-11.3142071413,0.0413558117058,-0.000498642334248,0.3,7.01831397567,7.01831397567,1920.08462241,0,1920,0,0,0,0.00315722339358,-0.172922834754,60,0.5,0.75,True,True,True,True,True,True,True,8.00040603782,0.00374747991979,0.0641578016112,0.0196725485334,0.0367429080729,0.00575979194136,0.0265482778818,0.00610852761518,0.0796214302856,0.00138626008945,0.0594709559461,0.00265052177998,0.0413200520591,0.000970939523095,0.0316595143734,0.00153568203288,0.0227892597833,0.000649148114726,0.0183220802686,0.000776481270867,0.0114512951663,0.000623733714041,0.00920256172134,0.00060636801294,0.00568469269438,7.6027394468e-05,0.00382483618641,0.000179634880775,0.00128313939691,0.000146010329985,0.000701516786044,5.47411921191e-05,0.00083044756038,0.000210161673545,0.00162447109827,0.000217328163385,0.00274090993838,0.00039440361218,0.0028635622294,0.000283251679551,46875,46875,46874,90,467ddb7a9f0a48081a5ffe902ec64df4feef0b23da387bb39156533ba5bee162,942262
improved_N005_selected,improved,selected,N005,0,-5.65685424949,240,400,60,0.001,0.0001,0.08,0.1,2e-07,10000,0,1,12,0,0,0,0,False,800,15,18,4,7,1.6e-05,2.77425686389,4.00013864653,0.110974120967,0.231196085347,4.01451371992,6.12969064713,0.0551241108519,0.0160680331613,-5.65702750579,0.0160680331613,-0.000173256299239,0.3,2.72683565008,2.72683565008,960.029402569,0,960,0,0,0,0.00239276316287,-0.172922834754,60,0.5,0.75,True,True,True,True,True,True,True,4.00013864653,0.00502846825302,0.0625807414628,0.0202267979684,0.0340443184891,0.00466768030436,0.0227441480459,0.00642991491615,0.0592174735822,0.00146776327038,0.0373003233814,0.00212670243366,0.0189388676535,0.00109244468656,0.00934394509226,0.000554508396202,0.00120608929076,0.000397508871002,0.00393505782547,0.000906468691497,0.0084398003383,0.000681724275204,0.00891743025182,0.001558980849,0.0109911099704,0.00111014479078,0.0109612858167,0.00167929378475,0.0110571560084,0.00120651957128,0.0096938457667,0.00159795597117,0.00929087789656,0.00109444359014,0.00792604187713,0.0013904409734,0.00707569795886,0.00097064767131,0.00563529835694,0.00100645674244,46875,46875,46874,90,f2436afe6aefbb198665889330af669d71099e390fbc10eb1025265b114a75f3,926587
improved_N006_selected,improved,selected,N006,0,5.65685424949,240,400,60,0.001,0.0001,0.08,0.1,2e-07,10000,0,1,12,0,0,0,0,False,800,15,18,4,7,1.6e-05,2.731112906,3.9997234964,0.109236964615,0.227577009614,4.01437804496,6.08849382401,0.0553769154882,-0.0338132039896,5.65636214917,-0.0338132039896,-0.000492100318173,0.3,-5.73829100033,-5.73829100033,-959.916487807,0,-960,0,0,0,0.00254279129952,-0.172922834754,60,0.5,0.75,True,True,True,True,True,True,True,3.9997234964,0.00371861879685,0.0616593014079,0.0208184894347,0.0343311327796,0.00471980094343,0.02198889541,0.00702094074827,0.0567260231023,0.0015678977619,0.0374752884266,0.00264327724028,0.0151749808362,0.000702940843286,0.0102305845907,0.000653663841486,0.00249463015917,0.000785789431726,0.00369998071938,0.000718930069379,0.0107507894604,0.00116714608712,0.00856086337035,0.00141420554046,0.0133012478133,0.00128151692084,0.010104644555,0.00171565382325,0.0124015731206,0.00148348798475,0.0089236329696,0.00158481053416,0.0105201449938,0.00124232670475,0.00703438493261,0.00145803541845,0.00776321095486,0.000995821521743,0.00459641680961,0.00105087242341,46875,46875,46874,90,bbb8be102099276b1365bdf5aa05adf62032bd114c3cad2ad9da5b59974aa031,926922
improved_N007_selected,improved,selected,N007,0,11.313708499,240,400,60,0.001,0.0001,0.08,0.1,2e-07,10000,0,1,12,0,0,0,0,False,800,15,18,4,7,1.6e-05,1.75430164001,8.00017028096,0.140347118442,0.292389830088,8.00810014855,11.5488891602,0.0579139063234,-0.0592611626599,11.31379411,-0.0592611626599,8.56110020546e-05,0.3,-10.0569527947,-10.0569527947,-1920.01452867,0,-1920,0,0,0,0.00365914097989,-0.172922834754,60,0.5,0.75,True,True,True,True,True,True,True,8.00017028096,0.00195097830131,0.0636401115075,0.0197556982733,0.0372416763205,0.00538824058349,0.0260975265531,0.0066441956584,0.0773631365467,0.00147916310121,0.0599316931965,0.00281121009635,0.0383338211116,0.000872773224665,0.0327556124622,0.0018404239486,0.020477688753,0.000898591700671,0.0180183011698,0.00082720020493,0.00895522189214,0.000597001496306,0.00886890357857,0.000519885703756,0.0033620982068,0.000300359349705,0.00426333584962,0.000209270372048,0.00101775077778,0.000260301006787,0.00112042530292,4.97131467502e-05,0.00301452899777,0.000244702913701,0.00143546457798,0.000340877126086,0.00468044715997,0.000378221094438,0.00278958424688,0.000585058848652,46875,46875,46874,90,099f2072634410a7ff8ac20f7c624e07fced092dc4c9b47c064fc63309e75a5b,942165
improved_N008_selected,improved,selected,N008,0,22.627416998,240,400,60,0.001,0.0001,0.08,0.1,2e-07,10000,0,1,12,0,0,0,0,False,800,15,18,4,7,1.6e-05,1.00755096926,16.0003620796,0.161211803219,0.335857923373,16.0046084405,22.7900733948,0.0606468636142,-0.110260307669,22.6276604187,-0.110260307669,0.000243420719979,0.452548339959,-18.7117946997,-18.7117946997,-3840.04130987,0,-3840,0,0,0,0.00264344479103,-0.172922834754,60,0.5,0.75,True,True,True,True,True,True,True,16.0003620796,0.000659912112964,0.0646634776724,0.0182836511576,0.0382272666941,0.00565130340739,0.0282292362906,0.00537909625094,0.0848267422136,0.00104566790224,0.0691230906607,0.00194277195358,0.0472352237946,0.00104364033263,0.0432587923258,0.00140042760879,0.0297349699964,0.00120354061118,0.0279375957402,0.000865622723751,0.0191027748229,0.00113535216356,0.0192560780706,0.000454714928847,0.0119727847114,0.000796611269692,0.0140221830912,0.000237460461982,0.00829091256058,0.000526149917633,0.0104367744864,3.05681634282e-05,0.00582350092491,0.000554750491962,0.00816666591331,0.000118969094609,0.00401280096337,0.000591641217034,0.00547741726499,0.00010085346798,46875,46875,46874,90,3b1cccf4caf8616077819b200317270b8bf3bade58c13bdc62ee2c333a430045,941986
improved_N009_selected,improved,selected,N009,0,45.2548339959,240,400,60,0.001,0.0001,0.08,0.1,2e-07,10000,0,1,12,0,0,0,0,False,800,15,18,4,7,1.6e-05,0.520782780192,32.0005261367,0.16665322969,0.347194228522,32.0027591381,45.3967437744,0.0629031089492,-0.211136775323,45.2550855408,-0.211136775323,0.000251544889331,0.905096679919,-35.8310989412,-35.8310989412,-7680.04268858,0,-7680,0,0,0,0.00318109487689,-0.172922834754,60,0.5,0.75,True,True,True,True,True,True,True,32.0005261367,0.00285791329658,0.0653518399104,0.0173111238418,0.0378401228307,0.00628694670128,0.0283469212401,0.00531566501834,0.0861039840138,0.00117174677099,0.0705873954052,0.00228474066068,0.0489045342655,0.000189402187817,0.0446599261195,0.00135357019514,0.0324609879252,0.000327660121523,0.0302193724669,0.000828856672608,0.0223278298568,0.000563896475986,0.022697625416,0.000464779455304,0.0158894698461,0.000506054190325,0.0165101798498,0.000559858659665,0.0114281328434,0.000396038006277,0.0131800391196,0.000416831620095,0.00840204997314,0.000417474026958,0.0100095157347,0.000302556722523,0.00749303228509,0.000310311535514,0.00778453795519,0.000388761133042,46875,46875,46874,90,78cdce6b5b1afb685568ad919c49ceee245ea9ef89ba7e4123aa10d1369823c6,950941
improved_N010_selected,improved,selected,N010,0,67.8822509939,240,400,60,0.001,0.0001,0.08,0.1,2e-07,10000,0,1,12,0,0,0,0,False,800,15,18,4,7,1.6e-05,0.349601324932,48.0010626288,0.167812350932,0.349609064441,48.0026023984,68.0286941528,0.0643267549284,-0.312228301914,67.883035734,-0.312228301914,0.000784740129376,1.35764501988,-52.9868998949,-52.9868998949,-11520.1331748,0,-11520,0,0,0,0.00446075785351,-0.172922834754,60,0.5,0.75,True,True,False,True,True,True,False,48.0010626288,0.00528899678607,0.0652672164812,0.0166022305102,0.0376146695987,0.0060580764695,0.0291213127701,0.00519736142243,0.0863925713772,0.00188211707874,0.071191119644,0.00209685342768,0.0497421791931,4.94245141443e-05,0.044976186364,0.00104339405668,0.0331647930324,0.000455224392434,0.0296228192258,0.000558595440723,0.0226994678052,0.000546590282592,0.0226523338468,0.000505704301806,0.0166787028717,0.000156966070499,0.0164635489563,0.000451438894101,0.0128634742157,0.000329511074776,0.013248215282,0.000408975589737,0.0101947765417,0.000334160785011,0.00969715396917,0.000252906804998,0.00866847035479,0.000457097927631,0.00785172254367,0.000416562997234,46875,46875,46874,90,9b7cd30cce82b05c7ac4b03eabc3356122fe608cb24ba5ea7fec4a8f9ac44ca1,944292
improved_N011_selected,improved,selected,N011,5.65685424949,-45.2548339959,240,400,60,0.001,0.0001,0.08,0.1,2e-07,10000,0,1,12,0,0,0,0,False,800,15,18,4,7,1.6e-05,0.522928391201,32.2490801568,0.168639596041,0.351332491752,32.2509797995,46.0171203613,0.056442669071,5.85164110625,-45.230129762,0.194786856762,0.0247042339665,0.912140340079,993.056425753,993.056425753,7675.80755247,960,7680,0,0,0,0.00325733935587,-0.172922834754,60,0.5,0.75,True,True,True,True,True,True,True,32.2490801568,0.00698205204006,0.0664750559025,0.0186078065395,0.0346875693553,0.00749806371492,0.028812935909,0.00436585660279,0.0886708693627,0.00264540916764,0.06775798106,0.00108998292423,0.0539281603799,0.00118921813659,0.0427447548857,0.000185266293344,0.0354292272721,0.00094792099274,0.0273098956264,0.000241318836816,0.0258792203078,0.000381674913121,0.0200814153821,0.000118675681189,0.0183712687076,0.000469987256586,0.0154519555669,0.000201637293588,0.0137922362987,0.000455033223093,0.0121793491601,4.99355692392e-05,0.0103337580932,0.00037657406678,0.00940733508597,0.000258221472588,0.00804759373516,0.000223786962552,0.00819307903512,0.000341030417247,46875,46875,46874,90,e2a55817b8b11e13d49549524dbdfab91f40891d57fd1210a822010dbfed1c2f,947863
improved_N012_selected,improved,selected,N012,5.65685424949,-22.627416998,240,400,60,0.001,0.0001,0.08,0.1,2e-07,10000,0,1,12,0,0,0,0,False,800,15,18,4,7,1.6e-05,0.988442711593,16.4911761848,0.163005829054,0.339595477197,16.4949795268,23.9287071228,0.0570747079714,5.7491435393,-22.6023258201,0.0922892898114,0.025091177831,0.466476151588,975.662011838,975.662011838,3835.74188592,960,3840,0,0,0,0.00278137236909,-0.172922834754,60,0.5,0.75,True,True,True,True,True,True,True,16.4911761848,0.004268248131,0.0680354520391,0.0182229008858,0.0337269920403,0.00800392056107,0.0283272443324,0.00320832733751,0.0886008282176,0.00335980226163,0.0638800183294,0.000306488085524,0.0522390187075,0.00183153239002,0.039225895231,0.00110455895281,0.0323844171289,0.00103873120128,0.0278071330569,0.00111361849757,0.0204328310321,0.000593098273468,0.0193763421902,0.00109379449618,0.0145382341205,0.000498109028925,0.0130253054146,0.000819815068899,0.0108980302112,0.000485590485557,0.00851447106916,0.000414403174238,0.00837817995258,0.000401329989008,0.0062592035891,0.000256094048208,0.00615579147288,0.000221684358428,0.00481661559802,0.000179187076847,46875,46875,46874,90,5d23bea64cbb9e903c412cb6d503be751cc514a12c9d026f13195874e018a9c5,939376
improved_N013_selected,improved,selected,N013,5.65685424949,-11.313708499,240,400,60,0.001,0.0001,0.08,0.1,2e-07,10000,0,1,12,0,0,0,0,False,800,15,18,4,7,1.6e-05,1.55494298693,8.94184073034,0.139040525339,0.289667761122,8.94859074266,13.391210556,0.0550635074301,5.69878747682,-11.2887932299,0.0419332273306,0.0249152690727,0.3,967.116304657,967.116304657,1915.77173863,960,1920,0,0,0,0.00266062858098,-0.172922834754,60,0.5,0.75,True,True,True,True,True,True,True,8.94184073034,0.00407802196437,0.0687552357709,0.0163783606286,0.0345485078164,0.010429190481,0.0248118701397,0.00479347812105,0.0791483891795,0.00217839524829,0.055591271452,0.00371923099669,0.0377452422544,0.0015077709661,0.0285970762268,0.0013448199706,0.020050724064,0.00143044956386,0.0117203630023,0.000992174117514,0.00924309580511,0.000661791903555,0.00584371403506,0.00048725682904,0.00145691647953,0.000284762326739,0.000514198874946,0.00016605484397,0.00133690026035,0.000406685984117,0.00347482246572,0.000409490014803,0.00366574819363,0.000547026078062,0.00416122781626,0.000647005333759,0.00498735174201,0.000738244716616,0.00470235797827,0.000858240069438,46875,46875,46874,90,9d49ca2cdd794bf08e21c58086995db157cebb9c3e8359accfe5f82804959337,937259
improved_N014_selected,improved,selected,N014,5.65685424949,-5.65685424949,240,400,60,0.001,0.0001,0.08,0.1,2e-07,10000,0,1,12,0,0,0,0,False,800,15,18,4,7,1.6e-05,1.90249149679,5.65268779354,0.107541904612,0.224045634609,5.66272646599,8.72976875305,0.051459025802,5.67345863484,-5.63184034763,0.016604385348,0.0250139018625,0.3,962.817857634,962.817857634,955.755000089,960,960,0,0,0,0.00338731905494,-0.172922834754,60,0.5,0.75,True,True,True,True,True,True,True,5.65268779354,0.00520830698653,0.0644404499775,0.0123318658719,0.0371037812326,0.00642966480954,0.0204240768802,0.00837283232788,0.0529317604757,0.0043501847072,0.027823996787,0.00126661204258,0.0136658715279,0.000344496998429,0.00175336512606,0.000412893485759,0.00528109095838,0.00142732669795,0.0119820513303,0.00158112824395,0.0126651873905,0.00228429335176,0.0131080922046,0.00218470546797,0.0144076328916,0.00265961261924,0.0149096248964,0.00256921310993,0.0133505395926,0.00255264974967,0.0113869024565,0.00246045613699,0.0100752944799,0.00230900122922,0.00893678860658,0.00199335687865,0.00670648251772,0.00140254280257,0.00451246301877,0.00117924841146,46875,46875,46874,90,58808db98239944fb977ed96b8021e23e00faba58324fe2ccbd5d50e646060f9,932386
improved_N015_selected,improved,selected,N015,5.65685424949,0,240,400,60,0.001,0.0001,0.08,0.1,2e-07,10000,0,1,12,0,0,0,0,False,800,15,18,4,7,1.6e-05,3.14509756558,3.99362622972,0.125603441329,0.261673836103,4.00857920913,6.01848077774,0.0577783889646,5.64778507182,0.0249941575609,-0.00906917766907,0.0249941575609,0.3,958.460909513,958.460909513,-4.24164919232,960,-0,0,0,0,0.00259528221175,-0.172922834754,60,0.5,0.75,True,True,True,True,True,True,True,3.99362622972,0.00114862384627,0.056318686073,0.0192463142261,0.0328209702586,0.00882585492327,0.0230644043084,0.00625227352208,0.0744983797212,0.00308227504895,0.0504772998805,0.00264495161465,0.0357343215993,0.00123806652622,0.0234669318045,0.00147017816642,0.0180828785427,0.000725031308809,0.010976998737,0.000658109722644,0.00785663123238,0.000771300104915,0.00497082325969,0.00037963169424,0.00230900660447,0.000885287516654,0.00151297570116,0.000386501428771,0.00161661823081,0.000843972991879,0.00156746835853,0.000516577923047,0.00188751676627,0.000724606634341,0.00151709038463,0.000672892563437,0.00147046030233,0.000573324604661,0.00089960498192,0.000600860470278,46875,46875,46874,90,9e534856a190c347e1ece6781681bf16175b817ef4999f0a147f85b2c2427019,935046
improved_N016_selected,improved,selected,N016,5.65685424949,5.65685424949,240,400,60,0.001,0.0001,0.08,0.1,2e-07,10000,0,1,12,0,0,0,0,False,800,15,18,4,7,1.6e-05,1.90762732473,5.65270031321,0.10783245576,0.224650949499,5.66298153193,8.74645900726,0.0530988374754,5.62311907337,5.68212755476,-0.0337351761251,0.025273305268,0.3,954.274950767,954.274950767,-964.289022129,960,-960,0,0,0,0.00195619076416,-0.172922834754,60,0.5,0.75,True,True,True,True,True,True,True,5.65270031321,0.00474248841824,0.06513367127,0.0122708499994,0.0365001000731,0.00922064981312,0.0202853658399,0.00840644822484,0.051633254818,0.00267071929588,0.027618983779,0.000719680046345,0.015716270574,0.000940046244478,0.00454959746838,0.00106221853531,0.00669992346912,0.00141253046869,0.0115996225565,0.00144383752535,0.0119016050967,0.00198445594413,0.0129707642173,0.0022073566767,0.01647140404,0.00261963348773,0.0154366509508,0.00240782585363,0.0124586275467,0.00243826478001,0.0112456160409,0.0023642013838,0.0119575447117,0.00213460674457,0.00922928583638,0.00178080342602,0.00550955937004,0.00135610321711,0.00442947644202,0.0011724242674,46875,46875,46874,90,b062325ba1f02e8cd96e03b1ae5e2fb4e1672a330c832f04837a1da1d99bc4dc,927012
improved_N017_selected,improved,selected,N017,5.65685424949,11.313708499,240,400,60,0.001,0.0001,0.08,0.1,2e-07,10000,0,1,12,0,0,0,0,False,800,15,18,4,7,1.6e-05,1.56386319544,8.94204294882,0.139841318597,0.29133608041,8.94909818729,13.3696022034,0.0571709477836,5.59756384207,11.3396447577,-0.0592904074255,0.0259362587265,0.3,949.938084204,949.938084204,-1924.40152906,960,-1920,0,0,0,0.00251076043357,-0.172922834754,60,0.5,0.75,True,True,True,True,True,True,True,8.94204294882,0.00211960333515,0.0688815819974,0.0172359143349,0.0342746017513,0.00940267570952,0.024438549851,0.00167895251132,0.0802874199001,0.00384121439627,0.0564690916969,0.00324611355577,0.0358822751581,0.000524964988703,0.0304584138913,0.00207446387288,0.0202115730451,0.000924938426283,0.0108434332678,0.000958831553947,0.0100285828701,0.000562736397734,0.00511458821189,0.000452689799768,0.00177859346533,0.00011865590255,0.00182552928567,0.000459040190125,0.00250074093095,0.000362449025829,0.00379103328662,0.000334801472617,0.0023697630644,0.000646334416594,0.00568627248269,0.000689134842442,0.00490261862947,0.000605579905535,0.00439725389799,0.000945791934899,46875,46875,46874,90,2d1d38b0ff0e9d784640129b95ac9ba5db7f38ba46b066663e7a3349e317d476,933026
improved_N018_selected,improved,selected,N018,5.65685424949,22.627416998,240,400,60,0.001,0.0001,0.08,0.1,2e-07,10000,0,1,12,0,0,0,0,False,800,15,18,4,7,1.6e-05,0.98304696967,16.4909542395,0.162113825921,0.337737137335,16.495059749,23.8942527771,0.0601887760558,5.54703630801,22.6524508973,-0.10981794148,0.0250338993366,0.466476151588,941.363277332,941.363277332,-3844.2483936,960,-3840,0,0,0,0.00375301367915,-0.172922834754,60,0.5,0.75,True,True,True,True,True,True,True,16.4909542395,0.000668155003096,0.0683415319323,0.0180563385653,0.0348629639525,0.00663900118779,0.0286922426052,0.00498573139093,0.0893128766586,0.00307947543234,0.0616373130304,0.000758052527255,0.0538793590477,0.00208731693661,0.0366536310063,0.000423082085172,0.0320582416311,0.00111590076601,0.0265174789791,0.000779902274105,0.0196930567845,0.000949387507717,0.0192895442975,0.000602751705726,0.0123173900991,0.000810760511695,0.0136606469348,0.000625815783258,0.00961106829078,0.000544319641783,0.00866914565274,0.000635961464666,0.0082465874396,0.000395526595364,0.00430483159587,0.000509934883676,0.00617803348058,0.000297113295609,0.00352480919239,0.000239775438572,46875,46875,46874,90,c587eae8120b6a1c6044ba83ed6ea936b08ee903df3c464d59efb42243c334b4,936848
improved_N019_selected,improved,selected,N019,5.65685424949,45.2548339959,240,400,60,0.001,0.0001,0.08,0.1,2e-07,10000,0,1,12,0,0,0,0,False,800,15,18,4,7,1.6e-05,0.520322835048,32.2489771392,0.167798792125,0.349580816927,32.2511899674,45.9530715942,0.0633035949829,5.44545252777,45.2806813091,-0.211401721726,0.0258473131712,0.912140340079,924.123938163,924.123938163,-7684.3864345,960,-7680,0,0,0,0.00185241903774,-0.172922834754,60,0.5,0.75,True,True,True,True,True,True,True,32.2489771392,0.00242845578357,0.0678298879773,0.0170268318755,0.035655400692,0.00651855789612,0.0300685743143,0.00465643779491,0.0882194894632,0.00168647618499,0.0673053410393,0.00169402120002,0.0532097351248,0.000753041192356,0.0403360597154,0.00111684407716,0.0366582317469,0.000319787563705,0.0265198655123,0.000802790296615,0.0255247040949,0.000591919992813,0.0180841883791,0.000615740468606,0.0191454765021,0.000636715887213,0.0142962974257,0.000539249766483,0.0138446465914,0.00056968619789,0.0117042165337,0.000317311160283,0.00965661748402,0.00067667028666,0.0100937910995,0.00010381303154,0.0068346351055,0.000572896160124,0.0084318734978,0.000168801216436,46875,46875,46874,90,0b04ba0ba68b58a0ff15e583b5f884e693f23ed0243552d1c8b637f450331862,946059
improved_N020_selected,improved,selected,N020,11.313708499,-45.2548339959,240,400,60,0.001,0.0001,0.08,0.1,2e-07,10000,0,1,12,0,0,0,0,False,800,15,18,4,7,1.6e-05,0.51328082022,32.9841350404,0.169301238878,0.352710914328,32.9859873978,47.2570953369,0.05572729214,11.5088738727,-45.2045589615,0.195165373707,0.0502750344433,0.932952303175,1953.12066221,1953.12066221,7671.46804373,1920,7680,0,0,0,0.00336006014921,-0.172922834754,60,0.5,0.75,True,True,True,True,True,True,True,32.9841350404,0.00657427194425,0.0675550271433,0.0189263423293,0.0334874172038,0.00832587500031,0.0288292905843,0.00443211894705,0.0900711673143,0.0026969467897,0.0665673975235,0.000888755560995,0.0545138503703,0.00115463405557,0.0418927241706,0.000810478811162,0.0352970099784,0.000469786215974,0.0304850369692,0.000547579882116,0.0228236790927,0.000239460687095,0.0220299349314,0.000539714647331,0.0172294044435,0.000451421310123,0.0158363350558,0.000365087973503,0.0136003945143,0.000435278922923,0.0113515836569,0.00052827625541,0.0111381337753,0.000292563324499,0.00909766154435,0.00037608854302,0.0085329122954,0.000378647705476,0.00712989551319,0.000107500062941,46875,46875,46874,90,53174c8d7d34fcfb31c652665f0ac650bae2bf31475ef1053849bda182135aa5,946836
improved_N021_selected,improved,selected,N021,11.313708499,-22.627416998,240,400,60,0.001,0.0001,0.08,0.1,2e-07,10000,0,1,12,0,0,0,0,False,800,15,18,4,7,1.6e-05,0.911142021196,17.8860142653,0.162966991889,0.339514566435,17.889504536,26.0150604248,0.0559007123919,11.4066717947,-22.5766882241,0.0929632957554,0.050728773906,0.505964425627,1935.77639444,1935.77639444,3831.39104159,1920,3840,0,0,0,0.00275607543083,-0.172922834754,60,0.5,0.75,True,True,True,True,True,True,True,17.8860142653,0.00492162377841,0.0686601041189,0.017862691151,0.035389425774,0.0091290824687,0.0266625915926,0.00429598399024,0.0892381598265,0.00200391943811,0.0663527189294,0.00324138412324,0.0491232865864,0.00132179576813,0.0404474306243,0.00141296818479,0.0319051032872,0.00114878507765,0.0238353032626,0.000536473652534,0.0218129532519,0.000747111635776,0.0179505637285,0.000555033637374,0.0134511773367,0.000709189004611,0.0123132587992,0.000998744236512,0.00990556906572,0.000764892230669,0.007490814157,0.000687961117099,0.00717060925273,0.000521462995057,0.00560695088766,0.000151845958787,0.00467619909817,0.000239754487054,0.00459786201586,0.000159623785603,46875,46875,46874,90,844e5120d036ffc7c890cb8603bf301ff47432fa8fbd992263f523a83e2b6e22,937659
improved_N022_selected,improved,selected,N022,11.313708499,-11.313708499,240,400,60,0.001,0.0001,0.08,0.1,2e-07,10000,0,1,12,0,0,0,0,False,800,15,18,4,7,1.6e-05,1.22523160826,11.309495369,0.138567511996,0.288682316659,11.3147950335,16.6694641113,0.054719314771,11.3553114306,-11.2634929448,0.0416029316021,0.0502155541533,0.32,1927.06025161,1927.06025161,1911.47813787,1920,1920,0,0,0,0.00271722287441,-0.172922834754,60,0.5,0.75,True,True,True,True,True,True,True,11.309495369,0.00392539739956,0.0665065742908,0.0151311251556,0.0406416744018,0.00736885361325,0.024697501842,0.00718528668287,0.0771481903285,0.00439221911622,0.0544718573932,0.001152577783,0.0404109907042,0.00176024262666,0.0282069007455,0.00216024230625,0.0200755808601,0.00146445248719,0.0125421635766,0.000752330652444,0.00991300711947,0.000808338752313,0.00711157209628,0.000425693579442,0.00299735830117,0.000153598859048,0.000546615962731,8.07604106633e-05,0.000643580412121,0.000190547851412,0.00142393448327,0.000413142814665,0.00330953616181,0.000551536765708,0.00424289304843,0.000601572278905,0.00403934255202,0.000656441333294,0.00426214874805,0.000723267493137,46875,46875,46874,90,d4150076c6c0c50a66132eb6f08cc201bc501ad4cf6e962c2da99c5d3b2c0e5e,938632
improved_N023_selected,improved,selected,N023,11.313708499,-5.65685424949,240,400,60,0.001,0.0001,0.08,0.1,2e-07,10000,0,1,12,0,0,0,0,False,800,15,18,4,7,1.6e-05,1.44643725574,8.93893447371,0.129296078494,0.269366830196,8.94556417755,13.2340307236,0.0544202622917,11.3304305664,-5.60628595687,0.0167220674274,0.0505682926244,0.3,1922.83782895,1922.83782895,951.418276169,1920,960,0,0,0,0.00335089189871,-0.172922834754,60,0.5,0.75,True,True,True,True,True,True,True,8.93893447371,0.00271431886347,0.0614872379957,0.0174438701868,0.038815719009,0.00534650170046,0.0259137326401,0.00119216982868,0.0751459142493,0.00251213083163,0.0511550332177,0.00360976345161,0.0338041454362,0.00254196027642,0.0214931834895,0.00183917817245,0.0129487229769,0.000547250506443,0.00630281480257,0.000636546132843,0.00346335730436,4.1766765485e-05,0.00138715812625,0.000320944556553,0.00189778017659,0.000443136057753,0.00419548425256,0.000601663267661,0.00562482840973,0.000963302356147,0.00714231056789,0.00101533791945,0.00703280378262,0.00111614000936,0.00692864013571,0.00106606646558,0.00667207282892,0.00116338425099,0.00660038365805,0.00125050039836,46875,46875,46874,90,b12a296b93face6787367595ed414847342d720551f70491dfe08dec2d769dc8,938777
improved_N024_selected,improved,selected,N024,11.313708499,0,240,400,60,0.001,0.0001,0.08,0.1,2e-07,10000,0,1,12,0,0,0,0,False,800,15,18,4,7,1.6e-05,1.97679912827,7.99392493498,0.158023838429,0.32921633006,8.00196112051,11.6620082855,0.0594607943746,11.3050078493,0.0496916512304,-0.0087006497247,0.0496916512304,0.3,1918.52345078,1918.52345078,-8.43295285281,1920,-0,0,0,0,0.00189090538588,-0.172922834754,60,0.5,0.75,True,True,True,True,True,True,True,7.99392493498,5.3180489509e-05,0.0581189040006,0.0179249438206,0.0339126046991,0.00830587893757,0.0255816458744,0.00470664695717,0.0873662542398,0.00318564077727,0.0661174754126,0.00174752772836,0.049871406501,0.00164278160733,0.038466478292,0.00122880972912,0.0334983914543,0.000885376637366,0.0270177364712,0.000572020978142,0.0218469245078,0.000359674170216,0.0178890269901,0.000372480743208,0.0156715083758,0.000227394827135,0.0122706628158,0.000500671740878,0.0109081312669,0.000216391481218,0.00858431931331,0.000277604798628,0.0076366352855,0.000172420120191,0.00616925734993,0.000286570819879,0.00544347258444,0.000244875724693,0.00467110298561,0.000344783861317,46875,46875,46874,90,4efff45e46ff6a70257e737bd3f134d9bea4c1f53a61b8048776a531598dc70a,948625
improved_N025_selected,improved,selected,N025,11.313708499,5.65685424949,240,400,60,0.001,0.0001,0.08,0.1,2e-07,10000,0,1,12,0,0,0,0,False,800,15,18,4,7,1.6e-05,1.45424025044,8.93909427715,0.129995907003,0.270824806257,8.94588645679,13.2593669891,0.0549718356316,11.2799146058,5.70774381666,-0.0337938931529,0.0508895671641,0.3,1914.26498616,1914.26498616,-968.636245928,1920,-960,0,0,0,0.0030843034655,-0.172922834754,60,0.5,0.75,True,True,True,True,True,True,True,8.93909427715,0.00365680259974,0.0614305070336,0.0156665885255,0.038669177042,0.0038184499629,0.0261729528988,0.00458863789284,0.0764230478342,0.00449303656641,0.0525024430001,0.00381864277137,0.0335371383753,0.00235463110052,0.0194643091737,0.00140289558988,0.0111514769265,0.0007830893205,0.00582371090716,0.000660182808414,0.00400660332911,0.000442863423645,0.00174557553012,0.000149583405514,0.00161548445353,0.000467752030742,0.00479306550607,0.000834444857229,0.00649592741562,0.00102315341062,0.00847355465533,0.00108733691516,0.00822008545379,0.00110330919075,0.00646660745008,0.00111353346174,0.00572132775851,0.00122788222204,0.00613903788801,0.00156289678587,46875,46875,46874,90,0f0c4f086eac7e9efb9ccb56b65ea80b0524292aefbfac2ce54661cb9a2e579c,934108
improved_N026_selected,improved,selected,N026,11.313708499,11.313708499,240,400,60,0.001,0.0001,0.08,0.1,2e-07,10000,0,1,12,0,0,0,0,False,800,15,18,4,7,1.6e-05,1.22211900996,11.3093620673,0.13821386373,0.287945549438,11.3148880419,16.6859016418,0.0568580800586,11.2540755416,11.364379633,-0.0596329573789,0.0506711340043,0.32,1909.87995155,1909.87995155,-1928.59917659,1920,-1920,0,0,0,0.00282696661138,-0.172922834754,60,0.5,0.75,True,True,True,True,True,True,True,11.3093620673,0.00316076463345,0.0664751989574,0.0142672356843,0.0403683583913,0.00840001217755,0.0249465312534,0.00703795141902,0.0761505009538,0.00293558329802,0.0524685809753,0.000954016671491,0.0421763408252,0.00245650848093,0.030730810337,0.00199114937438,0.020216556606,0.00108549514932,0.0121312226969,0.000623125917449,0.0100886248551,0.000857863278357,0.00739553914056,0.000542657612249,0.0030021704365,0.00035564308615,0.00120844821933,9.71027313081e-05,0.0016515545894,0.000286741834851,0.0010012630077,0.000403987833076,0.00408856225863,0.000573805501945,0.00526185563658,0.000605427416058,0.00369452445533,0.00068097430192,0.00382680037417,0.000745584913935,46875,46875,46874,90,42f103391e6758162bb16be0adb55130255b0f87a9725f8469823562759b21f7,934128
improved_N027_selected,improved,selected,N027,11.313708499,22.627416998,240,400,60,0.001,0.0001,0.08,0.1,2e-07,10000,0,1,12,0,0,0,0,False,800,15,18,4,7,1.6e-05,0.910227722038,17.8859808257,0.162803155834,0.339173241321,17.8897600502,25.9901599884,0.0592548685879,11.2036271839,22.6780810061,-0.110081315116,0.0506640081662,0.505964425627,1901.31858134,1901.31858134,-3848.5979673,1920,-3840,0,0,0,0.00213379860146,-0.172922834754,60,0.5,0.75,True,True,True,True,True,True,True,17.8859808257,0.00102393899263,0.0704059888207,0.0165649464586,0.0362020404484,0.00857195133429,0.0262371860363,0.00270738280506,0.0888765175493,0.00274998182045,0.0670102696656,0.00285425217319,0.0458785953645,0.000122933438846,0.0414599757485,0.00177242561923,0.0326831080436,0.00107366154204,0.0230798691096,0.00106892071184,0.0216416240367,0.000964594785012,0.017780743492,0.000846838221369,0.0118042956467,0.000593761502686,0.013024014178,0.00078519547834,0.0094972907608,0.000339710938746,0.00663202262154,0.000538345511399,0.00810670546566,0.000243637199429,0.00510044133944,0.000404562755208,0.00371999071,0.000466596118985,0.00453938894881,0.000339435072138,46875,46875,46874,90,82a37a32c38b1f1818da5993f2738222651020efa4d6e29d2088efab88ff7d08,933010
improved_N028_selected,improved,selected,N028,11.313708499,45.2548339959,240,400,60,0.001,0.0001,0.08,0.1,2e-07,10000,0,1,12,0,0,0,0,False,800,15,18,4,7,1.6e-05,0.51364349354,32.9835780176,0.169418002424,0.352954171717,32.9857385343,47.2201080322,0.0621808546573,11.1022994414,45.305317401,-0.211409057598,0.0504834050645,0.932952303175,1884.12269322,1884.12269322,-7688.56731793,1920,-7680,0,0,0,0.00293756486211,-0.172922834754,60,0.5,0.75,True,True,True,True,True,True,True,32.9835780176,0.00270303738834,0.0689907379281,0.0172768528476,0.0348577955469,0.0065489399942,0.0290957633836,0.00462770197796,0.0916347962507,0.00277358870981,0.0644063275096,0.000424348720986,0.0565423696488,0.00190931126973,0.0405743624247,0.000670005743912,0.0337482128751,0.000976270186286,0.0301823448999,0.000698234519173,0.022012356476,0.000259166638269,0.0223634933782,0.000624952205515,0.0158253860205,0.000217681873768,0.0150119314146,0.000301217659009,0.0134408089871,0.000200334474289,0.0101311744925,0.000496985834663,0.011683357399,4.88117526321e-05,0.00735765782825,0.000412674582926,0.0083832769039,0.000473454854007,0.00729547308638,0.000263107876022,46875,46875,46874,90,c2c25b871be6b98e8ca32d90ead28ca19962162aa67b0f16ef7fe2db13341c07,945692
improved_N029_selected,improved,selected,N029,22.627416998,-45.2548339959,240,400,60,0.001,0.0001,0.08,0.1,2e-07,10000,0,1,12,0,0,0,0,False,800,15,18,4,7,1.6e-05,0.473622531949,35.7754703278,0.169440688383,0.353001434131,35.7771643788,51.3167686462,0.055039549016,22.8227319108,-45.1540857783,0.195314912819,0.100748217662,1.01192885125,3873.14603984,3873.14603984,7662.9024605,3840,7680,0,0,0,0.00342064441032,-0.172922834754,60,0.5,0.75,True,True,True,True,True,True,True,35.7754703278,0.00739268513095,0.0676228776428,0.0184152283902,0.0345286976908,0.00872546695136,0.0265457764559,0.00473937746291,0.0912664285537,0.00224461004422,0.0684812847878,0.00201380825819,0.0519175336731,0.000593359250787,0.0434991499135,0.000956042473706,0.034528919273,0.000936659640642,0.0271547623199,0.000339276008962,0.0248469064213,0.00057747500687,0.0206503672688,0.000648475307986,0.0164708364513,0.000320700288665,0.0160354185648,0.000516198635004,0.0130794495754,0.000297561164545,0.0112281517871,0.000395682248731,0.0110437856161,0.000294650189614,0.00895356994286,0.000306432376263,0.00811029030028,0.000341721177259,0.00782201604273,0.00022735406339,46875,46875,46874,90,16bb29d9d630fd63dc9f1f7664a782800f13420f386749da4600c2f708329fe1,944140
improved_N030_selected,improved,selected,N030,22.627416998,-22.627416998,240,400,60,0.001,0.0001,0.08,0.1,2e-07,10000,0,1,12,0,0,0,0,False,800,15,18,4,7,1.6e-05,0.711958254087,22.623776979,0.161071847588,0.335566349141,22.6264929396,32.6330718994,0.0553530957349,22.7207951301,-22.5263409866,0.0933781320898,0.101076011362,0.64,3855.8467945,3855.8467945,3822.84683207,3840,3840,0,0,0,0.00369126986336,-0.172922834754,60,0.5,0.75,True,True,True,True,True,True,True,22.623776979,0.00500262894944,0.0668519902154,0.0168397052271,0.0419985423641,0.00728952227652,0.0266324589708,0.00665068141064,0.0856894805103,0.00328725994619,0.0641573524271,0.000292420340899,0.0509941423054,0.0012236498269,0.0391980233996,0.00186967070095,0.0310012251897,0.00155685021809,0.0240143756559,0.000980233905741,0.0213270725557,0.000759493436966,0.0184229193748,0.00082203608698,0.013830580136,0.000965961994863,0.0118174728854,0.000672456596601,0.0102576962838,0.000641396523283,0.00911703046426,0.000442283087481,0.00689071027734,0.000597053014856,0.00575209072178,0.000659828551015,0.0050780768657,0.000404457594665,0.00434696050827,0.00024822845188,46875,46875,46874,90,5ef47553a4aa92ee4b6082076adda10584725ce30813149dee84b59b0de3b881,939810
improved_N031_selected,improved,selected,N031,22.627416998,-11.313708499,240,400,60,0.001,0.0001,0.08,0.1,2e-07,10000,0,1,12,0,0,0,0,False,800,15,18,4,7,1.6e-05,0.872307274869,17.8833403453,0.155997678821,0.324995164211,17.8868011562,25.847743988,0.0562011321407,22.6697513979,-11.2120513451,0.0423343999726,0.10165715389,0.505964425627,3847.18438591,3847.18438591,1902.74820891,3840,1920,0,0,0,0.0045270589512,-0.172922834754,60,0.5,0.75,True,True,True,True,True,True,True,17.8833403453,0.00244732871156,0.0628038500372,0.0169484996453,0.040758731805,0.00628843886074,0.0282870159689,0.00237640300689,0.0870215921528,0.00176447345289,0.0644160085772,0.00279847288033,0.0479297028742,0.00220853584081,0.0363615863334,0.00215486246829,0.0279222341365,0.00114648467769,0.0220011815878,0.00142731210177,0.0184459380832,0.000770464656631,0.0160593656832,0.00084691217478,0.0124672355538,0.000483612139929,0.00918658296925,0.000594026483548,0.00690171798582,0.000503125591113,0.005081657325,0.000974790149596,0.00436273892323,0.000576821158971,0.00366522962529,0.000574238978076,0.00315895636337,0.00027630149906,0.00205702578617,0.000112105782638,46875,46875,46874,90,2d29913a2302e58aefd81ae76cabede6effaf4a2d49a1c2829fccad82579028a,934022
improved_N032_selected,improved,selected,N032,22.627416998,-5.65685424949,240,400,60,0.001,0.0001,0.08,0.1,2e-07,10000,0,1,12,0,0,0,0,False,800,15,18,4,7,1.6e-05,0.960432767675,16.4864162784,0.158340944153,0.329876966986,16.4902364381,23.7172374725,0.0577678240587,22.6437940451,-5.55539689435,0.0163770471562,0.101457355139,0.466476151588,3842.77927706,3842.77927706,942.782115883,3840,960,0,0,0,0.00307981290988,-0.172922834754,60,0.5,0.75,True,True,True,True,True,True,True,16.4864162784,0.0010447146281,0.0596605530384,0.0185347813195,0.0366507579816,0.00781649972383,0.0268994962284,0.00466453395671,0.087606867045,0.00195248630825,0.0642243755765,0.00045344723442,0.0503971155618,0.000318401633356,0.0400269871681,0.000715626922928,0.0321700026938,0.00130777943814,0.0266490990593,0.00107373373811,0.0214518923523,0.000967791552306,0.017500091497,0.000814604498953,0.0139178522508,0.000468847737808,0.0111372645035,0.000333497196904,0.00900997340159,0.000401562632347,0.00721187334158,0.000274516908743,0.00668274461241,0.000306146067344,0.00507293074608,0.000327870135269,0.0043674050982,0.000431201866814,0.00377792043266,0.00034328078506,46875,46875,46874,90,9ed01f9726d428e3062a3b42b7804dee8f20edd769083b26063500243923da12,933996
improved_N033_selected,improved,selected,N033,22.627416998,0,240,400,60,0.001,0.0001,0.08,0.1,2e-07,10000,0,1,12,0,0,0,0,False,800,15,18,4,7,1.6e-05,1.02337634531,15.9942862197,0.163681741773,0.341003628694,15.9983357267,22.9671955109,0.0603468195602,22.6191114536,0.100897993854,-0.0083055444003,0.100897993854,0.452548339959,3838.59050238,3838.59050238,-17.1229573589,3840,-0,0,0,0,0.00210406680095,-0.172922834754,60,0.5,0.75,True,True,True,True,True,True,True,15.9942862197,0.00104849413245,0.0587488945671,0.0175510723539,0.0335898753773,0.00780432551032,0.026226846945,0.00485133408797,0.087993866558,0.00295875975566,0.068048095477,0.00146752267495,0.0521687605553,0.00125903778277,0.0416514530495,0.00079425439293,0.0346490097403,0.00046931772103,0.0292945155522,0.000209033771512,0.0242975521561,0.000366571580839,0.0208146581788,0.000195131692793,0.0177017368551,0.000238867760533,0.0155642513781,7.89712785971e-05,0.0135149783807,4.29567955015e-05,0.0118365807494,7.25725491616e-05,0.0106336788883,0.000140965807891,0.00949976958158,0.000135746480889,0.00831462892113,8.84325784701e-05,0.0073363893813,0.000172837032363,46875,46875,46874,90,2bdaf92e9466316b20fd6d252866d0db4f3aa0b0d1974a1a95e6c5acac29938b,947285
improved_N034_selected,improved,selected,N034,22.627416998,5.65685424949,240,400,60,0.001,0.0001,0.08,0.1,2e-07,10000,0,1,12,0,0,0,0,False,800,15,18,4,7,1.6e-05,0.947819208569,16.4865067184,0.156262277499,0.325546411456,16.4903936987,23.7360153198,0.0584381805005,22.5931560092,5.75839466289,-0.034260988793,0.101540413394,0.466476151588,3834.1857174,3834.1857174,-977.23197957,3840,-960,0,0,0,0.00244440281303,-0.172922834754,60,0.5,0.75,True,True,True,True,True,True,True,16.4865067184,0.000961422891703,0.0587424392928,0.0182042734569,0.0362032498659,0.00754440466452,0.0260762345097,0.003761323209,0.0850456369183,0.00140489205606,0.0627939317925,0.000197089573684,0.0499427374702,0.000869321616159,0.040812680703,0.00141496635244,0.0324859229882,0.00125337899464,0.0265262260443,0.00135079813655,0.0224896642637,0.00125330840441,0.0184273967836,0.000841844574255,0.0156039453791,0.000690256996455,0.0123296945133,0.000578936832313,0.0100537263082,0.000340345118929,0.00740782667689,0.000212511816172,0.00561306222449,0.000256274407711,0.00416269620134,0.000182638075041,0.00346487792128,0.000279360951271,0.0030116283075,0.000334108024784,46875,46875,46874,90,1e51832ef1834315c21a4c8b9af233adce4a4b8fd64597507f44550aa0c740e4,933189
improved_N035_selected,improved,selected,N035,22.627416998,11.313708499,240,400,60,0.001,0.0001,0.08,0.1,2e-07,10000,0,1,12,0,0,0,0,False,800,15,18,4,7,1.6e-05,0.881206692522,17.8828752536,0.15758509355,0.328302278229,17.8864999838,25.8734874725,0.0583056259875,22.5673629616,11.4152785174,-0.0600540363326,0.10157001837,0.505964425627,3829.80849208,3829.80849208,-1937.2370037,3840,-1920,0,0,0,0.00357272684558,-0.172922834754,60,0.5,0.75,True,True,True,True,True,True,True,17.8828752536,0.00210735320115,0.0622337353927,0.0162971597338,0.0402636071625,0.00481268705056,0.0283398443771,0.00340553560126,0.0888374984941,0.00297680159671,0.0662282370939,0.00271123818179,0.0494144159406,0.00202392869149,0.0355695539814,0.00138838882361,0.0274078914125,0.00111831085359,0.0212284637561,0.00122465435748,0.0178042855434,0.00128473636799,0.015744312364,0.00125007208861,0.0142282132536,0.000858507630657,0.0111563920169,0.000443818485945,0.00777219228962,0.000244111009943,0.00448461662795,0.000427400399765,0.00288732852298,0.000627627480851,0.00313355656792,0.000627021878366,0.0037757854687,0.000492781578738,0.00293134050544,0.000331359762153,46875,46875,46874,90,d4b7dc98589a54efecda13d678f13740fe46abf0231406597b65f41fedca133d,932784
improved_N036_selected,improved,selected,N036,22.627416998,22.627416998,240,400,60,0.001,0.0001,0.08,0.1,2e-07,10000,0,1,12,0,0,0,0,False,800,15,18,4,7,1.6e-05,0.710272369541,22.6232549602,0.160686729073,0.334764018903,22.6261967246,32.6517601013,0.059009089868,22.5173363387,22.7286799925,-0.11008065926,0.101262994525,0.64,3821.31869265,3821.31869265,-3857.18490003,3840,-3840,0,0,0,0.00285654092145,-0.172922834754,60,0.5,0.75,True,True,True,True,True,True,True,22.6232549602,0.00215062404772,0.0679196047245,0.0156640018579,0.0409605715221,0.00752306298107,0.0266647725262,0.00606200495678,0.0846509981847,0.00277458793998,0.0625009226326,0.000203459686841,0.0516646693775,0.00174044988864,0.0421550138094,0.00176133265805,0.0316466822918,0.00134424317211,0.0237001470412,0.000837587852169,0.0203609357773,0.00103752986705,0.0188414500198,0.000739677789028,0.0140738045145,0.00082005698793,0.0101892056713,0.000615931978165,0.0094462180585,0.000693819095387,0.0101295871576,0.00056522053696,0.00722276240777,0.000442478290297,0.00437605890613,0.00040747399678,0.00412927914264,0.000530928234602,0.00459518778039,0.000331016045262,46875,46875,46874,90,f3d035b0f719ed5e4492b0881ffe8a1c669a5efe296f717832503367a36562a2,936020
improved_N037_selected,improved,selected,N037,22.627416998,45.2548339959,240,400,60,0.001,0.0001,0.08,0.1,2e-07,10000,0,1,12,0,0,0,0,False,800,15,18,4,7,1.6e-05,0.47414081625,35.7747590377,0.169622734513,0.353380696902,35.7767385762,51.2953071594,0.061906566589,22.4156144879,45.356443815,-0.211802510048,0.101609819068,1.01192885125,3804.05592213,3804.05592213,-7697.2437581,3840,-7680,0,0,0,0.00141011706374,-0.172922834754,60,0.5,0.75,True,True,True,True,True,True,True,35.7747590377,0.0026237886604,0.0706692915146,0.0160990334842,0.0372060078906,0.00814535394092,0.0262238609728,0.00341196608922,0.0898919518806,0.00241561817101,0.0700792077749,0.0024897443462,0.048538416126,0.000234247133458,0.0428594566346,0.00112789424453,0.0366231628334,0.000930409336356,0.0265596635698,0.000347151639452,0.0236565311832,0.000586547235552,0.0221241130828,0.000619042745751,0.0150591972513,0.00037717193691,0.0151116886542,0.000653123901876,0.0143468762877,0.00048531890057,0.00956085324016,0.000492043311826,0.0107204746123,0.000539942729271,0.0100017698798,0.00031637722966,0.00670064224519,0.000362827359404,0.00723303610924,0.000368943470079,46875,46875,46874,90,904f42946ddb3e7263ed4553eb54754a02fac029cbc3c83dfd4694bc7c4f5162,942408
improved_N038_selected,improved,selected,N038,45.2548339959,-45.2548339959,240,400,60,0.001,0.0001,0.08,0.1,2e-07,10000,0,1,12,0,0,0,0,False,800,15,18,4,7,1.6e-05,0.372568415863,45.2518736473,0.168594188796,0.351237893326,45.2531833869,64.5994720459,0.0541053855286,45.4505206696,-45.0523507494,0.195686673631,0.202483246539,1.28,7713.20912974,7713.20912974,7645.63745359,7680,7680,0,0,0,0.00235938384959,-0.172922834754,60,0.5,0.75,True,True,True,True,True,True,True,45.2518736473,0.00829218054766,0.0663735904988,0.0181686680406,0.0425637401108,0.00784813069375,0.0264781305597,0.0054118664328,0.0880551204116,0.00268817635014,0.0671843218612,0.000745943119417,0.0538323473611,0.00101580006705,0.042107565604,0.00128998565276,0.033719541592,0.000771642130021,0.0274407990626,0.000492413116601,0.0251732072407,0.00078022208878,0.020877668622,0.000608791440383,0.0167755967213,0.000523023384119,0.0146740879717,0.000434886706024,0.013469481716,0.000445175252338,0.0117343128968,0.000393393832013,0.00936860658942,0.000468537299446,0.00897434699985,0.000302116202932,0.00814818284179,0.000447468979128,0.00733627142134,0.000215537831297,46875,46875,46874,90,c8db7268c8748c77486b49c143461e0b7193bfab684422df0c0cc395b258e561,944478
improved_N039_selected,improved,selected,N039,45.2548339959,-22.627416998,240,400,60,0.001,0.0001,0.08,0.1,2e-07,10000,0,1,12,0,0,0,0,False,800,15,18,4,7,1.6e-05,0.468407842407,35.772400609,0.16756072987,0.349084853896,35.7741181432,51.1134796143,0.0557542937956,45.3485737757,-22.4240082762,0.0937397797842,0.203408721772,1.01192885125,7695.90816815,7695.90816815,3805.48039524,7680,3840,0,0,0,0.00206832035527,-0.172922834754,60,0.5,0.75,True,True,True,True,True,True,True,35.772400609,0.00448050985191,0.0634293236827,0.0178848996156,0.0418191686769,0.00719392642523,0.0287604570775,0.00353880237007,0.0902059378589,0.00271216516112,0.067818447335,0.00234053857947,0.0524395206914,0.0018446828848,0.041179452215,0.00106921475807,0.0336182397502,0.000411614025011,0.0270865158548,0.000896470132142,0.0239479092824,0.000567747912028,0.0204544880318,0.000685710275385,0.0173086020807,0.0004761025886,0.014365491692,0.000543315613644,0.0123237171552,0.000329224584029,0.010419057771,0.000580387239138,0.00948639888458,0.000365371598208,0.00808222894121,0.000439387786275,0.00733698813103,0.000410666809949,0.00624757125518,0.000251083213714,46875,46875,46874,90,c1d80981fc5b786809d676ae81686ebea8945551d0a8bf7114140423f3ec98ac,941015
improved_N040_selected,improved,selected,N040,45.2548339959,-11.313708499,240,400,60,0.001,0.0001,0.08,0.1,2e-07,10000,0,1,12,0,0,0,0,False,800,15,18,4,7,1.6e-05,0.502256288554,32.9792924517,0.165640570259,0.345084521373,32.9811874905,47.0181808472,0.0573286633909,45.2969447442,-11.1109971678,0.0421107482664,0.202711331151,0.932952303175,7687.14643096,7687.14643096,1885.59874635,7680,1920,0,0,0,0.00329477911251,-0.172922834754,60,0.5,0.75,True,True,True,True,True,True,True,32.9792924517,0.00310033931916,0.0603452244011,0.0183195083355,0.0367271027616,0.00736633712397,0.027311179334,0.00427639302603,0.0892502674277,0.0017524179752,0.0668324618019,0.00100293710692,0.0528702357348,0.000463238679054,0.042778676206,0.00070690113843,0.0350950207064,0.00061778016654,0.0302141370228,0.000868333073097,0.0248285257534,0.000772663407152,0.0203314991112,0.000786456655885,0.0168183263852,0.000747770414048,0.0143644308035,0.000550273129498,0.0120644481797,0.000493656829688,0.0104631982253,0.000526248936252,0.00978951647974,0.000562629858327,0.00881461263561,0.000275341715375,0.00803952320953,0.000319425294298,0.00770617962368,0.000258303958661,46875,46875,46874,90,8f74b02faa88c6988bb17c3f9e7dfadbc46dac72a50ed8efe377b1e0384eb7d0,941496
improved_N041_selected,improved,selected,N041,45.2548339959,-5.65685424949,240,400,60,0.001,0.0001,0.08,0.1,2e-07,10000,0,1,12,0,0,0,0,False,800,15,18,4,7,1.6e-05,0.510472370377,32.2433756177,0.164593523805,0.342903174595,32.2453278238,45.9317398071,0.0583300790439,45.2716779319,-5.45396366716,0.0168439359811,0.202890582331,0.912140340079,7682.85851072,7682.85851072,925.568326415,7680,960,0,0,0,0.00380912372722,-0.172922834754,60,0.5,0.75,True,True,True,True,True,True,True,32.2433756177,0.00308886409201,0.0594097572981,0.0182071274551,0.0352918254643,0.00760096231028,0.0266297296072,0.00518723943865,0.0881712569353,0.00216706630852,0.0667482359241,0.00125716728452,0.0522446270242,0.000855576753605,0.042962023179,0.000346185831721,0.0346560716807,0.000297237306176,0.0281892281694,0.000757913596605,0.0244753238483,0.000388200886669,0.0213825491122,0.000497853923448,0.0185002633398,0.000540241915235,0.0158154148297,0.000476348417742,0.0143910799001,0.0002781773429,0.0129644064359,0.00050886261173,0.0109221043729,0.000282707326983,0.00969569963813,0.000164805318213,0.00875338587594,0.000193023442298,0.00760134606412,9.66683726742e-05,46875,46875,46874,90,d91d26aac7f54795f4a06a06969a3cb6cc5c484b5eabefb1373ed8afba70d368,942649
improved_N042_selected,improved,selected,N042,45.2548339959,0,240,400,60,0.001,0.0001,0.08,0.1,2e-07,10000,0,1,12,0,0,0,0,False,800,15,18,4,7,1.6e-05,0.512864779238,31.9943658086,0.164087833573,0.341849653276,31.9963528825,45.5674247742,0.0587819407508,45.2464143465,0.202177573787,-0.00841964946515,0.202177573787,0.905096679919,7678.5711381,7678.5711381,-34.3106720229,7680,-0,0,0,0,0.00228944321377,-0.172922834754,60,0.5,0.75,True,True,True,True,True,True,True,31.9943658086,0.00283471950725,0.0587621599758,0.0179704507978,0.0343690716247,0.00829450650498,0.0257261774921,0.00457664661517,0.0885726476759,0.00245564588608,0.0677827107555,0.0018878457066,0.0526743398024,0.00114219550618,0.0417903172719,0.000569000127701,0.0348576324387,0.000604243875424,0.0286263056802,0.000410567409393,0.0241679323554,0.000239376907415,0.0204415276909,0.000340112436349,0.0177367429534,0.000156375961091,0.0154181321453,8.41399122358e-05,0.0134837662297,0.000388231735648,0.0116866238248,0.000200451222977,0.0107209064246,0.000115805887309,0.00944056518036,0.00029946027659,0.00835706324801,0.000360656135778,0.00734422246519,0.000150782889049,46875,46875,46874,90,ef1297792d425ba4c60c73278a44231fdf1324489b81884281c0427d3f921973,955056
improved_N043_selected,improved,selected,N043,45.2548339959,5.65685424949,240,400,60,0.001,0.0001,0.08,0.1,2e-07,10000,0,1,12,0,0,0,0,False,800,15,18,4,7,1.6e-05,0.495755264889,32.2431725266,0.159847225368,0.33301505285,32.2451462974,45.9401741028,0.0596063285427,45.2206757467,5.85959334516,-0.0341582492642,0.202739095663,0.912140340079,7674.20315287,7674.20315287,-994.405965445,7680,-960,0,0,0,0.00212772662004,-0.172922834754,60,0.5,0.75,True,True,True,True,True,True,True,32.2431725266,0.0023239179859,0.0584927536506,0.0173217549616,0.0339757287257,0.0073949737896,0.0260296097085,0.00450097692548,0.0872225167188,0.00167284320238,0.0660864295382,0.00120195548114,0.0507114752246,0.000668288070211,0.0394472561817,4.63667047504e-05,0.0328337125497,0.000278243825826,0.0276968102599,7.91558254448e-05,0.0229361131045,0.000598503194578,0.019291934724,0.000410411432102,0.0163757137854,0.00028848856019,0.0141106190708,0.000349941720732,0.0127107780314,0.000467666494446,0.0109771773902,0.000238872768168,0.0101411557599,0.000393878516052,0.00911039520401,0.000452672526987,0.00824729093945,0.000328510306228,0.00784269601878,0.000406721649362,46875,46875,46874,90,276103a379d5be4597f3276ec944fea98a63ee4b4b222ead70c8bc2340cc3e1b,942166
improved_N044_selected,improved,selected,N044,45.2548339959,11.313708499,240,400,60,0.001,0.0001,0.08,0.1,2e-07,10000,0,1,12,0,0,0,0,False,800,15,18,4,7,1.6e-05,0.491300623783,32.9795638504,0.162028802918,0.337560006078,32.9815202755,47.0288314819,0.0588965311802,45.196124522,11.5157974848,-0.0587094739209,0.202088985768,0.932952303175,7670.03667189,7670.03667189,-1954.29563814,7680,-1920,0,0,0,0.00241410180387,-0.172922834754,60,0.5,0.75,True,True,True,True,True,True,True,32.9795638504,0.000608447153564,0.0594963718034,0.0179865499836,0.0351856568804,0.00721150919858,0.027082764751,0.00413004511042,0.0858810790987,0.00155199653575,0.0647667453993,0.00074874569123,0.0506129915881,0.000428909200008,0.0421559435221,0.000590722673742,0.0340335426738,0.000621945688171,0.0290189430824,0.000579664538317,0.0248104440787,0.000600139792247,0.0219045334475,0.00040332833964,0.01954306015,0.000550014422581,0.0174018854584,0.000481355298814,0.01455978802,0.0003393115369,0.012696614103,0.000362963740182,0.0103447959456,0.000245924529679,0.00889981608707,0.000200745172795,0.00726396228424,0.000227018348099,0.0064484425127,0.00015096550318,46875,46875,46874,90,7a451304f032516cf83a7643fe5119e2dfbfacdc47a64370310b13c66a96afae,941286
improved_N045_selected,improved,selected,N045,45.2548339959,22.627416998,240,400,60,0.001,0.0001,0.08,0.1,2e-07,10000,0,1,12,0,0,0,0,False,800,15,18,4,7,1.6e-05,0.472684686709,35.7718588272,0.169088098827,0.352266872557,35.7737277514,51.1315803528,0.0594533363205,45.1444190277,22.8305321567,-0.110414968194,0.203115158681,1.01192885125,7661.26195854,7661.26195854,-3874.46978546,7680,-3840,0,0,0,0.00246415099046,-0.172922834754,60,0.5,0.75,True,True,True,True,True,True,True,35.7718588272,0.000998538673973,0.0618026219861,0.0174115733374,0.0392857400914,0.00655533694848,0.0287239907819,0.00378233686642,0.0919895897007,0.00235547356705,0.0703383749475,0.00235977338094,0.0553621296264,0.00181463850658,0.0423919065594,0.00139662744398,0.0331298946898,0.000904073272497,0.0262405106841,0.000545577602665,0.0212664199039,0.000707020214478,0.0188872110728,0.000549956465976,0.0183509785194,0.000640556248958,0.0168999342966,0.000684645295632,0.0142317151616,0.000586652326425,0.0116873901641,0.000433291139039,0.00853523318165,0.000401498519703,0.0067220103541,0.000433891733239,0.00607834541532,0.000494879705887,0.00612862692113,0.000515030991234,46875,46875,46874,90,6af884cc1e3bbbd5e5531f0ea794220153ad02cf87f55c5b69344fbd612d6ab6,938781
improved_N046_selected,improved,selected,N046,45.2548339959,45.2548339959,240,400,60,0.001,0.0001,0.08,0.1,2e-07,10000,0,1,12,0,0,0,0,False,800,15,18,4,7,1.6e-05,0.371716991423,45.2509565729,0.168205494363,0.350428113257,45.252487065,64.6167297363,0.0612703039227,45.0431607513,45.4578025323,-0.211673244644,0.202968536369,1.28,7644.0778592,7644.0778592,-7714.44490282,7680,-7680,0,0,0,0.00364730989332,-0.172922834754,60,0.5,0.75,True,True,True,True,True,True,True,45.2509565729,0.00202372743135,0.0671423456785,0.0159197098497,0.0419159982727,0.00696386840823,0.0273379151984,0.00489941498013,0.0886136856425,0.00276997356995,0.0640739801548,0.000355328930664,0.0529221694097,0.000831796827541,0.0451449688486,0.00126353896798,0.0361295267803,0.000449515210805,0.0270624162786,0.000367958742255,0.0219483987641,0.000619025143597,0.0210598719379,0.000528596488449,0.0196176556703,0.000719239378359,0.0148710078262,0.00026305870128,0.0112298288718,0.000431051038128,0.011401574061,0.000688416089723,0.0116756953838,0.000288446772697,0.00969814355614,0.000221216183918,0.00704414281936,0.000371247947813,0.00600935592104,0.000425268675572,46875,46875,46874,90,b7af93276fbbd6b11e6164182ce5add98d0c4cbcc05d250138213e1c6561fb49,939297
improved_N047_selected,improved,selected,N047,67.8822509939,0,240,400,60,0.001,0.0001,0.08,0.1,2e-07,10000,0,1,12,0,0,0,0,False,800,15,18,4,7,1.6e-05,0.341644869016,47.9946454112,0.16397124345,0.341606757187,47.9959442513,68.1694946289,0.0587086792584,67.8739988643,0.303734186397,-0.0082521296177,0.303734186397,1.35764501988,11518.5995672,11518.5995672,-51.5454006912,11520,-0,0,0,0,0.00251237024689,-0.172922834754,60,0.5,0.75,True,True,True,True,True,True,True,47.9946454112,0.00445409862843,0.0597874829352,0.01807248108,0.0335664330556,0.00718446132331,0.0262179274869,0.00490900423536,0.0883933380711,0.00205093016608,0.0675825191221,0.00121858370075,0.0524458045943,0.000655526462939,0.0422896440737,0.000443470771257,0.0344820373687,7.81437558274e-05,0.028260792811,0.00014952298563,0.0235087321942,0.00030854447651,0.020090668212,0.000304529548952,0.0173693230297,0.000251577199394,0.0157165230433,0.000381959003714,0.0132894266654,0.000255349033105,0.0114495881828,0.000401046115915,0.0107385305248,0.000170611836887,0.01000912693,0.000182425087968,0.0084913890578,0.000174451915084,0.00780197706411,0.000313168019363,46875,46875,46874,90,083bd0f64daa54aa3ae9983af0ee9116029a203d92c86f8576a6da1be07a45c8,952143
voltage_V001_initial,voltage,initial,V001,5.65685424949,0,216,400,60,0.001,0.0001,0.08,0.1,2e-07,10000,0,1,12,0,0,0,0,False,800,15,0,8,7,1.6e-05,7.85107132249,3.99536782634,0.313679177642,0.653498286754,4.02271633251,6.45202302933,0.0607200973977,5.65024747287,0.0251322679181,-0.00660677662301,0.0251322679181,0.3,862.990913545,862.990913545,-3.83857856745,864,-0,0,0,0,0.00104861603126,-0.172922834754,60,0.5,0.75,False,True,True,True,True,True,False,3.99536782634,0.0107475028222,0.259499259179,0.0185202048603,0.139053851717,0.00846088612465,0.082873375738,0.00482608903236,0.0535208117049,0.00273556280254,0.0305939046128,0.00172026039581,0.0179499726673,0.00083985191417,0.00892648217949,0.000754155215211,0.00469688248061,0.000969479178492,0.00213467338553,0.000919290998411,0.00262089740206,0.00124788412625,0.00339302997824,0.000916534650374,0.0029400273034,0.00110802535416,0.00253020952713,0.000523302540576,0.00151405536843,0.000848198552228,0.00132317139917,0.000378452011217,0.000698270856361,0.000496664215145,0.00140601142024,0.000402164500576,0.00221808786646,0.000291061701842,0.0021136496831,0.000601772866841,46875,46875,46874,90,531bc4f75329c7c35b4d01dc3c902ad28a8cbde26cc30acdbb1d9f067df42cb8,876369
voltage_V001_selected,voltage,selected,V001,5.65685424949,0,216,400,60,0.001,0.0001,0.08,0.1,2e-07,10000,0,1,12,0,0,0,0,False,800,15,18,4,7,1.6e-05,3.20847588833,3.99546867304,0.128193649,0.267070102084,4.01265347714,6.21451473236,0.0627891225698,5.65038994843,0.0251647591784,-0.00646430106115,0.0251647591784,0.3,863.012674559,863.012674559,-3.84354112218,864,-0,0,0,0,0.00122318414195,-0.172922834754,60,0.5,0.75,True,True,True,True,True,True,True,3.99546867304,0.00896909933345,0.0556131303156,0.0171872606959,0.0338995882712,0.00793512876488,0.0224370448911,0.00560386151489,0.0774074171624,0.00264496253251,0.0502467986008,0.00243273342166,0.0368276804785,0.000946465646536,0.0257803111735,0.00139707184073,0.019635886522,0.000617203033479,0.0122826838042,0.000628335927277,0.00841885475846,0.000738252729615,0.00521042586877,0.000325186520059,0.00318210744823,0.000865449464015,0.00191705526737,0.000194279713626,0.00149137449954,0.000823509445665,0.00151861971284,0.000379850945797,0.00165856500097,0.000595896699808,0.00137370468155,0.000527456862947,0.00128343707335,0.000497870922114,0.00117844513998,0.000528131884459,46875,46875,46874,90,b25c8374d1223d5f09098741cc9f123bd884de2860f5586d818a9e1876bab2fb,934670
voltage_V002_initial,voltage,initial,V002,0,5.65685424949,216,400,60,0.001,0.0001,0.08,0.1,2e-07,10000,0,1,12,0,0,0,0,False,800,15,0,8,7,1.6e-05,7.26787131081,3.9999872125,0.290713923053,0.605654006361,4.02564321153,6.15805435181,0.0554244332638,-0.0305121604117,5.65675387554,-0.0305121604117,-0.000100373950866,0.3,-4.66027679573,-4.66027679573,-863.984669378,0,-864,0,0,0,0.00365619442277,-0.172922834754,60,0.5,0.75,False,True,True,True,True,True,False,3.9999872125,0.00377179752761,0.253033470432,0.0215672216193,0.115542435545,0.00272506557735,0.0595733699482,0.00577609144452,0.0161852511138,0.00140451081867,0.00206567309335,0.000668614939085,0.0181732476232,0.00317660185707,0.0186760646996,0.00283076781033,0.0257949701415,0.00397537008742,0.0202396811149,0.00376059402575,0.0217813567478,0.00345301405302,0.0139292230003,0.00294754571852,0.0136865408252,0.00228496635895,0.00632128004,0.00145720846008,0.00574454175043,0.000660982657597,0.00181140683053,0.000130055026928,0.00128814632043,0.00061222992686,0.00336795480372,0.000936048146037,0.00242383867991,0.00119708008211,0.00391306625406,0.00116843006278,46875,46875,46874,90,e544f3f517e0135d857c8dafb2ca506e139580c6fb77c3bfea89f284c5343440,864311
voltage_V002_selected,voltage,selected,V002,0,5.65685424949,216,400,60,0.001,0.0001,0.08,0.1,2e-07,10000,0,1,12,0,0,0,0,False,800,15,18,4,7,1.6e-05,2.49514831704,3.99979580945,0.0998008378247,0.207918412135,4.01622742752,6.02153968811,0.0580177918302,-0.0298962382923,5.65648647568,-0.0298962382923,-0.000367773811826,0.3,-4.56620389094,-4.56620389094,-863.943828043,0,-864,0,0,0,0.00305094930356,-0.172922834754,60,0.5,0.75,True,True,True,True,True,True,True,3.99979580945,0.00266207741338,0.0605705902303,0.0199443209602,0.0326718866053,0.00336338825102,0.0192841420574,0.00692697946081,0.0441103585549,0.00155847644245,0.0254430352643,0.00182112375791,0.0025547275588,0.000663080607177,0.00212803584367,0.00095468931232,0.0131139128563,0.00169621331167,0.0125348297193,0.00226492013714,0.0187674704395,0.00231415145631,0.0142010299859,0.00288412548373,0.0172883473447,0.00242078864344,0.0125036820165,0.00273747988781,0.013713546056,0.00202320625324,0.008490644647,0.00215105494383,0.00909690360074,0.00123407195947,0.00454471510703,0.00137334800596,0.00495502554616,0.000501224340793,0.00163750277032,0.000526222049107,46875,46875,46874,90,42bf2a7980ef961e7cd4f44129e4f49e057961672aef9ca9cbfe9c2f88c67f81,925965
voltage_V003_initial,voltage,initial,V003,0,-5.65685424949,216,400,60,0.001,0.0001,0.08,0.1,2e-07,10000,0,1,12,0,0,0,0,False,800,15,0,8,7,1.6e-05,7.31071654576,3.99985442863,0.29241801952,0.609204207334,4.02548240845,6.21527147293,0.0559257737803,0.0188132281003,-5.65661709531,0.0188132281003,0.000237154185305,0.3,2.8734396118,2.8734396118,863.96377824,0,864,0,0,0,0.00152656707458,-0.172922834754,60,0.5,0.75,False,True,True,True,True,True,False,3.99985442863,0.00330822894657,0.254532193092,0.0206868857285,0.117601473087,0.00235719222068,0.0587641476615,0.00509407219289,0.0199599870402,0.00089021762557,0.000589142842728,0.000410632232706,0.0145267973693,0.00223424576095,0.0195315569614,0.00303480686378,0.023336804488,0.00354140230021,0.0213910188845,0.00380661253278,0.0196981474709,0.00338989263958,0.0156187459546,0.00299962265406,0.0123908973751,0.00224593335726,0.00799567312405,0.00160060153915,0.0047291301792,0.000798344524222,0.00177219110914,0.000403339671274,0.00118348241483,0.000554537735736,0.00176149824216,0.00105927722317,0.0034357275149,0.000965073287896,0.00282297637931,0.00135321317477,46875,46875,46874,90,480e9607b9a674d273ffd04a518dda89c954774477c6d13e6f44bd4b2158638f,864334
voltage_V003_selected,voltage,selected,V003,0,-5.65685424949,216,400,60,0.001,0.0001,0.08,0.1,2e-07,10000,0,1,12,0,0,0,0,False,800,15,18,4,7,1.6e-05,2.53335434625,4.00034801276,0.101342990246,0.21113122968,4.01661879126,6.07743644714,0.0571942532567,0.018977207999,-5.65731458485,0.018977207999,-0.000460335355492,0.3,2.89848509224,2.89848509224,864.07030935,0,864,0,0,0,0.00279195980492,-0.172922834754,60,0.5,0.75,True,True,True,True,True,True,True,4.00034801276,0.00208193398107,0.0617530248743,0.0203775249626,0.0321944214841,0.00382718185007,0.0205896807842,0.00708576393706,0.0472734043471,0.0015045432295,0.0245991887737,0.00227654687047,0.00648976988318,0.000895636539109,0.00281570471807,0.000842834368204,0.010523930327,0.00178109345874,0.0128381679355,0.00202310190908,0.0160670665102,0.00238142160097,0.0153939468554,0.00258373060682,0.0154089311713,0.00254977778316,0.0135736204149,0.00249104615051,0.0123989598024,0.00218997065937,0.00964079246303,0.00199101127767,0.00825447585394,0.00148963115645,0.00585346908904,0.00116396872947,0.00455634503127,0.0008507063622,0.00234632617386,0.000350486201121,46875,46875,46874,90,c167966b63a3ea99361dd7d8b375784ce833fb031f1fb8c1cce4aecaf01f3470,926359
voltage_V004_initial,voltage,initial,V004,11.313708499,11.313708499,216,400,60,0.001,0.0001,0.08,0.1,2e-07,10000,0,1,12,0,0,0,0,False,800,15,0,8,7,1.6e-05,3.05200313355,11.3110921761,0.345214887654,0.719197682612,11.3217647875,17.0021953583,0.06061263136,11.2581404297,11.3637971866,-0.0555680693011,0.0500886876139,0.32,1719.51280734,1719.51280734,-1735.65029895,1728,-1728,0,0,0,0.00469597648201,-0.172922834754,60,0.5,0.75,True,True,True,True,True,True,True,11.3110921761,0.00794278155446,0.274629376018,0.0117433525022,0.157347831802,0.00729576710726,0.100343096894,0.00595954322949,0.0656892619058,0.00295264333948,0.0442520951821,0.0012339920433,0.0347324304525,0.00219649290916,0.024222368199,0.00197068947254,0.0143374025453,0.00128253373724,0.00691462807971,0.000674932932794,0.00680386820282,0.000488922162563,0.00420791546972,0.000173056076929,0.00267780012898,0.000387587103151,0.00490915717481,0.000520879372114,0.00339567501964,0.000549815376313,0.00363269996622,0.000936893253641,0.00664150668347,0.00107400410469,0.00775619745989,0.000996322560335,0.00610039575876,0.00116337780612,0.00509582939962,0.00125568351583,46875,46875,46874,90,e6d6ac1f9f7351ab7a4332d54a35fca9fc80f1244e4e002cbc105aa706c16a4d,869056
voltage_V004_selected,voltage,selected,V004,11.313708499,11.313708499,216,400,60,0.001,0.0001,0.08,0.1,2e-07,10000,0,1,12,0,0,0,0,False,800,15,18,4,7,1.6e-05,1.21720871117,11.3111847119,0.137680725651,0.286834845106,11.3174327515,16.7642211914,0.06147468711,11.2579596007,11.3641605411,-0.0557488983073,0.0504520421527,0.32,1719.48518841,1719.48518841,-1735.70579592,1728,-1728,0,0,0,0.00292703830275,-0.172922834754,60,0.5,0.75,True,True,True,True,True,True,True,11.3111847119,0.00817009986767,0.0666065734015,0.0123488064934,0.0400489374764,0.00768953380993,0.0249097896406,0.00664686255008,0.0766869803003,0.00274054340407,0.0520157086276,0.00118766160903,0.0410914203224,0.0023903391602,0.0303409722869,0.00188272837512,0.0194296897427,0.000981366038202,0.0109112463024,0.000683739309666,0.0100231116251,0.000821195400128,0.007027394801,0.000501015562214,0.00262231315338,8.98382398222e-05,0.00195638610483,0.000203052846082,0.00220913694803,0.000188177927033,0.00133987582682,0.000401000728333,0.00438107989089,0.000610129330007,0.00581307804833,0.00052847047567,0.0047040953914,0.000736698957183,0.00392020365822,0.000848412293804,46875,46875,46874,90,7d6f2f004eed3278a908efa312ce61e8ba81ae348f89026f24b9022fdcaff294,933216
voltage_V005_initial,voltage,initial,V005,11.313708499,-11.313708499,216,400,60,0.001,0.0001,0.08,0.1,2e-07,10000,0,1,12,0,0,0,0,False,800,15,0,8,7,1.6e-05,3.04857659018,11.3102791261,0.344802521724,0.718338586925,11.32078386,16.9849185944,0.0594689955429,11.357160291,-11.2632028281,0.0434517920006,0.0505056708528,0.32,1734.63661226,1734.63661226,1720.28601309,1728,1728,0,0,0,0.00423092979607,-0.172922834754,60,0.5,0.75,True,True,True,True,True,True,True,11.3102791261,0.0086566624601,0.275272195437,0.0124686909479,0.155995282622,0.00670582347782,0.098305786709,0.00601339150829,0.066977515174,0.00347845314166,0.0461149921427,0.00110887036102,0.0333039820666,0.00181542608877,0.0234108487583,0.00175585143575,0.0143842840333,0.00108493211546,0.00722396486149,0.000623252589833,0.00568076630589,0.000434440665043,0.00276033890284,0.000107055954547,0.000661406552909,0.00025848761023,0.00355144722623,0.000416794972818,0.00395697223609,0.000646662088978,0.00492441527965,0.000820132217321,0.0058697487035,0.00107544461754,0.00709158280708,0.000994357261435,0.00623942519647,0.00116269135032,0.00555831768829,0.00113566720584,46875,46875,46874,90,16d144eabdd679a5a0b63688628430f39ac8b26b9a148d12dee4cd296163f6cd,875689
voltage_V005_selected,voltage,selected,V005,11.313708499,-11.313708499,216,400,60,0.001,0.0001,0.08,0.1,2e-07,10000,0,1,12,0,0,0,0,False,800,15,18,4,7,1.6e-05,1.22329806579,11.3103667178,0.138359497293,0.288248952693,11.3164680053,16.754447937,0.0599072407451,11.3572669686,-11.2632711761,0.0435584695657,0.0504373228422,0.32,1734.65290567,1734.65290567,1720.29645223,1728,1728,0,0,0,0.00217893729656,-0.172922834754,60,0.5,0.75,True,True,True,True,True,True,True,11.3103667178,0.00789451832497,0.067469435542,0.0130554364503,0.0394032476461,0.00668958770709,0.0238886423597,0.00678865333221,0.0775773190802,0.00411631728989,0.0541818756089,0.0011618040871,0.0400498428901,0.00169548433829,0.0288949292837,0.00183081641896,0.0193709551367,0.00126488167901,0.0116184323911,0.000716300963005,0.00934707607858,0.000696265337383,0.00581101148736,0.000372834529387,0.00263915906656,0.000134801009169,0.000460510452896,6.78745540445e-05,0.000947126023111,0.00029359048746,0.00236301674808,0.0004966868335,0.00364554502972,0.000638303914428,0.00515244209765,0.000637241603402,0.00432465739391,0.000637881764924,0.00431093402687,0.000736192794418,46875,46875,46874,90,76774f42ebc0c7c03c1ef8c29903dc0f1cfcb89e0286cd855626e473ae5369fe,938098
voltage_V006_initial,voltage,initial,V006,22.627416998,22.627416998,216,400,60,0.001,0.0001,0.08,0.1,2e-07,10000,0,1,12,0,0,0,0,False,800,15,0,8,7,1.6e-05,1.60641942386,22.6255988686,0.36346201499,0.757212531229,22.6312391237,32.9820823669,0.063204785375,22.5218838551,22.7288406203,-0.105533142825,0.101423622345,0.64,3439.8813886,3439.8813886,-3471.49094352,3456,-3456,0,0,0,0.00371825171396,-0.172922834754,60,0.5,0.75,True,True,True,True,True,True,True,22.6255988686,0.00833817161982,0.278383343591,0.0136897773198,0.163874111318,0.00654814440902,0.11014616558,0.0050778441311,0.0768847088557,0.00272220512391,0.0560023556263,0.000309117013242,0.0471762536378,0.00149347927945,0.0389630579342,0.00174075829968,0.0299102013145,0.00137034324443,0.0211094558266,0.0008764225207,0.0186977271145,0.00108215673562,0.0178265415003,0.000889518301423,0.0132544132502,0.000906098620675,0.00835121415527,0.000546698332003,0.00818533811393,0.000692408879053,0.00881622228399,0.000510152271667,0.00672335697813,0.000521715433248,0.00398095115851,0.000411589427414,0.00288785677714,0.000495616571083,0.00405579718978,0.000281469629156,46875,46875,46874,90,ff855ddd148fcff0c488e1c7ce033400e3e46efcd21736418cb9d10a9274ebf4,870857
voltage_V006_selected,voltage,selected,V006,22.627416998,22.627416998,216,400,60,0.001,0.0001,0.08,0.1,2e-07,10000,0,1,12,0,0,0,0,False,800,15,18,4,7,1.6e-05,0.710721943967,22.6253558168,0.16080336869,0.335007018105,22.628648308,32.7351303101,0.0633911869951,22.5215361074,22.7287013054,-0.105880890526,0.101284307434,0.64,3439.82827533,3439.82827533,-3471.46966525,3456,-3456,0,0,0,0.00227925399038,-0.172922834754,60,0.5,0.75,True,True,True,True,True,True,True,22.6253558168,0.00867141557595,0.0674594217166,0.0138517327082,0.0411794631771,0.00677614616895,0.0270768950847,0.00569401553209,0.0859063567316,0.00280897848446,0.0619611995044,7.53081166639e-05,0.0510600119597,0.00154304160451,0.0417108280191,0.00168362016216,0.0319885818561,0.00129703556865,0.0231924654686,0.000935928435725,0.0204493306379,0.00094787982315,0.0191225795599,0.000714391104546,0.0145162480627,0.000716195162708,0.00979913437022,0.00068153189328,0.00934405797202,0.000739503673081,0.00978914121561,0.000496171955618,0.00740243593505,0.000334687103628,0.00472036460702,0.000472814568835,0.00352076107487,0.000484678046738,0.00476950084412,0.000313783685792,46875,46875,46874,90,2bba2faa8d4d120749e8bd26bf92a5bdc0d51a3a25d642bfa7b927a79bb35489,935403
voltage_V007_initial,voltage,initial,V007,22.627416998,-22.627416998,216,400,60,0.001,0.0001,0.08,0.1,2e-07,10000,0,1,12,0,0,0,0,False,800,15,0,8,7,1.6e-05,1.60483861872,22.6241661646,0.363081355773,0.756419491194,22.6296356449,32.9766960144,0.0613920737396,22.7213557837,-22.5265572301,0.0939387856952,0.10085976783,0.64,3470.34774651,3470.34774651,3440.59517683,3456,3456,0,0,0,0.00450637568182,-0.172922834754,60,0.5,0.75,True,True,True,True,True,True,True,22.6241661646,0.00613545150633,0.279721979499,0.0146230088178,0.162680965824,0.00667689038757,0.107216100811,0.00485885495801,0.0768567036603,0.00258586758599,0.057822157011,0.00032509272319,0.0470172366471,0.00175121934131,0.0378257744743,0.00147153434316,0.0282595896081,0.001291449278,0.0218322334208,0.00083379521773,0.0196901614787,0.00103814100703,0.0161512611847,0.000692862756024,0.0122452326663,0.000709962169863,0.0096446043501,0.000627653299571,0.00912566969038,0.000723020522371,0.00775127691693,0.000431854361693,0.00555456243364,0.00046718707888,0.00415409071812,0.000355364971238,0.00448794595484,0.000414032431764,0.00391804380108,0.000233257165822,46875,46875,46874,90,cb3113cc35bba73a800413a9e9f5ad79531f7e378a428eec412452f6ea70d039,875684
voltage_V007_selected,voltage,selected,V007,22.627416998,-22.627416998,216,400,60,0.001,0.0001,0.08,0.1,2e-07,10000,0,1,12,0,0,0,0,False,800,15,18,4,7,1.6e-05,0.709775427016,22.6241567333,0.160580705063,0.334543135547,22.627283977,32.7252197266,0.061459108163,22.7214402903,-22.526453048,0.0940232923357,0.10096395,0.64,3470.36065364,3470.36065364,3440.57926456,3456,3456,0,0,0,0.00390100864182,-0.172922834754,60,0.5,0.75,True,True,True,True,True,True,True,22.6241567333,0.0051320936132,0.068170481689,0.0148798799565,0.0406180152137,0.00655601165531,0.025972819538,0.00607813696599,0.0857651575138,0.00307874537562,0.0636595814808,0.000115842913797,0.0507994773385,0.00138225982365,0.0403303676003,0.00161057240083,0.0305505361641,0.00146368220449,0.0237407347393,0.00106751826707,0.0213647578266,0.000834571712963,0.0174064131681,0.000833856063548,0.0135312021886,0.000847430687847,0.0110275157463,0.000707929038934,0.0100421052276,0.000636967333899,0.00858690062229,0.000362044484393,0.0065642191235,0.00044453305294,0.0049932478651,0.000589357559906,0.00520223870652,0.0003999106604,0.00442659647215,0.000224461876017,46875,46875,46874,90,ec176d01303b3f8f0ed041fb48052a412c64c24097d3393d707a0d99c4efeb31,939591
voltage_V008_initial,voltage,initial,V008,45.2548339959,0,216,400,60,0.001,0.0001,0.08,0.1,2e-07,10000,0,1,12,0,0,0,0,False,800,15,0,8,7,1.6e-05,1.12176753556,31.9950693001,0.358910300388,0.747729792475,31.9989312805,46.0205993652,0.0637018434491,45.2474072281,0.2026281752,-0.0074267678434,0.2026281752,0.905096679919,6910.86567213,6910.86567213,-30.9484274566,6912,-0,0,0,0,0.00270057319886,-0.172922834754,60,0.5,0.75,True,True,True,True,True,True,True,31.9950693001,0.00698738176766,0.271235475167,0.0169561585494,0.157765045031,0.00727975623683,0.107871529492,0.00412180524912,0.0810335004317,0.00240547234324,0.0617526678124,0.00188363951786,0.0490684483239,0.00108888335196,0.0400795775699,0.000998202245298,0.0328211876143,0.000699338339636,0.0273369168042,0.000685363287329,0.0233972185454,0.000393261443275,0.0199781329318,0.000458090019499,0.0172669178712,0.000342161075775,0.0150604695773,0.000349129678062,0.0130798575115,0.000235714446958,0.0118084152914,0.000379972777865,0.0105261938568,0.000198053159875,0.00878476819302,0.000211543764168,0.00787670305456,0.000205306412736,0.00718140334803,0.000221097249888,46875,46875,46874,90,157ac0c139a515bf37890a946d5aa42f68c5354ec578405bd11533c7b84fed31,891954
voltage_V008_selected,voltage,selected,V008,45.2548339959,0,216,400,60,0.001,0.0001,0.08,0.1,2e-07,10000,0,1,12,0,0,0,0,False,800,15,18,4,7,1.6e-05,0.511812628727,31.9953466663,0.163756224843,0.341158801757,31.9976184133,45.7677459717,0.064153387851,45.2478009932,0.202291560623,-0.00703300271898,0.202291560623,0.905096679919,6910.92581387,6910.92581387,-30.8970146073,6912,-0,0,0,0,0.0021421431203,-0.172922834754,60,0.5,0.75,True,True,True,True,True,True,True,31.9953466663,0.00576226916479,0.0573473988126,0.0161650947315,0.035742627037,0.00738562902205,0.0250181239773,0.0042100329306,0.0897082919001,0.00219774943491,0.0672017886837,0.00168463214154,0.0523091880073,0.000958875206374,0.0420916869438,0.00035194137883,0.034614125608,0.000563154346096,0.0285605870971,0.000299576152533,0.0239562526066,0.000163916625536,0.0205460242512,0.000207936146975,0.0175656207509,4.50819474164e-05,0.0150938116061,7.94489196e-05,0.0134588832667,0.00022439661278,0.0119939683902,0.000108192163047,0.0106179472449,7.72955337921e-05,0.0088791255302,0.000136615528806,0.00797607749063,0.000206555919931,0.00705249541244,0.00010787196534,46875,46875,46874,90,42bd2fd2ca1e9e14d6461dc464f432c2951f2caaec447681cf09a493d4cf7812,954571
voltage_V009_initial,voltage,initial,V009,0,45.2548339959,216,400,60,0.001,0.0001,0.08,0.1,2e-07,10000,0,1,12,0,0,0,0,False,800,15,0,8,7,1.6e-05,1.14595880219,32.0006423834,0.366714178148,0.763987871142,32.0047072882,45.6704750061,0.0655234997403,-0.206368908395,45.2552719335,-0.206368908395,0.000437937531743,0.905096679919,-31.5197685832,-31.5197685832,-6912.06688842,0,-6912,0,0,0,0.00355432842495,-0.172922834754,60,0.5,0.75,True,True,True,True,True,True,True,32.0006423834,0.0106639058187,0.281606934182,0.0159019348902,0.156034655508,0.00435428631072,0.113122744149,0.00395010003816,0.0762940393457,0.000753136200493,0.0663016371657,0.00230713435111,0.0451856227225,0.000431738979607,0.0416276011613,0.00106400405577,0.0304231924221,0.000837208285172,0.0292914333246,0.000999593224485,0.0199608174254,0.000500836024948,0.0214201188473,0.000896951679973,0.0145044434512,0.00058088904504,0.0161859394769,0.000544384146985,0.0105972968447,0.000526832143718,0.0122565588313,0.000582343264,0.00834868351861,0.000509307121765,0.00934266805511,0.000453476829988,0.00641078458301,0.000431124659104,0.00741630863927,0.000400416279408,46875,46875,46874,90,0bc68ad2fad3e1bb35a6159ef3a0efd851c6f3402d74aaf9a93521698643ff24,886622
voltage_V009_selected,voltage,selected,V009,0,45.2548339959,216,400,60,0.001,0.0001,0.08,0.1,2e-07,10000,0,1,12,0,0,0,0,False,800,15,18,4,7,1.6e-05,0.518362383425,32.0005167537,0.165878641353,0.345580502818,32.0029108135,45.3925247192,0.0653449259376,-0.206769297407,45.2550924368,-0.206769297407,0.000258440850779,0.905096679919,-31.580922025,-31.580922025,-6912.03947298,0,-6912,0,0,0,0.00248407981371,-0.172922834754,60,0.5,0.75,True,True,True,True,True,True,True,32.0005167537,0.0102974983142,0.0654210298428,0.0162298953984,0.037684815286,0.00562269135115,0.0281713376994,0.00537495164854,0.0851809096536,0.00104877795868,0.0713655426678,0.0024698436777,0.0486862195346,0.000192109939485,0.0439848974681,0.00143850735924,0.0322499331239,0.000439041480197,0.0303533639833,0.0010665024713,0.0210091342531,0.000492886718028,0.0218134367644,0.000795737942455,0.0152743675452,0.000422112556264,0.0164765960593,0.00079721025717,0.0108703020525,0.000224997670997,0.0124194672363,0.000576747223511,0.00884272664415,0.000452871569398,0.00955713470263,0.000487024255348,0.0068005086603,0.000289292619333,0.00729906973759,0.000407004267688,46875,46875,46874,90,5bb5285303c524fe96d61f14c0f603411c65207a98d6230b6c833daaffa173fe,949138
voltage_V010_initial,voltage,initial,V010,67.8822509939,0,216,400,60,0.001,0.0001,0.08,0.1,2e-07,10000,0,1,12,0,0,0,0,False,800,15,0,8,7,1.6e-05,0.746509644932,47.9955877118,0.35829169141,0.746441023771,47.9981343132,68.6265716553,0.0635833247439,67.8753317333,0.303680258348,-0.00691926064479,0.303680258348,1.35764501988,10366.9431863,10366.9431863,-46.3826239179,10368,-0,0,0,0,0.00258352597651,-0.172922834754,60,0.5,0.75,True,True,True,True,True,True,True,47.9955877118,0.00548047141043,0.271424544425,0.0169356281837,0.157498428978,0.00719110952595,0.107581293987,0.00334316380622,0.0802256773259,0.00207476943584,0.0616891067684,0.00136084996864,0.0488426368415,0.00133897761406,0.0395562316656,0.000568833330478,0.0320694977551,0.000239242098156,0.0265537910003,0.000202403429818,0.0222946177347,0.000348803621365,0.0198319066315,0.000190424042572,0.0168727009612,0.000322092440001,0.0145495553085,0.000179871641646,0.0129346350176,0.000290242405628,0.0117517390128,7.75209111626e-05,0.0104825869054,0.000355610776245,0.00914405807995,0.000328313364112,0.00806739332481,0.000385095754766,0.00754822178724,0.000165719789602,46875,46875,46874,90,bab06ae0857f7792ebc04893caf22be990f65666341458efef9d904ede022250,888836
voltage_V010_selected,voltage,selected,V010,67.8822509939,0,216,400,60,0.001,0.0001,0.08,0.1,2e-07,10000,0,1,12,0,0,0,0,False,800,15,18,4,7,1.6e-05,0.339385196623,47.9951127796,0.162888307876,0.339350641409,47.9966014388,68.3716049194,0.0641115898023,67.8746591004,0.303897110682,-0.00759189349434,0.303897110682,1.35764501988,10366.8404517,10366.8404517,-46.4157448731,10368,-0,0,0,0,0.00357245302503,-0.172922834754,60,0.5,0.75,True,True,True,True,True,True,True,47.9951127796,0.0045384083579,0.0579482854722,0.0164029603694,0.0348249789921,0.00696071468524,0.0254407517593,0.00451849599899,0.0888955055017,0.00226735494316,0.0671616161026,0.00148097038828,0.0520200369323,0.000790580545927,0.0417432809393,0.000473746384377,0.0340989339562,0.000141728061567,0.0278643792187,4.62755229047e-05,0.0231063111756,0.000271401080311,0.0205369179921,8.25729020301e-05,0.0172044114478,0.00011328792223,0.0153181873437,0.000259601456513,0.0132790947772,1.86342257392e-05,0.0118422690383,0.000161856054209,0.0110206573328,5.20955440267e-05,0.00961671704037,0.00014986475158,0.00826165363372,0.000121766130515,0.00785054720826,0.000298299576049,46875,46875,46874,90,64b987e62f4d0f1afec8b7d23b304890c43d4bfef42636e18b1a243b86748eca,951914
voltage_V011_initial,voltage,initial,V011,0,67.8822509939,216,400,60,0.001,0.0001,0.08,0.1,2e-07,10000,0,1,12,0,0,0,0,False,800,15,0,8,7,1.6e-05,0.766286425247,48.0007377673,0.367823137529,0.766298203186,48.003472701,68.2877197266,0.066733292832,-0.308226509494,67.8825945941,-0.308226509494,0.000343600206705,1.35764501988,-47.076995881,-47.076995881,-10368.0524798,0,-10368,0,0,0,0.0035803205707,-0.172922834754,60,0.5,0.75,True,True,False,True,True,True,False,48.0007377673,0.0124356274456,0.281828377998,0.0149080157953,0.155968396741,0.00483505170004,0.113897155045,0.00366130822104,0.0766637081761,0.000683799070094,0.066512598769,0.00168936107215,0.0463494422707,0.000307969165095,0.0418623142522,0.000913748402435,0.0313420951615,0.000451090127751,0.0297434899591,0.00064957156468,0.0217683291521,0.000330211509165,0.0214923972822,0.000607998278876,0.0160569609251,0.000467366706885,0.0164153598741,0.000523222639828,0.0125729822056,0.00024835523728,0.0117200671741,0.000486188529789,0.0103672365161,0.000438111269146,0.00935696832405,0.000345963259673,0.00855331706302,0.000237330666419,0.00720442451966,0.000384727063327,46875,46875,46874,90,2f7ec62c75e26df83630fd051aeb4a07dacaf2b40d9c4fd34e8c8284441f8edc,882481
voltage_V011_selected,voltage,selected,V011,0,67.8822509939,216,400,60,0.001,0.0001,0.08,0.1,2e-07,10000,0,1,12,0,0,0,0,False,800,15,18,4,7,1.6e-05,0.348983600858,48.0009361969,0.167515395586,0.34899040747,48.0025559761,68.0361328125,0.0675612151102,-0.307872299457,67.8828768262,-0.307872299457,0.000625832271055,1.35764501988,-47.0228955881,-47.0228955881,-10368.0955865,0,-10368,0,0,0,0.0038817148948,-0.172922834754,60,0.5,0.75,True,True,False,True,True,True,False,48.0009361969,0.0113225958131,0.0654097065492,0.0146953434735,0.0372400380916,0.00467479116188,0.0286774866476,0.00434714870725,0.0853647211427,0.00103176470835,0.071872084852,0.0016928242345,0.0500248529067,0.000640161170277,0.0443359626645,0.000792473770085,0.0333310741662,0.000535482026462,0.0307810298985,0.000635986643598,0.0227218263892,0.000853725469732,0.0220796258642,0.000593745120726,0.0166070112505,0.000344452387687,0.0166936408145,0.000506026420716,0.0130218347966,0.000504030343324,0.01196762155,0.000514133867441,0.0105851196985,0.00028316167508,0.00936950873737,0.000465242489461,0.00871703511626,0.000463565644083,0.00736026620626,0.00057785405415,46875,46875,46874,90,deb4cc31e737bfa461bfd30c2321dacc11b2fa3cff4d0e07bf93c6d57857273d,942943
voltage_V012_initial,voltage,initial,V012,0,-67.8822509939,216,400,60,0.001,0.0001,0.08,0.1,2e-07,10000,0,1,12,0,0,0,0,False,800,15,0,8,7,1.6e-05,0.765958221019,48.0005153685,0.367663893596,0.765966444992,48.0030506269,68.2847442627,0.0608311929118,0.296037826858,-67.8823343211,0.296037826858,-8.33271746217e-05,1.35764501988,45.2153566496,45.2153566496,10368.012727,0,10368,0,0,0,0.00155306594945,-0.172922834754,60,0.5,0.75,True,True,False,True,True,True,False,48.0005153685,0.00119009944152,0.280950121458,0.0178606751647,0.158227581578,0.0064424763301,0.111343465564,0.00423807249175,0.0797883011425,0.00183259325728,0.0634709317072,0.00171110432116,0.0487896721546,0.00107667789082,0.0407889170372,0.000904934261187,0.0326495497464,0.000419441985866,0.0281429708405,0.000556456290696,0.0232826414706,0.000175416899224,0.0202233330723,0.000549036336894,0.017202870037,0.000395651239849,0.0153412208053,0.000382691592559,0.0133881253439,0.000217507362018,0.0118580706631,0.000370521903223,0.0104916981904,0.000311844673172,0.00930022943711,0.000366501117751,0.00865168450517,1.59102860201e-05,0.00707214869583,0.000419026544752,46875,46875,46874,90,39ba346901c5a48630cb7eb65ecff40e80174200c48f880c118eb1acaf5e7300,881885
voltage_V012_selected,voltage,selected,V012,0,-67.8822509939,216,400,60,0.001,0.0001,0.08,0.1,2e-07,10000,0,1,12,0,0,0,0,False,800,15,18,4,7,1.6e-05,0.351230493514,48.0007930922,0.168593422468,0.351236296809,48.0022156396,68.0293807983,0.0614750244699,0.295507905786,-67.8827293945,0.295507905786,-0.000478400572462,1.35764501988,45.1344191204,45.1344191204,10368.0730685,0,10368,0,0,0,0.00489845068526,-0.172922834754,60,0.5,0.75,True,True,False,True,True,True,False,48.0007930922,0.000272963092559,0.0655178764275,0.0170708077531,0.0376420643232,0.0067091782307,0.0286067972231,0.00408313258259,0.0883328918667,0.0014594795106,0.0688948558453,0.00117073775862,0.0522323761118,0.000981810125507,0.0439268290571,0.000704194024673,0.0342898820214,0.000108287660397,0.0296689426707,0.000259425692373,0.0244093852074,0.000611916437313,0.0212554010536,0.000408500897956,0.0176566645762,0.000504215566197,0.0155495465184,0.000333553376378,0.0137545661416,0.000436464004691,0.0122946401228,0.000542599508406,0.0106547554303,0.000188640779485,0.00935355454258,0.000420796025566,0.00881020653818,0.000165483520028,0.00725084440827,0.000540648196707,46875,46875,46874,90,033a777b6753cba55714108c975cc7048ddd8e650518d92787b756c657448441,944518
voltage_V013_initial,voltage,initial,V013,5.65685424949,0,264,400,60,0.001,0.0001,0.08,0.1,2e-07,10000,0,1,12,0,0,0,0,False,800,15,0,8,7,1.6e-05,7.75964257647,3.99457471957,0.309964720688,0.645759834768,4.01723907312,6.05216550827,0.0468484290461,5.64912696669,0.0248775945006,-0.00772728280597,0.0248775945006,0.3,1054.55750028,1054.55750028,-4.64405456354,1056,-0,0,0,0,0.00109903792989,-0.172922834754,60,0.5,0.75,False,True,True,True,True,True,False,3.99457471957,0.00695141800722,0.260918748099,0.0229750429575,0.133105886676,0.0107456743297,0.0796845931768,0.00586592476109,0.0469783424762,0.00349719939635,0.026133727165,0.00188281193743,0.0142274674861,0.000657078169909,0.0044880056223,0.000829149158379,0.00167946078835,0.00122415654564,0.00320443151619,0.00139343065188,0.00299231961468,0.00156474878541,0.00349197777558,0.0012829834149,0.00254893965705,0.00143003528194,0.00182638867146,0.000741434751169,0.000784806935369,0.000761248089575,0.000690571988328,0.00048140794868,0.00195441910186,0.000436830887103,0.00213538722393,0.000756985197927,0.00235467065737,0.000488715848523,0.00236677439617,0.000802838298819,46875,46875,46874,90,a709ae215cbeac17528039b281f9b896cda79bb16cfa9b02d466d33b4ef4f322,873576
voltage_V013_selected,voltage,selected,V013,5.65685424949,0,264,400,60,0.001,0.0001,0.08,0.1,2e-07,10000,0,1,12,0,0,0,0,False,800,15,18,4,7,1.6e-05,3.12118335454,3.99477129676,0.124684136766,0.259758618263,4.00744018625,5.8187918663,0.0498221991627,5.64940399367,0.0250986663405,-0.0074502558215,0.0250986663405,0.3,1054.60921463,1054.60921463,-4.68532341239,1056,-0,0,0,0,0.00332107880105,-0.172922834754,60,0.5,0.75,True,True,True,True,True,True,True,3.99477129676,0.00852407305641,0.0590145519234,0.0213058710155,0.0308583877274,0.010102804475,0.0230218088855,0.00683426892202,0.0732108798391,0.00352946543282,0.0483311945985,0.00289865970152,0.0351079586786,0.00138382033182,0.0228776044488,0.00147898509936,0.0155340501126,0.000628793382546,0.00948274395505,0.000726217922183,0.00739313406996,0.000849543730037,0.00399579714137,0.000374256354161,0.00209967610111,0.00102635197548,0.0017014666925,0.000475722228277,0.00162162419001,0.000880010278733,0.00167859059577,0.000561045745067,0.00168973931667,0.000645086852501,0.00137326043803,0.000694898190564,0.00168932865076,0.000433281879837,0.00112092671069,0.000670756656067,46875,46875,46874,90,683fad88fb2cabc1b42c67e3976bf4288600977c97c8068a107201dc7325d59b,935146
voltage_V014_initial,voltage,initial,V014,0,5.65685424949,264,400,60,0.001,0.0001,0.08,0.1,2e-07,10000,0,1,12,0,0,0,0,False,800,15,0,8,7,1.6e-05,8.08102514623,4.00007109659,0.323246751183,0.67343073163,4.02399722131,6.28336715698,0.0503945799368,-0.0333420295106,5.65685653562,-0.0333420295106,2.28613026021e-06,0.3,-6.22416304368,-6.22416304368,-1056.00042677,0,-1056,0,0,0,0.0015915359256,-0.172922834754,60,0.5,0.75,False,True,True,True,True,True,False,4.00007109659,0.0122070411204,0.268467662166,0.0216527993113,0.140339383066,0.00584925705124,0.0876573636174,0.00545033839558,0.0493286491734,0.00155395091774,0.0330122010246,0.00209422976982,0.013961831038,0.00085891851831,0.00835888588788,0.00064538409791,0.00367655898625,0.000774136033903,0.00311971787368,0.000302777401985,0.00880729429376,0.000731813895022,0.00709198426636,0.00079518480718,0.0105670891157,0.000885061519046,0.0076018041233,0.00083219113977,0.00911274736431,0.000730010813375,0.00652554621733,0.000713389033141,0.00707480964707,0.000636036706239,0.0047907463308,0.000506558066709,0.00453204587942,0.000456257498984,0.00344610856815,0.000332093756143,46875,46875,46874,90,d64aca4070c539f07f5d7a8ce8737c657e0f6f94ce5ad69e6ad3dfab3306fcf4,864310
voltage_V014_selected,voltage,selected,V014,0,5.65685424949,264,400,60,0.001,0.0001,0.08,0.1,2e-07,10000,0,1,12,0,0,0,0,False,800,15,18,4,7,1.6e-05,3.15720277513,4.00008793467,0.126290887281,0.26310601517,4.01302160755,6.1392531395,0.0513768529145,-0.0328127892541,5.6568834433,-0.0328127892541,2.91938101098e-05,0.3,-6.12536648887,-6.12536648887,-1056.00544979,0,-1056,0,0,0,0.00253593511122,-0.172922834754,60,0.5,0.75,True,True,True,True,True,True,True,4.00008793467,0.011134592071,0.0627064048942,0.0210928163345,0.0368046060898,0.00692051352767,0.0247516674897,0.00643980768372,0.0699403479947,0.00204090812121,0.0508305148525,0.0027521707225,0.02981381715,0.00065967310938,0.0240719442975,0.00119494342077,0.0112731615698,0.000530149769585,0.00863903519282,0.000426141614318,0.00140616637668,4.06067023346e-05,0.00175633005362,0.000205609070053,0.00419768405201,0.000235749483145,0.00282622331284,0.000437965650539,0.00647221303328,0.000374427736092,0.00423578495262,0.0005333481632,0.00692861873507,0.000496967881292,0.00482648484271,0.000725465536528,0.00674616898792,0.00045048874059,0.004787018029,0.000633425626943,46875,46875,46874,90,f4318278623ff9136ac097388d5aaae1e7f6fbafcd9f6bb2bc94d95c5db718f8,926251
voltage_V015_initial,voltage,initial,V015,0,-5.65685424949,264,400,60,0.001,0.0001,0.08,0.1,2e-07,10000,0,1,12,0,0,0,0,False,800,15,0,8,7,1.6e-05,8.11565168603,3.999960149,0.324622833273,0.676297569319,4.02371144489,6.32569551468,0.049966503042,0.0177163457221,-5.65677014897,0.0177163457221,8.41005218453e-05,0.3,3.30721992425,3.30721992425,1055.98430043,0,1056,0,0,0,0.00353464693988,-0.172922834754,60,0.5,0.75,False,True,True,True,True,True,False,3.999960149,0.0138296493911,0.268652045054,0.0208303231615,0.141261442916,0.00605005481803,0.0882683374511,0.0049423225119,0.0530346083312,0.00146299121593,0.033466800778,0.00180511073763,0.0174222038617,0.000646912544015,0.00876913139657,0.000369994025991,0.00108860948545,0.000535701447303,0.00283994156202,0.000240203078305,0.00664980398766,0.000340414135469,0.00723595428304,0.000679820111455,0.00869471639626,0.000624909791585,0.00816375747751,0.000745341278176,0.00785084776405,0.000559984271683,0.00698433449117,0.000684957789484,0.00617665198722,0.000501134750663,0.00509545719901,0.000490554361626,0.00420036294997,0.000369259083401,0.00332681426131,0.000314742841065,46875,46875,46874,90,321e860338cf7fb6d4712001c10c8da75125859ffc10686272419d192e137dc8,864288
voltage_V015_selected,voltage,selected,V015,0,-5.65685424949,264,400,60,0.001,0.0001,0.08,0.1,2e-07,10000,0,1,12,0,0,0,0,False,800,15,18,4,7,1.6e-05,3.20896214315,4.00050593864,0.128374721105,0.267447335636,4.01322124393,6.16645956039,0.0508642275229,0.0184857584757,-5.65753955416,0.0184857584757,-0.000685304669681,0.3,3.45085096581,3.45085096581,1056.12793006,0,1056,0,0,0,0.00423074936712,-0.172922834754,60,0.5,0.75,True,True,True,True,True,True,True,4.00050593864,0.0127127084038,0.062767467127,0.0204521274075,0.0354134058752,0.00656582237421,0.0251054226523,0.00582985252005,0.0724210107272,0.00187808932185,0.0508012118941,0.00198252066231,0.0332583609287,0.000769654185958,0.0240733627427,0.000828352925272,0.014669556639,0.000451603509887,0.00917349832334,9.74831232479e-05,0.0040068954469,0.000326790255353,0.00234150310593,0.000425825253318,0.00177164597826,4.22910722676e-05,0.00287173707805,0.000524745024584,0.00414221644952,8.81758201429e-05,0.00441748927663,0.000535127355729,0.00541986714447,0.00020563407727,0.00504158228802,0.000571064904972,0.00531918676205,0.000249515920422,0.00501666421316,0.000523591055772,46875,46875,46874,90,5000e4f5c566a473de6980c4725384e6f9e69086cdc651384f44986feb08db79,925964
voltage_V016_initial,voltage,initial,V016,11.313708499,11.313708499,264,400,60,0.001,0.0001,0.08,0.1,2e-07,10000,0,1,12,0,0,0,0,False,800,15,0,8,7,1.6e-05,3.06932174995,11.3098223371,0.347134836875,0.723197576822,11.3190239489,16.8385505676,0.0495285218871,11.2555741127,11.363811596,-0.0581343862895,0.0501030969662,0.32,2101.14769425,2101.14769425,-2121.35305526,2112,-2112,0,0,0,0.00360625957803,-0.172922834754,60,0.5,0.75,True,True,True,True,True,True,True,11.3098223371,0.0113002337008,0.273702380997,0.0157996182199,0.159817296039,0.00837752522291,0.101517699947,0.00660726882837,0.0668053663063,0.00327397280653,0.0470675972872,0.000682700715669,0.0363293271095,0.00202312249414,0.026144151039,0.00223787650595,0.0151477985886,0.00115587263154,0.00996770979938,0.000681436281563,0.00825900753245,0.000604079529472,0.00586161077356,0.000381553397656,0.0021324049115,0.000137047318487,0.00214720515228,0.000190857051318,0.00137765234449,0.000217136512041,0.00231547814825,0.000553415118135,0.00476345202342,0.00073725541875,0.00602974160518,0.000658075755855,0.00406048667564,0.000845440920214,0.0045236052726,0.000939192326073,46875,46875,46874,90,f57347ae10b3c969878d839bb5c78a4449ad2308e7e541ead965c1be9651ad12,869659
voltage_V016_selected,voltage,selected,V016,11.313708499,11.313708499,264,400,60,0.001,0.0001,0.08,0.1,2e-07,10000,0,1,12,0,0,0,0,False,800,15,18,4,7,1.6e-05,1.23894600813,11.3099424815,0.140124080897,0.291925168536,11.3146907774,16.6046676636,0.0503328433354,11.2552417959,11.364379877,-0.0584667031031,0.050671377975,0.32,2101.08565861,2101.08565861,-2121.45913979,2112,-2112,0,0,0,0.00380577060921,-0.172922834754,60,0.5,0.75,True,True,True,True,True,True,True,11.3099424815,0.0103470689856,0.0644008295037,0.016054947452,0.04187486981,0.00900203240365,0.0252373516482,0.00744701426503,0.0773086158785,0.0029716303541,0.0539842945784,0.000884540669561,0.042464965388,0.00233471317681,0.0321465905395,0.00217684477961,0.019766747948,0.00113302424997,0.0134278453613,0.000631502855858,0.0112328662108,0.000956699535149,0.00874793721165,0.00071906038926,0.00440682187851,0.000308518535775,0.000873587421441,0.00012344179132,0.00243117623051,0.000123548270208,0.000702593027054,0.00023118860369,0.00280989932464,0.000363843598407,0.00444895920322,0.000330851789911,0.00278961799642,0.000354976564586,0.00288643689813,0.000594041963822,46875,46875,46874,90,8c5dce5fec8e85463d6bc3b5a3ad2787233dfc12987bb36f6d370fec41901329,934611
voltage_V017_initial,voltage,initial,V017,11.313708499,-11.313708499,264,400,60,0.001,0.0001,0.08,0.1,2e-07,10000,0,1,12,0,0,0,0,False,800,15,0,8,7,1.6e-05,3.06401772069,11.3105678394,0.346557802909,0.721995422728,11.3195571414,16.8363227844,0.0465998688594,11.3572059986,-11.2637365738,0.0434974995967,0.0499719251859,0.32,2120.11994751,2120.11994751,2102.67143139,2112,2112,0,0,0,0.00394676949921,-0.172922834754,60,0.5,0.75,True,True,True,True,True,True,True,11.3105678394,0.0120292582246,0.273912740347,0.0162758124097,0.158805261546,0.0077406090178,0.10010054846,0.00657590939651,0.0677350447565,0.00408640591523,0.0484167998126,0.00104300631062,0.0344827233044,0.00170123803935,0.0241627058111,0.00174176061145,0.0160016417361,0.00142711028236,0.0106456583846,0.000689985785501,0.00731461073221,0.000484494375747,0.00509048825121,0.000380485380575,0.00129294141932,0.000244721118502,0.00187216371832,0.000238802062683,0.00261369714738,0.000462739081772,0.00371680284765,0.00064101107819,0.00466658139149,0.000887919066338,0.0055726085674,0.000840976569382,0.00512179298478,0.000996170551231,0.00568898900184,0.00105903306687,46875,46875,46874,90,bba44ab8c62b800e86a2db91fda6e9b577ecf90f85b798c07a7dc1f80f5fea1d,876579
voltage_V017_selected,voltage,selected,V017,11.313708499,-11.313708499,264,400,60,0.001,0.0001,0.08,0.1,2e-07,10000,0,1,12,0,0,0,0,False,800,15,18,4,7,1.6e-05,1.24792575208,11.3107387371,0.141149621451,0.294061711356,11.3152976633,16.5879020691,0.0473190077195,11.3578591411,-11.2634212071,0.044150642101,0.0502872919008,0.32,2120.24187366,2120.24187366,2102.61255993,2112,2112,0,0,0,0.00206351581321,-0.172922834754,60,0.5,0.75,True,True,True,True,True,True,True,11.3107387371,0.0124429964761,0.0642836754487,0.0170181631967,0.0421549917608,0.00791468143598,0.0248891916994,0.00749687897839,0.0779844984824,0.0045792468885,0.0562929936946,0.00120253779041,0.0414124030001,0.00165584031012,0.0304118764824,0.00216511012584,0.0208937104227,0.00167477078179,0.0146117355839,0.00089441057122,0.0109995763323,0.000881141596342,0.00828363624358,0.000642645628563,0.00415426083812,0.000363503705057,0.00100781091598,0.000238920367166,0.000564985373071,9.96525937744e-05,0.000968686762888,0.000412877472593,0.00241834117479,0.000464037881205,0.00368673647111,0.000490646660851,0.00327242597817,0.000413949512777,0.00391750032533,0.00058553812208,46875,46875,46874,90,cb75b3bd18a4e0327ef62acee45e90e2c0f5779170d3cd8303ff088db92d66b0,938326
voltage_V018_initial,voltage,initial,V018,22.627416998,22.627416998,264,400,60,0.001,0.0001,0.08,0.1,2e-07,10000,0,1,12,0,0,0,0,False,800,15,0,8,7,1.6e-05,1.60541890917,22.6239464157,0.363209113758,0.756685653662,22.6288281253,32.8380775452,0.0526325024112,22.5184465282,22.7289566148,-0.10897046976,0.10153961687,0.64,4203.65780786,4203.65780786,-4242.95502884,4224,-4224,0,0,0,0.00370574971182,-0.172922834754,60,0.5,0.75,True,True,True,True,True,True,True,22.6239464157,0.0101966958628,0.277007710059,0.0167241344431,0.165111429185,0.00747839758715,0.109728299243,0.00584436686898,0.0759048887917,0.00265342695292,0.0570995636324,0.000343668260279,0.0472780217859,0.00143057818797,0.0394824765203,0.00174421575059,0.0285326689213,0.0013004842817,0.0222167455329,0.000896757292165,0.0193126982985,0.00109226942988,0.0179866506588,0.000911190398458,0.0138490269126,0.000552595101067,0.00938148141228,0.000840100806677,0.00961843867514,0.000696711472528,0.00935984031849,0.00059598325628,0.00709716014711,0.000415853992216,0.00397253844171,0.000549266639599,0.00463603936579,0.00052694321715,0.00494591189972,0.000401964473371,46875,46875,46874,90,64ab462221bdce7def28b7f4fc0912ff1167f0b06e9bc02e628d590dee566f1d,871551
voltage_V018_selected,voltage,selected,V018,22.627416998,22.627416998,264,400,60,0.001,0.0001,0.08,0.1,2e-07,10000,0,1,12,0,0,0,0,False,800,15,18,4,7,1.6e-05,0.713071241191,22.623932844,0.161324758737,0.336093247369,22.6264746808,32.5920257568,0.052568270804,22.5185242642,22.7288525805,-0.108892733729,0.101435582502,0.64,4203.67231932,4203.67231932,-4242.9356081,4224,-4224,0,0,0,0.00502302987987,-0.172922834754,60,0.5,0.75,True,True,True,True,True,True,True,22.623932844,0.00923886037103,0.0664105517305,0.0174145100175,0.0424404290479,0.00809683689953,0.027026305331,0.00654540690334,0.0847579897365,0.00282190305237,0.0631404857755,0.000202246636225,0.0508725173924,0.00164660841383,0.042593378616,0.00179637691618,0.0303562690802,0.0012572419871,0.024126238753,0.000881458087464,0.0208019283355,0.000908746478317,0.0193854064199,0.000882092745791,0.0146995039493,0.000624228641534,0.0107003120144,0.000560988517786,0.0102991279258,0.000647116081217,0.0103940568043,0.000450847189297,0.00756846667845,0.000253175271916,0.00458545046989,0.000417563735769,0.00508429555048,0.000500755174257,0.00575286315435,0.00029909842168,46875,46875,46874,90,682ae5f176f14a9761305de3577b1386e13939687638f046b2bd9c4f18034b09,936332
voltage_V019_initial,voltage,initial,V019,22.627416998,-22.627416998,264,400,60,0.001,0.0001,0.08,0.1,2e-07,10000,0,1,12,0,0,0,0,False,800,15,0,8,7,1.6e-05,1.60801206085,22.6251435513,0.363815037089,0.757947993935,22.6298466363,32.8373374939,0.0477001331975,22.7230848997,-22.52677638,0.0956679017487,0.100640617951,0.64,4241.85891943,4241.85891943,4205.21279286,4224,4224,0,0,0,0.00393132498382,-0.172922834754,60,0.5,0.75,True,True,True,True,True,True,True,22.6251435513,0.0147945070055,0.277310060152,0.0182391826277,0.164856315389,0.00796684614504,0.107947462079,0.00558807833004,0.0775048502955,0.00323123872034,0.0598230492851,0.000315824998576,0.0471985272157,0.00162379638903,0.0376995080516,0.00169917952615,0.0293442084583,0.00140882773442,0.0240460229226,0.000651617761179,0.0203309201605,0.00098171748457,0.0177469474347,0.000770695317963,0.0131866335818,0.000796906459393,0.0106507894035,0.000508537256791,0.00984068014895,0.000769866152552,0.00817632819345,0.000528775816029,0.00650592324213,0.000595156945902,0.00501105121862,0.000376223722738,0.00501469046285,0.000496511014324,0.00392003696765,0.000391683665588,46875,46875,46874,90,5fd71c4a8fd16db0d8d6870a9e4cef2f8b7ac0af2bf34aeba832fc86c3b53cdf,877026
voltage_V019_selected,voltage,selected,V019,22.627416998,-22.627416998,264,400,60,0.001,0.0001,0.08,0.1,2e-07,10000,0,1,12,0,0,0,0,False,800,15,18,4,7,1.6e-05,0.721322069575,22.6250708107,0.163199629014,0.339999227113,22.6274337025,32.5833435059,0.0473105179514,22.7232844006,-22.5264290206,0.0958674026791,0.100987977333,0.64,4241.8961615,4241.8961615,4205.14794913,4224,4224,0,0,0,0.00439679149834,-0.172922834754,60,0.5,0.75,True,True,True,True,True,True,True,22.6250708107,0.0148135768057,0.0644821856106,0.0187143890016,0.0435324215415,0.00812280071956,0.0266352147586,0.00700668165659,0.0862848139572,0.00348757499517,0.06530511428,0.000369766968505,0.0513111656721,0.00117574048716,0.0404193379973,0.0019086741755,0.0318142248219,0.00162387640184,0.0256030540992,0.000748429942959,0.0217601526658,0.00079974048367,0.0190630636608,0.000903867553347,0.0145871386312,0.000943050033362,0.0118632793388,0.000727386892069,0.0107148575265,0.000646081690893,0.00885306686844,0.000417816233594,0.00728433264304,0.000576856955414,0.00562277425344,0.00068177379907,0.00553119294187,0.000498253202506,0.00434517686995,0.000266059242453,46875,46875,46874,90,04e335399b5bcad1050c645bcb023448432a662e5a1a793a6ad7c8217a716511,939085
voltage_V020_initial,voltage,initial,V020,45.2548339959,0,264,400,60,0.001,0.0001,0.08,0.1,2e-07,10000,0,1,12,0,0,0,0,False,800,15,0,8,7,1.6e-05,1.13178863365,31.9955180808,0.362121636915,0.754420076906,31.9988603717,45.6185455322,0.0502260658964,45.248042645,0.202463109305,-0.00679135096606,0.202463109305,0.905096679919,8446.73221648,8446.73221648,-37.7950419078,8448,-0,0,0,0,0.00246100571396,-0.172922834754,60,0.5,0.75,True,True,True,True,True,True,True,31.9955180808,0.0127435991031,0.276189217033,0.020472744565,0.154764142607,0.00875507949299,0.108657402213,0.00472415480918,0.0803343825316,0.00301315289899,0.0616524563727,0.00211932662476,0.0500406561558,0.0013891776973,0.0402276336569,0.00135999471537,0.0328887709822,0.000816932892124,0.0279235568183,0.00085130731537,0.0236458135508,0.000408474297132,0.0200041659555,0.000454807963211,0.0175341892153,0.000346841107707,0.0152444756864,0.000464865258567,0.0134269820541,0.000228572224918,0.0119683278238,0.000383448219784,0.0106047022312,0.000184987788565,0.00912592183992,0.000281091775733,0.00853650531871,0.000296153202414,0.00795028984143,0.000167262070477,46875,46875,46874,90,9a92f1ffcdee018364ccd1f2700c84aee71af87565be6abf169f0554cfbf8dab,892117
voltage_V020_selected,voltage,selected,V020,45.2548339959,0,264,400,60,0.001,0.0001,0.08,0.1,2e-07,10000,0,1,12,0,0,0,0,False,800,15,18,4,7,1.6e-05,0.518750676911,31.9960029931,0.165979482111,0.345790587732,31.9977298708,45.365978241,0.0509471215929,45.2487293491,0.202255681874,-0.00610464687102,0.202255681874,0.905096679919,8446.86040778,8446.86040778,-37.7563201453,8448,-0,0,0,0,0.00225644403152,-0.172922834754,60,0.5,0.75,True,True,True,True,True,True,True,31.9960029931,0.0129816920642,0.0618837710392,0.0201269572258,0.0327116298197,0.0089944180463,0.0258381575561,0.00536820706766,0.0886998941061,0.00294043349141,0.0673613495703,0.00203379329277,0.0531129710292,0.00128955259211,0.0421358997812,0.000874015511366,0.0348576227928,0.00085238625802,0.0288123069625,0.000368179276254,0.0241599530884,0.000212986798904,0.0207736992274,0.00038309654212,0.0178906953464,0.000213146291876,0.0152292861576,8.11831506048e-05,0.0136932653751,0.000234004476097,0.012145191438,0.000116245603065,0.0105542060983,5.73562206043e-05,0.00925509264085,0.000247218812345,0.00865680492516,0.000146363816188,0.0078112413909,1.87183895819e-05,46875,46875,46874,90,78d31339c4ff3eaf54452b9f85b3d0ec6fad3f9a9c867bae6921a9db570f8b50,954604
voltage_V021_initial,voltage,initial,V021,0,45.2548339959,264,400,60,0.001,0.0001,0.08,0.1,2e-07,10000,0,1,12,0,0,0,0,False,800,15,0,8,7,1.6e-05,1.14975754019,32.0008784239,0.367932512607,0.76652606793,32.00450234,45.6774520874,0.0572339122824,-0.211631764653,45.2555814436,-0.211631764653,0.000747447657602,0.905096679919,-39.5066115578,-39.5066115578,-8448.13953068,0,-8448,0,0,0,0.00274699751739,-0.172922834754,60,0.5,0.75,True,True,True,True,True,True,True,32.0008784239,0.00573924486653,0.281138360722,0.0181306196754,0.157751792462,0.00552814157124,0.112792595363,0.00376224101579,0.0774300449897,0.0012380709066,0.0655917870176,0.00173187275851,0.0466990322112,0.000118811176436,0.0434615845356,0.000653840556406,0.03065459288,0.00074971812349,0.0293864237268,0.000491078488371,0.0218430821427,0.000488768368476,0.0218242739112,0.000598045989537,0.0159735706628,0.000579778295745,0.0172491184227,0.000138629123978,0.0117626365262,0.000525150727573,0.013032844378,0.000373122185361,0.00893183015648,0.000495305809011,0.0110402098836,0.000365158480824,0.00715578319179,0.000515152881129,0.00870060711704,0.000193515585558,46875,46875,46874,90,3aa6a12526916c7c80fbe5ca2a77fb1ee4362843491cfef286fa949ab3b6e2ec,888803
voltage_V021_selected,voltage,selected,V021,0,45.2548339959,264,400,60,0.001,0.0001,0.08,0.1,2e-07,10000,0,1,12,0,0,0,0,False,800,15,18,4,7,1.6e-05,0.526441601091,32.0007127478,0.16846506455,0.350968884479,32.0026660992,45.3972969055,0.0572398872848,-0.211827186664,45.2553462253,-0.211827186664,0.000512229372511,0.905096679919,-39.5430921943,-39.5430921943,-8448.09562103,0,-8448,0,0,0,0.00251165952533,-0.172922834754,60,0.5,0.75,True,True,True,True,True,True,True,32.0007127478,0.00545312406194,0.065029032563,0.0191267016618,0.0380065702288,0.00741452957689,0.0282926188285,0.00580967032948,0.0864878624076,0.00165252265089,0.0708411124099,0.00199650562362,0.050634394729,0.000363251530289,0.0458268398886,0.00135030298657,0.032403602913,0.000132849682564,0.0304973225819,0.000511625362128,0.0230396452199,0.000480928335131,0.022392189258,0.000502231710743,0.0168073243847,0.000340260510021,0.0172932863868,0.000663739012622,0.0120400104479,0.000253417918762,0.0131438685702,0.000251816427862,0.0093019064609,0.000351396226556,0.0110488733677,0.000174044928961,0.00745788363584,0.000186669087136,0.00858267678761,0.000325611552343,46875,46875,46874,90,42884cdbfead7f219f200cf91874d1687168d57b33910d467657f0a9d5ab6772,951385
voltage_V022_initial,voltage,initial,V022,67.8822509939,0,264,400,60,0.001,0.0001,0.08,0.1,2e-07,10000,0,1,12,0,0,0,0,False,800,15,0,8,7,1.6e-05,0.755313591992,47.9971539801,0.362529027781,0.755268807876,47.9993645363,68.2242507935,0.0493094104311,67.8775454135,0.303988510428,-0.0047055804292,0.303988510428,1.35764501988,12671.1215802,12671.1215802,-56.7474170013,12672,-0,0,0,0,0.00332525127355,-0.172922834754,60,0.5,0.75,True,True,True,True,True,True,True,47.9971539801,0.0144782328769,0.277015566269,0.0204947860295,0.154714597502,0.00851231379963,0.108231507565,0.00422408677288,0.0804846403219,0.00303109031162,0.0620130596662,0.00191914806554,0.049301093459,0.00141627711374,0.0402312492174,0.000942074636801,0.0328740122757,0.000727573912199,0.0279617484533,0.000600929026376,0.0228031160318,0.000340647052381,0.0194884160899,0.000339602922455,0.0174494277657,0.000340021523003,0.0146200459554,0.00023887031414,0.0131230909,0.000387802061475,0.0120400133411,8.89157329839e-06,0.0104202964261,0.000163612425871,0.00929873348578,0.000273366164257,0.00842921658433,0.000261168141601,0.00807812764472,0.000135423532328,46875,46875,46874,90,4afc5bef7ac2ce8e4002fb53e83472ee5aa35680717bc227ad9aa8502dcf92ec,888841
voltage_V022_selected,voltage,selected,V022,67.8822509939,0,264,400,60,0.001,0.0001,0.08,0.1,2e-07,10000,0,1,12,0,0,0,0,False,800,15,18,4,7,1.6e-05,0.34592776941,47.9968187927,0.166034324637,0.345904842994,47.997950393,67.9702758789,0.050419485278,67.8770711889,0.304031679208,-0.00517980502187,0.304031679208,1.35764501988,12671.0330537,12671.0330537,-56.7554755847,12672,-0,0,0,0,0.00167632846928,-0.172922834754,60,0.5,0.75,True,True,True,True,True,True,True,47.9968187927,0.0147427700171,0.0631228734452,0.0197525483451,0.0318169934449,0.00806114916049,0.0262791201975,0.00523977080223,0.0887646271029,0.00249243479662,0.0671528227747,0.00128378268982,0.052631043902,0.000687601854147,0.0423400696466,0.000562142331086,0.0347632782103,0.000257641228521,0.0291690611531,7.13625418278e-05,0.0234859691764,0.000361742576855,0.0200630374218,0.000273991793895,0.0175951118006,0.000253844786535,0.0151990897406,0.000268920240436,0.0133030123598,0.00013038886281,0.0121635012036,0.000365349997422,0.0106193054915,0.000217093007937,0.00942545514177,0.000250863960623,0.00851389557691,0.000201473136057,0.00813416315829,0.000294205410905,46875,46875,46874,90,af7837be543168926de6761f68e44f81ec8b11a7b8eb086e73abc8b43172a521,950599
voltage_V023_initial,voltage,initial,V023,0,67.8822509939,264,400,60,0.001,0.0001,0.08,0.1,2e-07,10000,0,1,12,0,0,0,0,False,800,15,0,8,7,1.6e-05,0.767212337331,48.000553197,0.368266166115,0.767221179405,48.0030250731,68.2983856201,0.0590100552756,-0.314159422037,67.8823063714,-0.314159422037,5.53774563059e-05,1.35764501988,-58.6460840318,-58.6460840318,-12672.0103377,0,-12672,0,0,0,0.00477258027344,-0.172922834754,60,0.5,0.75,True,True,False,True,True,True,False,48.000553197,0.0028153003045,0.281597010559,0.0184511742012,0.157181999811,0.0062235783566,0.113422443205,0.00443693437676,0.0771225530293,0.0014973352116,0.0652923445431,0.00193376497515,0.0467303532802,0.000698971408938,0.0438295221663,0.000766728066207,0.0315489954752,0.000247855823545,0.0292889070507,0.000509757241724,0.0223293365386,0.00034494059161,0.0214426214182,0.000442864708218,0.0161494236637,0.000190745246195,0.0169563567883,0.000381749336551,0.0127097746638,0.000207340583759,0.0127973988466,0.000205461033319,0.00953810615946,0.000206896011109,0.0105179981533,0.000296331057408,0.00809889915363,0.000246519455367,0.00831494780954,0.000230574357593,46875,46875,46874,90,71a8f4f7886a0d9635451749cff954ef5476accce108b981af05847bc0aae81f,883079
voltage_V023_selected,voltage,selected,V023,0,67.8822509939,264,400,60,0.001,0.0001,0.08,0.1,2e-07,10000,0,1,12,0,0,0,0,False,800,15,18,4,7,1.6e-05,0.350580573546,48.0009777621,0.168282103146,0.350587714887,48.002333766,68.0366210938,0.0596383493253,-0.313935436147,67.8829078397,-0.313935436147,0.000656845782288,1.35764501988,-58.6042711992,-58.6042711992,-12672.1226175,0,-12672,0,0,0,0.00282403209913,-0.172922834754,60,0.5,0.75,True,True,False,True,True,True,False,48.0009777621,0.003086727785,0.0650578044331,0.0181208716877,0.037766998989,0.00664501595052,0.0288333771294,0.00556763126416,0.086040466367,0.00176871550531,0.0705231143093,0.00178378208082,0.0505100543435,0.000197518268213,0.0463796632916,0.00107349068478,0.0332158207548,0.000383534715245,0.0301297943987,0.000343779308241,0.0235033765189,0.000577371538003,0.0223407398049,0.000488043009078,0.0167711222393,0.000176004235711,0.017151939324,0.000403604939508,0.0131617738362,0.000362046184233,0.0130657645853,0.000339943697883,0.00983783852966,0.000224993221236,0.0104935929965,0.000280568988595,0.00820818819067,0.000514833260352,0.00843074147918,0.000487049236423,46875,46875,46874,90,9671e4208a0b3603481dd0d1e3cfdb5579552c037df5fd1bfbd46d1fc216317c,945207
voltage_V024_initial,voltage,initial,V024,0,-67.8822509939,264,400,60,0.001,0.0001,0.08,0.1,2e-07,10000,0,1,12,0,0,0,0,False,800,15,0,8,7,1.6e-05,0.68978231705,47.998870197,0.331087719002,0.689766081255,48.0007936027,68.2998886108,0.0449872505938,0.295193346417,-67.8800113528,0.295193346417,0.0022396411004,1.35764501988,55.1055692913,55.1055692913,12671.5819123,0,12672,0.0463999994099,0,0,0.00198074330471,-0.172922834754,60,0.5,0.75,True,True,False,True,False,True,False,47.998870197,0.0206554853984,0.269487183275,0.0208989692935,0.143371761706,0.00849241293128,0.0896888556497,0.00425252839219,0.0553957363445,0.00287560810792,0.0367308394992,0.00147384158178,0.0228832058228,0.00140617613264,0.0172072056279,0.000544997463183,0.0143184029865,0.00114659292072,0.0155900787764,0.000492486842743,0.0162427979341,0.000793614684594,0.0152913231475,0.000396722494426,0.0163836654954,0.000539815164961,0.0151795210977,0.000265857595042,0.0147475706548,0.000321597104512,0.0128856102305,0.000399321622371,0.0117136310487,0.000315538184232,0.00994087232698,0.000337906419115,0.00875305390307,0.000280248857806,0.00694089238332,0.000314243223878,46875,46875,46874,90,8e25fbc19405db63eba75e456b138bfd9b9909d8ccd294e7dd0a71523e5ce18d,876304
voltage_V024_selected,voltage,selected,V024,0,-67.8822509939,264,400,60,0.001,0.0001,0.08,0.1,2e-07,10000,0,1,12,0,0,0,0,False,800,15,18,4,7,1.6e-05,0.26040582815,47.9997063322,0.124994032784,0.260404234967,48.000651739,68.0670700073,0.046040724224,0.290900915879,-67.8812123684,0.290900915879,0.00103862548983,1.35764501988,54.3042747116,54.3042747116,12671.8061134,0,12672,0.0598400011659,0,0,0.00330816642531,-0.172922834754,60,0.5,0.75,True,True,False,True,False,True,False,47.9997063322,0.0198501890908,0.062026291753,0.0210862103042,0.0340095801581,0.00911824273528,0.0227582075717,0.00518262487165,0.0606848622947,0.00371910498178,0.0417881337133,0.00139220016342,0.0289180365458,0.00172488870774,0.0246693798121,0.000494431265126,0.0217551182376,0.00135212982283,0.0212883808343,4.52879369489e-05,0.01972200599,0.000588714741883,0.0173872295267,0.000410631562111,0.0154986090702,0.000556991813378,0.0130873185842,0.000685400378864,0.0106645198454,0.000313574816266,0.0080732533804,0.000468457391936,0.00570399580467,0.000356831978452,0.00365847411568,0.000520976425075,0.00142543877953,0.000357730389087,0.000127343112897,0.000438454856484,46875,46875,46874,90,1756a5223b59a465ca443de54c9a8d32596975fa1bc6f292f7a4795d5cfa7ecf,934832
variation_R001_initial,variation,initial,R001,5.65685424949,0,240,407.449318837,60.081068526,0.00102233573377,0.000171466625985,0.0949636183155,0.104304614107,2.41289662201e-07,9070.28572835,0.036651040746,1.00416568281,12,0.0114798523625,0.00514674728196,0,0,False,800,15,0,8,7,1.6e-05,9.29779948566,3.98060587135,0.370108752232,0.771059900483,4.00908491403,6.22868394852,0.0205010351664,5.62937935864,0.0231136851991,-0.027474890848,0.0231136851991,0.3,955.997642183,955.337356409,-3.9225224502,960,-0,0,0,0,0.00147298629001,-0.282401144505,60.0810699463,0.500337329744,0.75,False,True,True,True,True,True,False,3.98060587135,0.00129140051052,0.31302065051,0.0136441981251,0.164136747495,0.00377948394255,0.090922048215,0.00140914097921,0.0510906671957,0.00050511195118,0.0269402456294,0.00062872824695,0.0104763275138,0.000635698915512,0.00220534827114,0.000788584603221,0.00275630441225,0.000630708607405,0.00469799302433,0.000562019377326,0.00427951152033,0.000365093757618,0.00379951816842,0.000277172097413,0.00299706756176,0.000246987576695,0.00109372039771,0.0001988757263,0.00167475107129,0.000266654871657,0.00213495576673,0.000251125725956,0.0031432811436,0.000226408481442,0.00361869934113,0.000171252316266,0.00375813345689,0.000150779928339,0.00401119698269,0.000175715417829,46875,46875,46874,90,24be8ff7e4971531099630afb274c3b5f94baa79e486246117802af30eaffaa0,939541
variation_R001_selected,variation,selected,R001,5.65685424949,0,240,407.449318837,60.081068526,0.00102233573377,0.000171466625985,0.0949636183155,0.104304614107,2.41289662201e-07,9070.28572835,0.036651040746,1.00416568281,12,0.0114798523625,0.00514674728196,0,0,False,800,15,18,4,7,1.6e-05,3.65129927226,3.98150663158,0.145376722664,0.302868172216,3.99551983814,5.9548163414,0.020882384853,5.63065189567,0.0234380974692,-0.0262023538236,0.0234380974692,0.3,955.703682285,955.553313103,-3.97757703806,960,-0,0,0,0,0.00338282271138,-0.282401144505,60.0810699463,0.500337329744,0.75,True,True,True,True,True,True,True,3.98150663158,0.00129822321584,0.0704829289124,0.0133647544284,0.0414613697564,0.00435048024834,0.0292608885736,0.00213025139969,0.0860316416059,0.000641257334198,0.0582649917665,0.000416821006642,0.0378045749061,0.000136392112131,0.0255780145311,0.000706724600304,0.0174821201299,0.000527764752048,0.0107609248822,0.000624466634286,0.00664702214858,0.000373798279473,0.00346664048489,0.000421279563224,0.0019615585034,0.000240673200331,0.0017285279483,0.000257113366661,0.00227909684313,0.000177292468386,0.00237373073935,5.4784474051e-05,0.00236522097571,7.88092454052e-05,0.00155832370542,7.75895129763e-05,0.0013584636172,2.77643127605e-05,0.000661955320069,0.000100290764369,46875,46875,46874,90,06d8eec8dcda41b426b49b5e3098e077c54b546923d7c23cfdd2119c7a9f31e6,1002051
variation_R002_initial,variation,initial,R002,0,5.65685424949,240,397.027157469,60.106101272,0.00105010735139,0.000211751066552,0.0677924376439,0.0616618261015,2.26806260055e-07,11682.9352047,-0.0458210736467,0.999948423771,12,0.002989007454,0.00319259202549,1,0,False,800,15,0,8,7,1.6e-05,8.85613959744,4.00365458275,0.354569238847,0.738685914265,4.02970760495,6.24392461777,0.0894865920833,-0.0222848076696,5.6619787551,-0.0222848076696,0.00512450561091,0.3,-3.77866294413,-3.78185726895,-960.86965744,0,-960,0,0,0,0.00253322396541,-0.316343456507,60.1061019897,0.500441308244,0.75,False,True,True,True,True,True,False,4.00365458275,0.0120187816462,0.30273078215,0.0277077278252,0.151774762333,0.00338368727683,0.0828609752984,0.00899269531487,0.0363019876281,0.00218401733408,0.0186448417938,0.00212261361149,0.00384944336056,0.00194254678276,0.00630806673902,0.00213876643178,0.0161749953049,0.00359305677387,0.0136097480865,0.0038947945414,0.0175882176431,0.00417870826133,0.0127327109065,0.00400627325486,0.0140124134513,0.00354036502879,0.00899620422555,0.00313890931088,0.00877283585146,0.00235808758536,0.00530300459436,0.00183995307352,0.0045295686616,0.00113822349084,0.00281874827006,0.000779472839038,0.00189828806536,0.000279775760684,0.00142286592202,0.000176573304238,46875,46875,46873,90,9d95d599454924d5c1012de96c517268f6c55243f7cea476a956e4c6e129d3b7,925615
variation_R002_selected,variation,selected,R002,0,5.65685424949,240,397.027157469,60.106101272,0.00105010735139,0.000211751066552,0.0677924376439,0.0616618261015,2.26806260055e-07,11682.9352047,-0.0458210736467,0.999948423771,12,0.002989007454,0.00319259202549,1,0,False,800,15,18,4,7,1.6e-05,3.20493772153,4.0036827925,0.128315540068,0.267324041807,4.01629142586,6.08716392517,0.0943338549902,-0.0225916255909,5.66201743413,-0.0225916255909,0.00516318464119,0.3,-3.81999882378,-3.83392599681,-960.876221489,0,-960,0,0,0,0.00252409902203,-0.316343456507,60.1061019897,0.500441308244,0.75,True,True,True,True,True,True,True,4.0036827925,0.00920304062409,0.0710831229399,0.0247183172407,0.0426079372632,0.00368602708589,0.0262481904198,0.0102642902701,0.0671524277126,0.00363893269254,0.0454915355229,0.00429475333182,0.0209700523738,0.00217817515216,0.0150789106648,0.00101273573385,0.000911487387026,0.000613869767232,0.000681176314385,0.00102552915921,0.00815579695535,0.00135706296465,0.00640596123492,0.00231609075318,0.0118712209377,0.00210596274584,0.00849217767463,0.00290268606654,0.0113323250395,0.00244637142445,0.00805081508053,0.00288714350047,0.0102872622768,0.00231262593934,0.00664344916886,0.00266040134588,0.00801616720845,0.00195650959186,0.00485389421281,0.00213262834521,46875,46875,46873,90,f7aee9e930630094785f87d13d8f6c9fd71196b9856288319413a18371078bfc,986045
variation_R003_initial,variation,initial,R003,0,-5.65685424949,240,392.043319254,59.7628171018,0.000985362011865,0.000241158569598,0.08345757437,0.157749637578,1.56407150479e-07,11537.0723903,-0.00395225674287,1.00268780366,12,0.0107947169786,0.00225812236005,0,0,False,800,15,0,8,7,1.6e-05,5.99041088685,3.98157599399,0.238512761812,0.496901587108,3.9982672642,6.13885545731,0.0555918607621,0.027706344846,-5.63073060537,0.027706344846,0.0261236441189,0.3,4.74467524365,4.7019226374,955.566670583,0,960,0,0,0,0.00103559771431,0.14842556417,59.7628173828,0.499007815772,0.75,False,True,True,True,True,True,False,3.98157599399,0.00637138719232,0.196496881524,0.0219499858957,0.103143112925,0.00478716366634,0.0656341460034,0.00603746232771,0.0393003538287,0.00160166473151,0.0241201831089,0.00251003838166,0.0125796307624,0.00102267837281,0.00554184791578,0.000857808170041,0.000584438175831,0.00070444916533,0.00333118501858,0.000432052765395,0.00539769876677,0.000882715639361,0.0066708243138,0.000958517055923,0.00735085435285,0.00114268604198,0.00777106920208,0.00120737196599,0.00724410054337,0.00121034032394,0.00703539502218,0.00118833917552,0.00632951483899,0.00116924758879,0.00557595620971,0.000992629913418,0.00468032745163,0.000996308898336,0.00410242746671,0.000755411503135,46875,46875,46874,90,c6f99c58fc11d535988cb998872bf70b6e178f7db569b4fced88e6545bebc510,940663
variation_R003_selected,variation,selected,R003,0,-5.65685424949,240,392.043319254,59.7628171018,0.000985362011865,0.000241158569598,0.08345757437,0.157749637578,1.56407150479e-07,11537.0723903,-0.00395225674287,1.00268780366,12,0.0107947169786,0.00225812236005,0,0,False,800,15,18,4,7,1.6e-05,2.35637876265,3.98137078267,0.0938161755853,0.195450365803,3.9920669968,6.03115272522,0.056978990807,0.0276339196036,-5.63044074515,0.0276339196036,0.0264135043427,0.3,4.70237827558,4.68963166619,955.517479671,0,960,0,0,0,0.00118541100966,0.14842556417,59.7628173828,0.499007815772,0.75,True,True,True,True,True,True,True,3.98137078267,0.00608384851638,0.0468575882749,0.0208780387343,0.0278778774475,0.0050954508576,0.0194915506391,0.00619399124286,0.0523011494347,0.00159481560557,0.0349112365516,0.00227004715975,0.0220017313441,0.000885746073684,0.0138980532734,0.00127608691236,0.00828267745538,0.00025108156857,0.0044711277,0.000485085729406,0.000628218388903,0.000204404672675,0.00131931358009,0.000116122097425,0.00288995292393,0.00052727710309,0.00386199626607,0.000400454546331,0.00482017653572,0.000809392238257,0.00493415594946,0.00064125748961,0.00524334208283,0.0008641674884,0.00515886635614,0.00066227231034,0.00509553741756,0.000963906760688,0.00486859308009,0.000800402973323,46875,46875,46874,90,432f8c837663b94f7e47a84f9c3426e1ebbf6b8c032af57cec94663d8c135baa,1002326
variation_R004_initial,variation,initial,R004,11.313708499,11.313708499,240,405.919982207,59.5839924177,0.000956209607736,9.44686551055e-05,0.0661089741545,0.0741116315398,2.18394402368e-07,11239.2070659,0.00437123829497,1.00205002509,12,0.00863294515776,0.00485999666379,1,0,False,800,15,0,8,7,1.6e-05,3.27202920049,11.2467421435,0.36799668704,0.766659764666,11.2581833963,16.9331703186,0.0635523531395,11.1439237004,11.348629091,-0.169784798632,0.0349205920314,0.32,1890.87501528,1891.18656421,-1925.92622098,1920,-1920,0,0,0,0.00185770957622,0.391641706228,59.5839958191,0.498254532948,0.75,True,True,True,True,True,True,True,11.2467421435,0.00391826415218,0.291035802348,0.0165950402498,0.164069153955,0.00947786790992,0.112335103452,0.00826957556831,0.0720442347604,0.00334345026641,0.0495214348155,0.00154647175937,0.0395193951082,0.00276249178746,0.0262581072739,0.00233216954447,0.0134664854014,0.000767563289787,0.00596534641499,0.000522935153495,0.00504321532676,0.000274196688072,0.00260427866696,0.000534117678283,0.00633891925826,0.000862729382442,0.00785529221152,0.000754108621724,0.00606073822048,0.00107356947773,0.00690678207174,0.00162837213993,0.0108565460317,0.00177761617647,0.0107824251557,0.00156591806241,0.00800027722799,0.00169963928209,0.00775251878864,0.00192279809266,46875,46875,46873,89,a95962516083bc99637275c12571db3f01c4d2074b24aa7d4ec2ee5625fd7112,954357
variation_R004_selected,variation,selected,R004,11.313708499,11.313708499,240,405.919982207,59.5839924177,0.000956209607736,9.44686551055e-05,0.0661089741545,0.0741116315398,2.18394402368e-07,11239.2070659,0.00437123829497,1.00205002509,12,0.00863294515776,0.00485999666379,1,0,False,800,15,18,4,7,1.6e-05,1.36502522296,11.2465450326,0.153518176407,0.319829534182,11.2530219574,16.6629085541,0.0646470072753,11.1433426826,11.3488089332,-0.170365816423,0.0351004341829,0.32,1891.04321658,1891.08796222,-1925.95674121,1920,-1920,0,0,0,0.00117371909717,0.391641706228,59.5839958191,0.498254532948,0.75,True,True,True,True,True,True,True,11.2465450326,0.00417147153759,0.0682730419448,0.0175402934841,0.0458883837758,0.0101737022278,0.0329485643916,0.00852784339212,0.085102397768,0.00333016769833,0.0592358085622,0.00155416270553,0.0483262210051,0.00325124927913,0.03380158815,0.00231204861621,0.0200422412595,0.00113411577164,0.0114998291701,0.000810445484913,0.00989806447916,0.000975770063558,0.00630661992681,0.000388856228268,0.00266511652309,0.000326675771583,0.00425818601064,0.000341522265571,0.00278770851668,0.000505761604736,0.00418258556854,0.00107687371648,0.00817984217044,0.00110465454558,0.00882536489477,0.00102641280162,0.00618351759907,0.00113061989641,0.00628084940305,0.00154445217637,46875,46875,46873,89,81df0eb9606605342bbf7ef4416756ccbf5b3b4f908007ee182917259fcd8a20,1019455
variation_R005_initial,variation,initial,R005,11.313708499,-11.313708499,240,418.365842315,60.1494480233,0.000909128672938,0.000245539834158,0.0753609456981,0.130665433031,1.17241186786e-07,10750.027982,-0.0323601115624,0.999455693676,12,0.00460529177844,0.00719359543398,0,0,False,800,15,0,8,7,1.6e-05,1.91590868903,11.3300249239,0.217072931987,0.452235274972,11.3370744865,16.9117336273,0.0902501410924,11.3517975652,-11.3082103621,0.0380890661926,0.00549813690413,0.32,1926.43783223,1926.46392888,1919.06693523,1920,1920,0,0,0,0.00172539666682,-0.374817550182,60.1494445801,0.500621152929,0.75,True,True,True,True,True,True,True,11.3300249239,0.00407107146795,0.171564972489,0.0151981323044,0.100291931633,0.00684938511199,0.0602453230736,0.00693616320421,0.0416748801303,0.00366129715143,0.03017953132,0.00101740529753,0.0223583820368,0.00163803047971,0.0155317028919,0.00219830607022,0.0112508500622,0.00125016416144,0.00748658119864,0.000764571571577,0.00524344666125,0.000484033709744,0.00334277644962,0.00078471231512,0.00190861103978,0.000297933984144,0.000313707921378,2.25145095491e-05,0.000228555883866,0.000167920112522,0.0010527419703,0.000144301237516,0.00147814085856,0.000440442253818,0.00181013503115,0.000438983929245,0.00199631594939,0.000587743234932,0.00220543114499,0.000707635460493,46875,46875,46874,90,ff94e08b4190476fcf97c063e7da7a1a21168c170671dd448b8d6b8bc79cad58,934687
variation_R005_selected,variation,selected,R005,11.313708499,-11.313708499,240,418.365842315,60.1494480233,0.000909128672938,0.000245539834158,0.0753609456981,0.130665433031,1.17241186786e-07,10750.027982,-0.0323601115624,0.999455693676,12,0.00460529177844,0.00719359543398,0,0,False,800,15,18,4,7,1.6e-05,0.785979900433,11.3299698492,0.0890512857397,0.185523511958,11.3352924864,16.7684211731,0.0904990739151,11.3514732737,-11.3084255352,0.0377647746659,0.0052829638103,0.32,1926.41484599,1926.40889478,1919.10345131,1920,1920,0,0,0,0.00152404031231,-0.374817550182,60.1494445801,0.500621152929,0.75,True,True,True,True,True,True,True,11.3299698492,0.00348771869399,0.0429995163112,0.0153316071175,0.0275841627535,0.00694824178874,0.0158334327561,0.00789907827681,0.0475727644823,0.0041038882989,0.0337444905231,0.00118049309144,0.0250028927879,0.00151686623849,0.0176422378255,0.00239482621101,0.0129284344316,0.0012683753221,0.0091278413294,0.000980203926979,0.00689766057841,0.000564959976698,0.00487013033686,0.000930586725793,0.00326915174105,0.000272630583111,0.00153316993938,0.000264720599355,0.000816554415294,5.06075667454e-05,0.000239269166789,0.000109425981236,0.00077337673012,0.00037422699182,0.00126742257507,0.00020208451886,0.00144027644736,0.000508597504227,0.0016874937082,0.000413259956468,46875,46875,46874,90,a0a1c740ff4dba27ab26c8049284f6c3a9faeef462f7480c2deb795f5531fc06,997691
variation_R006_initial,variation,initial,R006,22.627416998,22.627416998,240,417.407052782,60.45468785,0.00100078704,0.000178252582433,0.0878461703231,0.173106980692,1.98886737922e-07,8244.93001239,0.0152692409687,1.00422247374,12,0.0102222363919,0.00701382239667,1,0,False,800,15,0,8,7,1.6e-05,1.58589668683,22.6159977947,0.35866635972,0.747221582749,22.6211569271,32.8944358826,0.034511794479,22.6028127577,22.6291751494,-0.024604240315,0.00175815142309,0.64,3835.54746884,3835.82452196,-3840.29836819,3840,-3840,0,0,0,0.00303711933167,-0.785362005234,60.4546890259,0.501880283673,0.75,True,True,True,True,True,True,True,22.6159977947,0.00280673108851,0.275875946965,0.0123136153561,0.149994907935,0.00472600132727,0.113832496005,0.00364451068122,0.0794142120691,0.0017479627721,0.0587924535031,0.000151777792452,0.0502024705822,0.00111348968375,0.0416751261017,0.00132411149432,0.0311768150997,0.000778773834695,0.0228934007118,0.000728859231985,0.0195967064469,0.000991978356199,0.019564980873,0.000652800654446,0.0146615022386,0.000423985902982,0.0100032219365,0.000428577254012,0.0088141089924,0.000553876073882,0.00970441451126,0.000417078858889,0.00760927638766,0.000174311268496,0.00414651033378,0.000296884748546,0.00301880638834,0.000413675148763,0.00429322066474,0.000337012912603,46875,46875,46873,91,8937a09554db3fe6e721cf0b038404b9b73993d8b17d06da6320d51a8559c504,930209
variation_R006_selected,variation,selected,R006,22.627416998,22.627416998,240,417.407052782,60.45468785,0.00100078704,0.000178252582433,0.0878461703231,0.173106980692,1.98886737922e-07,8244.93001239,0.0152692409687,1.00422247374,12,0.0102222363919,0.00701382239667,1,0,False,800,15,18,4,7,1.6e-05,0.764762314045,22.6154976542,0.172954803193,0.360322506653,22.6184723895,32.6366462708,0.0344829263506,22.6020088712,22.6289783968,-0.0254081267226,0.0015613988081,0.64,3835.53524363,3835.68809791,-3840.26497816,3840,-3840,0,0,0,0.00444107009963,-0.785362005234,60.4546890259,0.501880283673,0.75,True,True,True,True,True,True,True,22.6154976542,0.00286791779473,0.0759792501004,0.0123515441778,0.0441814660581,0.00516807581543,0.0364215010046,0.00467854410993,0.0902550568937,0.00184536537033,0.0649509940746,0.000108867675768,0.054631682321,0.00116997361023,0.0445761765696,0.00124700801934,0.0338516401309,0.000689043621484,0.0247056939362,0.000641747567739,0.0212042602835,0.000741644648926,0.0204429743414,0.000624725755569,0.0157694046585,0.000335034536015,0.0106653100208,0.000486735526441,0.00943492848383,0.0005594240503,0.01011257341,0.000483483566536,0.00837740607451,0.000236869059315,0.00481740270469,0.000251139426205,0.00370513156913,0.000332144892068,0.00471656363776,0.000376732628988,46875,46875,46873,91,83dfb1a9a93204a815dbb029011f85925e34a0e259f46902347ee08210212a17,996756
variation_R007_initial,variation,initial,R007,22.627416998,-22.627416998,240,410.512281508,59.9094381963,0.00103222810652,9.14483953476e-05,0.0922048071604,0.138170190892,2.66865840776e-07,8738.77054828,-0.0485732534519,0.996334277956,12,0.0148831308283,0.00572105278282,0,0,False,800,15,0,8,7,1.6e-05,2.21930341117,22.6902125196,0.503564660449,1.0490930426,22.698131596,33.145111084,0.0912368111906,22.8315133482,-22.5480262241,0.204096350243,0.0793907738776,0.64,3873.7579014,3874.63629919,3826.5269389,3840,3840,0,0,0,0.0037053529729,-0.0503438860178,59.9094390869,0.499622088746,0.75,True,True,True,True,True,True,True,22.6902125196,0.00395731008085,0.392453616623,0.0124281953686,0.224443338135,0.00528460140946,0.147490574193,0.00608307528625,0.103684770605,0.00357406523813,0.0769822884573,0.0025441811009,0.063042316606,0.00257707118227,0.0491959441781,0.00258351421804,0.0380779954702,0.00189373185175,0.0275777440432,0.00200772309568,0.0253042784352,0.00176573023074,0.0221779784869,0.00133055343802,0.016024521361,0.00098847297183,0.0118890014996,0.00135763070832,0.0109775921855,0.00140171724866,0.00996936294494,0.000930644088905,0.00693218632111,0.000560020492209,0.00444848779574,0.000878161466029,0.00448586915002,0.000837813054289,0.00463622607079,0.000427022598019,46875,46875,46874,90,784ce405e8fe35f5d9dce3ef4584f4710f1ceb457df1313f4d91c2b3ddd2c485,954292
variation_R007_selected,variation,selected,R007,22.627416998,-22.627416998,240,410.512281508,59.9094381963,0.00103222810652,9.14483953476e-05,0.0922048071604,0.138170190892,2.66865840776e-07,8738.77054828,-0.0485732534519,0.996334277956,12,0.0148831308283,0.00572105278282,0,0,False,800,15,18,4,7,1.6e-05,0.968085101911,22.6904651655,0.219663012821,0.457631276711,22.6938586855,32.8060264587,0.0910431779143,22.8315590975,-22.5484883756,0.204142099572,0.07892862232,0.64,3874.40362963,3874.6440631,3826.60536862,3840,3840,0,0,0,0.00205493198614,-0.0503438860178,59.9094390869,0.499622088746,0.75,True,True,True,True,True,True,True,22.6904651655,0.00433117862461,0.100696452753,0.012824106362,0.0568932925508,0.00563203840505,0.0370613974743,0.00695291736195,0.115769878033,0.00410659398438,0.0847453443189,0.00195416325156,0.0688227869245,0.00217147579331,0.0535413867743,0.00267619079633,0.0412028687032,0.00206655894575,0.0304881348988,0.00196636665509,0.0279219767093,0.00164892459329,0.024651523026,0.00137580893854,0.0181047523604,0.00111620313297,0.0138226255856,0.00129339063411,0.0128535642576,0.00121889419167,0.0116048559299,0.00101312975885,0.00831846385725,0.000643331465017,0.0055419850675,0.000791729222241,0.00560899034573,0.000760838111275,0.00578189396451,0.000513435496745,46875,46875,46874,90,7058824fa0208680403e1337f606735e569b525211ac4b8044ed65521430a73c,1016585
variation_R008_initial,variation,initial,R008,45.2548339959,0,240,402.193710143,59.8512407702,0.0010878629616,0.000190512961453,0.0784272248467,0.0625407926424,1.00156929319e-07,10273.9498243,0.0113329816358,0.997255896571,12,0.0129460709016,0.00416132065191,1,0,False,800,15,0,8,7,1.6e-05,0.562606185736,32.0433910866,0.180278100373,0.375579375777,32.0450553161,45.6889762878,0.0419255529222,45.3153665969,0.274544800395,0.0605326009358,0.274544800395,0.905096679919,7690.56892556,7690.27272303,-46.5917976237,7680,-0,0,0,0,0.00228559661771,0.028477428481,59.8512382507,0.499378629299,0.75,True,True,True,True,True,True,True,32.0433910866,0.00162775708474,0.134357350574,0.0168186613405,0.0817670589855,0.0062028065451,0.054394515864,0.00350034171545,0.0400686953362,0.00200623003771,0.0308528149623,0.00123253344756,0.0242864602976,0.00104674755837,0.019393386444,0.000783150830347,0.0162036002602,0.000389801185115,0.0132930797621,0.000172884488014,0.0113733099048,0.000328319156818,0.00944892426155,0.000138276502998,0.00857667838093,0.000158643885058,0.00746494461256,0.000104684918103,0.00634452547949,0.000179133360217,0.00562273663851,8.47371158107e-05,0.00524833233014,6.10105894672e-05,0.00455764404811,2.25004058672e-05,0.00408635032748,0.000112591932009,0.00351779780323,9.92625566243e-05,46875,46875,46873,90,dc2dea300c98e4fa5820697719d8461c81851893182e41d2b53bd11dd596c15c,969528
variation_R008_selected,variation,selected,R008,45.2548339959,0,240,402.193710143,59.8512407702,0.0010878629616,0.000190512961453,0.0784272248467,0.0625407926424,1.00156929319e-07,10273.9498243,0.0113329816358,0.997255896571,12,0.0129460709016,0.00416132065191,1,0,False,800,15,18,4,7,1.6e-05,0.259153773994,32.0438079761,0.0830427377015,0.173005703545,32.0450739076,45.5624465942,0.0420059857406,45.315954871,0.274760519701,0.0611208751049,0.274760519701,0.905096679919,7690.40362409,7690.37255646,-46.628406404,7680,-0,0,0,0,0.00213386174623,0.028477428481,59.8512382507,0.499378629299,0.75,True,True,True,True,True,True,True,32.0438079761,0.00170435485651,0.0279099280972,0.0168170784349,0.0158787834752,0.00661909203714,0.0138140591204,0.00468538929743,0.0448964058367,0.00235576832246,0.034318410137,0.00127877673863,0.0261201046224,0.00100653605639,0.0207477398551,0.00074658408991,0.0169720437131,0.000345865292204,0.014073228761,0.000244085220304,0.0116873631228,0.000261534574341,0.00995185114913,0.000207517226886,0.00854257064499,0.000148624266981,0.00774714185799,0.000151140953649,0.00641079391371,8.35518473571e-05,0.00572962279577,8.91699452821e-05,0.00521006330966,0.000103727425036,0.00468250847352,0.000138548916787,0.00406228104458,2.1531129536e-05,0.00362500977251,6.81959518313e-05,46875,46875,46873,90,f3bc7f627d04ab6c0c45eab17c2bca0096294cc35dfba089a1fdac27bced847d,1034471
variation_R009_initial,variation,initial,R009,0,45.2548339959,240,401.061063948,59.981915017,0.00107960646716,0.000127638655305,0.0724691391548,0.185589099029,1.66058225706e-07,8082.80729426,-0.0163998902876,0.997834198832,12,0.0079743125181,0.0039489494903,0,0,False,800,15,0,8,7,1.6e-05,0.969113812625,32.0655817463,0.310751981801,0.647399962086,32.068586292,45.7009963989,0.0596378982425,-0.283653813737,45.3466934403,-0.283653813737,0.0918594443314,0.905096679919,-48.2059518397,-48.1376484486,-7695.58906464,0,-7680,0,0,0,0.00118895861265,-0.148430377245,59.981918335,0.499924623184,0.75,True,True,True,True,True,True,True,32.0655817463,0.00262979146291,0.242916260838,0.0133370913022,0.132503552536,0.00323476806324,0.0913665446012,0.0031995448294,0.0630317535958,0.000470928734368,0.051772375425,0.00155491617835,0.0366131939435,0.000414809386877,0.0331019797256,0.000916520426503,0.0248309794353,0.000676964141737,0.0224202623069,0.000579202573872,0.0172262092399,0.000709950572131,0.0169490925359,0.000467797468989,0.0122749366929,0.000649707538093,0.0123727021563,0.00039929205367,0.00888883737804,0.00048193743466,0.00973875358931,0.000537982310226,0.00673560310876,0.000330461942534,0.00735323884243,0.000376221224764,0.00585951520588,0.000471576524973,0.00606768277862,0.000314576858521,46875,46875,46874,90,9e97f186f12cc77f9833f33298a8c84341b31d21ad3d9eb37a5539a41a4eac42,948642
variation_R009_selected,variation,selected,R009,0,45.2548339959,240,401.061063948,59.981915017,0.00107960646716,0.000127638655305,0.0724691391548,0.185589099029,1.66058225706e-07,8082.80729426,-0.0163998902876,0.997834198832,12,0.0079743125181,0.0039489494903,0,0,False,800,15,18,4,7,1.6e-05,0.43023089485,32.065235131,0.13795454804,0.287405308416,32.0670346603,45.4881668091,0.0601188846939,-0.283608455739,45.3462035264,-0.283608455739,0.0913695304863,0.905096679919,-48.1391054581,-48.1299509413,-7695.5059235,0,-7680,0,0,0,0.00113681739171,-0.148430377245,59.981918335,0.499924623184,0.75,True,True,True,True,True,True,True,32.065235131,0.00211004904491,0.0604794048073,0.0127111981594,0.0313930192425,0.00369782409974,0.0234135968724,0.00358835303506,0.0706049615151,0.000405064891241,0.0570000056271,0.00164524556043,0.0392848033112,0.000208615525748,0.0354367137226,0.00117343769735,0.0262524853154,0.000418174702682,0.0236879377279,0.000688968715448,0.0181382193193,0.000567034270146,0.0176616141606,0.000492974056122,0.0129916025577,0.000634829047557,0.0129128090817,0.000378271787345,0.0094402868182,0.000479970032137,0.0101144033144,0.000328730580778,0.00728277701103,0.000474808765682,0.00763297094445,0.00022400198514,0.00623872657745,0.00049540200069,0.00623707807116,0.00026358083991,46875,46875,46874,90,a0d70847b9c7d0bc78d396919a0b8279be55c5c415e2f4df60409a21f2559504,1011566
variation_R010_initial,variation,initial,R010,67.8822509939,0,240,386.492213607,60.2665944487,0.000921622072764,0.000204564059287,0.0940074279457,0.124739264264,2.07878186043e-07,11480.7566443,-0.0105562299338,0.995565157925,12,0.00614956204213,0.00121729005134,1,0,False,800,15,0,8,7,1.6e-05,0.744162490099,48.3165772621,0.359553844484,0.749070509343,48.3187546897,68.7696990967,0.0670569472394,68.3299473203,0.0396971103468,0.447696326369,0.0396971103468,1.35764501988,11596.3222002,11595.976586,-6.73682302074,11520,-0,0,0,0,0.00216876313497,-0.53272742033,60.2665939331,0.501105896439,0.75,True,True,False,True,True,True,False,48.3165772621,0.00910429223053,0.270191248644,0.0214085460868,0.156543439198,0.00836638022333,0.110035234427,0.00448137949935,0.0811746854934,0.00275039338441,0.0633029663269,0.00177721765028,0.0503937061823,0.00122167117896,0.0411702840888,0.000852284816886,0.0342397789886,0.00056210338402,0.0280892123007,0.000291075049911,0.0233856216278,0.000403230431228,0.0203594244078,0.000236619496338,0.0175899272419,0.000288684347923,0.0155702730878,0.000181734931514,0.0141441268482,0.000266958185126,0.0121945641857,0.000220997863889,0.0106617141375,0.000263146873857,0.0100199831448,0.000207712839829,0.00909178567871,0.00024197474315,0.00809521657199,0.000229155778394,46875,46875,46873,90,3bf82c30adc611964cf5854cd59a678a3b88539bca7b8861be53e5f078ff9050,946740
variation_R010_selected,variation,selected,R010,67.8822509939,0,240,386.492213607,60.2665944487,0.000921622072764,0.000204564059287,0.0940074279457,0.124739264264,2.07878186043e-07,11480.7566443,-0.0105562299338,0.995565157925,12,0.00614956204213,0.00121729005134,1,0,False,800,15,18,4,7,1.6e-05,0.347509219606,48.3165395385,0.167904429491,0.349800894773,48.3176735136,68.5135955811,0.0674155156695,68.3298940452,0.0395692807773,0.447643051319,0.0395692807773,1.35764501988,11596.0419804,11595.9675449,-6.71512962344,11520,-0,0,0,0,0.00229837917714,-0.53272742033,60.2665939331,0.501105896439,0.75,True,True,False,True,True,True,False,48.3165395385,0.00928269210807,0.0559368789591,0.0213239146796,0.0339054432082,0.00857609797375,0.0299737873067,0.00571229399405,0.090552554626,0.00289200971996,0.0690183892814,0.00167177892529,0.0541986303556,0.00106546532299,0.0438414116953,0.000719726468197,0.0360592607409,0.0003397412739,0.0294607061972,0.000300302526355,0.0243228849494,3.24137605701e-05,0.0211324951991,0.000210184902252,0.0181500350535,7.39563641703e-05,0.0160563776325,0.000223245876258,0.0144192670961,3.8581723992e-05,0.0124806371159,0.000296007012573,0.0108538230208,0.000148183333624,0.0102273500241,0.000228281269324,0.00923200156246,0.000135299530132,0.00817015845608,0.000219816385823,46875,46875,46873,90,367baf3e7815bb66521adb77d9374075fec58cdc6be705b1414b9c091a79fca8,1010581
variation_R011_initial,variation,initial,R011,0,67.8822509939,240,389.547979484,59.7465282953,0.000947672849199,6.55284824847e-05,0.0895325066973,0.0787835940636,1.68667675163e-07,10020.0307175,-0.0334280593583,0.99811464953,12,0.00939529252151,0.00179024615324,0,0,False,800,15,0,8,7,1.6e-05,0.664396684336,47.990161043,0.318845038777,0.664260497452,47.9925834176,68.2796325684,0.0973153942498,-0.513828000304,67.8663914957,-0.513828000304,-0.0158594982146,1.35764501988,-87.253266207,-87.1995032109,-11517.3085539,0,-11520,0,0,0,0.00275872022123,0.170572564006,59.7465248108,0.498939387309,0.75,True,True,True,True,True,True,True,47.990161043,0.00313577957447,0.24865026067,0.0189294693189,0.130865675883,0.00574213747736,0.0946143919655,0.004351381022,0.0654590461499,0.00106665985283,0.0551403692209,0.00194762172927,0.0393239492162,0.000129386860981,0.0367066623862,0.00107473756279,0.0276528312981,0.000504598322316,0.0256249360628,0.000640652522731,0.0196910341345,0.000482734670286,0.0195646932166,0.000530120808166,0.0141338733777,0.000500386568293,0.0144177558946,0.000472665958017,0.0106194804409,0.000416697552498,0.0116305029189,0.000453358071001,0.00842125001935,0.000429982133397,0.00909152025239,0.000373782855869,0.00744439285956,0.000360243176802,0.00728694932939,0.000378287575092,46875,46875,46874,90,0a2ab427e5aa28671b30217d55280cf380245c0533e9a93254f0404c25dedcff,956670
variation_R011_selected,variation,selected,R011,0,67.8822509939,240,389.547979484,59.7465282953,0.000947672849199,6.55284824847e-05,0.0895325066973,0.0787835940636,1.68667675163e-07,10020.0307175,-0.0334280593583,0.99811464953,12,0.00939529252151,0.00179024615324,0,0,False,800,15,18,4,7,1.6e-05,0.30532896611,47.989834387,0.146526865172,0.305264302441,47.9914224722,68.0455703735,0.0969270949799,-0.51381644597,67.8659296086,-0.51381644597,-0.0163213852794,1.35764501988,-87.2154035877,-87.1975423753,-11517.2301691,0,-11520,0,0,0,0.00308198582016,0.170572564006,59.7465248108,0.498939387309,0.75,True,True,True,True,True,True,True,47.989834387,0.00314454065972,0.0630971400637,0.0190762286476,0.0299483416402,0.00643511472343,0.0253316769962,0.00542724507002,0.0724665088838,0.00156961102646,0.0597508679709,0.00237644439397,0.0423808150278,0.000184005515889,0.0389017216491,0.00132324847431,0.0291747410221,0.000289144766634,0.0266686194716,0.000831738562804,0.0207071433342,0.000346661102719,0.0201125037558,0.000705031604198,0.014732084406,0.000384564185865,0.0147229745004,0.000563693678537,0.0110355229593,0.000360189506565,0.011792283595,0.000515943918479,0.00865873539085,0.000399259915617,0.00919611438258,0.000355234840297,0.00763585816409,0.000391349369358,0.00732695706758,0.000372844079633,46875,46875,46874,90,9d115b160d8ca9e02beaacb8f74509a75b2b7c31ae45e3533aa628d9d97876a4,1018737
variation_R012_initial,variation,initial,R012,0,-67.8822509939,240,386.970281955,60.4080929107,0.00107401637968,0.000230245170713,0.0762624793722,0.0932432957106,2.49128818715e-07,8622.65345588,-0.0218020158339,1.00298310359,12,0.00166249778575,0.00130692786658,1,0,False,800,15,0,8,7,1.6e-05,0.911109173311,48.0223468698,0.43753600757,0.911533349105,48.0249221799,68.3630371094,0.0565550542332,0.0411302420977,-67.9138417856,0.0411302420977,-0.0315907916691,1.35764501988,7.0076959225,6.98003354379,11525.3611351,0,11520,0,0,0,0.00317803181726,-0.723261713982,60.4080886841,0.501688899993,0.75,True,True,False,True,True,True,False,48.0223468698,0.0113967663571,0.336965701168,0.0140300283521,0.186742616768,0.00505470326776,0.132703341079,0.00282984579874,0.0940240375437,0.00137186896081,0.0744994443465,0.000823136807101,0.056429813443,0.000470777692974,0.0476160228832,0.000218253420907,0.0375295683985,0.000228787656045,0.0325546118479,0.000263598364246,0.026327343422,0.000287784517632,0.0233765820617,0.000342248205747,0.0193949944577,0.000277815469391,0.0172973599563,0.000374084558253,0.01500473168,0.000117535177695,0.0133678687745,0.000327183621636,0.0119570143053,0.000114787669934,0.0104667014479,0.000286119826382,0.00961366663016,0.00018441915188,0.00840351294278,0.00024005299052,46875,46875,46873,91,4238694515b1b4eaf155c8216c7720cf3aadcd3b412b75523420276c7718c512,944581
variation_R012_selected,variation,selected,R012,0,-67.8822509939,240,386.970281955,60.4080929107,0.00107401637968,0.000230245170713,0.0762624793722,0.0932432957106,2.49128818715e-07,8622.65345588,-0.0218020158339,1.00298310359,12,0.00166249778575,0.00130692786658,1,0,False,800,15,18,4,7,1.6e-05,0.423164032272,48.0226593349,0.203214621646,0.423363795095,48.0236719164,68.0610656738,0.0562906717986,0.0416095308021,-67.9142833861,0.0416095308021,-0.0320323921471,1.35764501988,7.0554356885,7.06137153412,11525.4360772,0,11520,0,0,0,0.00169555664483,-0.723261713982,60.4080886841,0.501688899993,0.75,True,True,False,True,True,True,False,48.0226593349,0.0110118439531,0.0812576401258,0.0141744752608,0.0487314935873,0.00529658563892,0.0438029948676,0.0033772838323,0.106680647402,0.00157922280694,0.08230646892,0.000851476553952,0.0608093031425,0.000620329843482,0.0507371061205,0.000172048523811,0.0392441949166,0.000442531562454,0.0341464614524,0.000266931284693,0.0270734843161,0.0003778170162,0.0245030565496,0.00025441816438,0.0199839408156,0.000279482318395,0.0180821160885,0.000369052043255,0.0152042508854,0.000259734274943,0.0136349342255,0.000265513009865,0.0119582719413,0.000251468887434,0.0106920098885,0.000277709446976,0.00963308721554,0.000181437640077,0.0085715291865,0.00024040416691,46875,46875,46873,91,40adc07dd56718420f149a9a22218822fef9d23f11b538c0645bad3db0d29340,1008528
variation_R013_initial,variation,initial,R013,5.65685424949,0,240,380.01221002,59.6795399522,0.000904639170489,0.000166442936073,0.0863956531358,0.150422123344,1.10470447928e-07,9876.05274157,-0.0383298304039,1.0016596875,12,0.0090318075993,2.28937873599e-06,0,0,False,800,15,0,8,7,1.6e-05,4.43597893749,3.97753787251,0.176442742255,0.367589046365,3.99297373437,6.0096821785,0.0804669826855,5.62489599874,0.0464764219529,-0.0319582507474,0.0464764219529,0.3,954.873667465,954.576505004,-7.88731035076,960,-0,0,0,0,0.000858612025116,0.261586338282,59.6795387268,0.498657579934,0.75,True,True,True,True,True,True,True,3.97753787251,0.00283588615077,0.1381214943,0.0233771169395,0.0755643131036,0.0105885644302,0.0519415965088,0.00781593271402,0.0362599466471,0.00501090827077,0.0266330933168,0.00438613933134,0.0198428585192,0.0029484509701,0.0138051329852,0.00260064568294,0.0106911845887,0.0017996165127,0.00789670887763,0.0014082296861,0.00583197695707,0.00118651542919,0.00380582607344,0.000680732043618,0.00297302760997,0.000794945267286,0.00122695522415,0.000505127756469,0.000929493984301,0.000845488831136,0.000500973191937,0.000843685008248,9.82631451713e-06,0.000869018105389,0.000696021961478,0.00100387552665,0.000514929940263,0.000913884850648,0.000543132795942,0.000982932254058,46875,46875,46874,90,68036f6d7963f8bedd16f819722348987c27a96415ea8857e88ce93260a6b216,950137
variation_R013_selected,variation,selected,R013,5.65685424949,0,240,380.01221002,59.6795399522,0.000904639170489,0.000166442936073,0.0863956531358,0.150422123344,1.10470447928e-07,9876.05274157,-0.0383298304039,1.0016596875,12,0.0090318075993,2.28937873599e-06,0,0,False,800,15,18,4,7,1.6e-05,2.01241579248,3.97749187175,0.0800436745715,0.166757655357,3.98988793002,5.89772796631,0.0831682763334,5.62483389554,0.0461175367521,-0.032020353953,0.0461175367521,0.3,954.626256737,954.56596574,-7.82640551257,960,-0,0,0,0,0.00213673913537,0.261586338282,59.6795387268,0.498657579934,0.75,True,True,True,True,True,True,True,3.97749187175,0.00185006745165,0.0297810681899,0.0209893704134,0.0155313623404,0.010769270953,0.014150829908,0.00652069088529,0.0436746194877,0.0053729329396,0.0321598238094,0.00328202916101,0.0244751987227,0.00334666809922,0.0173569173161,0.00205449723374,0.0150355001586,0.00214257792611,0.0117801543252,0.00160999128742,0.00932491494432,0.00139538101664,0.00653037849443,0.00117563915815,0.00588573114963,0.000779534333266,0.00389803871069,0.00108367947052,0.0030391759739,0.000502392563162,0.00250941081307,0.000852992105862,0.00162995377647,0.000493685780761,0.000958623301706,0.000635701668314,0.000685008519282,0.000557298259705,0.000707162530372,0.000681082888595,46875,46875,46874,90,bd2d5663f925ad700b3339463e97a02ea8cc37771ed720bf6588114bcd800407,1016523
variation_R014_initial,variation,initial,R014,0,5.65685424949,240,382.466748725,59.5623853229,0.00109703002558,0.000142557942703,0.0886808302946,0.116190920812,1.80012697789e-07,10607.9739841,0.0215930764131,0.998728013726,12,0.000140889377099,0.000462515386017,1,0,False,800,15,0,8,7,1.6e-05,6.96769214638,3.99069786277,0.27805954157,0.579290711605,4.00895874612,6.11457157135,0.0297381201818,-0.0602334045938,5.64337760573,-0.0602334045938,-0.0134766437661,0.3,-10.218371706,-10.2219477221,-957.712937713,0,-960,0,0,0,0.00165215505624,0.421469122171,59.5623855591,0.498163208732,0.75,False,True,True,True,True,True,False,3.99069786277,0.00466575027137,0.23098147201,0.0178242915467,0.121447863384,0.00590582893291,0.0746194492896,0.00429174545782,0.0416079769395,0.0018229431191,0.0272443145565,0.00162204644734,0.0107893371898,0.000954963542398,0.00601744078372,0.000618258660122,0.00362227190564,0.00077367982854,0.00428488063155,0.000202687738072,0.00906537196017,0.000583045964369,0.00782576288202,0.000371613137433,0.0103643982642,0.000490625015953,0.00854976663148,0.000417922022187,0.00928449647345,0.000491061955213,0.00725727896648,0.000323550165277,0.00730785925131,0.000276962767122,0.00572924821667,0.000202026654016,0.00492949122628,0.000154394941452,0.00374794239583,0.000125403409737,46875,46875,46873,89,9b9a448b76b9e5440753d5686e8675d93eca036f55f659c6004c50c03583d69d,943351
variation_R014_selected,variation,selected,R014,0,5.65685424949,240,382.466748725,59.5623853229,0.00109703002558,0.000142557942703,0.0886808302946,0.116190920812,1.80012697789e-07,10607.9739841,0.0215930764131,0.998728013726,12,0.000140889377099,0.000462515386017,1,0,False,800,15,18,4,7,1.6e-05,2.72711408017,3.99000509765,0.108811990818,0.226691647536,4.00011443977,5.98062515259,0.0302693413854,-0.059756257645,5.64240290551,-0.059756257645,-0.0144513439786,0.3,-10.1405117408,-10.1409731998,-957.547525602,0,-960,0,0,0,0.0020525907086,0.421469122171,59.5623855591,0.498163208732,0.75,True,True,True,True,True,True,True,3.99000509765,0.00444780301329,0.0566732692782,0.017349731653,0.0335227900235,0.00648235938601,0.0247924280396,0.00526930474268,0.0594737387566,0.00193438857457,0.0416510907165,0.00183784850158,0.0234605499942,0.00104545005611,0.0170074398481,0.000813381687342,0.00768053399295,0.00055123218869,0.00500973932235,0.00027543209117,0.00132918984743,0.000434593500904,0.00165110055835,0.000267104077964,0.00512031681495,0.00037664207589,0.00487909129317,0.000362190727148,0.00654898879262,0.000312176815936,0.00593086654774,0.000339522203902,0.0069598027214,0.000260681965325,0.00629591792347,0.000377357008628,0.00630489303456,0.000241363122867,0.00572275928655,0.000244544590501,46875,46875,46873,89,5b788394a4f0ae18f76dd91403face6295011dfa3a7b4c7b154cc20fa79e1d58,1007543
variation_R015_initial,variation,initial,R015,0,-5.65685424949,240,403.334868184,60.0413952557,0.00103751275712,0.000107674748036,0.0916756609016,0.0968789239677,1.25243482189e-07,9704.69525071,-0.0193211453013,0.996121019244,12,0.00731916886907,0.00437528778442,0,0,False,800,15,0,8,7,1.6e-05,4.93165862772,4.01702857117,0.198106136108,0.412721116892,4.03420839218,6.20104598999,0.0682551046771,0.0157313461716,-5.68091450454,0.0157313461716,-0.0240602550512,0.3,2.68235284171,2.66969797322,964.083160681,0,960,0,0,0,0.000650376920346,-0.228860408068,60.0413970947,0.500172361316,0.75,True,True,True,True,True,True,True,4.01702857117,0.00526958030046,0.164717042924,0.0205876672242,0.0827855974562,0.00317453708561,0.0534484365667,0.00582198680476,0.031739905345,0.0011490244785,0.0183488224183,0.00231606487547,0.0087200306808,0.000700763597653,0.00234701299817,0.000330412481588,0.00231054851346,0.00079492426945,0.00502531641262,0.00104604455904,0.00680727963643,0.00136636326547,0.00746441192433,0.00169224643016,0.00789944526836,0.00175079768051,0.00795694359767,0.00198312383438,0.00744420179261,0.00177380045959,0.00667663982344,0.00189674267947,0.00606222070225,0.00158311519293,0.00505796464152,0.00154799096638,0.00412316476739,0.00113232948469,0.0032179011742,0.00109111079546,46875,46875,46874,90,321345a3c90ef517bd6d76802baee21b72c21a044546aa287f2602da969a7bde,928924
variation_R015_selected,variation,selected,R015,0,-5.65685424949,240,403.334868184,60.0413952557,0.00103751275712,0.000107674748036,0.0916756609016,0.0968789239677,1.25243482189e-07,9704.69525071,-0.0193211453013,0.996121019244,12,0.00731916886907,0.00437528778442,0,0,False,800,15,18,4,7,1.6e-05,1.88921143928,4.01701068708,0.0758898254173,0.158103802953,4.03006163129,6.1191573143,0.0698725928886,0.0154722988812,-5.68088992397,0.0154722988812,-0.0240356744748,0.3,2.61780688912,2.62573619027,964.078989219,0,960,0,0,0,0.000728921435796,-0.228860408068,60.0413970947,0.500172361316,0.75,True,True,True,True,True,True,True,4.01701068708,0.00496880698792,0.0392358641034,0.0193217965832,0.0210815165716,0.00365033460128,0.0152193650792,0.00610048717061,0.0416400970123,0.00145081398689,0.0268373601641,0.00205555983281,0.0164989884095,0.00118007065443,0.00898682772063,0.000915882272869,0.0041113573515,0.000430253221982,0.000961868134425,0.000408903693192,0.00211658925372,0.000285008828025,0.00349808433824,0.000775346050981,0.00469512197577,0.000829841991698,0.00542500867269,0.00132012592904,0.00606550833368,0.00113159741086,0.0057732572593,0.0014157076439,0.00573603164026,0.00125254099676,0.00538106505455,0.00146255019321,0.00525564443701,0.00122018279847,0.00446949961631,0.00140144131919,46875,46875,46874,90,c96b88fed0de730ac6b25a27103e2915dc1b96f215cfa43f2ea626a299ccf3ca,992406
variation_R016_initial,variation,initial,R016,11.313708499,11.313708499,240,395.221560942,60.207890035,0.000972039582783,0.000111318211354,0.0737891851785,0.0529175877068,2.87810250728e-07,9411.0258341,0.0463084552713,1.00052973166,12,0.00365981113291,0.00285404267671,1,0,False,800,15,0,8,7,1.6e-05,4.27525590072,11.3230249361,0.484088291721,1.00851727442,11.3378557754,16.9963340759,0.0122221097049,11.2913890552,11.3545726741,-0.0223194438185,0.0408641751483,0.32,1916.06755462,1916.21226478,-1926.93488049,1920,-1920,0,0,0,0.00202543782526,-0.453689157963,60.2078895569,0.500863217574,0.75,True,True,True,True,True,True,True,11.3230249361,0.00249404013417,0.387149676638,0.0146709824038,0.217305037503,0.00668864994692,0.143741227628,0.00495010724755,0.0893309924026,0.00204811375719,0.0594206810524,0.000396145599842,0.0478511066724,0.00140298509,0.0317843258661,0.00100908610456,0.0142664256143,0.000266063487594,0.00414557740091,0.000265938357738,0.00499028923756,0.000437647190582,0.0017166250206,0.000707942638513,0.0109040072656,0.00066713038172,0.0137118661205,0.000305065523687,0.0102816809241,0.000565704131743,0.00994704741417,0.000982564732318,0.0156587355226,0.000971778318061,0.0156514016507,0.000557323986207,0.010834321508,0.000699658288145,0.00956818084481,0.00104683912412,46875,46875,46873,90,0fa8ce192933234294f0f6929939a6c70ca1aa9bc123fc58ded7dbfcd2b29c01,928660
variation_R016_selected,variation,selected,R016,11.313708499,11.313708499,240,395.221560942,60.207890035,0.000972039582783,0.000111318211354,0.0737891851785,0.0529175877068,2.87810250728e-07,9411.0258341,0.0463084552713,1.00052973166,12,0.00365981113291,0.00285404267671,1,0,False,800,15,18,4,7,1.6e-05,1.73078078864,11.3233239346,0.195981915296,0.408295656867,11.3295126103,16.6666660309,0.0127665174672,11.2918588269,11.3547018494,-0.0218496720358,0.0409933504579,0.32,1916.23739326,1916.2919877,-1926.95680226,1920,-1920,0,0,0,0.00454731425753,-0.453689157963,60.2078895569,0.500863217574,0.75,True,True,True,True,True,True,True,11.3233239346,0.00220124469486,0.0950356723046,0.0152631107949,0.0555175689868,0.00741220004816,0.0389066116548,0.00581773788482,0.108371612867,0.00205998415558,0.0743775387617,0.00069787748645,0.0606133664999,0.00167367693891,0.0444829936433,0.00126354640807,0.0249372493959,0.000275309025212,0.0132275974932,0.000553590460514,0.0124900265944,0.000608937234515,0.00872701856175,0.000382620536377,0.00440335824797,0.000300776834934,0.00674426523878,0.000173667172669,0.00526512758712,0.000246431952092,0.003765788351,0.000596205307412,0.0103769315707,0.000669595924553,0.0120971455156,0.00037030075781,0.00868069140065,0.000369335526762,0.00696467958855,0.000725729489464,46875,46875,46873,90,565c242fd031b6b278da27315359a6fdffd44ef79eaa9d698a92242672097687,994315
variation_R017_initial,variation,initial,R017,11.313708499,-11.313708499,240,390.234424988,60.2197601387,0.00104759533208,0.000151450381856,0.0843272258874,0.148930386315,2.98416364141e-07,11836.6157497,-0.0276976969914,1.00466786437,12,0.00416064490537,0.00191895468516,0,0,False,800,15,0,8,7,1.6e-05,4.32886785123,11.2777357236,0.488198276085,1.01707974184,11.2918391801,16.9067325592,0.0753613828517,11.2840050744,-11.2714628857,-0.0297034246117,0.0422456132603,0.32,1914.72925415,1914.95916169,1912.83068169,1920,1920,0,0,0,0.00324487486612,-0.469681531191,60.2197608948,0.500912325697,0.75,True,True,True,True,True,True,True,11.2777357236,0.00772146531244,0.391091949535,0.0129576792504,0.222730416692,0.00789215260887,0.140261411739,0.00843101710921,0.09053590751,0.0057475868093,0.060881774783,0.00274570636977,0.0441413861872,0.00308374012565,0.0303504611709,0.00240974332901,0.0184641827932,0.00163611345805,0.00810431641134,0.000859669412955,0.00579238706267,0.000695797456001,0.00314406750222,0.000568478278863,0.00332076771654,0.000739378613134,0.00633080525408,0.00104044406509,0.00692661195356,0.00105768634759,0.00591850638089,0.00159629184475,0.00814123618534,0.00191039402047,0.00953237875887,0.001915145718,0.00942368313946,0.0017800464374,0.00766812555236,0.00197338603779,46875,46875,46874,90,ce4d7c0ba88d3f238769182868cd915891b875fda72703cb107284eb1ae8aaf3,928612
variation_R017_selected,variation,selected,R017,11.313708499,-11.313708499,240,390.234424988,60.2197601387,0.00104759533208,0.000151450381856,0.0843272258874,0.148930386315,2.98416364141e-07,11836.6157497,-0.0276976969914,1.00466786437,12,0.00416064490537,0.00191895468516,0,0,False,800,15,18,4,7,1.6e-05,1.72895167063,11.2774148046,0.194981051667,0.406210524306,11.2826487587,16.5563468933,0.0767852024826,11.2838069331,-11.2710190508,-0.0299015658631,0.0426894481656,0.32,1914.882204,1914.925536,1912.75536041,1920,1920,0,0,0,0.00179852981332,-0.469681531191,60.2197608948,0.500912325697,0.75,True,True,True,True,True,True,True,11.2774148046,0.00789695006852,0.0944047786402,0.01371595417,0.0619035609813,0.00760764892269,0.0403338798732,0.00917221685829,0.10769359504,0.00596728060344,0.0737878048141,0.00295230437452,0.056174689822,0.00309543497036,0.0399378356336,0.00286994529084,0.0268113695997,0.00213667018843,0.015625615739,0.00159672719337,0.0137997766679,0.00143533472507,0.0102996399807,0.000713661839102,0.00467275267061,0.000278448919782,0.000335495350032,3.48982633582e-05,0.0014367984053,0.000235790213317,0.000736391542579,0.000744077767975,0.00405781454255,0.000864116946965,0.00562947291442,0.000935616619656,0.00550635228334,0.00079231821105,0.0046566282591,0.0013407946024,46875,46875,46874,90,fcadab94c8c89461d7d77672e8ee12cf93c298440dea6cf97e5a74155d72d146,990654
variation_R018_initial,variation,initial,R018,22.627416998,22.627416998,240,416.430211347,60.4969016045,0.00101105960818,7.97705661192e-05,0.0787756967693,0.109077008306,1.42671261446e-07,10459.2477067,0.0437143706738,1.00363783838,12,0.0120340351259,0.00683066462755,1,0,False,800,15,0,8,7,1.6e-05,1.14365900219,22.6357483673,0.258875773917,0.539324528994,22.6398964729,32.9067649841,0.0273919065196,22.6674847249,22.6039674514,0.0400677269193,-0.0234495465299,0.64,3846.5303335,3846.79971874,-3836.02047999,3840,-3840,0,0,0,0.00249421767203,-0.841881990433,60.4969024658,0.502053417577,0.75,True,True,True,True,True,True,True,22.6357483673,0.00415722188231,0.198555740264,0.0181113747057,0.106168306997,0.00662052344857,0.0815155923432,0.00459548586365,0.058183462559,0.00229953040657,0.0440048144285,0.000854031654733,0.0373316115874,0.00104602242579,0.0301816824645,0.00105495981072,0.0234973740209,0.000683006804199,0.0177566378856,0.000205255979012,0.0149990985469,0.000537411180947,0.0140802155927,0.000524441087626,0.0107415473779,0.000388307123321,0.0076751142818,0.000177877208763,0.00707012925622,0.000315698564954,0.00718603733752,0.000346796130823,0.00558022850367,0.000141625456768,0.00353738598,0.000114904999842,0.00281716608573,0.000194611365647,0.00335155387967,0.000225333089357,46875,46875,46873,91,61c509dd1f0d3756af0112e7cdac50691b316df71e7c3d085ba6526f3ed26c34,934221
variation_R018_selected,variation,selected,R018,22.627416998,22.627416998,240,416.430211347,60.4969016045,0.00101105960818,7.97705661192e-05,0.0787756967693,0.109077008306,1.42671261446e-07,10459.2477067,0.0437143706738,1.00363783838,12,0.0120340351259,0.00683066462755,1,0,False,800,15,18,4,7,1.6e-05,0.573347489703,22.6357487478,0.129781497221,0.27037811921,22.6387864868,32.7178153992,0.02683886939,22.6677087109,22.6037435957,0.0402917129718,-0.0236734022741,0.64,3846.6933772,3846.83773043,-3835.98249041,3840,-3840,0,0,0,0.00213826043166,-0.841881990433,60.4969024658,0.502053417577,0.75,True,True,True,True,True,True,True,22.6357487478,0.00406065826203,0.0591214132658,0.0180939600345,0.032503300854,0.00728835520641,0.0264121924912,0.00597340119897,0.0651693179601,0.00270685406471,0.0483997878009,0.000870161080686,0.0403877835245,0.00137465216299,0.0325044435785,0.00146774779834,0.0250647318116,0.000878683941918,0.0189938454965,0.00019857968668,0.0160303330351,0.000447857655942,0.0152728679577,0.00066527692525,0.0115654206691,0.000494627587625,0.00851018875429,0.000279319348867,0.00737153072879,0.000290235919251,0.00758153485727,0.000397706181008,0.00593643613064,0.000229378471272,0.00383232802638,0.000241366391815,0.00309507879531,0.000221902316403,0.00356902026823,0.000244444066131,46875,46875,46873,91,93393a2c2eae7dc6f4180bacc446d60e55b3478419c99edc1ec17548ded818a4,997911
variation_R019_initial,variation,initial,R019,22.627416998,-22.627416998,240,414.81128823,59.6383113057,0.000936260442097,0.000116922135112,0.0824493489675,0.177976124813,2.16574048431e-07,11072.9875004,0.0277692004521,0.995085724099,12,0.00206377873605,0.00652711654312,0,0,False,800,15,0,8,7,1.6e-05,1.80994872298,22.6659489522,0.410242053612,0.854670945024,22.6722980107,33.0363006592,0.0423920482843,22.8445213484,-22.4859584667,0.217104350425,0.141458531229,0.64,3876.9527117,3876.84383002,3815.99369119,3840,3840,0,0,0,0.0016532774085,0.317965567112,59.6383094788,0.498483824045,0.75,True,True,True,True,True,True,True,22.6659489522,0.0021260228278,0.316589493139,0.018561636395,0.184697533938,0.00744192075856,0.121110345909,0.00621214164729,0.0854843972342,0.00295923696617,0.0637685109487,0.000691568670409,0.0528314679072,0.00122792791353,0.0412791167563,0.00163396828998,0.0320975504873,0.00152547975392,0.0238174497541,0.0010014048728,0.0215559610375,0.00108160995789,0.0192660853447,0.000834403130544,0.0137008413703,0.000739703779252,0.0102508782042,0.00077014187257,0.00911986892666,0.000676724473593,0.00839052116072,0.000753191353688,0.00585508934889,0.0001175504495,0.00364379456031,0.000495352501963,0.0035547333439,0.000621094587118,0.00388687448642,0.000352561523224,46875,46875,46874,89,32be2e949aeae111d4c4f70b30d9b58b18b69ee6703094e3de584a24d6e23279,937437
variation_R019_selected,variation,selected,R019,22.627416998,-22.627416998,240,414.81128823,59.6383113057,0.000936260442097,0.000116922135112,0.0824493489675,0.177976124813,2.16574048431e-07,11072.9875004,0.0277692004521,0.995085724099,12,0.00206377873605,0.00652711654312,0,0,False,800,15,18,4,7,1.6e-05,0.810923031056,22.6663306653,0.18380649566,0.382930199292,22.6697138178,32.776008606,0.0431452526736,22.8448320163,-22.4864123818,0.21741501835,0.141004616132,0.64,3876.91773271,3876.89655211,3816.07072314,3840,3840,0,0,0,0.00102464519001,0.317965567112,59.6383094788,0.498483824045,0.75,True,True,True,True,True,True,True,22.6663306653,0.00232872862512,0.0851668926419,0.0194475801367,0.04863255088,0.00802971153575,0.0335886530863,0.00628125787838,0.0947383629649,0.00343242563026,0.069954406871,0.00106102509235,0.0570894085268,0.00133816766263,0.0439424747518,0.00135066298698,0.0344361216799,0.000998417386749,0.0259240941056,0.000864928721016,0.0230913779092,0.00074887370058,0.0206755466787,0.000846586477817,0.0147737502541,0.000486801292511,0.0114774036044,0.000496678338206,0.0106268805518,0.00058020886855,0.00921664666247,0.000495917309077,0.00662649270555,0.000318751358183,0.00448759635543,0.000311604992846,0.00445695636084,0.000470754173563,0.00446852378277,0.000215725658125,46875,46875,46874,89,0ecbdac7069d32f450b67d6c731077c8f95000953f585004fcf43e7e1310226c,1001323
variation_R020_initial,variation,initial,R020,45.2548339959,0,240,412.070787757,59.8179843692,0.000932033354693,5.62878413049e-05,0.0714296361375,0.135077109639,2.56408735318e-07,9267.82528047,0.00324325954613,0.997030565276,12,0.00542159962117,0.00601327270449,1,0,False,800,15,0,8,7,1.6e-05,1.52688218226,32.0404206985,0.489219474767,1.0192072391,32.0462934502,46.0275764465,0.0605707555917,45.3108614586,0.320859708637,0.0560274626482,0.320859708637,0.905096679919,7689.67021548,7689.50817571,-54.4516981888,7680,-0,0,0,0,0.00203834189196,0.0736988335848,59.81798172,0.499239293865,0.75,True,True,True,True,True,True,True,32.0404206985,0.000201554914769,0.359444603274,0.0198129939978,0.220456611428,0.00769407276646,0.149221704333,0.00467475155198,0.111842978916,0.00274040504723,0.0892185204978,0.00201706460225,0.0715374414593,0.0014104506681,0.0589023777607,0.000946142724832,0.0506215773016,0.000640460150987,0.0427470186441,0.000514681067216,0.0366445697213,0.000347733395434,0.0317846817876,0.000377420434563,0.0275741857894,0.000181414902231,0.0241016000323,0.000214512097546,0.0211735949956,0.000191107238965,0.0188338320973,0.000189846939204,0.0169832406121,8.80984235791e-05,0.0151025616723,8.21212958403e-05,0.013444196258,5.02864753812e-05,0.0117244735614,3.02235331308e-05,46875,46875,46873,90,cd4d31f4fed1d083eb703ca19d9c4a3f86fad394aaa1ed598cf81e9e42255bbb,969996
variation_R020_selected,variation,selected,R020,45.2548339959,0,240,412.070787757,59.8179843692,0.000932033354693,5.62878413049e-05,0.0714296361375,0.135077109639,2.56408735318e-07,9267.82528047,0.00324325954613,0.997030565276,12,0.00542159962117,0.00601327270449,1,0,False,800,15,18,4,7,1.6e-05,0.737039898594,32.040902079,0.236154232191,0.491987983732,32.0439141899,45.6994171143,0.0605576904465,45.3115388768,0.321335787136,0.0567048808388,0.321335787136,0.905096679919,7689.64962944,7689.62313738,-54.5324913892,7680,-0,0,0,0,0.00296457156363,0.0736988335848,59.81798172,0.499239293865,0.75,True,True,True,True,True,True,True,32.040902079,0.000387905553494,0.0780134200356,0.019820487462,0.0502930810845,0.00817270784743,0.0371123609666,0.00575065330356,0.123121669753,0.00304107195383,0.0976886936551,0.0023466966245,0.0768734639566,0.00151088215318,0.0630856366678,0.00121244714183,0.0535791300524,0.000634479700109,0.0453741399143,0.000654893763476,0.0384086810759,0.000206418112166,0.0332070240677,0.00056857817567,0.0285978928732,0.000217140659448,0.0250177557672,0.000269524147524,0.0218065509284,0.000155960640031,0.0193689459859,0.00026676841179,0.0173145329973,5.11772819363e-05,0.0154397649903,0.000162942949473,0.0137178534184,5.09760010792e-06,0.0119822142735,0.000164818336876,46875,46875,46873,90,f00d49682c8f95d102fb96a5439be5747d93783069bc1282a212221f44cc190a,1032745
variation_R021_initial,variation,initial,R021,0,45.2548339959,240,399.967432429,60.3424214909,0.000996484322063,0.00013340249539,0.0648998384502,0.0869060691523,1.90795402665e-07,10858.0639528,0.0196691701769,0.998898882905,12,0.0135320223692,0.0037438935805,0,0,False,800,15,0,8,7,1.6e-05,1.14158760178,32.127655974,0.36676533734,0.764094452792,32.1313913944,45.8275337219,0.0478050910949,-0.00837408326907,45.4353660339,-0.00837408326907,0.18053203798,0.905096679919,-1.60393466074,-1.42112905579,-7710.63730279,0,-7680,0,0,0,0.00311388428647,-0.634452819824,60.3424224854,0.501418659885,0.75,True,True,True,True,True,True,True,32.127655974,0.00383763408048,0.288357402943,0.018978752964,0.153389752191,0.00566643315638,0.107453293619,0.00406121352625,0.0734540818507,0.00125769915826,0.0612147558495,0.00193592629266,0.0427286342921,0.000239830991952,0.0395597830536,0.000770124284089,0.0289951907794,0.00032749311837,0.0270603916104,0.000588931474882,0.020098361254,0.000207318533082,0.0204715086817,0.000345184684175,0.0142270310177,0.000451577140702,0.0150890149912,0.000369856873678,0.0102542339081,0.000228503790349,0.012033652354,0.000285188519248,0.00782433221134,0.000350451438342,0.0091818158611,0.000160799491163,0.00688693551225,0.000248633516209,0.00767221863173,0.000231153758351,46875,46875,46874,91,1323ed1220c97c9f658c310b74885ea32491d10e25fbd49d9c757d8cc0c89547,948906
variation_R021_selected,variation,selected,R021,0,45.2548339959,240,399.967432429,60.3424214909,0.000996484322063,0.00013340249539,0.0648998384502,0.0869060691523,1.90795402665e-07,10858.0639528,0.0196691701769,0.998898882905,12,0.0135320223692,0.0037438935805,0,0,False,800,15,18,4,7,1.6e-05,0.511403111119,32.1275862975,0.164301475853,0.34229474136,32.1296521693,45.580291748,0.0481275087284,-0.00872458937282,45.4352674305,-0.00872458937282,0.180433434592,0.905096679919,-1.48677059395,-1.48061191406,-7710.62056924,0,-7680,0,0,0,0.00289494702237,-0.634452819824,60.3424224854,0.501418659885,0.75,True,True,True,True,True,True,True,32.1275862975,0.00356267120626,0.0735908558784,0.0184256799227,0.0396679823972,0.00610075980138,0.0311819663793,0.0049744555365,0.0817021139842,0.00161598933961,0.0668132680709,0.00184805716107,0.04586745722,0.000357734397813,0.0420940869563,0.000830017551045,0.0304544164837,0.000330828602375,0.0283698887202,0.000535194469532,0.0209510661458,0.000192727663318,0.0211865704775,0.000503855689633,0.0146643581893,0.000410571228831,0.0154159266585,0.000271886781681,0.0105839886649,0.000177943922221,0.0122884850426,0.000273227002035,0.00812035027154,0.000417112247531,0.00932979613238,0.000211912173494,0.00697901509742,0.000172917439516,0.00765690901574,0.000200346170931,46875,46875,46874,91,4ec29aec55d21364d81b3c10601126b42a17180076dce5bbf3150877de0f647d,1012194
variation_R022_initial,variation,initial,R022,67.8822509939,0,240,393.45183462,59.9355810264,0.000964083439758,0.000195696421146,0.0697942009223,0.164401753988,2.77235159023e-07,8338.7126936,-0.0074555079441,1.00223797502,12,0.00102192924059,0.00252221899117,1,0,False,800,15,0,8,7,1.6e-05,1.03120863617,47.8640192421,0.493577900041,1.02828729175,47.8674064122,68.2451934814,0.0498706788561,67.6885473992,0.435002299365,-0.19370359466,0.435002299365,1.35764501988,11487.0892159,11487.1274099,-73.8223381711,11520,-0,0,0,0,0.00605459585649,-0.0856994315982,59.9355812073,0.49973129912,0.75,True,True,True,True,True,True,True,47.8640192421,0.00506349984707,0.372883233543,0.0149976236058,0.217901646096,0.00618879532639,0.149415622144,0.00322622452139,0.109867235119,0.00205967183423,0.0854521072339,0.00126645528752,0.0679354164285,0.000881130196598,0.0553209118,0.000648478375548,0.0458441956508,0.000324946990485,0.0377600555759,0.000157245808061,0.0314922675462,0.000248805163817,0.0271405360282,0.000208854166215,0.0232375533702,0.000280602815342,0.0207571467657,0.000128513195666,0.0183931498612,0.000209736007349,0.0156863170932,0.000199860226654,0.0139335484166,0.000262841780248,0.0130454557623,0.000194361549756,0.0116164268439,0.000197274306358,0.0102623491833,0.000156668224704,46875,46875,46873,90,e099f51c0fc64bbd6badd5ef8f2992833b4e8b49a4ac4111a00a2570871365de,949817
variation_R022_selected,variation,selected,R022,67.8822509939,0,240,393.45183462,59.9355810264,0.000964083439758,0.000195696421146,0.0697942009223,0.164401753988,2.77235159023e-07,8338.7126936,-0.0074555079441,1.00223797502,12,0.00102192924059,0.00252221899117,1,0,False,800,15,18,4,7,1.6e-05,0.476554010367,47.8639223026,0.228097441252,0.475203002608,47.8653108136,67.9079589844,0.0498801210001,67.6884089512,0.435212626711,-0.193842042743,0.435212626711,1.35764501988,11487.0961044,11487.1039145,-73.8580319053,11520,-0,0,0,0,0.0035681842982,-0.0856994315982,59.9355812073,0.49973129912,0.75,True,True,True,True,True,True,True,47.8639223026,0.00507113880556,0.0840144984158,0.0148527599721,0.0497081463258,0.00647356627776,0.0373050504098,0.00416499452425,0.123120495836,0.00254143564514,0.0937500769393,0.00143422850542,0.0732953856169,0.0010538317421,0.0590850690649,0.000600242250487,0.0482806253765,0.000456203736008,0.0393988324696,0.000193695478166,0.0326416361121,0.000358122204071,0.0280850367347,0.000325930045513,0.0238085459846,0.000229043729141,0.0211301249696,0.000118785567358,0.018701275394,0.000268119266262,0.0159908376588,0.000196735588528,0.0141366829171,0.000334922533308,0.013245335859,0.000180849507876,0.0117479878849,0.000227546578002,0.0105075055378,0.000134910605422,46875,46875,46873,90,dc647dd04bfca580257ca42ebfbc1a5b072f4ea301fe59ce4da949b2d6f0f24c,1013660
variation_R023_initial,variation,initial,R023,0,67.8822509939,240,409.392790934,60.2927213101,0.00106565797689,0.000222565122821,0.0809186423646,0.198534956733,1.36676299408e-07,8860.60794843,0.0295448560562,1.00036991895,12,0.0140463978261,0.00551114830019,0,0,False,800,15,0,8,7,1.6e-05,0.560988745524,48.1009986488,0.269841188904,0.56216914355,48.1026920601,68.3714752197,0.0221832453089,-0.129788115861,68.0249608384,-0.129788115861,0.142709844499,1.35764501988,-22.2035835492,-22.0257736423,-11544.2186637,0,-11520,0,0,0,0.00281985767843,-0.567578196526,60.2927207947,0.501213750614,0.75,True,True,False,True,True,True,False,48.1009986488,0.00676197033642,0.216890614874,0.0124879315224,0.111134742318,0.00410031760052,0.0745591525491,0.00259167943928,0.0520035758829,0.00107489274646,0.0425730649116,0.000863787000268,0.0305361184133,0.000454295079858,0.0261099156009,0.000471327065751,0.0206339419667,0.000109405025991,0.0175234551404,0.000222604762771,0.0139506586441,0.000143097237414,0.0124942569262,0.000170286524615,0.0103861335901,4.49122991073e-05,0.0092139579471,0.000138740735423,0.00795210061639,7.36937302447e-05,0.0069166898436,0.00015230426544,0.00646260265846,9.28949094016e-05,0.00531376001226,0.000116574615995,0.00535866311635,6.68928761976e-06,0.00422702197723,8.3806686581e-05,46875,46875,46874,90,418ac2a47d35fcf5d1aca8d90f64c1ba30211639bf70884a53cae49cd4bb71aa,947773
variation_R023_selected,variation,selected,R023,0,67.8822509939,240,409.392790934,60.2927213101,0.00106565797689,0.000222565122821,0.0809186423646,0.198534956733,1.36676299408e-07,8860.60794843,0.0295448560562,1.00036991895,12,0.0140463978261,0.00551114830019,0,0,False,800,15,18,4,7,1.6e-05,0.248159403276,48.1011582206,0.119367547209,0.24868239002,48.1022440282,68.1830368042,0.0224255000538,-0.129670165229,68.0251867324,-0.129670165229,0.142935738508,1.35764501988,-22.0171036294,-22.0057567562,-11544.2569992,0,-11520,0,0,0,0.00230180630002,-0.567578196526,60.2927207947,0.501213750614,0.75,True,True,False,True,True,True,False,48.1011582206,0.00624389930608,0.0617752617345,0.0122995627159,0.0269100630347,0.00447584765754,0.0215733479906,0.0031607656899,0.0585509497838,0.00120801323923,0.0461995526513,0.000963625038133,0.032703210098,0.000388308955952,0.0277280973647,0.000486099879578,0.0217373182436,0.000144359408715,0.0181642818998,0.000152645606405,0.0146125719275,4.78671818252e-05,0.0127884863585,0.00022723064268,0.0107751495188,7.70862448717e-05,0.00933559935154,0.000167005197816,0.00831571373304,6.78475351718e-05,0.00685509572012,0.00011272984513,0.00667277563064,8.71910820395e-05,0.00527881727676,0.000149511673713,0.00554555137374,3.51977535466e-05,0.00407179004897,0.000115523960266,46875,46875,46874,90,a5b93fa6992104982e4f14598161e106a6d57e1dc32492f5997a2f260fbc971e,1011869
variation_R024_initial,variation,initial,R024,0,-67.8822509939,240,384.273132469,59.5348468145,0.000981879602564,6.81734842479e-05,0.0683501005808,0.193672828208,2.64712251983e-07,9500.3285965,0.0411287187131,1.00101194856,12,0.00677287581241,0.000801212338024,1,0,False,800,15,0,8,7,1.6e-05,0.974524535044,47.7675154406,0.46550615775,0.969804495312,47.770640325,68.0524902344,0.011216733946,0.686626894018,-67.5499785807,0.686626894018,0.33227241323,1.35764501988,116.552014669,116.524447897,11463.6115016,0,11520,0,0,0,0.00390180689789,0.45865419507,59.5348472595,0.498046718811,0.75,True,True,True,True,True,True,True,47.7675154406,0.0124560718094,0.350074419006,0.0184604933359,0.196619988081,0.00770416987876,0.144232476991,0.00333413697601,0.104139811384,0.00290468796487,0.0852046243702,0.00107689193156,0.0666432906142,0.00104280455536,0.056448518204,0.000533133663876,0.0459044811061,0.00065961787058,0.0396254221042,0.000218756942238,0.0350490423705,0.000451268853497,0.0284717024946,0.000371191461368,0.0266291934558,0.000315335874199,0.0214271727268,0.000209112024753,0.0209371846461,0.000469850540015,0.0169353201089,7.76162428973e-05,0.0170486085148,0.000308341343359,0.0127986615592,0.000101741809922,0.0136407540284,0.000407608706845,0.0109313722165,0.000116231392715,46875,46875,46873,89,019a96c875cdfd8565f01a4c93b6da0413276907ad100649462fad75e25c4314,962913
variation_R024_selected,variation,selected,R024,0,-67.8822509939,240,384.273132469,59.5348468145,0.000981879602564,6.81734842479e-05,0.0683501005808,0.193672828208,2.64712251983e-07,9500.3285965,0.0411287187131,1.00101194856,12,0.00677287581241,0.000801212338024,1,0,False,800,15,18,4,7,1.6e-05,0.480279983351,47.7674333565,0.229417420972,0.477952960358,47.7688420548,67.7338943481,0.0111217900936,0.686697650269,-67.549861771,0.686697650269,0.332389222907,1.35764501988,116.551756292,116.536455631,11463.5916784,0,11520,0,0,0,0.00332514495747,0.45865419507,59.5348472595,0.498046718811,0.75,True,True,True,True,True,True,True,47.7674333565,0.0122694113617,0.0859702468438,0.0188374381917,0.0527794852623,0.00799759553908,0.043849943389,0.00437806026743,0.115175687231,0.00287915954319,0.0934036099528,0.00114201396438,0.0718253157993,0.00111087222161,0.0605707363861,0.00039407453548,0.0485340046971,0.000656116234441,0.0418173087573,0.000278583138117,0.0364015592502,0.000440061418412,0.029781794332,0.000248513969249,0.0275333187778,0.000382080865645,0.0220983904808,0.000106417701731,0.0214346964724,0.000331462871717,0.0173437984749,0.00017622198964,0.0175012389014,0.000206942616986,0.012992146578,0.000139909518503,0.0139834658712,0.000230609467819,0.0110157840057,0.000148354775988,46875,46875,46873,89,f153727385e6b9d2aa4261dceeb23518d7535a641532efceb562accfe6478c47,1027478
structure_L01_initial,structure,initial,L01,5.65685424949,0,240,400,60,0.001,0.0001,0.08,0.1,2e-07,10000,0,1,12,0,0,0,0,True,800,15,0,8,7,1.6e-05,7.78817496333,3.99358819183,0.311027635695,0.64797424103,4.01858152551,6.25370407104,0.0548723539525,5.64773153781,0.0249352912246,-0.00912271168734,0.0249352912246,0.3,958.451824489,958.451824489,-4.23165924379,960,-0,0.00128,0,0,0.0012434103167,-0.172922834754,60,0.5,0.75,False,True,True,True,True,True,False,3.99358819183,0.0033301605393,0.259151346402,0.0206943948733,0.136662304539,0.0098884865078,0.0816164937195,0.00539394642917,0.0493398393457,0.0032004531374,0.0295226420263,0.00188397840581,0.0156016351875,0.000824436872001,0.00592386191036,0.000800381485541,0.00306409344214,0.00105017644736,0.00233322594746,0.00112777555293,0.00286851716263,0.0014350024489,0.00328436524521,0.000943908761747,0.00305730051085,0.00108938638187,0.00268845120546,0.000543108517284,0.000588425556381,0.000728605977077,0.000660428785742,0.000454237289089,0.00102137711951,0.000437402558507,0.00151533494446,0.000645833494506,0.00227449894955,0.000386311732942,0.00256059164248,0.000713695105153,46875,46875,46874,90,199c4cf7b71e298c73e6ddf0d03638ed91980368c2d7110468155da5b9363acf,875691
structure_L01_selected,structure,selected,L01,5.65685424949,0,240,400,60,0.001,0.0001,0.08,0.1,2e-07,10000,0,1,12,0,0,0,0,True,800,15,18,4,7,1.6e-05,3.14295415002,3.99365163883,0.12551863992,0.2614971665,4.00859860332,6.01815509796,0.0575533154798,5.64781952026,0.0253276746561,-0.00903472922818,0.0253276746561,0.3,958.466755607,958.466755607,-4.29824892025,960,-0,0.0016,0,0,0.00256841172587,-0.172922834754,60,0.5,0.75,True,True,True,True,True,True,True,3.99365163883,0.00143556202392,0.056164279414,0.0193447318591,0.0327856295887,0.00909376757503,0.0228902056266,0.00626261637379,0.074486662501,0.00316914473527,0.0503607670953,0.00279833853308,0.0358003381736,0.00117150147548,0.0234235098038,0.001528228294,0.0181951877338,0.000709491333053,0.01097945272,0.000753232480288,0.00799878203548,0.000770116431132,0.00488974997371,0.000405367890528,0.00236306189158,0.000821042017027,0.00159373593702,0.000166137725554,0.00165323893887,0.000806325946285,0.00163955466353,0.00037285581479,0.00199360047999,0.000577241278037,0.00158592426407,0.000534379571516,0.00154083716838,0.00038502719975,0.000937277466438,0.000439582137211,46875,46875,46874,90,ac1904de02e68224604b19ebacca27fa134855b82d5a4c41b2ff49c600342429,935080
structure_L02_initial,structure,initial,L02,11.313708499,11.313708499,240,400,60,0.001,0.0001,0.08,0.1,2e-07,10000,0,1,12,0,0,0,0,True,800,15,0,8,7,1.6e-05,3.07407203492,11.308927282,0.347644571025,0.724259522969,11.3189378875,16.9274539948,0.0530127963926,11.2544518409,11.3631415683,-0.05925665813,0.0494330693121,0.32,1909.94381165,1909.94381165,-1928.38907005,1920,-1920,0.0115200001746,0,0,0.00481162923929,-0.172922834754,60,0.5,0.75,True,True,True,True,False,True,False,11.308927282,0.00443422244351,0.279355653188,0.0158104663179,0.15335977734,0.0095677579546,0.0969783540565,0.00823757218036,0.0699467733744,0.00427489026983,0.0483472576755,0.00089668855662,0.031771380426,0.00308219910153,0.0221558042633,0.00358508493197,0.0182378442384,0.00202237788636,0.0104688974898,0.000613236139639,0.00367345825019,0.00121420490933,0.00345589769652,0.00142540849113,0.00193753980437,0.00118999276485,0.00302180366863,0.00121998533193,0.00558773379899,0.000808073204381,0.00454969034374,0.000522805049563,0.00391733411574,0.00141564933892,0.00635079094157,0.00162978020425,0.00716843749586,0.00104730389305,0.005919715654,0.000491579537005,46875,46875,46874,90,cc693fee459af893c153d204a4d6e8878f53f2a86069fb2f90b88a27579b8637,869104
structure_L02_selected,structure,selected,L02,11.313708499,11.313708499,240,400,60,0.001,0.0001,0.08,0.1,2e-07,10000,0,1,12,0,0,0,0,True,800,15,18,4,7,1.6e-05,1.24979784114,11.3091878754,0.141341985917,0.294462470661,11.3147411951,16.6797504425,0.0542665202222,11.2544330653,11.3636788578,-0.0592754337017,0.0499703587868,0.32,1909.94062533,1909.94062533,-1928.48025109,1920,-1920,0.01088,0,0,0.00460146345395,-0.172922834754,60,0.5,0.75,True,True,True,True,False,True,False,11.3091878754,0.00412359495664,0.0674511023421,0.0164720859579,0.0394483562397,0.0102074102037,0.0237333896359,0.00873808916662,0.080352394583,0.00472690341082,0.0561644114611,0.000984443047974,0.0382966173064,0.00329606867292,0.0274627114135,0.0035701268523,0.0230377695134,0.00220151553754,0.0147614500204,0.000502296831621,0.0072548112369,0.00124501863992,0.00560806717699,0.00152891710689,0.00456285295358,0.00126654251891,0.00155585542493,0.00106427562839,0.00252554698787,0.00070814752173,0.00256109201763,0.000513001441951,0.00189412602491,0.00100982190565,0.00434088513336,0.0012662620013,0.00529199185955,0.000824309027849,0.00507015107338,0.000210890690829,46875,46875,46874,90,60db529d417b6c100bcdda3b42617b772d6c44e55bb45a616522ec504ed1445a,933755
structure_L03_initial,structure,initial,L03,11.313708499,-11.313708499,240,400,60,0.001,0.0001,0.08,0.1,2e-07,10000,0,1,12,0,0,0,0,True,800,15,0,8,7,1.6e-05,3.0579389482,11.3093360098,0.345832590628,0.720484563808,11.3190599772,16.897277832,0.0519269563321,11.3553616011,-11.2631223414,0.0416531020811,0.050586157631,0.32,1927.06876583,1927.06876583,1911.41524438,1920,1920,0.00192,0,0,0.00339167573757,-0.172922834754,60,0.5,0.75,True,True,True,True,True,True,True,11.3093360098,0.00314679663972,0.275632624097,0.0157915233261,0.15679113653,0.008534577896,0.0989943034737,0.0077280901628,0.0672350200598,0.00495039087345,0.0465906782089,0.000915350036606,0.0331878755724,0.00217779333057,0.0218895533879,0.00294654749669,0.0151866935676,0.00210650508489,0.0087556155692,0.000636682975569,0.00601696325505,0.000637254791614,0.00352537643555,0.000946405099559,0.000152483773208,0.000798945966169,0.00202417797812,0.000974100300897,0.00373452843108,0.00116239606327,0.004230017599,0.000540683501444,0.00540240180821,0.000558743510168,0.00578367862296,0.00140371718638,0.00592003918927,0.00152847615617,0.00604482283346,0.000982415299871,46875,46875,46874,90,e00a9629f16e7ba5183ab17835bab2cb62f9fc85868e4e840a15343a87d91f24,876762
structure_L03_selected,structure,selected,L03,11.313708499,-11.313708499,240,400,60,0.001,0.0001,0.08,0.1,2e-07,10000,0,1,12,0,0,0,0,True,800,15,18,4,7,1.6e-05,1.23283607435,11.3094033006,0.139426403684,0.290471674341,11.3147046915,16.6682834625,0.0529189289638,11.3553249288,-11.2632944467,0.0416164298365,0.0504140522766,0.32,1927.06254234,1927.06254234,1911.44445162,1920,1920,0.00192,0,0,0.00235735787502,-0.172922834754,60,0.5,0.75,True,True,True,True,True,True,True,11.3094033006,0.00342494093737,0.0667182155336,0.0165156965468,0.0404924752479,0.00863712659735,0.0247025084646,0.00845601730332,0.0777841907562,0.00546406654767,0.0551492562874,0.00120675313234,0.0400560510019,0.00238055287829,0.027542926464,0.00319422976149,0.0202478512271,0.0020646748368,0.0130817701754,0.00046883379683,0.0095925741552,0.00100726900944,0.0065320550113,0.00112686935566,0.00311170341166,0.000868205809794,0.000931866104421,0.000809884151215,0.000799173451554,0.000809012176695,0.00171644970874,0.000289036674167,0.00312617327451,0.000495877942183,0.0039062249455,0.00111173043496,0.00423170246271,0.00121907097369,0.00457233149003,0.000429133085388,46875,46875,46874,90,0ee118bd03219c9ab4d4132367ca1c720ecf1d7495cf44966ec5a46bcb4b028c,939358
structure_L04_initial,structure,initial,L04,0,45.2548339959,240,400,60,0.001,0.0001,0.08,0.1,2e-07,10000,0,1,12,0,0,0,0,True,800,15,0,8,7,1.6e-05,1.13420829899,32.0032866972,0.362983933667,0.756216528473,32.0071367514,45.607421875,0.0598017324479,-0.210342695666,45.2589933029,-0.210342695666,0.00415930694686,0.905096679919,-35.6963391549,-35.6963391549,-7680.7058578,0,-7680,0.0131200002506,0,0,0.00563521267919,-0.172922834754,60,0.5,0.75,True,True,True,True,False,True,False,32.0032866972,0.00511313814244,0.272353170499,0.0189910601783,0.165133860783,0.00700673598218,0.105976738659,0.00606168120489,0.0847257498983,0.00244442760861,0.0576846676023,0.00352630028935,0.0521048648074,0.00140161032877,0.0363197232505,0.00226157549617,0.036214716785,0.000440964076079,0.023661083592,0.00172520683992,0.0267142444927,0.000593919025375,0.0172928218742,0.00148641158221,0.0194522882241,0.000236949636527,0.0124095011752,0.00121160675087,0.0147530070642,0.000213215409211,0.00929564247782,0.00097056932002,0.0116040294971,0.000214791289918,0.00687471271944,0.000801853873629,0.0101500881119,4.90575691315e-05,0.00527938926956,0.000663726901819,46875,46875,46874,90,ff01c369b6faf1412afe981bc905b7a3d0227c78e1464adc694ad32c93a59c9d,887557
structure_L04_selected,structure,selected,L04,0,45.2548339959,240,400,60,0.001,0.0001,0.08,0.1,2e-07,10000,0,1,12,0,0,0,0,True,800,15,18,4,7,1.6e-05,0.529097493213,32.0006833544,0.169314813439,0.352739194665,32.0029260994,45.3711700439,0.0597017226865,-0.210588019126,45.2553104396,-0.210588019126,0.000476443689337,0.905096679919,-35.7379719266,-35.7379719266,-7680.08085518,0,-7680,0.0128,0,0,0.00411974893716,-0.172922834754,60,0.5,0.75,True,True,True,True,False,True,False,32.0006833544,0.0055099864306,0.0630674785472,0.0193159278309,0.0396903034826,0.00825835293822,0.0261336233622,0.00743455248305,0.0944197336505,0.00310321728188,0.0626290585115,0.00403284906211,0.0563433792417,0.00177100352877,0.0379880604006,0.0027762217681,0.0385155630049,0.00101254804757,0.0246384310639,0.00197248698071,0.0277531232457,0.000636147409129,0.0176823226078,0.00171316622692,0.0204321159744,0.000534653324086,0.0123008764739,0.00128836160547,0.0155066079878,0.000485647524548,0.00941684635985,0.00110060479551,0.0120021378772,0.000380402288257,0.00683317632251,0.000912196819084,0.0105365793306,0.000298311409572,0.00511388137213,0.000968303226727,46875,46875,46874,90,d0ed2c7f718cdac8c36a03d071d9b9862e891229fea86d5afd52edc74bc2b7c9,949111
structure_L05_initial,structure,initial,L05,45.2548339959,0,240,400,60,0.001,0.0001,0.08,0.1,2e-07,10000,0,1,12,0,0,0,0,True,800,15,0,8,7,1.6e-05,1.14008842246,31.9937482261,0.364757019438,0.759910457162,31.9974001473,45.8168525696,0.057467515552,45.2455172286,0.207417035389,-0.00931676735411,0.207417035389,0.905096679919,7678.41889215,7678.41889215,-35.1998381418,7680,-0,0.0128,0,0,0.00509793472431,-0.172922834754,60,0.5,0.75,True,True,True,True,False,True,False,31.9937482261,0.00125512480158,0.272969886692,0.0195180832386,0.157516300763,0.0084842568536,0.109916727803,0.00488291387236,0.0820290063847,0.00327505391729,0.0651297697397,0.00234612342955,0.0523144032092,0.00185685899408,0.0423627093583,0.00147609256906,0.0366909251668,0.00118964999473,0.0318346712545,0.000926092864581,0.0273333902979,0.000865298353289,0.0240212057139,0.000718497500493,0.0212308150749,0.000666717293195,0.0187463410403,0.000676659094585,0.0170879812019,0.000549456433226,0.0154660491625,0.00054023173748,0.0139865571163,0.00044232592966,0.0127377630268,0.000516902502786,0.011820182452,0.000373462991911,0.0109184860565,0.000428702405099,46875,46875,46874,90,0587251264ad2c2c955a31a95783fa7351693898d1817efc028facdcc1a69c1e,891760
structure_L05_selected,structure,selected,L05,45.2548339959,0,240,400,60,0.001,0.0001,0.08,0.1,2e-07,10000,0,1,12,0,0,0,0,True,800,15,18,4,7,1.6e-05,0.553018168992,31.9933842843,0.176929227968,0.368602558266,31.9954534365,45.5664978027,0.0586893084444,45.2450029167,0.207333035341,-0.00983107919208,0.207333035341,0.905096679919,7678.33161054,7678.33161054,-35.1855828608,7680,-0,0.01376,0,0,0.00212239271345,-0.172922834754,60,0.5,0.75,True,True,True,True,False,True,False,31.9933842843,0.00210504489246,0.059021864367,0.0185864702498,0.0338645697367,0.00806999457845,0.0267400276965,0.00534415184083,0.0918627836618,0.00320051309872,0.0716457033029,0.00189800263566,0.0572119102366,0.00134202838541,0.0463103593534,0.00105675684479,0.0393892300756,0.000528204144984,0.0341205793828,0.000512352975531,0.0294411506971,0.000480368565435,0.0259308632732,0.000244362801124,0.0227190882721,0.000389949033451,0.020107807555,0.000374289515809,0.0183925854025,0.000212733686033,0.0166613745565,0.000310249996298,0.0149876562719,0.000112710707075,0.013853569642,0.000284747419898,0.0126088058069,0.000149829807485,0.0118417580418,0.000196550712826,46875,46875,46874,90,d925241781eb6ddda8be8c7f28eddf24f1731bcea1e8ab3672a716bf4cd754e0,955649
structure_L06_initial,structure,initial,L06,0,-67.8822509939,240,400,60,0.001,0.0001,0.08,0.1,2e-07,10000,0,1,12,0,0,0,0,True,800,15,0,8,7,1.6e-05,0.75309396533,48.0000893524,0.361485776266,0.753095367221,48.002387354,68.3157119751,0.0507504462238,0.294342399897,-67.8817392104,0.294342399897,0.000511783482366,1.35764501988,49.95156167,49.95156167,11519.9131475,0,11520,0.0166400000453,0,0,0.00453790076856,-0.172922834754,60,0.5,0.75,True,True,False,True,False,True,False,48.0000893524,0.00676728772797,0.258917350828,0.0217870940985,0.178692309429,0.00953929822291,0.0919235206618,0.00598689858812,0.0981751042239,0.00401964117452,0.0467648928778,0.00354973014686,0.0645693836811,0.00236489909095,0.0272132089094,0.00226586997764,0.0464144090963,0.00192037323873,0.0173781751645,0.00184221693056,0.0349149868973,0.00122583425561,0.0118121344043,0.00130363604467,0.02717286372,0.000989255609115,0.00936175876546,0.00122892898432,0.021866453221,0.000918233431933,0.00809540093775,0.000672565974902,0.0177137357003,0.000684197960664,0.00744948947068,0.000753649311918,0.0146600611221,0.000654576907928,0.00681927013715,0.000487052459733,46875,46875,46874,90,8958ed3d4d3482b3e0dbf861692c5943547f61c68183e87ecc2ab8f254be5ccc,882676
structure_L06_selected,structure,selected,L06,0,-67.8822509939,240,400,60,0.001,0.0001,0.08,0.1,2e-07,10000,0,1,12,0,0,0,0,True,800,15,18,4,7,1.6e-05,0.3775458018,47.9974558666,0.181212379595,0.377525790823,47.9987368224,68.1003799438,0.0516991538955,0.294601008982,-67.8780137422,0.294601008982,0.00423725175304,1.35764501988,49.995449087,49.995449087,11519.2809145,0,11520,0.0169600006193,0,0,0.00552360140905,-0.172922834754,60,0.5,0.75,True,True,True,True,False,True,False,47.9974558666,0.00659854183995,0.0600298362022,0.0212733253063,0.0419192259969,0.00960849031732,0.0242271985665,0.00665535310727,0.108231149993,0.00399264123265,0.0506232944088,0.00333571370478,0.0694666626733,0.00252403957962,0.0291424853778,0.00222881326512,0.0489334965291,0.0017883891648,0.0176652949744,0.0015367163751,0.0361669641277,0.0012442304597,0.0121500063854,0.00114411859413,0.0280757121464,0.000935674302835,0.00900294274501,0.000862628104501,0.0224236134894,0.000717985216412,0.00783239851884,0.000821538413501,0.0183680488106,0.000584261535752,0.00716318729256,0.000587763616245,0.0151266312199,0.000398328856081,0.00648776179844,0.000294170588234,46875,46875,46874,90,170c627d7c346f7e2cc8d8d8bae3d55a4a2e57e152d9e01df5022375dd4981b5,944920
ablation_A01_nominal,ablation,nominal,A01,5.65685424949,0,240,400,60,0.001,0.0001,0.08,0.1,2e-07,10000,0,1,12,0,0,0,0,False,800,15,0,8,7,1.6e-05,7.78748558996,3.99378457152,0.311015398001,0.647948745836,4.01877646668,6.25302267075,0.0549216164574,5.64800927076,0.024933608276,-0.00884497873212,0.024933608276,0.3,958.498957334,958.498957334,-4.23137363794,960,-0,0,0,0,0.0015473117121,-0.172922834754,60,0.5,0.75,False,True,True,True,True,True,False,3.99378457152,0.0032757240563,0.259226440224,0.020559010987,0.136532537355,0.00968211715859,0.0815371482948,0.00548669726421,0.0494226555151,0.00301594150645,0.0295692375021,0.00188899926493,0.0156006636043,0.000741516406972,0.00602261548358,0.000779735794958,0.00309008220148,0.000978178510992,0.00232516343606,0.0012476490812,0.00282311345457,0.00145169164798,0.00321633006527,0.000979942782353,0.00303711182185,0.00119894842416,0.0026856184495,0.000719473592815,0.000544047865011,0.000751993096463,0.000698756470294,0.000505291960634,0.00103070728792,0.000504921153627,0.00149350867264,0.000547748838069,0.00230313563679,0.000350164852142,0.0025427818257,0.000733434781884,46875,46875,46874,90,1991063dcc63866a2de8c4be5269fa528ff2ac48f0fff6d6a1532ce32a58d475,875162
ablation_A01_no_deadtime,ablation,no_deadtime,A01,5.65685424949,0,240,400,60,0.001,0.0001,0.08,0.1,0,10000,0,1,12,0,0,0,0,False,800,15,0,8,7,1.6e-05,0.527284330342,3.99400812589,0.0210597790004,0.0438745395842,4.00707295625,6.01103162766,0.0597677918931,5.64832548259,0.0249211180206,-0.0085287669006,0.0249211180206,0.3,958.552620261,958.552620261,-4.22925397131,960,-0,0,0,0,0.00139158202294,-0.172922834754,60,0.5,0.75,True,True,True,True,True,True,True,3.99400812589,0.000220999169441,0.0053931768169,0.0177012419403,0.00393298047484,0.00745364931751,0.00169592151819,0.00361900787296,0.000586652265715,0.00236033254669,0.000733751341504,0.00138707406585,0.000183258106943,0.00121920824866,0.000764745054962,0.000727267348585,0.000385754272133,0.000641512259955,0.000516154313602,0.000337976692404,0.000324017048373,0.000326129538232,0.000492910741491,0.00033929354283,0.00066048037701,0.000233760722662,0.000290738269614,0.00019682780162,0.000431207279629,0.000151136742761,0.000455891017948,0.000241547144972,0.000292755635019,0.000164388352696,0.000258170439901,0.000209038439373,0.000181404235447,9.46661912416e-05,0.000385433378041,0.00014832722736,46875,46875,46874,90,7b42067137969edd264e805d41f43ec69159060b0f439c076ab6ce9d0353c552,873881
ablation_A01_ideal_sensor,ablation,ideal_sensor,A01,5.65685424949,0,240,400,60,0.001,0.0001,0.08,0.1,2e-07,200000,0,1,0,0,0,0,0,False,800,15,0,8,7,1.6e-05,7.10163370371,3.96148420362,0.281330097371,0.586104369523,3.9857864998,6.25919771194,0.116224218508,5.60237749566,-0.008977031544,-0.0544767538312,-0.008977031544,0.3,950.754988308,950.754988308,1.52345277113,960,-0,0,0,0,0.000281887157299,-0.172922834754,60,0.5,0.75,False,True,True,True,True,True,False,3.96148420362,0.0151047223927,0.232323405,0.0276264264598,0.119532716539,0.0162577397609,0.075782815005,0.0136229910825,0.0467807872578,0.00931126032682,0.0301612643441,0.00607807775734,0.0171477006244,0.00351711108142,0.00866600336951,0.00173380895074,0.00517039983882,0.00133058392104,0.00279417759568,0.00185614315913,0.00199102403598,0.00231092019978,0.00210899310388,0.00249195417977,0.00223212278711,0.00243329733839,0.00191071990198,0.00222594610584,0.00118511171676,0.00188432820288,0.000704048462324,0.00147122119386,0.000208256574973,0.00108723837311,0.000581847984267,0.000814209592042,0.000972265333073,0.000730996796407,0.00160556452684,0.000805363883668,46875,46875,46874,90,de0eea551ef822b187e475c8180143d80b62f3402d3b3f3d602c8abba7e0c3e9,908319
ablation_A02_nominal,ablation,nominal,A02,11.313708499,11.313708499,240,400,60,0.001,0.0001,0.08,0.1,2e-07,10000,0,1,12,0,0,0,0,False,800,15,0,8,7,1.6e-05,3.0586756769,11.3092673535,0.345913809777,0.720653770368,11.3192355502,16.9193019867,0.0559350884974,11.2545515559,11.3637197001,-0.0591569430956,0.0500112010797,0.32,1909.96073385,1909.96073385,-1928.48718226,1920,-1920,0,0,0,0.00340592009881,-0.172922834754,60,0.5,0.75,True,True,True,True,True,True,True,11.3092673535,0.00373334505381,0.274839065383,0.0135466109777,0.157800852205,0.00757301690132,0.10080777723,0.00626109850415,0.0652414551293,0.00292850214176,0.0449455943863,0.000955732676336,0.0360115879647,0.00228659830512,0.0249092837936,0.00214633657271,0.0147685929539,0.00116266615591,0.00803583861539,0.000681800999888,0.00717609180905,0.00051651918517,0.00444822366074,0.000266154010372,0.00221411869531,0.000147701642036,0.00389731696938,0.00031213966479,0.00308416660041,0.000514268528878,0.00327091803005,0.000746599019894,0.00644141056101,0.000917491007564,0.00730197124377,0.000913476469109,0.00523737080207,0.00101795928603,0.00507096812146,0.00114642295108,46875,46875,46874,90,bd98671cfedf5b065a8c3538d3d17b635bbc8839717c9b7068b9d97382d99ed7,869269
ablation_A02_no_deadtime,ablation,no_deadtime,A02,11.313708499,11.313708499,240,400,60,0.001,0.0001,0.08,0.1,0,10000,0,1,12,0,0,0,0,False,800,15,0,8,7,1.6e-05,0.184441822047,11.3096889773,0.0208597964175,0.0434579092032,11.3143999227,16.6863498688,0.060490431169,11.2537717556,11.3653310906,-0.0599367434158,0.0516225915865,0.32,1909.82839735,1909.82839735,-1928.7606443,1920,-1920,0,0,0,0.00165179437534,-0.172922834754,60,0.5,0.75,True,True,True,True,True,True,True,11.3096889773,0.000566525059503,0.00430286521043,0.0174691178199,0.00508427480477,0.00725244561257,0.00234539369166,0.00386563370213,0.000600452078946,0.00238141672472,0.000292982241377,0.00147145630453,0.000427985910292,0.00121466308393,0.0004406172515,0.000772635138703,9.97427719744e-05,0.000619054963907,0.000228198016918,0.000480686875986,9.76749026497e-05,0.000345426609744,0.000251928827344,0.000316400317008,0.000215199940279,0.000250924446882,0.000239325032119,0.000247788108299,0.00014355935922,0.000118032098263,8.13686314304e-05,0.000176696510588,0.000142945770847,0.000207584722689,0.000137933382977,0.000214149708107,0.000258113549985,0.000150610410452,0.000106136568623,5.61707540063e-05,46875,46875,46874,90,e3a913cf26286f36b8a3681536375cf0af727a595f3c3c5b9fb4a41fd4c7d8a2,867334
ablation_A02_ideal_sensor,ablation,ideal_sensor,A02,11.313708499,11.313708499,240,400,60,0.001,0.0001,0.08,0.1,2e-07,200000,0,1,0,0,0,0,0,False,800,15,0,8,7,1.6e-05,3.25638738842,11.2861172681,0.367519699362,0.765666040338,11.2973096699,16.9689159393,0.122255888756,11.2743748312,11.2978475006,-0.0393336678196,-0.0158609983951,0.32,1913.32485522,1913.32485522,-1917.30829931,1920,-1920,0,0,0,0.00147142866878,-0.172922834754,60,0.5,0.75,True,True,True,True,True,True,True,11.2861172681,0.00773680913334,0.299527496895,0.0107631141987,0.168038758353,0.0116939233967,0.0921546679126,0.0136443206812,0.0596337958292,0.00687743541758,0.0465949771181,0.000835502755814,0.0358486761464,0.00512364545106,0.023221407538,0.00500479090117,0.0135228633747,0.0023674740813,0.008115748637,0.000594683190843,0.00614831134263,0.00155400779128,0.0034654886537,0.00116595799913,0.00215279762812,0.000508501802385,0.00357597723831,0.000769045754713,0.00306107403985,0.000581089496933,0.00290124428077,0.000799387266343,0.00580470829109,0.00145106049679,0.0065011839327,0.00156929314378,0.00493490109523,0.00143896710131,0.00444475026457,0.00170917558382,46875,46875,46874,90,f48aaf77dd3ebd9ef4e820a8937cf1689e21f61b1ad2c9a71ed34bb5c7f6965e,894105
ablation_A03_nominal,ablation,nominal,A03,0,67.8822509939,240,400,60,0.001,0.0001,0.08,0.1,2e-07,10000,0,1,12,0,0,0,0,False,800,15,0,8,7,1.6e-05,0.766322159977,48.0004858389,0.36783835988,0.766329916416,48.0031391855,68.2877655029,0.0640966212261,-0.312425841918,67.8822191125,-0.312425841918,-3.18814484785e-05,1.35764501988,-53.0204235452,-53.0204235452,-11519.9945895,0,-11520,0,0,0,0.00318813197329,-0.172922834754,60,0.5,0.75,True,True,False,True,True,True,False,48.0004858389,0.00578222502247,0.281089705355,0.0169288317636,0.157189452551,0.00569712833079,0.113773385262,0.00406338726341,0.0782233787465,0.00108346085429,0.0655255297594,0.00186548918609,0.0462417786352,0.000417116923807,0.0421205729219,0.000954558342519,0.031652853028,0.000356393440189,0.0285550579394,0.000474121340344,0.0219584696445,0.000303989159719,0.0216511126294,0.000619579474384,0.0162038720023,0.000438475523814,0.0162700418523,0.000443668484915,0.0124579006918,0.000138356486359,0.0128772318126,0.000382627762064,0.00999079152184,0.00034173134491,0.00962229233587,0.000290493447419,0.00847318638429,0.0003028113979,0.00765414153743,0.000251353167127,46875,46875,46874,90,128f27ee10c25ac1d97d37a10da1374a9982f84a8304e80b86a5286ef58ab487,882965
ablation_A03_no_deadtime,ablation,no_deadtime,A03,0,67.8822509939,240,400,60,0.001,0.0001,0.08,0.1,0,10000,0,1,12,0,0,0,0,False,800,15,0,8,7,1.6e-05,0.0436941845875,48.0006066701,0.0209734736816,0.0436947368366,48.0018555929,67.9679489136,0.0640831159067,-0.311669231494,67.8823934735,-0.311669231494,0.000142479565255,1.35764501988,-52.8920224984,-52.8920224984,-11520.0241796,0,-11520,0,0,0,0.00240504472702,-0.172922834754,60,0.5,0.75,True,True,False,True,True,True,False,48.0006066701,0.00710490417062,0.00591111724488,0.0164468781295,0.00314980625856,0.00672490861118,0.00122368776022,0.00385883338084,0.00063931120001,0.00247809407248,0.000338762580559,0.00168254179839,0.000198626212439,0.00117007217741,0.00024515720964,0.000687055495301,0.000262380159407,0.00034555936384,0.000247983703914,0.000362757688925,0.00016628634404,0.000262750976422,0.000253887865958,0.000208433429383,0.000242643217163,0.000218259367062,4.42187444104e-05,0.000237358161978,8.66783917878e-05,0.00024068911115,0.000217220686719,0.000139239667845,3.37692209118e-05,0.000122179843063,0.000194270262436,0.000104499181554,0.00016328729716,2.19195982175e-05,9.51445423444e-05,0.000111425270799,46875,46875,46874,90,ad029915782b1213f6cb2c4b0afd1f7a552108723033f1a08fc1922f91ef5e49,878493
ablation_A03_ideal_sensor,ablation,ideal_sensor,A03,0,67.8822509939,240,400,60,0.001,0.0001,0.08,0.1,2e-07,200000,0,1,0,0,0,0,0,False,800,15,0,8,7,1.6e-05,0.759363111802,47.9982494528,0.364481000655,0.759335418031,48.0010181783,68.3137130737,0.13296637345,0.0417866201743,67.8797624844,0.0417866201743,-0.0024885094778,1.35764501988,7.09142459716,7.09142459716,-11519.5776859,0,-11520,0,0,0,0.00357281174637,-0.172922834754,60,0.5,0.75,True,True,False,True,True,True,False,47.9982494528,0.0100175536585,0.279917806193,0.0179040761561,0.155751497128,0.00789569286438,0.113590962597,0.00910348411978,0.0749938771462,0.00380233353787,0.0642945920271,0.00517182306762,0.0432623708847,0.00155982722504,0.0405970496236,0.00309227742536,0.0293252541382,0.000534161214404,0.0269432869849,0.00202189014469,0.0203554900224,0.000311889626885,0.0203105715438,0.00149317630108,0.0152009899312,0.000375472555299,0.0150849048213,0.00115439491441,0.011698939185,0.000395250636599,0.0119352517802,0.000958087371115,0.00936941315954,0.00042054827614,0.00862904247038,0.000785588261832,0.00798602149926,0.00040572759365,0.00682479325556,0.000713834028318,46875,46875,46874,90,b4ba708dc7c1931c8d0c9203f1b2329f34105c6357169f18310b4bec79c47372,899929
functional_F01_selected,functional,selected,F01,67.8822509939,0,240,400,60,0.001,0.0001,0.08,0.1,2e-07,10000,0,1,12,0,0,0,0,False,800,15,18,4,7,1.6e-05,0.341644869016,47.9946454112,0.16397124345,0.341606757187,47.9959442513,68.1694946289,0.0587086792584,67.8739988643,0.303734186397,-0.0082521296177,0.303734186397,1.35764501988,11518.5995672,11518.5995672,-51.5454006912,11520,-0,0,0,0,0.00251237024689,-0.172922834754,60,0.5,0.75,True,True,True,True,True,True,True,47.9946454112,0.00445409862843,0.0597874829352,0.01807248108,0.0335664330556,0.00718446132331,0.0262179274869,0.00490900423536,0.0883933380711,0.00205093016608,0.0675825191221,0.00121858370075,0.0524458045943,0.000655526462939,0.0422896440737,0.000443470771257,0.0344820373687,7.81437558274e-05,0.028260792811,0.00014952298563,0.0235087321942,0.00030854447651,0.020090668212,0.000304529548952,0.0173693230297,0.000251577199394,0.0157165230433,0.000381959003714,0.0132894266654,0.000255349033105,0.0114495881828,0.000401046115915,0.0107385305248,0.000170611836887,0.01000912693,0.000182425087968,0.0084913890578,0.000174451915084,0.00780197706411,0.000313168019363,46875,46875,46874,90,8fbb160ea2298be048c034a6c67075a8220096bbf0b111afab6bcb2608c06349,952142
functional_F02_selected,functional,selected,F02,0,67.8822509939,240,400,60,0.001,0.0001,0.08,0.1,2e-07,10000,0,1,12,0,0,0,0,False,800,15,18,4,7,1.6e-05,0.349601324932,48.0010626288,0.167812350932,0.349609064441,48.0026023984,68.0286941528,0.0643267549284,-0.312228301914,67.883035734,-0.312228301914,0.000784740129376,1.35764501988,-52.9868998949,-52.9868998949,-11520.1331748,0,-11520,0,0,0,0.00446075785351,-0.172922834754,60,0.5,0.75,True,True,False,True,True,True,False,48.0010626288,0.00528899678607,0.0652672164812,0.0166022305102,0.0376146695987,0.0060580764695,0.0291213127701,0.00519736142243,0.0863925713772,0.00188211707874,0.071191119644,0.00209685342768,0.0497421791931,4.94245141443e-05,0.044976186364,0.00104339405668,0.0331647930324,0.000455224392434,0.0296228192258,0.000558595440723,0.0226994678052,0.000546590282592,0.0226523338468,0.000505704301806,0.0166787028717,0.000156966070499,0.0164635489563,0.000451438894101,0.0128634742157,0.000329511074776,0.013248215282,0.000408975589737,0.0101947765417,0.000334160785011,0.00969715396917,0.000252906804998,0.00866847035479,0.000457097927631,0.00785172254367,0.000416562997234,46875,46875,46874,90,9b456efc60689e5cb9fc3d169464b4b2ea65c1e2c4426eb31fdc2b5c89a81667,944293
functional_F03_selected,functional,selected,F03,0,-67.8822509939,240,400,60,0.001,0.0001,0.08,0.1,2e-07,10000,0,1,12,0,0,0,0,False,800,15,18,4,7,1.6e-05,0.352220372561,48.0010529418,0.169069487505,0.352228098969,48.002285029,68.0364608765,0.0542825199315,0.296649485045,-67.8830919016,0.296649485045,-0.000840907720402,1.35764501988,50.3430870026,50.3430870026,11520.1427068,0,11520,0,0,0,0.00417949440662,-0.172922834754,60,0.5,0.75,True,True,False,True,True,True,False,48.0010529418,0.00887546759176,0.0646499680969,0.0191124395233,0.0371704745245,0.00771936659333,0.0283149296039,0.00474405059017,0.0888310258862,0.00212062249309,0.0686421976157,0.00141582588504,0.0526756938228,0.00117862503927,0.0437727685049,0.000927309701915,0.0344981165518,0.000367481161436,0.0294594287013,0.000403040961898,0.0244149981477,0.000287319602732,0.0213687526673,0.000332006156156,0.018252842897,9.33978393755e-05,0.0156883241463,4.8690538317e-05,0.013829355131,0.000459445409654,0.0124161693325,0.000319484042126,0.0110433503873,6.63255396826e-05,0.00971927431249,0.000137794199756,0.00886003593649,0.00014053963231,0.0078625657886,0.000330563876413,46875,46875,46874,90,01f3461145cf4e529bedbcace286646619ec42b71f8c89173edc51ca8b95e0dc,945162
functional_F04_selected,functional,selected,F04,-22.627416998,0,240,400,60,0.001,0.0001,0.08,0.1,2e-07,10000,0,1,12,0,0,0,0,False,800,15,18,4,7,1.6e-05,1.05989153855,16.0070720063,0.169657601764,0.353453337008,16.0113157004,23.0525131226,0.0600600604517,-22.6371888551,-0.101927279462,-0.00977185709597,-0.101927279462,0.452548339959,-3841.65833914,-3841.65833914,17.297632919,-3840,-0,0,0,0,0.00361780357402,-0.172922834754,60,0.5,0.75,True,True,True,True,True,True,True,16.0070720063,0.00184902763468,0.0700378850967,0.0179013430965,0.0418605318986,0.00829622164858,0.0291619727592,0.0046685899652,0.0895721132413,0.00262300133981,0.0668315758855,0.00153472256869,0.0528193532035,0.00134044197669,0.0427383711741,0.000764849764287,0.0329499990899,0.0011829355305,0.0273771805059,0.000742832459193,0.0225767305527,0.000879568987167,0.0189939673209,0.000709808015414,0.0169998179063,0.000574683835667,0.0144506853169,0.000364301197617,0.0119832417688,0.000556008652085,0.0109257124557,0.000360379616921,0.00990753418322,0.000476318540076,0.00865512374358,0.000559165565857,0.00759851619206,0.000559960745315,0.00639556583504,0.000553836040594,46875,46875,46874,90,5caa0ebae3b4722386867286fe24d4422fdb29ad683947256d3b3ed39b58b912,947858
functional_F05_selected,functional,selected,F05,11.313708499,11.313708499,240,400,59,0.001,0.0001,0.08,0.1,2e-07,10000,0,1,12,0,0,0,0,False,800,15,18,4,7,1.6e-05,1.34857031155,11.2167426892,0.151265661829,0.315136795477,11.2224835907,16.5496311188,0.0567791602844,11.0290648334,11.4013315894,-0.284643665576,0.087623090406,0.32,1871.69436812,1871.69436812,-1934.87013154,1920,-1920,0,0,0,0.0030968474929,1.19162392616,59,0.495762711864,0.75,True,True,True,True,True,True,True,11.2167426892,0.00293147057475,0.0702577037193,0.0140791161415,0.0588259277317,0.00887099497413,0.0454204715083,0.00730157942342,0.0756322693268,0.00212637121334,0.0534458211635,0.00141934569972,0.0426554866599,0.00244526480755,0.0300320767472,0.00209716915964,0.0188598407237,0.00090328542986,0.0123822235623,0.000889141155202,0.0107017138409,0.000757120593112,0.00712728931079,0.000502639703632,0.00135667793214,7.10160334012e-05,0.00171853668598,0.00019542638018,0.00116039378112,0.00011456604071,0.0021270395258,0.000554674111348,0.00502202762135,0.000509856532386,0.00507304234355,0.000487986709776,0.0031399163047,0.000617548243126,0.00417118954582,0.000951465901596,46875,46875,46874,89,7eebe828441e20cb0ff3a81091d47962e2454790d2b1b0d101884faa4664e0ed,1027683
functional_F06_selected,functional,selected,F06,11.313708499,-11.313708499,240,400,61,0.001,0.0001,0.08,0.1,2e-07,10000,0,1,12,0,0,0,0,False,800,15,18,4,7,1.6e-05,1.37538101018,11.4055172916,0.156869318941,0.326811081126,11.4110057424,16.8010425568,0.0552836111818,11.3180754332,-11.492293847,0.00436693418398,-0.178585347999,0.32,1920.74109331,1920.74109331,1950.30693854,1920,1920,0,0,0,0.00271819469928,-1.51496779919,61,0.504098360656,0.75,True,True,True,True,True,True,True,11.4055172916,0.00447598977915,0.0732958740364,0.0147018294646,0.0647491340679,0.00742585306262,0.0516023501818,0.00679922441374,0.0768374092379,0.00413157594086,0.054119289814,0.0009176539088,0.0403588967899,0.0020692143114,0.0279431378129,0.00192531153126,0.019522875336,0.00144630910369,0.0127684436371,0.000794046198623,0.0103526675556,0.000924531334922,0.00699862429498,0.0004037410957,0.00280897979033,0.000361469216311,0.0010029929562,0.000147894268666,0.00042289939041,0.000204267056816,0.00150246391147,0.000506115188626,0.00309584109306,0.000402265836363,0.00380395710363,0.000542053057526,0.00368346409135,0.000592973946252,0.00438687433635,0.000957936749756,46875,46875,46874,91,048e79d2d8dcb79cd3c28ce402ac398827da294a495b87ce46c78a65770d4977,990500
functional_F07_selected,functional,selected,F07,11.313708499,0,240,400,60,0.001,0.0001,0.08,0.1,2e-07,10000,0,1,12,0,0,1,0,False,800,15,18,4,7,1.6e-05,2.03436890726,7.99383026643,0.16262399744,0.338799994666,8.00195746432,11.6630582809,0.0592803858258,11.3048740271,0.0496778380054,-0.00883447184959,0.0496778380054,0.3,1918.50074041,1918.50074041,-8.4306086708,1920,-0,0,0,0,0.00233995923987,-0.172922834754,60,0.5,0.75,True,True,True,True,True,True,True,7.99383026643,0.000124526550545,0.0581556158699,0.018360325284,0.0338985623814,0.00882217667889,0.0256610095974,0.00517745231207,0.0898366928295,0.00348406365819,0.0685542942105,0.00206656568978,0.0521996691753,0.00193330343652,0.0405367851179,0.00123593749161,0.0350426891884,0.000824411402252,0.028303420336,0.000658340965538,0.0225997769911,0.000622838146046,0.0186415168611,0.000487453175499,0.0160604967222,0.000451163039042,0.0126469599501,0.000321842099679,0.0111202022918,0.000161000237516,0.00883301464552,0.000207207417423,0.00740124650523,9.92212561507e-05,0.00625084083768,0.000330736484387,0.00539246052858,0.000341612534731,0.00477601692853,0.000338449016029,46875,46875,46873,90,21355e3a90f5ffe57e6a68d7213d1853e042c1de99695645ee3de269c02851ec,948855
functional_F08_selected,functional,selected,F08,11.313708499,0,240,400,60,0.001,0.0001,0.08,0.1,2e-07,10000,0,1,12,0,0,2,0,False,800,15,18,4,7,1.6e-05,2.09274646637,7.99363517054,0.167286517566,0.348513578262,8.00185838653,11.6628217697,0.0592619074717,11.3045985028,0.0495900209747,-0.00910999619381,0.0495900209747,0.3,1918.45398238,1918.45398238,-8.4157056265,1920,-0,0,0,0,0.00236748971822,-0.172922834754,60,0.5,0.75,True,True,True,True,True,True,True,7.99363517054,0.000347314131258,0.0581750020609,0.0186515092103,0.0338944813268,0.00883212553364,0.0258406843577,0.00538939291334,0.0928525767426,0.00328359219257,0.0710063178189,0.00212739238895,0.0539531779867,0.00189195759073,0.0425793306183,0.00110340401935,0.036582615341,0.000941008274592,0.0296216330308,0.000540684673463,0.0234314923784,0.000404095395308,0.0194860948295,0.000374206007435,0.0162463987092,0.000298096467421,0.013099644422,0.000426252728682,0.0112659125985,0.000346166538179,0.00875618502846,0.000353640680613,0.00701706627933,0.000160306419188,0.00630531851428,0.000350203446488,0.0051771048231,0.000274324180122,0.00442367495047,0.000273796489993,46875,46875,46872,90,411a0480099435737e70ed3cc2fee995410db3b101584a740928065655f8ee22,949303
transient_T01_initial,transient,initial,T01,11.313708499,0,240,400,60,0.001,0.0001,0.08,0.1,2e-07,10000,0,1,12,0,0,0,0,False,800,15,0,8,7,1.6e-05,2.2474078928,15.9937496431,0.359444791834,0.74884331632,16.0009917951,23.2189292908,0.0592397345,22.6183520848,0.101016131077,-0.00906491313678,0.101016131077,0.452548339959,3838.46163323,3838.46163323,-17.1430059106,3840,-0,0,0,0,0.00269198394262,-0.172922834754,60,0.5,0.75,True,True,True,True,True,True,True,15.9937496431,0.000895227812669,0.272720684745,0.0181079555301,0.156650013598,0.00801236045245,0.10823887234,0.00417633676405,0.0797851397607,0.00283612902582,0.0623562170281,0.00188747693477,0.0491575360768,0.00139076897724,0.0389926046919,0.000923251042943,0.0331687190673,0.000868206536704,0.0280022484196,0.000593470726377,0.0234000792453,0.000426956390896,0.0202162311268,0.000329944747828,0.0171530574115,0.00045711387883,0.0146427695551,0.000216736551179,0.0131432421199,0.000335845090166,0.0114227011995,0.000103602468882,0.0100904086378,0.000174719655139,0.00888788438265,0.000154134096874,0.00810480535132,0.000193093364744,0.00726074949336,0.000159422047561,46875,46875,46874,90,b1d9b74e450d4c4f49f154a7006be676b1633bcd0bec05b1559d414fa2d3538e,1420054
transient_T01_selected,transient,selected,T01,11.313708499,0,240,400,60,0.001,0.0001,0.08,0.1,2e-07,10000,0,1,12,0,0,0,0,False,800,15,18,4,7,1.6e-05,1.02322211426,15.9943715664,0.163657946904,0.34095405605,15.9984208443,22.9671173096,0.0603585000273,22.6192320874,0.100912755715,-0.00818491059178,0.100912755715,0.452548339959,3838.61097461,3838.61097461,-17.1254625298,3840,-0,0,0,0,0.00189610471044,-0.172922834754,60,0.5,0.75,True,True,True,True,True,True,True,15.9943715664,0.00113271917585,0.0587900799603,0.0175054679817,0.0335937548978,0.00774603002271,0.026246395035,0.00477415738229,0.0879383368818,0.00301756367327,0.0680353435164,0.0014967147262,0.0522558382738,0.0012278221867,0.0416156661753,0.000790508123581,0.0346180032189,0.000495923710852,0.0292773549784,0.000190613739055,0.0242692225844,0.000389495983109,0.0207925197372,0.00019212538566,0.0176853721362,0.000298101175619,0.0155791057653,9.24832264548e-05,0.0135108149984,2.01839020746e-05,0.0118241747509,6.74861510865e-05,0.0105953419352,0.000130001249556,0.00949514691173,0.000127133678837,0.00834422404825,4.94766549463e-05,0.0073711057482,0.000172560333373,46875,46875,46874,90,48b8df7cb7f311b1cc8442f190b0d6bc15cecaea7d80fcfe0cc7d5ab8458ccca,1610905
transient_T02_initial,transient,initial,T02,22.627416998,0,240,400,60,0.001,0.0001,0.08,0.1,2e-07,10000,0,1,12,0,0,0,0,False,800,15,0,8,7,1.6e-05,1.60624577196,22.6233135818,0.363386017884,0.757054203925,22.6286038346,32.8979263306,0.0587633175315,22.5174315055,22.7287024098,-0.109985492462,0.1012854118,0.64,3821.33484299,3821.33484299,-3857.18870436,3840,-3840,0,0,0,0.00430219223673,-0.172922834754,60,0.5,0.75,True,True,True,True,True,True,True,22.6233135818,0.0020451357742,0.278647229196,0.0153328873974,0.163628909421,0.00706850566186,0.109754033744,0.00564143406056,0.0757678838426,0.00286925642101,0.0566108353937,0.000360616739673,0.0479738619437,0.00162793342177,0.0390806352098,0.00189512526297,0.0295179316341,0.00145876428907,0.021367746001,0.000875261546097,0.0187171564406,0.000988571704906,0.0175444949719,0.00101575985049,0.0130013037362,0.000865533456949,0.00868504003547,0.000681443093877,0.00835416168979,0.000677234618564,0.00906386992133,0.000575250918041,0.00665436973363,0.000522231376056,0.00346140958149,0.000423437453046,0.00359216924304,0.000407138162389,0.00393499588994,0.000343387526322,46875,46875,46874,90,3dc0d198c2db477425efd594448f527678b2a896cf77223ce9dd0a1ad5196f75,1412164
transient_T02_selected,transient,selected,T02,22.627416998,0,240,400,60,0.001,0.0001,0.08,0.1,2e-07,10000,0,1,12,0,0,0,0,False,800,15,18,4,7,1.6e-05,0.710397141895,22.6232249724,0.160714743608,0.334822382517,22.6261671005,32.6516151428,0.0590778484495,22.517317703,22.7286387574,-0.110099294978,0.10122175948,0.64,3821.31553006,3821.31553006,-3857.17790221,3840,-3840,0,0,0,0.00303492377174,-0.172922834754,60,0.5,0.75,True,True,True,True,True,True,True,22.6232249724,0.00220948255413,0.0679538007237,0.0156250883368,0.0409701005958,0.00749229646352,0.0267315215544,0.00601219135214,0.0845986759444,0.00284218072213,0.0625204048715,0.000245694703573,0.0516234418404,0.00172271414173,0.0422372899658,0.00174260283407,0.031644078136,0.0013263526634,0.0237741916731,0.000860172258347,0.0203830609382,0.00102008309777,0.0188058298437,0.000687285591837,0.0141029085071,0.000844602923077,0.0102303059304,0.000640022177363,0.00945997200664,0.000682974773251,0.0101561495458,0.000505225897738,0.00726065178033,0.000426451811492,0.00433181074404,0.000407595157462,0.00411504008541,0.000513146685001,0.00461924014189,0.000365418924792,46875,46875,46874,90,d439158e86424016c79ce36069493315faa895dd964759b476728003a7f293ba,1605585
transient_T03_initial,transient,initial,T03,22.627416998,22.627416998,240,400,60,0.001,0.0001,0.08,0.1,2e-07,10000,0,1,12,0,0,0,0,False,800,15,0,8,7,1.6e-05,1.60557538325,22.6237491429,0.363241347007,0.756752806264,22.6288093943,32.8852157593,0.0556447242203,22.7204965747,-22.5265862031,0.0930795767108,0.100830794869,0.64,3855.79612797,3855.79612797,3822.88844669,3840,3840,0,0,0,0.00580195105567,-0.172922834754,60,0.5,0.75,True,True,True,True,True,True,True,22.6237491429,0.00441588885019,0.278775427358,0.0165230125269,0.163720121623,0.00745267417913,0.107821147576,0.00515946131966,0.0769790066132,0.00296389663886,0.0582738293603,0.000310208315875,0.0470433624709,0.00176142749452,0.0365835930823,0.00165621937157,0.0287187699364,0.00138521696277,0.0221870518039,0.000814796952126,0.0199566323569,0.00114500440108,0.0171297486152,0.000779469525968,0.0126766778196,0.000788010874699,0.0105167018828,0.000675253505379,0.00926163239635,0.000739492471759,0.00835292720333,0.000481333511706,0.00581715826936,0.000472380208728,0.00501225898696,0.000337628968322,0.0044709279136,0.00044444152248,0.00386425301808,0.000253452207435,46875,46875,46874,90,eaf5336ed4b3c9de460e4925a3cd3ea5229893b72eee064130a32fd319ca6992,1402716
transient_T03_selected,transient,selected,T03,22.627416998,22.627416998,240,400,60,0.001,0.0001,0.08,0.1,2e-07,10000,0,1,12,0,0,0,0,False,800,15,18,4,7,1.6e-05,0.711941540004,22.6237412319,0.161067811733,0.335557941111,22.626457254,32.6328544617,0.0553922305843,22.7207320797,-22.5263327779,0.0933150817499,0.101084220104,0.64,3855.8360945,3855.8360945,3822.845439,3840,3840,0,0,0,0.00354793578518,-0.172922834754,60,0.5,0.75,True,True,True,True,True,True,True,22.6237412319,0.00498974226011,0.0669431669888,0.0168229268161,0.0419741075786,0.00731018967185,0.0265992041465,0.0066943606619,0.0856961675736,0.00330985995524,0.0640589998499,0.000310806940399,0.0510141807542,0.00128613262246,0.039155785862,0.00185640496254,0.0310197302,0.0015146786133,0.0240044871735,0.00102817439542,0.0213775621468,0.000819136890132,0.0183995986833,0.00083066706697,0.0138738861566,0.000935280006467,0.0118102842173,0.000647977314325,0.0102797971282,0.000698157358277,0.00909767947268,0.000433535909582,0.00686047984247,0.00059578526904,0.00574528579307,0.000649239639544,0.0050848494615,0.000439862260901,0.00432947424294,0.000251896239591,46875,46875,46874,90,19b9bfd22536d177233ba307fcb8363765ebb9e85a90db70ce89056a3a242148,1597094
transient_T04_initial,transient,initial,T04,56.5685424949,0,240,400,60,0.001,0.0001,0.08,0.1,2e-07,10000,0,1,12,0,0,0,0,False,800,15,0,8,7,1.6e-05,0.748715693799,47.9948158193,0.359344718249,0.748634829686,47.997176569,68.42527771,0.0576164140831,67.8742408496,0.303513019615,-0.00801014431894,0.303513019615,1.35764501988,11518.6406334,11518.6406334,-51.5078674435,11520,-0,0,0,0,0.00337950753684,-0.172922834754,60,0.5,0.75,True,True,True,True,True,True,True,47.9948158193,0.00320725534492,0.273261629051,0.0189185312,0.155945733175,0.00794822783585,0.108086754483,0.00395457114351,0.0798150914719,0.0025322642111,0.0619707634065,0.00181687425272,0.0488087531733,0.00148087930258,0.0399995765387,0.00073271462861,0.032601423425,0.000707869449028,0.0268841279819,0.0004855533088,0.0226014800159,0.000538193548306,0.0192846312656,0.000250087004314,0.0169968331835,0.000583180945686,0.01495188853,0.000521698886633,0.0129632742687,0.00058547919831,0.0112261054879,0.000310484008204,0.010270416099,0.00048390203877,0.00964042216469,0.000570893333538,0.00827948376365,0.000529287385025,0.00757522220593,0.000402507975816,46875,46875,46874,90,adb0009ebd505c6ea368fd87f503c6f80f1503372b39d08ac77908df7b562ca1,1445074
transient_T04_selected,transient,selected,T04,56.5685424949,0,240,400,60,0.001,0.0001,0.08,0.1,2e-07,10000,0,1,12,0,0,0,0,False,800,15,18,4,7,1.6e-05,0.341502366784,47.9946292671,0.163902794876,0.341464155992,47.995927797,68.1711730957,0.0586349121592,67.8739758391,0.303777483864,-0.00827515481805,0.303777483864,1.35764501988,11518.5956597,11518.5956597,-51.552748515,11520,-0,0,0,0,0.00183566522112,-0.172922834754,60,0.5,0.75,True,True,True,True,True,True,True,47.9946292671,0.00444558296605,0.0597350653182,0.0179448171651,0.0333925617422,0.00715318269013,0.0263604385168,0.00495664263464,0.0883572205703,0.00215499074536,0.0676258832012,0.00112182621271,0.0524444957157,0.000661251703735,0.0422868549894,0.000471902508953,0.034527502183,0.000110509252626,0.0282296336596,0.000164763032647,0.0234971729684,0.000343543956921,0.020025932491,0.000358347522638,0.0172811613638,0.000201419799329,0.0157479974058,0.000380131702808,0.0132803086478,0.00026092097617,0.0114004487252,0.000361567662177,0.0107217078561,0.000173191674239,0.00996927910411,0.000235996785349,0.00846497687854,0.000209411308598,0.00780401670714,0.000286842170528,46875,46875,46874,90,998a0073ab2d460af6f4ad7d938e0e756d404660b6d702a87dd4c0a1ddaad21c,1634154
refinement_Q01_initial_2.0e-06,refinement,initial_2.0e-06,Q01,5.65685424949,0,240,400,60,0.001,0.0001,0.08,0.1,2e-07,10000,0,1,12,0,0,0,0,False,800,15,0,8,7,1.6e-05,7.78748558996,3.99378457152,0.311015398001,0.647948745836,4.01877646668,6.25302267075,0.0549216164574,5.64800927076,0.024933608276,-0.00884497873212,0.024933608276,0.3,958.498957334,958.498957334,-4.23137363794,960,-0,0,0,0,0.0015473117121,-0.172922834754,60,0.5,0.75,False,True,True,True,True,True,False,3.99378457152,0.0032757240563,0.259226440224,0.020559010987,0.136532537355,0.00968211715859,0.0815371482948,0.00548669726421,0.0494226555151,0.00301594150645,0.0295692375021,0.00188899926493,0.0156006636043,0.000741516406972,0.00602261548358,0.000779735794958,0.00309008220148,0.000978178510992,0.00232516343606,0.0012476490812,0.00282311345457,0.00145169164798,0.00321633006527,0.000979942782353,0.00303711182185,0.00119894842416,0.0026856184495,0.000719473592815,0.000544047865011,0.000751993096463,0.000698756470294,0.000505291960634,0.00103070728792,0.000504921153627,0.00149350867264,0.000547748838069,0.00230313563679,0.000350164852142,0.0025427818257,0.000733434781884,46875,46875,46874,90,4e513f406c2bd58ca6fd624be7b311fca611536a4979a9b026dc180d1cb196f9,875173
refinement_Q01_initial_1.0e-06,refinement,initial_1.0e-06,Q01,5.65685424949,0,240,400,60,0.001,0.0001,0.08,0.1,2e-07,10000,0,1,12,0,0,0,0,False,800,15,0,8,7,1.6e-05,7.79741586213,3.99445460635,0.311464237082,0.648883827253,4.01946844324,6.26971673965,0.0549351466755,5.64895676789,0.0249527352706,-0.00789748160559,0.0249527352706,0.3,958.659752929,958.659752929,-4.23461959655,960,-0,0,0,0,0.00155197041372,-0.172922834754,60,0.5,0.75,False,True,True,True,True,True,False,3.99445460635,0.00330432465397,0.259904754127,0.0205185797732,0.136004671001,0.00971195379136,0.0818310298767,0.00547091403413,0.0497413408438,0.00300640852252,0.0290294418841,0.00186817913435,0.0159236039095,0.00076338162689,0.00686546922358,0.000785643719204,0.00275673767373,0.000971858779599,0.00267875035491,0.0011478414331,0.00315848517864,0.00142427588353,0.00348221079755,0.000975233787106,0.00298201806528,0.00121517006347,0.00260719748351,0.000691061798797,0.000534493630937,0.000769778116461,0.000526654683319,0.000491470845762,0.00104714435843,0.000524725565258,0.00145726864358,0.000553524229389,0.00241864961383,0.00034141984793,0.00263190350722,0.000727298867884,46875,46875,46874,90,55c85a108a27edad4487bd5b9bf6c7de6549e34c0a02cfd82e6649e110ffadc8,1308605
refinement_Q01_initial_5.0e-07,refinement,initial_5.0e-07,Q01,5.65685424949,0,240,400,60,0.001,0.0001,0.08,0.1,2e-07,10000,0,1,12,0,0,0,0,False,800,15,0,8,7,1.6e-05,7.79465010016,3.99427325661,0.311339624397,0.648624217494,4.01929085734,6.28058004379,0.0549236304613,5.64870046774,0.0249143067937,-0.00815378174774,0.0249143067937,0.3,958.616257352,958.616257352,-4.22809806777,960,-0,0,0,0,0.00148162657044,-0.172922834754,60,0.5,0.75,False,True,True,True,True,True,False,3.99427325661,0.00330141475961,0.25968998012,0.0205214103544,0.136214043417,0.00969971950527,0.0816251864947,0.00547037904835,0.0499189178731,0.00299859710039,0.0289253755437,0.00186773576797,0.0159029806097,0.00075370846549,0.00701999540976,0.000782447127777,0.00254386575567,0.000960392399178,0.00258155633269,0.00117415842553,0.00312561348983,0.00141278814714,0.00367160614864,0.000981444196384,0.00280181080071,0.00121025344643,0.00248022490818,0.000698717586249,0.000752325572834,0.000765119163015,0.000612419923284,0.000487528150658,0.00120838913254,0.000506953689815,0.0016582433366,0.000553110453376,0.0023504922053,0.000346679239039,0.00239602242382,0.000746502473992,46875,46875,46874,90,ac2fd3df3671bbd18308fa6eb4a4a089bcc007da8a8f95d9053878bf0f20d093,2164428
long_duration_Q01_initial,long_duration,initial,Q01,5.65685424949,0,240,400,60,0.001,0.0001,0.08,0.1,2e-07,10000,0,1,12,0,0,0,0,False,800,15,0,8,7,1.6e-05,7.78696767825,3.99378899519,0.310995058193,0.647906371236,4.01877935788,6.25324106216,0.0549276514624,5.6480156955,0.0248953729712,-0.00883855398941,0.0248953729712,0.3,958.500047649,958.500047649,-4.22488489155,960,-0,0,0,0,0.00147309715326,-0.172922834754,60,1.25,1.5,False,True,True,True,True,True,False,3.99378899519,0.0033211366867,0.2592120751,0.0205020541654,0.136504099227,0.00972228601667,0.0815685768948,0.00545824719669,0.0493900532104,0.00300293557416,0.0296055146986,0.00187937258308,0.015603015796,0.000748035105427,0.00601915836936,0.000750514105994,0.00309173202719,0.00103147696692,0.00235249182855,0.00120365950627,0.00279632201236,0.00146671642039,0.00325377031898,0.000978287993254,0.00300257460532,0.00122235516059,0.00270196461688,0.000690842347299,0.000532258124318,0.000763855871068,0.000712187654195,0.000483290193577,0.00102909860894,0.000524848070786,0.00150218393968,0.00055665425677,0.00229218476834,0.000336774950511,0.00255264636339,0.00072408141837,93750,93750,93749,180,80b9cbe9bb7348c2b3d8ecdca76b70e056c804f6ad17946c3c6f1e7354433c8d,870612
refinement_Q01_selected_2.0e-06,refinement,selected_2.0e-06,Q01,5.65685424949,0,240,400,60,0.001,0.0001,0.08,0.1,2e-07,10000,0,1,12,0,0,0,0,False,800,15,18,4,7,1.6e-05,3.14509756558,3.99362622972,0.125603441329,0.261673836103,4.00857920913,6.01848077774,0.0577783889646,5.64778507182,0.0249941575609,-0.00906917766907,0.0249941575609,0.3,958.460909513,958.460909513,-4.24164919232,960,-0,0,0,0,0.00259528221175,-0.172922834754,60,0.5,0.75,True,True,True,True,True,True,True,3.99362622972,0.00114862384627,0.056318686073,0.0192463142261,0.0328209702586,0.00882585492327,0.0230644043084,0.00625227352208,0.0744983797212,0.00308227504895,0.0504772998805,0.00264495161465,0.0357343215993,0.00123806652622,0.0234669318045,0.00147017816642,0.0180828785427,0.000725031308809,0.010976998737,0.000658109722644,0.00785663123238,0.000771300104915,0.00497082325969,0.00037963169424,0.00230900660447,0.000885287516654,0.00151297570116,0.000386501428771,0.00161661823081,0.000843972991879,0.00156746835853,0.000516577923047,0.00188751676627,0.000724606634341,0.00151709038463,0.000672892563437,0.00147046030233,0.000573324604661,0.00089960498192,0.000600860470278,46875,46875,46874,90,cd96d74760a7d82f5773c8b2f81caa94575e0ece3b245b72ce39d6fd7db3cd5e,935056
refinement_Q01_selected_1.0e-06,refinement,selected_1.0e-06,Q01,5.65685424949,0,240,400,60,0.001,0.0001,0.08,0.1,2e-07,10000,0,1,12,0,0,0,0,False,800,15,18,4,7,1.6e-05,3.15014704867,3.99434916365,0.125827872292,0.262141400609,4.0092953698,6.02548503876,0.0577089397597,5.64880706723,0.0250838489231,-0.00804718226542,0.0250838489231,0.3,958.634347884,958.634347884,-4.25687032123,960,-0,0,0,0,0.00237103846926,-0.172922834754,60,0.5,0.75,True,True,True,True,True,True,True,3.99434916365,0.001106153627,0.0570075597441,0.0192869621454,0.0322815142435,0.0089222142173,0.0233372072362,0.00620333674431,0.0746992068249,0.00295704020254,0.0499965781806,0.00272262993669,0.0360212831011,0.0011062384931,0.024288326987,0.00143314107588,0.0177380969245,0.000622181098804,0.010111648009,0.000656045717276,0.0073377159886,0.000740039296217,0.00453285320217,0.000334656248666,0.00233332513124,0.000905940734931,0.001555859958,0.000354614602784,0.00165256177204,0.000841681972096,0.00156622378285,0.000471645996828,0.00190599038321,0.000691633653682,0.00158842688099,0.000704102857147,0.00141270495147,0.000532745253017,0.000878087078588,0.000627976905744,46875,46875,46874,90,c37c7c7dbbc35a135bacaf2a2c26148a26ab62875af17a270c4fc5f70eadc852,1368873
refinement_Q01_selected_5.0e-07,refinement,selected_5.0e-07,Q01,5.65685424949,0,240,400,60,0.001,0.0001,0.08,0.1,2e-07,10000,0,1,12,0,0,0,0,False,800,15,18,4,7,1.6e-05,3.14992828734,3.9940840898,0.125810784565,0.262105801176,4.00904403577,6.04658555984,0.0577238618327,5.64843247264,0.0250206862398,-0.008421776849,0.0250206862398,0.3,958.570777075,958.570777075,-4.24615125842,960,-0,0,0,0,0.00240272920683,-0.172922834754,60,0.5,0.75,True,True,True,True,True,True,True,3.9940840898,0.00110111433481,0.056749117715,0.0192537080812,0.0324622449623,0.00884488580667,0.0230935466532,0.00630586507241,0.0749649552565,0.00303350445005,0.0498203006126,0.00265986950034,0.0360392260218,0.0011355233637,0.0244512818296,0.00146514878767,0.0175033092371,0.000617224825234,0.0102889717986,0.000631016540578,0.00737280592084,0.000713032226083,0.00433901316792,0.000341760407544,0.00253487858055,0.000909383814055,0.00162179101197,0.000371715943764,0.00156432013109,0.000847133247903,0.001595547107,0.000510089524518,0.00175097057146,0.000715640558506,0.0014126666087,0.000682716272799,0.00144592524894,0.000533738916531,0.00103261793125,0.000604564511208,46875,46875,46874,90,a1ad210a9f2a3b82fbda376634e89d8dd32fba196bfbe3226b64762afacea9b7,2221155
long_duration_Q01_selected,long_duration,selected,Q01,5.65685424949,0,240,400,60,0.001,0.0001,0.08,0.1,2e-07,10000,0,1,12,0,0,0,0,False,800,15,18,4,7,1.6e-05,3.14530288576,3.99354864385,0.125609200739,0.261685834873,4.00850180928,6.01843452454,0.0577583896119,5.64767509034,0.0250522549934,-0.00917915915014,0.0250522549934,0.3,958.442245037,958.442245037,-4.25150865356,960,-0,0,0,0,0.00265507720629,-0.172922834754,60,1.25,1.5,True,True,True,True,True,True,True,3.99354864385,0.00112784406025,0.0563373600461,0.0192325569727,0.0328027698381,0.00885629154289,0.0230247674462,0.00629381669661,0.0745289504109,0.00306121239959,0.0504416620628,0.00262079208891,0.0357263559638,0.00124810336898,0.0235066212704,0.00143127455031,0.018067344525,0.000709168898954,0.0109889919466,0.000664830639808,0.00787012641203,0.000758298381663,0.0049732538949,0.00037353041915,0.00230920279702,0.000867000674242,0.00152239763896,0.00040039312856,0.00163157015377,0.000846745827914,0.00155932099966,0.000508252839206,0.00188402680295,0.000735229819841,0.0015199033963,0.000668269028744,0.00148335307813,0.000576252913739,0.00089570304749,0.000604961649384,93750,93750,93749,180,71deb962a23024a53506a75b88d728589286ccddfe9f11979a6ad40106e2dd49,930249
refinement_Q02_initial_2.0e-06,refinement,initial_2.0e-06,Q02,11.313708499,11.313708499,240,400,60,0.001,0.0001,0.08,0.1,2e-07,10000,0,1,12,0,0,0,0,False,800,15,0,8,7,1.6e-05,3.0586756769,11.3092673535,0.345913809777,0.720653770368,11.3192355502,16.9193019867,0.0559350884974,11.2545515559,11.3637197001,-0.0591569430956,0.0500112010797,0.32,1909.96073385,1909.96073385,-1928.48718226,1920,-1920,0,0,0,0.00340592009881,-0.172922834754,60,0.5,0.75,True,True,True,True,True,True,True,11.3092673535,0.00373334505381,0.274839065383,0.0135466109777,0.157800852205,0.00757301690132,0.10080777723,0.00626109850415,0.0652414551293,0.00292850214176,0.0449455943863,0.000955732676336,0.0360115879647,0.00228659830512,0.0249092837936,0.00214633657271,0.0147685929539,0.00116266615591,0.00803583861539,0.000681800999888,0.00717609180905,0.00051651918517,0.00444822366074,0.000266154010372,0.00221411869531,0.000147701642036,0.00389731696938,0.00031213966479,0.00308416660041,0.000514268528878,0.00327091803005,0.000746599019894,0.00644141056101,0.000917491007564,0.00730197124377,0.000913476469109,0.00523737080207,0.00101795928603,0.00507096812146,0.00114642295108,46875,46875,46874,90,2115a0146190c304e6d7a3764e969ff0e5de609c05c4da3097048b4edb41b106,869281
refinement_Q02_initial_1.0e-06,refinement,initial_1.0e-06,Q02,11.313708499,11.313708499,240,400,60,0.001,0.0001,0.08,0.1,2e-07,10000,0,1,12,0,0,0,0,False,800,15,0,8,7,1.6e-05,3.05825351871,11.3097142998,0.345879735529,0.720582782352,11.3196690534,17.0068225861,0.0559495994179,11.2553321882,11.3638361665,-0.0583763107862,0.0501276675052,0.32,1910.09321155,1910.09321155,-1928.50694727,1920,-1920,0,0,0,0.00366507519792,-0.172922834754,60,0.5,0.75,True,True,True,True,True,True,True,11.3097142998,0.00375608990803,0.274374254924,0.0135801605248,0.158285015292,0.00754110159408,0.1010133651,0.00626839609292,0.0654897354847,0.00294901047653,0.045220594424,0.000955136646496,0.0356877465112,0.00224003249324,0.0249952251511,0.00215900534924,0.0142392856581,0.00110847485493,0.0081550166695,0.000633034695943,0.00785813229959,0.000489675186982,0.00464995555698,0.000287475218199,0.00224930121228,0.000195621996298,0.0038343724764,0.000304745158607,0.00296625194547,0.000525889973842,0.00323582568355,0.000744598028683,0.00650341086251,0.000930421123135,0.00728858877643,0.000917584601471,0.00532750591059,0.00103286616921,0.00501465922948,0.00111858928517,46875,46875,46874,90,1cda81073712da836cfb453114b424dd43327d936414b32487cff9762f35735a,1306414
refinement_Q02_initial_5.0e-07,refinement,initial_5.0e-07,Q02,11.313708499,11.313708499,240,400,60,0.001,0.0001,0.08,0.1,2e-07,10000,0,1,12,0,0,0,0,False,800,15,0,8,7,1.6e-05,3.05857806556,11.3096157442,0.345913426453,0.720652971776,11.3195789172,17.0083408356,0.0558516888324,11.2552126344,11.3637584064,-0.0584958646154,0.0500499074528,0.32,1910.07292259,1910.07292259,-1928.49375095,1920,-1920,0,0,0,0.00343500374413,-0.172922834754,60,0.5,0.75,True,True,True,True,True,True,True,11.3096157442,0.0038154197339,0.274501011735,0.0135122085964,0.158206096619,0.00754079405044,0.100933334063,0.00625492266292,0.0656144574233,0.00290615963568,0.0452318891513,0.000919578319081,0.0355460557358,0.00226031078004,0.0250232283882,0.00215565289903,0.0139990586794,0.00114368988576,0.00813199219136,0.000611021943915,0.00787420718403,0.000502044107098,0.00471140101712,0.000306970491001,0.00212661497824,0.000147941484357,0.00389132950686,0.000308241578708,0.00279629419348,0.000487017716025,0.0032891491724,0.000742733238712,0.00620785248509,0.000914749202951,0.00730612264688,0.000909006614203,0.00525079319733,0.000996749821151,0.00496949726109,0.00108150839966,46875,46875,46874,90,7f44bd858e2260f51de437e0ba89fd4ddce19c34f4cb8a70219a534d90d889c2,2151842
long_duration_Q02_initial,long_duration,initial,Q02,11.313708499,11.313708499,240,400,60,0.001,0.0001,0.08,0.1,2e-07,10000,0,1,12,0,0,0,0,False,800,15,0,8,7,1.6e-05,3.05921624327,11.3092209459,0.345973524165,0.720778175344,11.3191905524,16.9199428558,0.0558442897609,11.2544998301,11.3636785585,-0.0592086688736,0.0499700595087,0.32,1909.9519557,1909.9519557,-1928.4802003,1920,-1920,0,0,0,0.00337327751575,-0.172922834754,60,1.25,1.5,True,True,True,True,True,True,True,11.3092209459,0.00378555683731,0.274897172581,0.0135634308846,0.15780884395,0.00748210185952,0.100826110224,0.00629301837777,0.0652048877957,0.00298499698813,0.0450776557754,0.000931535860368,0.035917552205,0.00229489101546,0.0249579957996,0.00215048401877,0.0147719815366,0.00116180475632,0.00808382329173,0.000651700743868,0.0071262454479,0.000510413126568,0.00445462685003,0.000299854636536,0.00221599496125,0.000184730281066,0.00389055845528,0.000277629672098,0.00310793059351,0.000543428788945,0.00323335732149,0.000713846294215,0.00646842340429,0.000944244320539,0.00730221097617,0.000889820527071,0.00523381276569,0.0010006129543,0.00505827600016,0.00113072845449,93750,93750,93749,180,39f178c191e2b2f4704e70b990ee667b7a0dd5fa502960d561fdbcd584dad05b,864243
refinement_Q02_selected_2.0e-06,refinement,selected_2.0e-06,Q02,11.313708499,11.313708499,240,400,60,0.001,0.0001,0.08,0.1,2e-07,10000,0,1,12,0,0,0,0,False,800,15,18,4,7,1.6e-05,1.22211900996,11.3093620673,0.13821386373,0.287945549438,11.3148880419,16.6859016418,0.0568580800586,11.2540755416,11.364379633,-0.0596329573789,0.0506711340043,0.32,1909.87995155,1909.87995155,-1928.59917659,1920,-1920,0,0,0,0.00282696661138,-0.172922834754,60,0.5,0.75,True,True,True,True,True,True,True,11.3093620673,0.00316076463345,0.0664751989574,0.0142672356843,0.0403683583913,0.00840001217755,0.0249465312534,0.00703795141902,0.0761505009538,0.00293558329802,0.0524685809753,0.000954016671491,0.0421763408252,0.00245650848093,0.030730810337,0.00199114937438,0.020216556606,0.00108549514932,0.0121312226969,0.000623125917449,0.0100886248551,0.000857863278357,0.00739553914056,0.000542657612249,0.0030021704365,0.00035564308615,0.00120844821933,9.71027313081e-05,0.0016515545894,0.000286741834851,0.0010012630077,0.000403987833076,0.00408856225863,0.000573805501945,0.00526185563658,0.000605427416058,0.00369452445533,0.00068097430192,0.00382680037417,0.000745584913935,46875,46875,46874,90,589cd25c3f5e2ba9cb38eeb44b3efad4ed29470806df490ea624058b2bef8b27,934137
refinement_Q02_selected_1.0e-06,refinement,selected_1.0e-06,Q02,11.313708499,11.313708499,240,400,60,0.001,0.0001,0.08,0.1,2e-07,10000,0,1,12,0,0,0,0,False,800,15,18,4,7,1.6e-05,1.22290966382,11.3098582709,0.138309349759,0.288144478664,11.3153749209,16.7613811493,0.0569226614249,11.2548817076,11.364568886,-0.0588267914248,0.050860386982,0.32,1910.01676245,1910.01676245,-1928.63129389,1920,-1920,0,0,0,0.00329276884245,-0.172922834754,60,0.5,0.75,True,True,True,True,True,True,True,11.3098582709,0.00309812887067,0.0659633589807,0.0142155059589,0.0408532755026,0.00844658982387,0.0252703542988,0.00704669722988,0.0764395347708,0.0030469220829,0.0527797643186,0.00101147004217,0.0417547930866,0.0023412988092,0.03079383678,0.00198282396153,0.0196365180638,0.00104534899685,0.0121069154762,0.000565655469572,0.0107675840648,0.000868589843461,0.0075775672638,0.000588270082664,0.00306466541702,0.000302111077101,0.00123018875059,6.64441867484e-05,0.00157966515121,0.000286381944024,0.000923792048311,0.000397900213245,0.00415085371779,0.000577183740889,0.0052875071427,0.000588134929763,0.00377867477241,0.000692760556631,0.00375480094678,0.000737687572629,46875,46875,46874,90,e96d67268649377f3c5aada5fcfb2c46f7e11d02a9b4356d303cb74f96949a2f,1370087
refinement_Q02_selected_5.0e-07,refinement,selected_5.0e-07,Q02,11.313708499,11.313708499,240,400,60,0.001,0.0001,0.08,0.1,2e-07,10000,0,1,12,0,0,0,0,False,800,15,18,4,7,1.6e-05,1.22313529965,11.3096711366,0.138332579946,0.288192874888,11.3151953212,16.7669181824,0.0568595983254,11.2546201418,11.3644554599,-0.0590883571471,0.0507469609421,0.32,1909.97237327,1909.97237327,-1928.61204485,1920,-1920,0,0,0,0.00314905549976,-0.172922834754,60,0.5,0.75,True,True,True,True,True,True,True,11.3096711366,0.00312767509748,0.066112975164,0.0141816282641,0.0406972148589,0.00845088416604,0.0251258923475,0.00710282806091,0.0765390526041,0.00291834673291,0.0528264975539,0.000861961901884,0.0417293694725,0.00242634788253,0.0308043433431,0.00198908037517,0.0194107052195,0.00105670322701,0.0120676519084,0.000551746366744,0.0108321670962,0.000812813957893,0.00762871979987,0.000592841099446,0.00316077050305,0.000295866092421,0.00122119115626,6.17001661246e-05,0.00169980597252,0.000291755745851,0.000966939621682,0.000435108069857,0.00384570087352,0.000529580789105,0.0052520772647,0.00061042274004,0.00365074259512,0.000668135622089,0.00361409816002,0.000716588703635,46875,46875,46874,90,ab1e22a0d2ff6e2c7d2632f486066a08c2ddd0dde4c84b7a194865c2c535ecd5,2214285
long_duration_Q02_selected,long_duration,selected,Q02,11.313708499,11.313708499,240,400,60,0.001,0.0001,0.08,0.1,2e-07,10000,0,1,12,0,0,0,0,False,800,15,18,4,7,1.6e-05,1.22236198353,11.3092889086,0.138240448226,0.288000933804,11.3148152624,16.6858005524,0.0568552776812,11.2539258605,11.3643822516,-0.0597826384377,0.0506737526506,0.32,1909.85454983,1909.85454983,-1928.59962099,1920,-1920,0,0,0,0.00336105459605,-0.172922834754,60,1.25,1.5,True,True,True,True,True,True,True,11.3092889086,0.00311647286952,0.0664937692778,0.014226614035,0.0404204494273,0.0084336288404,0.025019781725,0.00701104867907,0.0761760229353,0.00293293801736,0.0524969820992,0.00100094628762,0.0421112390311,0.00240875369754,0.0307329392058,0.00193942137823,0.0201946644748,0.0010312983482,0.0121140290027,0.000634516926855,0.0100531679807,0.000823625610835,0.00734779133636,0.000531092147855,0.00295493443189,0.000296693810475,0.00127119436067,7.56859728653e-05,0.00165255741099,0.000285593557719,0.00099786262909,0.000408999724615,0.00409863930087,0.000543587828922,0.00527003669261,0.000618287145968,0.00370351850245,0.000693715804271,0.00381668918094,0.000750257250758,93750,93750,93749,180,b57ca993fd72d16087f8fc7f79e135f90899879f93da6702eeec5533e4b9f177,929120
refinement_Q03_initial_2.0e-06,refinement,initial_2.0e-06,Q03,0,67.8822509939,240,400,60,0.001,0.0001,0.08,0.1,2e-07,10000,0,1,12,0,0,0,0,False,800,15,0,8,7,1.6e-05,0.766322159977,48.0004858389,0.36783835988,0.766329916416,48.0031391855,68.2877655029,0.0640966212261,-0.312425841918,67.8822191125,-0.312425841918,-3.18814484785e-05,1.35764501988,-53.0204235452,-53.0204235452,-11519.9945895,0,-11520,0,0,0,0.00318813197329,-0.172922834754,60,0.5,0.75,True,True,False,True,True,True,False,48.0004858389,0.00578222502247,0.281089705355,0.0169288317636,0.157189452551,0.00569712833079,0.113773385262,0.00406338726341,0.0782233787465,0.00108346085429,0.0655255297594,0.00186548918609,0.0462417786352,0.000417116923807,0.0421205729219,0.000954558342519,0.031652853028,0.000356393440189,0.0285550579394,0.000474121340344,0.0219584696445,0.000303989159719,0.0216511126294,0.000619579474384,0.0162038720023,0.000438475523814,0.0162700418523,0.000443668484915,0.0124579006918,0.000138356486359,0.0128772318126,0.000382627762064,0.00999079152184,0.00034173134491,0.00962229233587,0.000290493447419,0.00847318638429,0.0003028113979,0.00765414153743,0.000251353167127,46875,46875,46874,90,6f627b87e31262b18cc767603734fe219744f109e7cb88b98f8d76f4a27ede1a,882976
refinement_Q03_initial_1.0e-06,refinement,initial_1.0e-06,Q03,0,67.8822509939,240,400,60,0.001,0.0001,0.08,0.1,2e-07,10000,0,1,12,0,0,0,0,False,800,15,0,8,7,1.6e-05,0.765891065837,48.0004748145,0.367631348164,0.765898642008,48.0031124717,68.2979812622,0.0640869865192,-0.312307610291,67.8822040656,-0.312307610291,-4.69283466771e-05,1.35764501988,-53.0003589727,-53.0003589727,-11519.992036,0,-11520,0,0,0,0.00325275040309,-0.172922834754,60,0.5,0.75,True,True,False,True,True,True,False,48.0004748145,0.00577766960799,0.28106110017,0.0169360334629,0.15704303737,0.0056791625254,0.113399282686,0.00406947543107,0.0777019315873,0.00106712738778,0.0654781384207,0.00183624538346,0.0469200631195,0.000419841589596,0.0424167694361,0.00101446086879,0.0307962023846,0.000282089741433,0.0295054071591,0.000503914041827,0.0217872007838,0.000305470093036,0.0218578125188,0.000620486071421,0.0161618114121,0.000437416592705,0.0161425067437,0.000431074221104,0.0123305837414,0.000140980848024,0.012842958976,0.000391697134583,0.010073497057,0.000327237670173,0.00964511222287,0.000287332334269,0.00842855127298,0.000314300657763,0.007597076237,0.000246073192386,46875,46875,46874,90,edadd8bb47c6956a4bf4188cd62ecdb94821193b1a23181da8eb36ffcdc60dc0,1308080
refinement_Q03_initial_5.0e-07,refinement,initial_5.0e-07,Q03,0,67.8822509939,240,400,60,0.001,0.0001,0.08,0.1,2e-07,10000,0,1,12,0,0,0,0,False,800,15,0,8,7,1.6e-05,0.765740489476,48.0005392162,0.367559563945,0.765749091552,48.0031746818,68.3072357178,0.0640633810544,-0.312171155344,67.8822957718,-0.312171155344,4.4777908613e-05,1.35764501988,-52.9772018003,-52.9772018003,-11520.0075991,0,-11520,0,0,0,0.00319195859124,-0.172922834754,60,0.5,0.75,True,True,False,True,True,True,False,48.0005392162,0.0057911531177,0.28109559991,0.016890314819,0.15696776921,0.00567898246804,0.113238130626,0.00406577715224,0.0775809832566,0.00109638119121,0.065351732517,0.00181511335457,0.0468677119822,0.000372926913445,0.0425253315789,0.000992609892898,0.031035887142,0.000338257143616,0.0297573067173,0.000558322855801,0.021745899052,0.000259677780733,0.0216105269617,0.000630144648662,0.0160346342505,0.000390768713339,0.0163769532765,0.000453041774502,0.0124547307778,0.000132867322008,0.0125509909674,0.000388533474519,0.0100157272953,0.000308756201332,0.00995122177234,0.000358732962308,0.00814053683374,0.000268478080762,0.00785574582658,0.000234095939663,46875,46875,46874,90,bdfdc460eba4ac0b6e33c382907ce36174419ca6a3e9d1c86205068ea800a014,2129689
long_duration_Q03_initial,long_duration,initial,Q03,0,67.8822509939,240,400,60,0.001,0.0001,0.08,0.1,2e-07,10000,0,1,12,0,0,0,0,False,800,15,0,8,7,1.6e-05,0.766526123614,48.0005260218,0.367936571429,0.766534523811,48.0031799395,68.2877807617,0.0639779537209,-0.312505202841,67.882275575,-0.312505202841,2.45810796855e-05,1.35764501988,-53.0338915404,-53.0338915404,-11520.0041715,0,-11520,0,0,0,0.0031420073694,-0.172922834754,60,1.25,1.5,True,True,False,True,True,True,False,48.0005260218,0.0057864244255,0.281185607599,0.0168326396348,0.157256559536,0.00566047962628,0.113773675683,0.00403154410951,0.0782830125774,0.00106076867806,0.0655749261025,0.00183747259586,0.0461834922794,0.00044084657571,0.0420805644446,0.000988973966591,0.0315921365701,0.000421151584934,0.0285850492583,0.000527592977277,0.0219222077214,0.000277116054813,0.0216300311187,0.000586482348259,0.0162768280696,0.000324605452673,0.0162313584073,0.00045835805129,0.0124299224664,0.000164709702154,0.0128561862085,0.000408371061558,0.00997137694988,0.000318904651494,0.00957698431553,0.000333715137611,0.00848524951813,0.000247506975787,0.0076473067208,0.000217091020287,93750,93750,93749,180,e60acf6c7035afd50fd44b9cdace3a492cefaa685af5f86666529e8591967e86,878378
refinement_Q03_selected_2.0e-06,refinement,selected_2.0e-06,Q03,0,67.8822509939,240,400,60,0.001,0.0001,0.08,0.1,2e-07,10000,0,1,12,0,0,0,0,False,800,15,18,4,7,1.6e-05,0.349601324932,48.0010626288,0.167812350932,0.349609064441,48.0026023984,68.0286941528,0.0643267549284,-0.312228301914,67.883035734,-0.312228301914,0.000784740129376,1.35764501988,-52.9868998949,-52.9868998949,-11520.1331748,0,-11520,0,0,0,0.00446075785351,-0.172922834754,60,0.5,0.75,True,True,False,True,True,True,False,48.0010626288,0.00528899678607,0.0652672164812,0.0166022305102,0.0376146695987,0.0060580764695,0.0291213127701,0.00519736142243,0.0863925713772,0.00188211707874,0.071191119644,0.00209685342768,0.0497421791931,4.94245141443e-05,0.044976186364,0.00104339405668,0.0331647930324,0.000455224392434,0.0296228192258,0.000558595440723,0.0226994678052,0.000546590282592,0.0226523338468,0.000505704301806,0.0166787028717,0.000156966070499,0.0164635489563,0.000451438894101,0.0128634742157,0.000329511074776,0.013248215282,0.000408975589737,0.0101947765417,0.000334160785011,0.00969715396917,0.000252906804998,0.00866847035479,0.000457097927631,0.00785172254367,0.000416562997234,46875,46875,46874,90,8a6c930d8169f3468976436d6159f69b56da4386541e704160e173b2216f1be4,944302
refinement_Q03_selected_1.0e-06,refinement,selected_1.0e-06,Q03,0,67.8822509939,240,400,60,0.001,0.0001,0.08,0.1,2e-07,10000,0,1,12,0,0,0,0,False,800,15,18,4,7,1.6e-05,0.349548311029,48.0011141795,0.16778708389,0.34955642477,48.0026391523,68.0402450562,0.0642943692039,-0.312102206115,67.8831092184,-0.312102206115,0.000858224507112,1.35764501988,-52.9655007282,-52.9655007282,-11520.1456455,0,-11520,0,0,0,0.00424565267599,-0.172922834754,60,0.5,0.75,True,True,False,True,True,True,False,48.0011141795,0.0052478485323,0.0652791863334,0.0165936150193,0.0375170780456,0.00610084932689,0.0289785993448,0.00509623983866,0.0859655786029,0.00187736943768,0.0711737532328,0.00199452168519,0.0503968134473,4.33982324732e-05,0.0451947730385,0.00108113590371,0.032299308125,0.00033585251456,0.0305979661888,0.000657567237196,0.0225499322117,0.000572811646304,0.022866074314,0.000530071808293,0.0166316960872,0.000129173749463,0.0163855446891,0.000419343327709,0.0127740608023,0.000298018936009,0.0132377225015,0.000422832989734,0.0102715388005,0.000279836298784,0.00968974744266,0.000246910809038,0.00859557568682,0.000439375620241,0.00781970735412,0.000417485426729,46875,46875,46874,90,902c77f9748d9c056175c0b2216dff3c08da34a44cbc41fd1edc0ce07c5e8e5e,1369086
refinement_Q03_selected_5.0e-07,refinement,selected_5.0e-07,Q03,0,67.8822509939,240,400,60,0.001,0.0001,0.08,0.1,2e-07,10000,0,1,12,0,0,0,0,False,800,15,18,4,7,1.6e-05,0.349596886709,48.001160105,0.167810561312,0.349605336066,48.0026833962,68.0460281372,0.0643044795461,-0.311868107923,67.8831752435,-0.311868107923,0.00092424961079,1.35764501988,-52.9257729476,-52.9257729476,-11520.1568504,0,-11520,0,0,0,0.00446925479329,-0.172922834754,60,0.5,0.75,True,True,False,True,True,True,False,48.001160105,0.00561497071722,0.0653965115374,0.0168128685537,0.0374894266394,0.00614301820029,0.0289927139934,0.0051822146833,0.0859341382115,0.00180220114376,0.0709130576104,0.00203826812448,0.0502776027279,5.03408180237e-05,0.0453806769119,0.00121671936565,0.0325522178828,0.000351848208356,0.0308456470719,0.000722910588073,0.0224939541399,0.000548791259205,0.0226083469216,0.00062250472322,0.0165091838139,0.000129567866022,0.0166148188602,0.00044512264852,0.0129201203867,0.000299836551558,0.0128705298809,0.000426288509053,0.0101922920532,0.000319401833341,0.00995913505158,0.000240162141747,0.00839542173062,0.000435786991695,0.00800363856446,0.000453847258401,46875,46875,46874,90,87ec5f3c4090a32dc0581c2c0a6a0eb5a5d85647a71ad14d44829b51d18b40a2,2190887
long_duration_Q03_selected,long_duration,selected,Q03,0,67.8822509939,240,400,60,0.001,0.0001,0.08,0.1,2e-07,10000,0,1,12,0,0,0,0,False,800,15,18,4,7,1.6e-05,0.349726529183,48.0010756558,0.167872495861,0.349734366378,48.0026156294,68.0288543701,0.0643206038681,-0.312192148725,67.8830543235,-0.312192148725,0.000803329546969,1.35764501988,-52.9807644951,-52.9807644951,-11520.1363295,0,-11520,0,0,0,0.00452141837566,-0.172922834754,60,1.25,1.5,True,True,False,True,True,True,False,48.0010756558,0.00528599734147,0.0652914228868,0.0166173653461,0.0376079874167,0.00609915388573,0.0291567746214,0.00505840872295,0.0864594541845,0.001841384328,0.0712308513089,0.00218050718704,0.0498080457939,9.83909035829e-05,0.0449414252767,0.00106185209897,0.0331121939968,0.000464680921353,0.0296222918623,0.000577729418883,0.0227143191662,0.000603233938203,0.0226450580513,0.000538322462298,0.0166515129689,0.000139339487648,0.0164639057657,0.000489133442514,0.012868186462,0.000359694238217,0.0132280738348,0.000439974260217,0.0101826707416,0.000314449703425,0.00966431278583,0.000228153237954,0.00867483401066,0.000476888075919,0.00785506652071,0.000433893778442,93750,93750,93749,180,56623bc2460b3aba86d4b912cbd7f00f9395ef750d82cd41109d8d462dbaf651,939838
refinement_Q04_initial_2.0e-06,refinement,initial_2.0e-06,Q04,67.8822509939,0,240,400,60,0.001,0.0001,0.08,0.1,2e-07,10000,0,1,12,0,0,0,0,False,800,15,0,8,7,1.6e-05,0.748660497548,47.9949053154,0.359318896932,0.748581035275,47.997265869,68.4252624512,0.0576184093737,67.874367522,0.303489637078,-0.00788347191508,0.303489637078,1.35764501988,11518.6621305,11518.6621305,-51.5038992954,11520,-0,0,0,0,0.00320758680375,-0.172922834754,60,0.5,0.75,True,True,True,True,True,True,True,47.9949053154,0.00319934519968,0.273227175566,0.0189454024159,0.15598825857,0.00791272808276,0.108045647456,0.0039470421069,0.0797838827892,0.00256190043168,0.0619936941612,0.00182236914517,0.0487905185701,0.00151910571162,0.0399681544888,0.000783928111521,0.0326206716378,0.000689042575795,0.0269129794693,0.000483559979563,0.0225867408478,0.000540465214879,0.0192881217843,0.000257556665862,0.0169847391189,0.000529088043387,0.0149520790937,0.000494255263576,0.0129832078143,0.000594346810826,0.0112019392853,0.000283653246728,0.01027628918,0.000474116285889,0.00962033600807,0.000584484193819,0.00827975598338,0.000545732415575,0.00758312239218,0.000404488514691,46875,46875,46874,90,362148fe6dbae30bd83d8996d229015236c5b6743bb1b66036afc7be869afcfc,889409
refinement_Q04_initial_1.0e-06,refinement,initial_1.0e-06,Q04,67.8822509939,0,240,400,60,0.001,0.0001,0.08,0.1,2e-07,10000,0,1,12,0,0,0,0,False,800,15,0,8,7,1.6e-05,0.749215133689,47.9953133998,0.359588151453,0.749141982193,47.9976827119,68.4691390991,0.0576180479672,67.8749443563,0.303554476464,-0.00730663762613,0.303554476464,1.35764501988,11518.7600225,11518.7600225,-51.5149029041,11520,-0,0,0,0,0.00328198836239,-0.172922834754,60,0.5,0.75,True,True,True,True,True,True,True,47.9953133998,0.00319748922489,0.273518409082,0.0189435390566,0.155947517743,0.00792155470354,0.107820936637,0.00393867324641,0.0801315610153,0.00256101758899,0.0618119099663,0.00186227956409,0.0488182766156,0.0014923091775,0.0398698226846,0.000750703448683,0.0325666536969,0.000724402777603,0.0274577934122,0.000560969037352,0.0231313958114,0.00058387942166,0.019613194017,0.000263370073552,0.0172005544006,0.000527998832433,0.0148676832565,0.000499127304745,0.0130128511134,0.000597990428605,0.0112224708584,0.00029044422043,0.0101856361544,0.000480557873812,0.00959637178127,0.000584219823727,0.00835311939242,0.000547359515339,0.00750018995268,0.000410655166247,46875,46875,46874,90,2ec319e2bb4a439c08e1eda735f2147e1d8f6cb94aadb9f3413f8f8ae9caa6a8,1315052
refinement_Q04_initial_5.0e-07,refinement,initial_5.0e-07,Q04,67.8822509939,0,240,400,60,0.001,0.0001,0.08,0.1,2e-07,10000,0,1,12,0,0,0,0,False,800,15,0,8,7,1.6e-05,0.74942547623,47.9951260617,0.359687702055,0.749349379281,47.9974957258,68.4691238403,0.0579731971985,67.8746786072,0.303735614913,-0.00757238675091,0.303735614913,1.35764501988,11518.7149234,11518.7149234,-51.5456431183,11520,-0,0,0,0,0.00481494673725,-0.172922834754,60,0.5,0.75,True,True,True,True,True,True,True,47.9951260617,0.00361940605896,0.273531784525,0.0185848803461,0.156042903572,0.00779773062251,0.107961537124,0.00375967222462,0.0800731544076,0.00240085564902,0.061862644439,0.00159347944336,0.0489368224514,0.0012954186994,0.0399153033768,0.000549943347884,0.0325457353601,0.000553016355319,0.0275038565369,0.000519800913414,0.0230388516438,0.000470736266511,0.0198202361375,0.000180801122768,0.0172497447797,0.000581348558384,0.0147124131855,0.000438492479378,0.0130076585964,0.000525358403908,0.0116166659903,0.000225983401506,0.0102887651824,0.000426369889421,0.009369574031,0.000502245638313,0.00823897908934,0.00047968410147,0.00765541418466,0.00032314846507,46875,46875,46874,90,00452b0681c15f8d713c3a7c75d0093f2b1e53820b29dbafa200ff50dda84e34,2141305
long_duration_Q04_initial,long_duration,initial,Q04,67.8822509939,0,240,400,60,0.001,0.0001,0.08,0.1,2e-07,10000,0,1,12,0,0,0,0,False,800,15,0,8,7,1.6e-05,0.748688970773,47.9948695274,0.359332294688,0.748608947267,47.9972301815,68.4252853394,0.0576184087952,67.8743169592,0.303478530323,-0.00793403471732,0.303478530323,1.35764501988,11518.6535497,11518.6535497,-51.5020144167,11520,-0,0,0,0,0.0033265630325,-0.172922834754,60,1.25,1.5,True,True,True,True,True,True,True,47.9948695274,0.00321173371973,0.273237463855,0.0189437545714,0.155978820737,0.00792412707313,0.108068424822,0.00393834083618,0.0797921439787,0.00254831755189,0.0619887835572,0.00182765401867,0.0488053990159,0.00151083126472,0.039970142816,0.000768458319385,0.0326124656718,0.000698281720596,0.0269127345597,0.000477891104295,0.0225903959996,0.000536037145947,0.0192793272778,0.000260539685045,0.0169894920512,0.000540720470538,0.014956403054,0.000495353407077,0.0129773082645,0.000599694354183,0.0112097437994,0.000292997155915,0.0102755834739,0.000474483927728,0.00962425337368,0.000584107823313,0.00827899117453,0.000545500968941,0.00758382141141,0.000403988528838,93750,93750,93749,180,378a8411f92bf307828f37333ae05717d3c24ab834ff15a925fae3026053c8ed,884489
refinement_Q04_selected_2.0e-06,refinement,selected_2.0e-06,Q04,67.8822509939,0,240,400,60,0.001,0.0001,0.08,0.1,2e-07,10000,0,1,12,0,0,0,0,False,800,15,18,4,7,1.6e-05,0.341644869016,47.9946454112,0.16397124345,0.341606757187,47.9959442513,68.1694946289,0.0587086792584,67.8739988643,0.303734186397,-0.0082521296177,0.303734186397,1.35764501988,11518.5995672,11518.5995672,-51.5454006912,11520,-0,0,0,0,0.00251237024689,-0.172922834754,60,0.5,0.75,True,True,True,True,True,True,True,47.9946454112,0.00445409862843,0.0597874829352,0.01807248108,0.0335664330556,0.00718446132331,0.0262179274869,0.00490900423536,0.0883933380711,0.00205093016608,0.0675825191221,0.00121858370075,0.0524458045943,0.000655526462939,0.0422896440737,0.000443470771257,0.0344820373687,7.81437558274e-05,0.028260792811,0.00014952298563,0.0235087321942,0.00030854447651,0.020090668212,0.000304529548952,0.0173693230297,0.000251577199394,0.0157165230433,0.000381959003714,0.0132894266654,0.000255349033105,0.0114495881828,0.000401046115915,0.0107385305248,0.000170611836887,0.01000912693,0.000182425087968,0.0084913890578,0.000174451915084,0.00780197706411,0.000313168019363,46875,46875,46874,90,d4f5f68e77734cf4d466269a81857859032e354952e8ef4370dd77a9f8fd5e06,952153
refinement_Q04_selected_1.0e-06,refinement,selected_1.0e-06,Q04,67.8822509939,0,240,400,60,0.001,0.0001,0.08,0.1,2e-07,10000,0,1,12,0,0,0,0,False,800,15,18,4,7,1.6e-05,0.342425366401,47.9950600032,0.16434726007,0.342390125146,47.996366915,68.2157516479,0.0586905872641,67.8745848311,0.303814774313,-0.00766616277785,0.303814774313,1.35764501988,11518.699009,11518.699009,-51.5590769139,11520,-0,0,0,0,0.00256106820105,-0.172922834754,60,0.5,0.75,True,True,True,True,True,True,True,47.9950600032,0.00439808067533,0.06006236351,0.0179730859572,0.0334073228612,0.0071534074281,0.0260115890385,0.00497977671326,0.0888553746263,0.00215339922225,0.0673284579242,0.00120188118838,0.0524743732023,0.000606363995108,0.0422106554354,0.000421734952384,0.0344478118461,7.87992201397e-05,0.0287973842405,0.000102270197049,0.0240601734454,0.000250738132102,0.0203938364876,0.000318843728521,0.0175559870565,0.000223177536886,0.015691991654,0.000376574522564,0.0133446967413,0.000227877324245,0.01147802337,0.000386799253529,0.0106330855027,0.000164549825617,0.00996944610448,0.000239323861698,0.00855634158976,0.000212478206838,0.00772818101989,0.000319269488019,46875,46875,46874,90,32fd816455ec8be2d2c8b3d62ad64cd8c8e6eec00d9efb183f7e39023a07c79f,1377226
refinement_Q04_selected_5.0e-07,refinement,selected_5.0e-07,Q04,67.8822509939,0,240,400,60,0.001,0.0001,0.08,0.1,2e-07,10000,0,1,12,0,0,0,0,False,800,15,18,4,7,1.6e-05,0.342376051231,47.9949244805,0.164323127228,0.342339848392,47.9962303937,68.2147903442,0.0586747778491,67.8743934008,0.303763488663,-0.00785759308349,0.303763488663,1.35764501988,11518.6665222,11518.6665222,-51.5503734505,11520,-0,0,0,0,0.00219646128315,-0.172922834754,60,0.5,0.75,True,True,True,True,True,True,True,47.9949244805,0.00441718130242,0.0599963494679,0.0179315986616,0.0334578805912,0.00716573056049,0.025991136949,0.0049395149039,0.0887722872139,0.00213209391366,0.067391118288,0.00121106614622,0.0524820984125,0.000653426685427,0.0422407483829,0.000402039069223,0.03451031568,8.66783493609e-05,0.0288390842902,0.000107156828539,0.0239052952894,0.000271245343217,0.0204970110868,0.000296296947741,0.0176706037554,0.000228957673458,0.0154565897106,0.00039173184478,0.0133408760037,0.000210108165821,0.0117743634901,0.000358699547747,0.0106176773872,0.000186284937692,0.00973582816967,0.000244423319391,0.0084363606354,0.000177664297428,0.00787014597342,0.000300769237963,46875,46875,46874,90,c7bc2bc5f4ea7c6ba73e18bcf6f85a5fff907f383a815e63cb4ebdd9c64aaf02,2203186
long_duration_Q04_selected,long_duration,selected,Q04,67.8822509939,0,240,400,60,0.001,0.0001,0.08,0.1,2e-07,10000,0,1,12,0,0,0,0,False,800,15,18,4,7,1.6e-05,0.341625947027,47.9946133674,0.163962052438,0.341587609246,47.9959121295,68.1705932617,0.058666211949,67.8739535072,0.303743106146,-0.0082974867013,0.303743106146,1.35764501988,11518.5918698,11518.5918698,-51.5469144228,11520,-0,0,0,0,0.00224076564664,-0.172922834754,60,1.25,1.5,True,True,True,True,True,True,True,47.9946133674,0.0044274696008,0.0597888795291,0.0180743298961,0.0334991891708,0.00711445633566,0.0262165455827,0.00496148311088,0.0883766834436,0.00211482154864,0.0676321586845,0.00115902273638,0.0524576774871,0.000667991891133,0.0422835441842,0.000443049265873,0.0345106397003,7.63553028336e-05,0.0282743206046,0.000152583449535,0.02347759168,0.000322368412595,0.0200463821332,0.000340898227154,0.0173542638325,0.000244632559926,0.0157123356108,0.000371839148676,0.0132835580786,0.000210479331113,0.0114267582236,0.000390664487516,0.0107279927795,0.000195407960411,0.00997966299126,0.000196095864837,0.00850216428356,0.000199996745961,0.00779370302307,0.000305905874447,93750,93750,93749,180,155e0732ade89dbeae3eaaef9076be5bd88e6a3dd0e0050a0b57de1a83c26c1e,947136
