run_id,group,control_tag,case_id,id_peak_a,iq_peak_a,vac_v,vdc_v,fgrid_hz,lf_h,lg_h,rf_ohm,rg_ohm,dead_s,sensor_hz,sensor_offset_a,sensor_gain,adc_bits,grid_h3,grid_h5,extra_delay_pwm,grid_phase_rad,lf_grid_polarity,bandwidth_design_hz,pll_design_hz,kr_ohm,band_hz,max_harmonic,prediction_s,thd_pct,i1_rms_a,ih_2_40_rms_a,ih_over_rated_pct,current_rms_a,peak_a,dc_a,id_peak_measured_a,iq_peak_measured_a,id_error_peak_a,iq_error_peak_a,dq_tolerance_peak_a,p_w,p1_w,q1_var,p1_target_w,q1_target_var,saturation_fraction,resonator_limit_fraction,integrator_limit_fraction,periodic_rms_a,pll_error_deg,pll_hz,measurement_start_s,measurement_end_s,thd_pass,tracking_pass,rms_pass,peak_pass,saturation_pass,steady_pass,combined_pass,h1_rms_a,h2_rms_a,h3_rms_a,h4_rms_a,h5_rms_a,h6_rms_a,h7_rms_a,h8_rms_a,h9_rms_a,h10_rms_a,h11_rms_a,h12_rms_a,h13_rms_a,h14_rms_a,h15_rms_a,h16_rms_a,h17_rms_a,h18_rms_a,h19_rms_a,h20_rms_a,h21_rms_a,h22_rms_a,h23_rms_a,h24_rms_a,h25_rms_a,h26_rms_a,h27_rms_a,h28_rms_a,h29_rms_a,h30_rms_a,h31_rms_a,h32_rms_a,h33_rms_a,h34_rms_a,h35_rms_a,h36_rms_a,h37_rms_a,h38_rms_a,h39_rms_a,h40_rms_a,pwm_count,control_count,load_count,lf_transition_count,wave_sha256,wave_bytes
doe_N014_C01,doe,C01,N014,5.65685424949,-5.65685424949,240,400,60,0.001,0.0001,0.08,0.1,2e-07,10000,0,1,12,0,0,0,0,False,800,15,6,4,3,1.6e-05,3.75749608212,5.6527062979,0.212400217677,0.442500453495,5.66571001387,8.74552726746,0.05109456276,5.67327138971,-5.63206611462,0.0164171402139,0.0247881348721,0.3,962.786081081,962.786081081,955.793314017,960,960,0,0,0,0.00332001041938,-0.172922834754,60,0.5,0.75,True,True,True,True,True,True,True,5.6527062979,0.00653282220425,0.126047288006,0.0130793437511,0.13918081064,0.00696168942218,0.0757063178679,0.00676118260774,0.038400796843,0.0037715987438,0.0156275357664,0.00104528492822,0.00293449031925,0.000964815299438,0.00724148892432,0.000970992420616,0.0130692716619,0.00217237936493,0.018496963885,0.00300233297396,0.0185306715326,0.0033355372309,0.0169695082525,0.0031400131661,0.0161654007165,0.00333903050451,0.0147912877192,0.00291587132393,0.0123099195461,0.00266555641292,0.00914780213717,0.00203476230466,0.00709078828227,0.00181616452031,0.0054665939084,0.00107197702951,0.00278350577562,0.00052687161162,0.000534582525604,0.000175741117715,46875,46875,46874,90,21e869fd9bd810193de958fd78bac0d19177cbb400ecb80fe6cc184019778cc0,934638
doe_N015_C01,doe,C01,N015,5.65685424949,0,240,400,60,0.001,0.0001,0.08,0.1,2e-07,10000,0,1,12,0,0,0,0,False,800,15,6,4,3,1.6e-05,5.50787912337,3.99351115035,0.21995776694,0.458245347791,4.01250575461,6.05586528778,0.0562689247681,5.64762300926,0.0248387039208,-0.00923124023487,0.0248387039208,0.3,958.433406583,958.433406583,-4.21526783479,960,-0,0,0,0,0.00141332154457,-0.172922834754,60,0.5,0.75,False,True,True,True,True,True,False,3.99351115035,0.00266426840933,0.121071546229,0.0203460442925,0.142565010821,0.00967596455199,0.0879254813099,0.00516468412398,0.0560738058925,0.00334690460161,0.0357807693906,0.00196407835367,0.0215669219646,0.00100467510728,0.0107554959771,0.000845293983781,0.00714718766783,0.000649384462573,0.0028410801995,0.00103734419243,0.00179768033151,0.00105417786008,0.00250741716262,0.00096369802988,0.00250653416659,0.00112973466812,0.00320880072351,0.000845816672014,0.0016332745567,0.00102477269568,0.00169387192189,0.000521203417395,0.00103740769923,0.000747723787081,0.000621431151726,0.000426152037442,0.00118299051538,0.000420973936985,0.00152616225279,0.000434777562592,46875,46875,46874,90,f279899a7ed3218bf2aaccc3469e6928c8dc3701303e0fdaaa530d3e10d076ea,938414
doe_N016_C01,doe,C01,N016,5.65685424949,5.65685424949,240,400,60,0.001,0.0001,0.08,0.1,2e-07,10000,0,1,12,0,0,0,0,False,800,15,6,4,3,1.6e-05,3.77814663457,5.65249526642,0.213559559678,0.444915749328,5.66576745172,8.75930786133,0.0523149530085,5.6232497892,5.68159020714,-0.0336044602893,0.0247359576524,0.3,954.29713398,954.29713398,-964.197831215,960,-960,0,0,0,0.00367159558451,-0.172922834754,60,0.5,0.75,True,True,True,True,True,True,True,5.65249526642,0.00619685617846,0.126666148005,0.0127169130755,0.140051963827,0.00915775024395,0.0763956197647,0.00704545508644,0.0367517636382,0.00293077561956,0.0147676563149,0.000378195814397,0.00589504031722,0.000214246672136,0.00670708808159,0.00106553787836,0.014603981732,0.00242034419733,0.018758431457,0.00260693002756,0.016653075198,0.00277956939506,0.0173110130286,0.0029849636942,0.0185146968191,0.00328581879276,0.015833785404,0.00282922384483,0.0105356371454,0.00263503671796,0.00943993840009,0.00212982842508,0.00893138869242,0.0019011954031,0.00610678361476,0.000982248889415,0.00120532388714,0.000740081896372,0.00121271835006,0.000171648389649,46875,46875,46874,90,bac2e85b8ec4fb4aece06174780b2730e8b5decab199b4db7de74d1daaf265eb,928876
doe_N022_C01,doe,C01,N022,11.313708499,-11.313708499,240,400,60,0.001,0.0001,0.08,0.1,2e-07,10000,0,1,12,0,0,0,0,False,800,15,6,4,3,1.6e-05,2.21533645619,11.3097628956,0.250549300535,0.521977709449,11.3169913412,16.7049484253,0.0545190452409,11.3559382164,-11.2633982765,0.0422297174322,0.0503102224475,0.32,1927.1666207,1927.1666207,1911.46207213,1920,1920,0,0,0,0.00343889973609,-0.172922834754,60,0.5,0.75,True,True,True,True,True,True,True,11.3097628956,0.00410508908476,0.132038332867,0.0150555968505,0.159301301264,0.00725896562956,0.101254415034,0.00627159247922,0.0681163180774,0.00408346383219,0.0477043841837,0.00108666635055,0.0354684995267,0.00197027176383,0.0243154867709,0.00197562625846,0.016495430042,0.00154681951071,0.00964076548876,0.000532279117331,0.00734526732127,0.000730628810801,0.00483270158502,0.000417711682654,0.00107311908078,0.000126233997773,0.0017144220759,0.000328920166314,0.00299842804358,0.00029361092861,0.00320230197064,0.000783592888119,0.00479321324001,0.000695800313196,0.00574841809776,0.000966667200754,0.00540815781726,0.000882122240936,0.00519557848624,0.0010620132972,46875,46875,46874,90,1349f7965e0faed8049613c9185f91cb9794674bb9f1512ef2a9cfe91aea78a8,941442
doe_N024_C01,doe,C01,N024,11.313708499,0,240,400,60,0.001,0.0001,0.08,0.1,2e-07,10000,0,1,12,0,0,0,0,False,800,15,6,4,3,1.6e-05,3.24900691795,7.99412176025,0.25972956902,0.541103268791,8.00480451845,11.7085914612,0.0590963400043,11.3052835901,0.0502830346666,-0.00842490891691,0.0502830346666,0.3,1918.57024555,1918.57024555,-8.53331394993,1920,-0,0,0,0,0.00278312924041,-0.172922834754,60,0.5,0.75,True,True,True,True,True,True,True,7.99412176025,0.000374622795296,0.125618845124,0.0187796894595,0.156483536781,0.00820019757704,0.106882878513,0.00418826110155,0.0771615580822,0.00314351277275,0.0594471042005,0.00201805685384,0.0452891223727,0.00160053266843,0.0349097719176,0.00094334576376,0.0295468906987,0.000945080464366,0.0239685915882,0.000511951210076,0.0195512537586,0.000466896750392,0.0159339147385,0.000421960304716,0.0130118412959,0.000414221347171,0.0100567715451,0.000389942106071,0.00876254496257,0.000288860355393,0.00680644348583,0.000456983365338,0.00577403233876,0.00031924713104,0.00440726245151,0.000496576669759,0.00359618198584,0.000336073769119,0.00313592678277,0.000520178302699,46875,46875,46874,90,9bb8647f4bd7e744e83a95146fa6c1b75ab8aa4b5cee4cdce71dde9bd5ef62ea,951196
doe_N026_C01,doe,C01,N026,11.313708499,11.313708499,240,400,60,0.001,0.0001,0.08,0.1,2e-07,10000,0,1,12,0,0,0,0,False,800,15,6,4,3,1.6e-05,2.22328971405,11.3092257178,0.251436852121,0.523826775253,11.3166974029,16.7174301147,0.056323550246,11.2543043081,11.3638816965,-0.059404190915,0.0501731975215,0.32,1909.91877451,1909.91877451,-1928.51467397,1920,-1920,0,0,0,0.00274797630219,-0.172922834754,60,0.5,0.75,True,True,True,True,True,True,True,11.3092257178,0.00348230296214,0.132394136618,0.0143585750175,0.159638754298,0.00820336840692,0.102755374492,0.00611539622769,0.0665579248708,0.00315712605263,0.0464389065206,0.000921793456725,0.0373817503328,0.00230654969874,0.0268259184007,0.00181548355931,0.0161653908829,0.00109982197892,0.00927541678661,0.000476710081109,0.00810013767192,0.000665178412565,0.00527118381671,0.000271537983002,0.00169806061527,0.000264599470798,0.00359409972542,0.000208305753275,0.00298800474296,0.000317241472179,0.00270875502528,0.000776721404551,0.00575145608483,0.000914113219139,0.00687550167933,0.000912671366251,0.00470110251561,0.000858775582721,0.00463527225505,0.00108460735154,46875,46875,46874,90,9408a838dd46441cc11664cfdc9cc12b0b8d54878b215dbf31dd351afe2bd848,934119
doe_N030_C01,doe,C01,N030,22.627416998,-22.627416998,240,400,60,0.001,0.0001,0.08,0.1,2e-07,10000,0,1,12,0,0,0,0,False,800,15,6,4,3,1.6e-05,1.19514837164,22.6237631541,0.27038753694,0.563307368626,22.6275240187,32.6755332947,0.0554414909364,22.7202456107,-22.5268674675,0.0928286127026,0.100549530442,0.64,3855.75353797,3855.75353797,3822.93617884,3840,3840,0,0,0,0.00438058396691,-0.172922834754,60,0.5,0.75,True,True,True,True,True,True,True,22.6237631541,0.00439149770214,0.133605043356,0.0167958388302,0.165084022359,0.00717482446212,0.10884122466,0.00547348170394,0.0776592861168,0.00290411623747,0.0590571469966,0.000257757653119,0.0472749479915,0.0013725385673,0.0366637050262,0.00197769253856,0.0293061858522,0.0011947154975,0.0226267531457,0.000938201755252,0.0199837483117,0.00101015427896,0.0172882885521,0.00106999247294,0.0133005415987,0.000847194138482,0.0113277827579,0.000736226912053,0.00985290599832,0.000719779115322,0.00875254107802,0.00061988521609,0.00654908652624,0.000409190782552,0.00556298053033,0.000479983302532,0.00460949597424,0.000414951885819,0.00382883985434,0.000267271463946,46875,46875,46874,90,aecd614797f3252e7feaf6e6c97c898a9e06264c456ba87fe742035a7f6cf8d0,941074
doe_N033_C01,doe,C01,N033,22.627416998,0,240,400,60,0.001,0.0001,0.08,0.1,2e-07,10000,0,1,12,0,0,0,0,False,800,15,6,4,3,1.6e-05,1.67561122966,15.9941589611,0.267999923643,0.558333174255,15.9996110507,23.0101928711,0.0598034377243,22.6189291849,0.101411409178,-0.00848781302597,0.101411409178,0.452548339959,3838.55957036,3838.55957036,-17.2100868287,3840,-0,0,0,0,0.00199232898781,-0.172922834754,60,0.5,0.75,True,True,True,True,True,True,True,15.9941589611,0.00123612439401,0.126572937716,0.0182418297292,0.158027467795,0.00761082221233,0.109594395088,0.00381090660675,0.080123408783,0.00229056607471,0.0632072287297,0.0016667655357,0.0492179380166,0.000934053771089,0.0396481472345,0.00055674892212,0.0333970884038,0.000349855960212,0.028197064337,0.000182182704102,0.0234552838385,0.00018826445171,0.0203881723522,0.000197784632866,0.017186970894,0.000168669282784,0.0148279585093,8.97679237147e-05,0.0130570595436,9.74186244148e-05,0.0114710716017,0.000122870203615,0.010086382604,1.55733412538e-05,0.00900392175721,0.000164424535302,0.00800600669845,8.59171442948e-05,0.00731790476982,0.000126167174365,46875,46875,46874,90,3dca65a9c3cc54faef1941cc3b09722550f9b75d38520a44abdc8006028067fa,948397
doe_N036_C01,doe,C01,N036,22.627416998,22.627416998,240,400,60,0.001,0.0001,0.08,0.1,2e-07,10000,0,1,12,0,0,0,0,False,800,15,6,4,3,1.6e-05,1.19692063882,22.6236160655,0.270786729935,0.564139020698,22.6276067154,32.6916885376,0.0589964345624,22.5170457119,22.7296867591,-0.110371286067,0.102269761081,0.64,3821.26937164,3821.26937164,-3857.35575398,3840,-3840,0,0,0,0.00474068594657,-0.172922834754,60,0.5,0.75,True,True,True,True,True,True,True,22.6236160655,0.00185941285217,0.134341768029,0.0154614800684,0.164653316884,0.00695264325226,0.110594206035,0.00548824579851,0.0761905534133,0.00258642514629,0.0572969474478,0.000391258141036,0.0483506885081,0.00158952382881,0.0398287075164,0.00190625033468,0.0295150534863,0.00125757230894,0.0219847849006,0.00109283159225,0.0190379299187,0.00128193362868,0.017981170048,0.00118290482609,0.0132787860817,0.000683307461863,0.00940270273298,0.000724863259091,0.00913194435162,0.000749424809944,0.00983666019207,0.000567232194282,0.00698017576487,0.000276096922796,0.00380060091065,0.000379326705886,0.00373405014479,0.000513919600671,0.00439866223523,0.000393626505852,46875,46875,46874,90,28b1677900856b2dcacc655f235dd7fa13e038006e9aa9a32c0733a85a3aab3a,936287
doe_N014_C02,doe,C02,N014,5.65685424949,-5.65685424949,240,400,60,0.001,0.0001,0.08,0.1,2e-07,10000,0,1,12,0,0,0,0,False,800,15,6,4,5,1.6e-05,3.15456423396,5.6526546243,0.178316621048,0.371492960516,5.66447707564,8.83366107941,0.0510757997433,5.67345531701,-5.63177710578,0.0166010675199,0.0250771437116,0.3,962.81729458,962.81729458,955.744267591,960,960,0,0,0,0.0030516881198,-0.172922834754,60,0.5,0.75,True,True,True,True,True,True,True,5.6526546243,0.00596050825975,0.12681750547,0.012519139997,0.0703007890568,0.00680436533082,0.079964207885,0.00729302758704,0.0422732680698,0.00391463554266,0.0193277852176,0.000798775552714,0.00613226254151,0.000852393124193,0.0043943126435,0.00035483675447,0.0104533556172,0.00174219500902,0.0158408957173,0.00239636069756,0.0166334004972,0.00305341791429,0.015874788369,0.00294590021941,0.015992207722,0.00325453601177,0.0152881148007,0.00295998892199,0.013054530083,0.00279395503327,0.0100554167992,0.0022189319803,0.00837645818547,0.00195626302593,0.00671261556496,0.0013620536952,0.00418977923171,0.000893527164806,0.00185242159746,0.000384390024092,46875,46875,46874,90,bf2442606f398888c322bc99de7ea81cbc6e549b06135ad0437560b78b0f9352,933504
doe_N015_C02,doe,C02,N015,5.65685424949,0,240,400,60,0.001,0.0001,0.08,0.1,2e-07,10000,0,1,12,0,0,0,0,False,800,15,6,4,5,1.6e-05,4.70688294172,3.99377667852,0.187982393212,0.391629985858,4.01114592163,6.16297292709,0.056308668022,5.64799772924,0.0250193191129,-0.00885652025678,0.0250193191129,0.3,958.496998672,958.496998672,-4.2459192493,960,-0,0,0,0,0.00143745238071,-0.172922834754,60,0.5,0.75,True,True,True,True,True,True,True,3.99377667852,0.00193840008201,0.122032792669,0.0203273521513,0.0682330812871,0.00922196977834,0.0937218159258,0.00561672716835,0.0607277958106,0.00297489030757,0.0410581314122,0.00229509190085,0.0258881649278,0.00117693371894,0.0152175585448,0.000779627657512,0.010247037165,0.000792472835486,0.00586099219736,0.000497956535147,0.00285721449518,0.00103162387911,0.00178842332194,0.000792929812856,0.00211805042059,0.00096214484876,0.00241715224969,0.000853786650817,0.00195212088574,0.000868307329154,0.00215350266901,0.000678225089475,0.00168569577643,0.000589840827302,0.001002089918,0.000690006910352,0.000672478692252,0.000402319487412,0.000592577721443,0.000461255610177,46875,46875,46874,90,cbdba7ab5d9f0146be89a02ce3017c278815757200ce7ed16e14701fd24302d4,940392
doe_N016_C02,doe,C02,N016,5.65685424949,5.65685424949,240,400,60,0.001,0.0001,0.08,0.1,2e-07,10000,0,1,12,0,0,0,0,False,800,15,6,4,5,1.6e-05,3.16337473513,5.65232346443,0.178804172422,0.372508692545,5.6643969479,8.84069919586,0.0527138898605,5.62277593938,5.68171733093,-0.0340783101153,0.0248630814335,0.3,954.216718998,954.216718998,-964.219404836,960,-960,0,0,0,0.0019288509707,-0.172922834754,60,0.5,0.75,True,True,True,True,True,True,True,5.65232346443,0.00561340029451,0.12727317594,0.0122677815956,0.0702807482913,0.00953654693403,0.0803381947472,0.00699696844136,0.0409554125983,0.00277465431859,0.0186146449352,0.000146776427273,0.008604698512,0.000648435190019,0.00409967467043,0.000747982498045,0.0117110652529,0.00201937211315,0.0160260659853,0.00233275608643,0.0150860379544,0.00264051914745,0.0160591162761,0.00278714654725,0.0181417874749,0.00312405365997,0.0161725079938,0.00264521488746,0.0116716088562,0.00259365520594,0.0101609666307,0.0022904995266,0.010052667019,0.00204682763661,0.00711087179039,0.00131421330685,0.00287013799125,0.00106159389681,0.00193955292358,0.000531421539032,46875,46875,46874,90,9493df81d4051848f4107744082901712b5626182b10e7fd0fdcc61295728416,926536
doe_N022_C02,doe,C02,N022,11.313708499,-11.313708499,240,400,60,0.001,0.0001,0.08,0.1,2e-07,10000,0,1,12,0,0,0,0,False,800,15,6,4,5,1.6e-05,1.86751360533,11.3093575938,0.21120379174,0.440007899458,11.3157783472,16.8106575012,0.0542040679723,11.3553872998,-11.2631397773,0.0416788007989,0.0505687217035,0.32,1927.07312704,1927.07312704,1911.41820335,1920,1920,0,0,0,0.00147369783118,-0.172922834754,60,0.5,0.75,True,True,True,True,True,True,True,11.3093575938,0.00364029180375,0.132225574159,0.0146427730698,0.0792362549895,0.00707919704387,0.103078069118,0.00675356893018,0.0695938984595,0.003968640567,0.0492367535398,0.0010545780857,0.0364551021457,0.00137163282845,0.0253820104442,0.00236607613943,0.0175816477923,0.00116108020126,0.0107728948935,0.000729087388692,0.00810002312046,0.000490871511087,0.00533817205553,0.000417245192598,0.00172441068906,0.000233306915589,0.000840251400616,4.92565163777e-05,0.00220529562946,0.000480656161207,0.00264362175723,0.000340902250789,0.0042830875732,0.000756710075703,0.00502803922445,0.000845709995529,0.00484959993151,0.000880057094404,0.00488111315786,0.000953008567367,46875,46875,46874,90,4786ab3af1f91bf2d52ba1111287921bce62bb75d418ab66a6dddd8ddb175ff8,939977
doe_N024_C02,doe,C02,N024,11.313708499,0,240,400,60,0.001,0.0001,0.08,0.1,2e-07,10000,0,1,12,0,0,0,0,False,800,15,6,4,5,1.6e-05,2.78995096303,7.99383680507,0.223024126926,0.464633597762,8.00341425694,11.8229780197,0.0590597874367,11.3048794927,0.0505310629554,-0.00882900631829,0.0505310629554,0.3,1918.50166794,1918.50166794,-8.57540574632,1920,-0,0,0,0,0.00196913234634,-0.172922834754,60,0.5,0.75,True,True,True,True,True,True,True,7.99383680507,0.000268754005208,0.125613329784,0.0188290069472,0.0739483734321,0.00806104773837,0.109126159104,0.00468560544096,0.0788760393144,0.00277409319696,0.0607178385032,0.00207242158563,0.0464252836482,0.00143594074953,0.0359111394941,0.00120884557578,0.0303684942727,0.000745969504047,0.0250055017239,0.000565379482879,0.0200770557951,0.000419590732881,0.0164733777425,0.000367122663268,0.0134325925891,0.000377774017401,0.0110807787184,0.000367358259639,0.00949973651026,0.000389851388612,0.00747862831582,0.000196719767868,0.00626158455695,0.000359735418733,0.0054867909246,0.000296600210043,0.00431179695467,0.000479900418545,0.00355139338719,0.000351410677442,46875,46875,46874,90,f6ee96e39f0fbaa2428170426fae9d628452db8dfb4a81af463fd002fcb80bcb,952698
doe_N026_C02,doe,C02,N026,11.313708499,11.313708499,240,400,60,0.001,0.0001,0.08,0.1,2e-07,10000,0,1,12,0,0,0,0,False,800,15,6,4,5,1.6e-05,1.87516081411,11.3091437149,0.212064631352,0.441801315317,11.3158100779,16.8252639771,0.0563666550037,11.2538091125,11.3642088852,-0.0598993864611,0.0505003862065,0.32,1909.83473703,1909.83473703,-1928.57019973,1920,-1920,0,0,0,0.00247025249813,-0.172922834754,60,0.5,0.75,True,True,True,True,True,True,True,11.3091437149,0.00328837310544,0.132959677059,0.0139491067188,0.0789514209732,0.0085285723416,0.104158576402,0.00643474643234,0.0683475338087,0.00304726754229,0.0479828228555,0.00106528458599,0.0385521579481,0.00212486667738,0.0277116674217,0.00202589752494,0.0173677676715,0.00103495181955,0.0104105035591,0.000642571717393,0.00866520083101,0.00058644999086,0.00583857228631,0.00044075882997,0.00156141910227,0.000151974408624,0.00248646474366,0.00013662176518,0.00214804532236,0.000316442082443,0.00189759808381,0.000537274436978,0.00532478708802,0.000690832450465,0.00615057824673,0.000635424747839,0.00427135258857,0.000788842544091,0.00434385171592,0.00100004141467,46875,46875,46874,90,72c8a8339a549d04714fb3742b22dff0c6df13648b920472218a79a37169e3a7,933407
doe_N030_C02,doe,C02,N030,22.627416998,-22.627416998,240,400,60,0.001,0.0001,0.08,0.1,2e-07,10000,0,1,12,0,0,0,0,False,800,15,6,4,5,1.6e-05,1.02242319487,22.6234011864,0.231306901199,0.481889377497,22.6267274924,32.7922859192,0.0557155967362,22.7203765353,-22.5260083587,0.092959537338,0.101408639237,0.64,3855.77575661,3855.77575661,3822.79038325,3840,3840,0,0,0,0.00341544574493,-0.172922834754,60,0.5,0.75,True,True,True,True,True,True,True,22.6234011864,0.00380784355947,0.133865449835,0.0163001376494,0.082027259711,0.00824226538461,0.110642235274,0.00509837147564,0.0788894504981,0.00348266632561,0.0599150549804,0.000525295523337,0.048003742956,0.00172306308144,0.0367864284282,0.00177871840476,0.0295084307883,0.00108847667582,0.0228035658115,0.00096022971106,0.0207264102862,0.00133636534626,0.0175355140131,0.000852080456622,0.0135392476739,0.000745795907248,0.011494600468,0.00066990875587,0.0101559773212,0.00096288180725,0.00895988726,0.000522025422169,0.00654130236327,0.000407784214155,0.00554301869524,0.000469829679604,0.00482322456344,0.000575299759301,0.00424745032213,0.000282702906589,46875,46875,46874,90,37e4c51135accc0b83c8ff4d3a3baf6f29c49aa275769175e749092a7e6381fd,940082
doe_N033_C02,doe,C02,N033,22.627416998,0,240,400,60,0.001,0.0001,0.08,0.1,2e-07,10000,0,1,12,0,0,0,0,False,800,15,6,4,5,1.6e-05,1.43841513802,15.9936780122,0.230055485655,0.479282261781,15.9985406365,23.1290988922,0.0598292790208,22.6182464849,0.101973856361,-0.00917051310073,0.101973856361,0.452548339959,3838.44371232,3838.44371232,-17.3055372807,3840,-0,0,0,0,0.00285621230888,-0.172922834754,60,0.5,0.75,True,True,True,True,True,True,True,15.9936780122,0.00133638617027,0.125920766835,0.0176392635583,0.074283811031,0.00795228772056,0.110812656202,0.00397224841125,0.0814828731298,0.00243565676871,0.0635566711781,0.0016321187547,0.0502691857612,0.00113450727708,0.0398456570626,0.000801383497734,0.0339672678228,0.000540003847387,0.0286391052504,0.00026369608243,0.0239123453565,0.000109848981074,0.0202192068962,0.000217181565735,0.0173044232175,0.000157877771876,0.014675582942,0.000197120256409,0.0131638010157,9.3132017993e-05,0.0114887306804,0.000214057094432,0.0100347182485,0.000138181559127,0.00898955524989,0.000123727841265,0.00821885208552,0.000168396076735,0.00718091911724,3.93906649037e-05,46875,46875,46874,90,d54d0a565f61e91b224544a5cbef0db2251d30f157d542b6dcd5eeacc642ac69,948857
doe_N036_C02,doe,C02,N036,22.627416998,22.627416998,240,400,60,0.001,0.0001,0.08,0.1,2e-07,10000,0,1,12,0,0,0,0,False,800,15,6,4,5,1.6e-05,1.02302742408,22.6228398703,0.231437855979,0.482162199957,22.6263937552,32.8068237305,0.0587997826829,22.5171213845,22.7280666171,-0.110295613471,0.100649619085,0.64,3821.28221371,3821.28221371,-3857.08080676,3840,-3840,0,0,0,0.00211547817016,-0.172922834754,60,0.5,0.75,True,True,True,True,True,True,True,22.6228398703,0.00192733846867,0.134082894938,0.0156268427939,0.0815630328661,0.00741804394395,0.111995229018,0.00554597334196,0.0780399088726,0.00273326411619,0.0578323771338,0.00012953594417,0.0486660320957,0.00151143414341,0.0396392412025,0.00184707786308,0.0302230288004,0.00135612441394,0.0223518468833,0.00086259879604,0.0193864339553,0.000772840629531,0.0177173311817,0.000915489076872,0.0137863321615,0.000845256402437,0.00986827068559,0.00063299814309,0.00920799466806,0.000784049693464,0.00939551017368,0.000582024969602,0.00701818202018,0.000414817057926,0.00410977020729,0.000526528696234,0.0040777452058,0.000480474879185,0.00394359567484,0.000280566230867,46875,46875,46874,90,108c7adeb01f50d3bf85262fc8148177d9db290892c0e09dfa25b0e1e76b4ba7,936583
doe_N014_C03,doe,C03,N014,5.65685424949,-5.65685424949,240,400,60,0.001,0.0001,0.08,0.1,2e-07,10000,0,1,12,0,0,0,0,False,800,15,6,4,7,1.6e-05,2.93837756161,5.65276604856,0.166099609181,0.346040852461,5.66422400226,8.78582859039,0.0519725107063,5.67363195539,-5.63182283407,0.0167777058966,0.0250314154214,0.3,962.847271107,962.847271107,955.752027939,960,960,0,0,0,0.00289496800359,-0.172922834754,60,0.5,0.75,True,True,True,True,True,True,True,5.65276604856,0.00642789858581,0.127514621091,0.0128167585753,0.0708343443586,0.00726011587951,0.0405174538387,0.00686416604663,0.0454661146151,0.00421714407783,0.0221133892848,0.00114326265855,0.00865074728332,0.000696808686188,0.00223601981027,0.00052907211701,0.00866547020458,0.00125098766247,0.0143038105214,0.00230640548767,0.0148619826818,0.00250643976779,0.014534003163,0.00291321504094,0.0154074834706,0.00291176509061,0.0151904418607,0.00288073686991,0.0132609383572,0.00264806885252,0.0106102676752,0.00235561692655,0.00915062863309,0.00219292789442,0.00767645017918,0.00165325187923,0.00532811374516,0.00118598499616,0.0029902110606,0.000591874239551,46875,46875,46874,90,59405f4d1e9c4860a5e93126c707e360e17de0974fb72238295cfaa58d2b7654,934562
doe_N015_C03,doe,C03,N015,5.65685424949,0,240,400,60,0.001,0.0001,0.08,0.1,2e-07,10000,0,1,12,0,0,0,0,False,800,15,6,4,7,1.6e-05,4.36144653907,3.9937819073,0.174186662774,0.362888880779,4.01054212149,6.10491085052,0.0572903618583,5.64800487695,0.0250750105247,-0.00884937254227,0.0250750105247,0.3,958.49821168,958.49821168,-4.25537039529,960,-0,0,0,0,0.00132694594934,-0.172922834754,60,0.5,0.75,True,True,True,True,True,True,True,3.9937819073,0.00208428768971,0.122902614733,0.0194209624953,0.0688819308475,0.00937602265271,0.0469746083161,0.00514858717822,0.0652604115677,0.00372459346045,0.0446514720464,0.00203517525008,0.0295477116123,0.00163863718411,0.0183899009278,0.000721995693934,0.0135722366299,0.000693105645498,0.00763232233531,0.000808892892499,0.00521636811578,0.000583987629544,0.00244164141997,0.000924583877872,0.00156485153799,0.000591096449677,0.00217812972134,0.00091880001888,0.00162700425375,0.000646011457219,0.00232032402979,0.00076956092019,0.00170760512077,0.000691199440583,0.00173811807697,0.000615830409523,0.000635902255636,0.000599791442492,0.000645105522574,0.000395871966158,46875,46875,46874,90,21ec7b1539eb535236a81ad15481d650f4ca55c959659241a23ddf711dbd151f,937378
doe_N016_C03,doe,C03,N016,5.65685424949,5.65685424949,240,400,60,0.001,0.0001,0.08,0.1,2e-07,10000,0,1,12,0,0,0,0,False,800,15,6,4,7,1.6e-05,2.94352427953,5.65258480256,0.166385206084,0.346635846009,5.66428559674,8.81318569183,0.0532003498596,5.62294136995,5.68207358721,-0.0339128795452,0.0252193377181,0.3,954.244793497,954.244793497,-964.279863532,960,-960,0,0,0,0.00221797078818,-0.172922834754,60,0.5,0.75,True,True,True,True,True,True,True,5.65258480256,0.00580218972999,0.127995485336,0.0126759615561,0.0707247164667,0.00900711604106,0.0401608352492,0.00702690842697,0.0442884657126,0.00314732255725,0.0214750942703,0.0002418968701,0.0110829787993,0.000975042860121,0.00324806469427,0.000768323067112,0.00976177239226,0.00172393485149,0.0143170179041,0.00223685834149,0.0136034205105,0.00231731232184,0.0148669343774,0.00267528197613,0.0171961437686,0.00285198227263,0.0162477620219,0.00255480802237,0.0121376507321,0.00251985142972,0.0108763978873,0.00235195628969,0.0106294483287,0.00214150704825,0.00823942631712,0.00139976746963,0.00390854010336,0.00122333079757,0.00322347331804,0.00079796833707,46875,46875,46874,90,f8ee9a16cff5252c424d32ba6cc2cd3052f503d12396a2fa9ae9b50521db2cb2,927576
doe_N022_C03,doe,C03,N022,11.313708499,-11.313708499,240,400,60,0.001,0.0001,0.08,0.1,2e-07,10000,0,1,12,0,0,0,0,False,800,15,6,4,7,1.6e-05,1.70513088419,11.3097749254,0.192846465185,0.401763469136,11.3158699395,16.7456436157,0.0547632440187,11.3558803319,-11.2634807948,0.0421718329295,0.0502277041983,0.32,1927.15679737,1927.15679737,1911.47607594,1920,1920,0,0,0,0.00247583099614,-0.172922834754,60,0.5,0.75,True,True,True,True,True,True,True,11.3097749254,0.00386028144657,0.132416179678,0.0147258524759,0.0790181956657,0.00753070409026,0.0514300470329,0.00643891435936,0.07133535472,0.00408112127111,0.0504246944475,0.00088936052374,0.0376493575983,0.00203049388038,0.0264751742944,0.00180954510598,0.0181660554397,0.00132802247433,0.0111152576137,0.000639850769933,0.00864573603401,0.000808393468122,0.00635554882044,0.000367298954413,0.00244448604912,0.000280512129357,0.000384749600113,0.000300315356346,0.00144854645774,6.74351809941e-05,0.00188611336035,0.000535679038623,0.00375688575893,0.000560516939201,0.00465858530609,0.000841551670831,0.00448739769563,0.000552848059677,0.00447610057479,0.00100805227911,46875,46875,46874,90,e6665a3b9f5268b59b94550168685e66ac91de4c92ea65b822298b0fe348712f,938750
doe_N024_C03,doe,C03,N024,11.313708499,0,240,400,60,0.001,0.0001,0.08,0.1,2e-07,10000,0,1,12,0,0,0,0,False,800,15,6,4,7,1.6e-05,2.55156409325,7.99430833506,0.203979900981,0.424958127044,8.00337878918,11.7524900436,0.0590785850017,11.3055461477,0.0505748288126,-0.00816235124973,0.0505748288126,0.3,1918.61480306,1918.61480306,-8.58283305858,1920,-0,0,0,0,0.00166095769156,-0.172922834754,60,0.5,0.75,True,True,True,True,True,True,True,7.99430833506,0.000311625741085,0.126016634361,0.0183421418869,0.0736190302329,0.00803849162181,0.0542541193266,0.00457062228929,0.0804150766328,0.00283205612063,0.0623647344354,0.00196519946702,0.0471952022213,0.00160601141765,0.0370688846837,0.0010827021395,0.0311194372439,0.000865490686572,0.0255612582751,0.000518839974182,0.0204328709041,0.000491312398149,0.0173737046002,0.000205262553941,0.0142456405533,0.000277007655648,0.0113645504531,0.00029081299673,0.00999919174823,0.000442293303857,0.00837575532796,0.000369109726372,0.00704644008381,0.000296929541844,0.00552238488744,0.000364822933797,0.00478843665808,0.000284503515945,0.00452487297377,0.000454088198608,46875,46875,46874,90,b5e3e1b2afd185f0f3d2993d482c4dc356a01df7467707d3c7eae631ecbaa4e2,951070
doe_N026_C03,doe,C03,N026,11.313708499,11.313708499,240,400,60,0.001,0.0001,0.08,0.1,2e-07,10000,0,1,12,0,0,0,0,False,800,15,6,4,7,1.6e-05,1.705122168,11.3095310241,0.192841320589,0.401752751228,11.3158593024,16.7701053619,0.0572059539682,11.2545824556,11.3642139068,-0.0591260433495,0.0505054078139,0.32,1909.96597771,1909.96597771,-1928.57105192,1920,-1920,0,0,0,0.00211273523709,-0.172922834754,60,0.5,0.75,True,True,True,True,True,True,True,11.3095310241,0.0036676148043,0.132874980783,0.01364016631,0.0786387568475,0.00784658971857,0.0516203620484,0.00619744749155,0.0698495265004,0.00281512170039,0.0492408458373,0.00118374552276,0.0393337923526,0.00229158669594,0.0288367348416,0.00152972313029,0.017950223729,0.00111173804915,0.0108673148888,0.000780575909553,0.00914971016006,0.00089663809318,0.00685609958262,0.000296667281716,0.00218049747459,0.000109769122419,0.00184240989818,3.56833603402e-05,0.00195462494564,0.000314655162335,0.00141083526756,0.000705962390027,0.00482534685257,0.000658574572773,0.0059759941319,0.000548049561399,0.00427126371594,0.000660593794859,0.00405225684955,0.00118514591522,46875,46875,46874,90,01e6959bbf38deed10cd214794d83e74980bdfdd7d100fa9940e7e54767266da,933691
doe_N030_C03,doe,C03,N030,22.627416998,-22.627416998,240,400,60,0.001,0.0001,0.08,0.1,2e-07,10000,0,1,12,0,0,0,0,False,800,15,6,4,7,1.6e-05,0.935009855709,22.623719013,0.2115340025,0.440695838541,22.6268503901,32.7088050842,0.055181703602,22.7205926405,-22.5264287899,0.0931756425046,0.100988208108,0.64,3855.81243088,3855.81243088,3822.86173277,3840,3840,0,0,0,0.00359818942583,-0.172922834754,60,0.5,0.75,True,True,True,True,True,True,True,22.623719013,0.00402266761675,0.134312605433,0.0159318474147,0.0817327656891,0.00705148065797,0.05470332276,0.00589897328692,0.0801983486354,0.00260884962129,0.060684264073,0.000422428947342,0.0485020892859,0.00132689209693,0.037454921902,0.00190893176251,0.0297005654832,0.000998935994599,0.0232531914726,0.00102241703784,0.0208106529305,0.000877342836913,0.0178232884215,0.00107378808982,0.013476795141,0.00056723456781,0.0114698297691,0.000883780999738,0.0101005472671,0.000630865621637,0.00911194948026,0.000660675957606,0.00648552038865,0.00043944696051,0.0056993539022,0.00050013249649,0.00505521089659,0.000416358691232,0.00434698957677,0.000362966749508,46875,46875,46874,90,f6c8d793d536606cd62d5d2ae77c5c87ffb089a396bdd0f6a70a2c5c90c036ff,940105
doe_N033_C03,doe,C03,N033,22.627416998,0,240,400,60,0.001,0.0001,0.08,0.1,2e-07,10000,0,1,12,0,0,0,0,False,800,15,6,4,7,1.6e-05,1.30867969061,15.9942440432,0.209313423459,0.436069632206,15.9988207521,23.0494556427,0.0594840694766,22.6190531585,0.100594419384,-0.00836383944734,0.100594419384,0.452548339959,3838.58060938,3838.58060938,-17.0714390631,3840,-0,0,0,0,0.00226425404541,-0.172922834754,60,0.5,0.75,True,True,True,True,True,True,True,15.9942440432,0.000910864146087,0.126064281754,0.0182302514577,0.073869963333,0.0074917933953,0.0542021298832,0.00428425185576,0.0825948687966,0.0020098266962,0.0641423867831,0.00128325036298,0.0501237399093,0.000744082636758,0.0400252733995,0.000652172998801,0.0337515982746,0.000519505838487,0.0286626549425,0.000614141923194,0.0237951319297,0.000545589611371,0.0204605171477,0.00037510968965,0.0172729410376,0.000286725014661,0.014909983214,0.000249612970757,0.0129550638993,8.57785401069e-05,0.0114862587968,0.000168426237778,0.0100132585674,0.000157906437781,0.00886259884188,0.000171444622831,0.00794833455133,0.000158271392553,0.00714384574763,0.000139209697399,46875,46875,46874,90,596a53280a13a7979895b6fef4c8379f6ec217a2a5fcf43a57038429a73c0e79,948006
doe_N036_C03,doe,C03,N036,22.627416998,22.627416998,240,400,60,0.001,0.0001,0.08,0.1,2e-07,10000,0,1,12,0,0,0,0,False,800,15,6,4,7,1.6e-05,0.932268229713,22.6232055184,0.210908957591,0.439393661648,22.6265623668,32.7364768982,0.0598147950639,22.5175905898,22.7283296766,-0.109826408159,0.100912678653,0.64,3821.36184049,3821.36184049,-3857.12544945,3840,-3840,0,0,0,0.00310123976116,-0.172922834754,60,0.5,0.75,True,True,True,True,True,True,True,22.6232055184,0.00141082618011,0.134058562129,0.0144081542667,0.0814172657792,0.00702102411143,0.0555404761165,0.00518328150919,0.0793718306867,0.00221635273939,0.0583917500001,0.000894035166257,0.0491392629835,0.00166594102179,0.0406005253387,0.0014375026185,0.030465927679,0.000654115983302,0.0224027860311,0.00084999933854,0.0195731944083,0.00125540533925,0.0183367981783,0.000974447111885,0.0138574673901,0.000310334528561,0.00967086357686,0.000706339552576,0.0091067450056,0.000919419010776,0.00987387053161,0.000734387179049,0.00732160031943,0.000209092749276,0.00412333558055,0.000368257298799,0.00405308011542,0.000638257906536,0.00442775990285,0.000501446587341,46875,46875,46874,90,69db144e3531e224389ffa07bec768c0eeb9356aef2fa25b2dee2071b6eb4237,936902
doe_N014_C04,doe,C04,N014,5.65685424949,-5.65685424949,240,400,60,0.001,0.0001,0.08,0.1,2e-07,10000,0,1,12,0,0,0,0,False,800,15,6,8,3,1.6e-05,3.77255767681,5.65261928357,0.213248322723,0.444267339006,5.66565421326,8.74945163727,0.0510285211863,5.67322764649,-5.6319355111,0.0163733969966,0.0249187383971,0.3,962.778657611,962.778657611,955.771149864,960,960,0,0,0,0.00381105612313,-0.172922834754,60,0.5,0.75,True,True,True,True,True,True,True,5.65261928357,0.00666178563061,0.126157892909,0.013791071292,0.139949313569,0.00712449630745,0.0761437408341,0.00671024812246,0.0385850183114,0.0036667020073,0.0154646615875,0.00111434799538,0.00284922923363,0.000980058977332,0.00742400388001,0.000892847631619,0.0131777666752,0.00208399141164,0.0187057259997,0.00296590110208,0.0185416981797,0.00347438642767,0.0170219499884,0.00320239676315,0.0162222396005,0.00334435014394,0.0148711605054,0.00300017585952,0.0123808834837,0.00271784047196,0.00914974439681,0.0020183440271,0.0071236024699,0.00174856771392,0.00539841407623,0.00108978041029,0.00268786974653,0.000532503720929,0.00037721265037,0.000211932093892,46875,46875,46874,90,59b331aac4f0a45bc5882b212e21dccce5d59057bfbd07ddea0ae44ae9db77d8,934657
doe_N015_C04,doe,C04,N015,5.65685424949,0,240,400,60,0.001,0.0001,0.08,0.1,2e-07,10000,0,1,12,0,0,0,0,False,800,15,6,8,3,1.6e-05,5.51969702544,3.99364259237,0.220436971378,0.45924369037,4.01266367261,6.05467414856,0.05630298005,5.64780871747,0.0248797525605,-0.0090455320248,0.0248797525605,0.3,958.464922312,958.464922312,-4.22223401995,960,-0,0,0,0,0.0010120137025,-0.172922834754,60,0.5,0.75,False,True,True,True,True,True,False,3.99364259237,0.00285452445373,0.120864270184,0.0205810612567,0.142961187382,0.00968381843244,0.0884471081511,0.0052544028047,0.0563694304994,0.00326129332782,0.0359427554633,0.00186680027271,0.0217321161799,0.00091938455625,0.010701855859,0.000843710481868,0.00688706838683,0.000584589625456,0.00268657844898,0.00105972355044,0.00164584054603,0.00101134829345,0.00260467921153,0.00100648867464,0.00256175279669,0.00115025013745,0.00320706484555,0.000741880914108,0.00160585064697,0.000855265936967,0.00169090503594,0.000515250332791,0.000967519960538,0.000631325732761,0.000416420367802,0.00046435381742,0.00103301185997,0.000351080898977,0.00157763551301,0.000540022284439,46875,46875,46874,90,361c6bf9c1211ad0a60322ffe3abd77ee65eb085b4c331219bf117de842f7c1c,938336
doe_N016_C04,doe,C04,N016,5.65685424949,5.65685424949,240,400,60,0.001,0.0001,0.08,0.1,2e-07,10000,0,1,12,0,0,0,0,False,800,15,6,8,3,1.6e-05,3.78399416115,5.652416125,0.213887096134,0.445598116946,5.66570224008,8.75540828705,0.0524722193203,5.62311333025,5.68156779203,-0.0337409192426,0.024713542539,0.3,954.273976128,954.273976128,-964.194027244,960,-960,0,0,0,0.00412255587872,-0.172922834754,60,0.5,0.75,True,True,True,True,True,True,True,5.652416125,0.00641848050512,0.126593167245,0.0132074405909,0.140335261162,0.00942900913668,0.0766042392964,0.00695247133822,0.0368689606669,0.00292051601713,0.0146011551472,0.000212959772852,0.00576636123131,0.000382912471993,0.00682674119188,0.00105276668602,0.0145994600649,0.00238729362039,0.0190888080935,0.0025610077655,0.0169199968046,0.00283905995211,0.0171780433496,0.00313273800374,0.018581508748,0.00328710136207,0.0159370937432,0.00278955759889,0.0106806243066,0.00268045270476,0.00930290854643,0.00220998094015,0.00897617758728,0.0018190980759,0.00610294299226,0.000892958767264,0.00115269576134,0.000664221180344,0.00111962504347,0.000269243565272,46875,46875,46874,90,853262cec1fb4efabd917cfe143b0f0aba2d6a8f6f25fe8854b3200a484b95ba,928149
doe_N022_C04,doe,C04,N022,11.313708499,-11.313708499,240,400,60,0.001,0.0001,0.08,0.1,2e-07,10000,0,1,12,0,0,0,0,False,800,15,6,8,3,1.6e-05,2.22440075875,11.3097374267,0.251573885131,0.52411226069,11.3169880144,16.7074966431,0.0544066782718,11.3557125992,-11.2635745962,0.0420041002462,0.0501339027906,0.32,1927.12833219,1927.12833219,1911.49199457,1920,1920,0,0,0,0.00233764012016,-0.172922834754,60,0.5,0.75,True,True,True,True,True,True,True,11.3097374267,0.0042057570591,0.132236400956,0.0157072404591,0.159962931639,0.00732214363811,0.101883093793,0.00643551793671,0.0685750575341,0.00408790308644,0.0479801160075,0.00088354446491,0.0354684617733,0.00201028149668,0.0243939347731,0.00189624276245,0.016643919582,0.0013190097739,0.00963700779913,0.00054310560704,0.0073664399477,0.00067280755042,0.00465163087954,0.000272021051512,0.00105362798537,4.12749758985e-05,0.00181204189489,0.000579102065839,0.00307683382253,0.000383034124961,0.00326617118683,0.000748418408995,0.00475791703219,0.000825226236813,0.00581356060305,0.000962611127449,0.0055670935584,0.000844552295889,0.00524237817082,0.00110484843745,46875,46875,46874,90,1ec8d858a6199a36fbc253a70bd2cdd5557aa9c4e640fc33a350f5fda547d96d,941539
doe_N024_C04,doe,C04,N024,11.313708499,0,240,400,60,0.001,0.0001,0.08,0.1,2e-07,10000,0,1,12,0,0,0,0,False,800,15,6,8,3,1.6e-05,3.26292013951,7.99410705321,0.260841329013,0.543419435444,8.00482615321,11.7074680328,0.0590598956933,11.3052651713,0.049744990114,-0.00844332772756,0.049744990114,0.3,1918.56711977,1918.56711977,-8.44200476152,1920,-0,0,0,0,0.00246198341101,-0.172922834754,60,0.5,0.75,True,True,True,True,True,True,True,7.99410705321,0.000500263667641,0.125740834229,0.0191329522177,0.157199455319,0.00854586368898,0.107595973743,0.00428529990353,0.0776302847367,0.00314381864644,0.0597691263015,0.00168410641982,0.0456204380519,0.00145500913836,0.035140338873,0.000920733745598,0.0296382735759,0.000845393819842,0.0239286721396,0.000726389563126,0.0194277644336,0.000630881621906,0.015910294319,0.00049702694947,0.0129602089384,0.000463343410461,0.00993906623109,0.000345825477199,0.00870628247148,0.00015581645934,0.00684031613176,0.000422194582777,0.00576684748776,0.000284385765184,0.00444576779012,0.000345372759604,0.00366219473278,0.000260302495544,0.00322707036027,0.000370084511503,46875,46875,46874,90,0d101442eae23499891ca8381127888efa51369ec4ec4b66e8d0530770dec010,950735
doe_N026_C04,doe,C04,N026,11.313708499,11.313708499,240,400,60,0.001,0.0001,0.08,0.1,2e-07,10000,0,1,12,0,0,0,0,False,800,15,6,8,3,1.6e-05,2.23139525644,11.3095935453,0.252361733893,0.525753612277,11.3170850151,16.7173099518,0.0561555186503,11.2545693578,11.3643513186,-0.0591391411993,0.0506428196269,0.32,1909.96375493,1909.96375493,-1928.59437148,1920,-1920,0,0,0,0.0039571270132,-0.172922834754,60,0.5,0.75,True,True,True,True,True,True,True,11.3095935453,0.00359627229501,0.132397376318,0.0150417905184,0.160237690306,0.00839951242451,0.103617768951,0.00647983999194,0.0668532199977,0.00320759996555,0.0466676051877,0.00121298326935,0.0374919010797,0.00231340399801,0.0267555370737,0.0021103174712,0.0162227576667,0.0011554957916,0.00915880314047,0.000522269028205,0.0080952682833,0.000558346446984,0.00523752774085,0.000189336332454,0.00165188579559,0.000349136860433,0.00352455464433,0.000238193846477,0.00283309465694,0.000340360892827,0.00265621209973,0.000710337505418,0.00575312059628,0.000842223316793,0.00690733847719,0.000787291147575,0.00478156193623,0.000873938212043,0.00474352216493,0.00115102706121,46875,46875,46874,90,1f7e2c613a836bfca5fcdabad0da0011e1aabde9172b9acd31326ec791355cdb,934656
doe_N030_C04,doe,C04,N030,22.627416998,-22.627416998,240,400,60,0.001,0.0001,0.08,0.1,2e-07,10000,0,1,12,0,0,0,0,False,800,15,6,8,3,1.6e-05,1.20200574967,22.6235888091,0.271936838266,0.566535079721,22.6273684393,32.6745147705,0.0555224058062,22.720079504,-22.5266848102,0.0926625060518,0.10073218776,0.64,3855.72534873,3855.72534873,3822.90518087,3840,3840,0,0,0,0.00437231009674,-0.172922834754,60,0.5,0.75,True,True,True,True,True,True,True,22.6235888091,0.00418399014214,0.134020068344,0.0169756422674,0.166024553339,0.00741512733686,0.109879674519,0.00545271128606,0.0783700133813,0.00286177501679,0.0595510668858,0.000346220722205,0.0475624674804,0.00126448683572,0.0365477219791,0.00172055682838,0.0292381562096,0.00107042207523,0.0225116393504,0.000998566842672,0.0200648224199,0.0009012574235,0.0173015619512,0.000851021943017,0.0133295521939,0.000673007025529,0.0114932017528,0.000717447309793,0.00989936321336,0.000602925829343,0.00881754463335,0.000449863259352,0.00634025089927,0.000415110564123,0.00549449892697,0.000404873977807,0.00458412373637,0.000466558272036,0.00385544944902,0.000241102733336,46875,46875,46874,90,e143e05d1170abb0c902f3b88f520fef0c26452424e5d2b7bcb425ecd07e1f4b,941060
doe_N033_C04,doe,C04,N033,22.627416998,0,240,400,60,0.001,0.0001,0.08,0.1,2e-07,10000,0,1,12,0,0,0,0,False,800,15,6,8,3,1.6e-05,1.68346660671,15.9942270757,0.269257471822,0.560953066296,15.9996982207,23.0080184937,0.0591541683552,22.6190262829,0.101239879194,-0.00839071503791,0.101239879194,0.452548339959,3838.57604844,3838.57604844,-17.1809772251,3840,-0,0,0,0,0.00295861281514,-0.172922834754,60,0.5,0.75,True,True,True,True,True,True,True,15.9942270757,0.00100758572541,0.126364103562,0.0192403856241,0.158617068064,0.00789050383835,0.110548560664,0.00423086351418,0.0807560293687,0.0028894496386,0.0635373608836,0.00186652316841,0.0497351982701,0.00132047490206,0.0398570805915,0.00112715217963,0.0335798647585,0.000697245891138,0.0285779279483,0.000516595313651,0.0237124127402,0.000499148130503,0.0204502628792,0.000464886387592,0.0173028289793,0.000239563023209,0.0148448343807,0.000409552714443,0.0132475366776,0.000299264588733,0.0116583996727,0.000150504430955,0.0101727053014,0.000214023500346,0.00904713430264,0.000226052141931,0.0081277427239,0.000173684259699,0.00744066780001,7.83526929958e-05,46875,46875,46874,90,76b9e6a702e094f9e87521ee4dd2d73a91fa4008d26bfffdec9ae4f3f5ac224e,948737
doe_N036_C04,doe,C04,N036,22.627416998,22.627416998,240,400,60,0.001,0.0001,0.08,0.1,2e-07,10000,0,1,12,0,0,0,0,False,800,15,6,8,3,1.6e-05,1.20439212783,22.6234192091,0.272474680001,0.567655583335,22.6274299361,32.6911087036,0.0589764545513,22.5172461281,22.7290963354,-0.110170869833,0.101679337407,0.64,3821.3033834,3821.3033834,-3857.25555576,3840,-3840,0,0,0,0.00353670704155,-0.172922834754,60,0.5,0.75,True,True,True,True,True,True,True,22.6234192091,0.0018809785978,0.134480352115,0.0161471147374,0.165855544679,0.00722754778607,0.111801466353,0.00534413567558,0.0769385138296,0.002584225264,0.0574250607958,0.000217233264918,0.0485990050829,0.00159443343929,0.0401687918039,0.00177671546128,0.0295417211694,0.00131984517482,0.0218470964233,0.00102623779479,0.0191073619367,0.000914472831017,0.0181793947491,0.00119491189832,0.0134004615582,0.000702406220324,0.00945575667096,0.000644628247013,0.00902859905453,0.000774211475326,0.0099925360962,0.0005747052086,0.00701380011808,0.000440564980551,0.00366832594235,0.000412947597296,0.00384090511653,0.000479502360448,0.0043355483277,0.000409075612804,46875,46875,46874,90,42a65d2f8e3e651e2815552909ccbdd80de24c0f827b96d164cdfba3e81bc721,936624
doe_N014_C05,doe,C05,N014,5.65685424949,-5.65685424949,240,400,60,0.001,0.0001,0.08,0.1,2e-07,10000,0,1,12,0,0,0,0,False,800,15,6,8,5,1.6e-05,3.16725279782,5.65288941168,0.179041298049,0.37300270427,5.66473356528,8.83282852173,0.0509564511015,5.67352665532,-5.63217655022,0.0166724058239,0.0246776992757,0.3,962.829401092,962.829401092,955.81205556,960,960,0,0,0,0.00351727047459,-0.172922834754,60,0.5,0.75,True,True,True,True,True,True,True,5.65288941168,0.00589391418898,0.126713770798,0.0127419159502,0.0702195509036,0.00644965950655,0.0812225684674,0.00731922539179,0.0428707354133,0.00395227281641,0.0195347578489,0.00103472031842,0.00599455242466,0.000806391129056,0.00457091336467,0.000496196360567,0.0109140333468,0.00194481585596,0.0161993481998,0.00254036946401,0.016767075521,0.00309538074797,0.0159962892716,0.0029901859425,0.0161109526038,0.00338863338379,0.0154215962743,0.00303564953081,0.0129081653995,0.00286267721226,0.00998741578124,0.00222233321429,0.00829058142972,0.00199784129711,0.00673368829655,0.00135693925641,0.00404997404905,0.000849409481273,0.00179918637788,0.000401376271126,46875,46875,46874,90,f677d67fae6ec1987bde763cb673bbf78a7be73e76f64885179a719d467d06cf,933610
doe_N015_C05,doe,C05,N015,5.65685424949,0,240,400,60,0.001,0.0001,0.08,0.1,2e-07,10000,0,1,12,0,0,0,0,False,800,15,6,8,5,1.6e-05,4.72035482851,3.99384647781,0.188523725059,0.392757760539,4.01124232595,6.16641235352,0.056420216706,5.64809742843,0.0247954738424,-0.0087568210588,0.0247954738424,0.3,958.513918187,958.513918187,-4.20793144721,960,-0,0,0,0,0.00138773553861,-0.172922834754,60,0.5,0.75,True,True,True,True,True,True,True,3.99384647781,0.00172211514717,0.12178423183,0.0203245696282,0.067774952346,0.0093655852775,0.0949980156493,0.00585685731323,0.0613030291531,0.00311463633914,0.0414726901447,0.00234099688549,0.0256087016757,0.00119910592754,0.0152062791476,0.000796633149185,0.0100207658463,0.000856662441701,0.00551615732376,0.00045732563329,0.00270994656589,0.000861363126285,0.00162141562737,0.000704079745126,0.00227210152181,0.00100745654524,0.00252989224538,0.000777878789792,0.0020633578112,0.000772442452998,0.00214557784456,0.000711017884159,0.00162019912159,0.000614154070231,0.000923091432553,0.000630556255813,0.000521899201792,0.000355148521205,0.000568698926872,0.000452889728098,46875,46875,46874,90,6f61c2d474668db5d86f981cf4a124983a00e207fb9b941dea94527b662ddce9,940680
doe_N016_C05,doe,C05,N016,5.65685424949,5.65685424949,240,400,60,0.001,0.0001,0.08,0.1,2e-07,10000,0,1,12,0,0,0,0,False,800,15,6,8,5,1.6e-05,3.16963093635,5.65230826139,0.17915731127,0.37324439848,5.66439327722,8.84345340729,0.0527005760262,5.62284925187,5.68161452883,-0.0340049976231,0.0247602793363,0.3,954.229160541,954.229160541,-964.201958741,960,-960,0,0,0,0.00116113357994,-0.172922834754,60,0.5,0.75,True,True,True,True,True,True,True,5.65230826139,0.00553447213331,0.12696666887,0.0125058705214,0.0698572229262,0.010232100395,0.0812675288876,0.00739951864082,0.04142298753,0.00274873746596,0.0188978533017,0.000131922594628,0.00849633588908,0.00050908565778,0.0043129599984,0.00101897280552,0.012054282238,0.00209621004163,0.016292491686,0.00226325771119,0.0154428499793,0.00258341325584,0.0161674643267,0.00283589389867,0.0183882269456,0.00317376025198,0.016207218139,0.00261860597092,0.0117485177554,0.00254686452845,0.010000464765,0.00225220914297,0.0100933784342,0.0019708696294,0.00710729029939,0.00129624153081,0.00289800227506,0.000924719091126,0.00188334963679,0.000549575091775,46875,46875,46874,90,98f60d05fcd7d65c78fb56de2e0e5cdb9b4bc30cd1d13c05e101ecd7849b6c6c,926281
doe_N022_C05,doe,C05,N022,11.313708499,-11.313708499,240,400,60,0.001,0.0001,0.08,0.1,2e-07,10000,0,1,12,0,0,0,0,False,800,15,6,8,5,1.6e-05,1.87715818045,11.3096542098,0.21230009918,0.442291873291,11.3160961072,16.8097610474,0.0543211854682,11.355891027,-11.2632275869,0.0421825279907,0.0504809120758,0.32,1927.15861238,1927.15861238,1911.43310514,1920,1920,0,0,0,0.00185355927352,-0.172922834754,60,0.5,0.75,True,True,True,True,True,True,True,11.3096542098,0.00351639781288,0.131882674923,0.0145953478499,0.0790313518974,0.00695305362666,0.104720374132,0.00727824653047,0.0708369121158,0.003871363236,0.0496540353996,0.00119264178736,0.036791679273,0.00154704890097,0.0254297186576,0.00222864263508,0.0175085145057,0.00139071059248,0.0104701846289,0.000830983816902,0.00806326148396,0.000422178516499,0.00545770586697,0.000518914249637,0.0016107634248,0.00029906854172,0.00101756310972,0.000158601492126,0.00245765595843,0.000428641127829,0.00275894287406,0.000397402547949,0.00441458643868,0.000850317539377,0.0052564747702,0.000690328222666,0.00501898380914,0.000886924028334,0.00497122045536,0.00100982864752,46875,46875,46874,90,c27c244e573707e2f8f52e0f73704916cbb020211a3403fed72e0a8accbfce16,939964
doe_N024_C05,doe,C05,N024,11.313708499,0,240,400,60,0.001,0.0001,0.08,0.1,2e-07,10000,0,1,12,0,0,0,0,False,800,15,6,8,5,1.6e-05,2.80877703696,7.9938903492,0.224530556488,0.467771992683,8.0035087371,11.8259773254,0.0588875367663,11.3049551924,0.050536408252,-0.00875330661044,0.050536408252,0.3,1918.51451461,1918.51451461,-8.57631287323,1920,-0,0,0,0,0.00208815265531,-0.172922834754,60,0.5,0.75,True,True,True,True,True,True,True,7.9938903492,0.000381910101789,0.125259680265,0.0189023540709,0.073645959121,0.00859099926127,0.110912895324,0.00509665385429,0.0800576645848,0.00277533834807,0.0616628877717,0.00212339633642,0.0468375174309,0.00130864039833,0.0365116135493,0.00104344061173,0.0304177959294,0.00064189415061,0.0251660603943,0.000505415512339,0.020199142089,0.00049297806113,0.0165654988152,0.000428390578932,0.0133523944615,0.000431105448909,0.011232908669,0.00035997970557,0.00943610743518,0.000412291182871,0.00735713120265,0.000229357065656,0.00618282464418,0.000331317845992,0.00540089420953,0.000154424742532,0.00421214862793,0.000347313980633,0.00349156897763,0.000334651713933,46875,46875,46874,90,d20ca98a6aeb6afff6c2d5222450219c39c6f711530b4b68f14fbf74b525ba7a,952700
doe_N026_C05,doe,C05,N026,11.313708499,11.313708499,240,400,60,0.001,0.0001,0.08,0.1,2e-07,10000,0,1,12,0,0,0,0,False,800,15,6,8,5,1.6e-05,1.88232565815,11.3092132686,0.212876223089,0.443492131434,11.3158946156,16.8282222748,0.0562793298091,11.254026706,11.364131837,-0.0596817929795,0.0504233379889,0.32,1909.87166387,1909.87166387,-1928.55712421,1920,-1920,0,0,0,0.00331311927179,-0.172922834754,60,0.5,0.75,True,True,True,True,True,True,True,11.3092132686,0.00329818315711,0.132477364135,0.0144814092186,0.0784354790079,0.00915772449449,0.105507320751,0.00672221058023,0.0695161493386,0.00280500685848,0.0485754136647,0.00118401558353,0.038846463697,0.00219868722052,0.0277181818303,0.00214282708037,0.0172884332597,0.000955162651551,0.0103501501867,0.00055465255921,0.00858388981034,0.000510829484467,0.00565266969194,0.000449419338653,0.00138421819988,0.000190681093966,0.00270603744038,0.000146363370445,0.00241894635575,0.000264909078836,0.00207068753127,0.000557143285133,0.00542110028223,0.000784518873052,0.00633113108198,0.000683975092027,0.00438878813712,0.000840484454603,0.00442350802418,0.00106131910752,46875,46875,46874,90,59e66c49387c372c31a8a4a87ed41525d59c854d6c1afc92dbed81f70df10a2e,933258
doe_N030_C05,doe,C05,N030,22.627416998,-22.627416998,240,400,60,0.001,0.0001,0.08,0.1,2e-07,10000,0,1,12,0,0,0,0,False,800,15,6,8,5,1.6e-05,1.02941908347,22.6233111656,0.232888682452,0.485184755109,22.6266544801,32.7928657532,0.0559825259994,22.7200418087,-22.5261651508,0.0926248107339,0.101251847135,0.64,3855.71895163,3855.71895163,3822.81699175,3840,3840,0,0,0,0.00484178610164,-0.172922834754,60,0.5,0.75,True,True,True,True,True,True,True,22.6233111656,0.00394573141527,0.133534581998,0.0161784101647,0.0820486609239,0.00766897450031,0.112452027581,0.00518030761221,0.080232743204,0.00321354910032,0.0608297049989,0.000570305920573,0.0484029914886,0.00179150323345,0.0373171132921,0.00176209143712,0.0298064452096,0.00111141384711,0.0229990532271,0.00099495979024,0.0206829152205,0.00138095854649,0.0176572943828,0.000883535752885,0.0136358360447,0.00067880336481,0.0114873912135,0.000696750602947,0.010072373194,0.000842041648814,0.00881849644851,0.000543150179716,0.00657581181528,0.000298317744761,0.00550030320677,0.000409916821989,0.00484836950873,0.000488076294308,0.00409896589488,0.000324311922428,46875,46875,46874,90,b9bc20644362edc0212366d0a5c637e9cf90ae04e880816f557f748b9205be3e,940215
doe_N033_C05,doe,C05,N033,22.627416998,0,240,400,60,0.001,0.0001,0.08,0.1,2e-07,10000,0,1,12,0,0,0,0,False,800,15,6,8,5,1.6e-05,1.44974249669,15.9938323633,0.23186938462,0.483061217959,15.9987195063,23.1304988861,0.0593358892019,22.618462849,0.102399604745,-0.00895414894215,0.102399604745,0.452548339959,3838.48043054,3838.48043054,-17.3777891774,3840,-0,0,0,0,0.00257616018931,-0.172922834754,60,0.5,0.75,True,True,True,True,True,True,True,15.9938323633,0.00122944967586,0.125447703109,0.0182758761307,0.0739788647604,0.00847423053025,0.112444877032,0.00481278089545,0.0828252918753,0.0031175198057,0.0645455280489,0.0021532588949,0.0511455791026,0.00174536605834,0.0406336648018,0.00116619179786,0.0346213438575,0.000728267308807,0.0288604827258,0.000584063180557,0.0241180850898,0.000416751942942,0.0203714331851,0.000254619786804,0.0173276574649,0.000297795389248,0.0147139747132,0.000202248372119,0.01316571301,0.000184690770718,0.0115736919995,0.000408120280192,0.0102576312857,0.000292866150914,0.00918689093788,0.000306628171758,0.00835713533149,0.000334413692872,0.00732540831786,0.000237575174994,46875,46875,46874,90,912ce7d971411fb0df8a82213929682be976173bce61c8822b672def0242cbea,949154
doe_N036_C05,doe,C05,N036,22.627416998,22.627416998,240,400,60,0.001,0.0001,0.08,0.1,2e-07,10000,0,1,12,0,0,0,0,False,800,15,6,8,5,1.6e-05,1.03156111639,22.6227986446,0.233367994258,0.486183321371,22.6263722474,32.8114814758,0.0587598459187,22.5172465147,22.7278605774,-0.110170483227,0.100443579409,0.64,3821.30344901,3821.30344901,-3857.04584067,3840,-3840,0,0,0,0.00346988309962,-0.172922834754,60,0.5,0.75,True,True,True,True,True,True,True,22.6227986446,0.0019606835592,0.133999730673,0.0158514431592,0.0814298888004,0.00801548023958,0.113764227806,0.00556399976995,0.0796930602868,0.00268301680649,0.0588350174031,6.8258544055e-05,0.0493434831865,0.00159327719785,0.0401137736408,0.00187235566598,0.030482981921,0.00126291840181,0.0224711401182,0.000957436032929,0.0196507782694,0.000843256741574,0.0179663995175,0.000876952834902,0.013824297642,0.000769056223028,0.00975213746351,0.000718377563784,0.00926026567405,0.0007271628776,0.00955528146078,0.000515382098604,0.00698917425242,0.000474639246364,0.00386458401498,0.000530386407708,0.00412937043084,0.0005037425957,0.0041972404873,0.000277341825365,46875,46875,46874,90,55d71422d0c2a31f5e31b4f0804c6ac7914f2d5e0ffc15e26dce7e3f5fbdff2a,936369
doe_N014_C06,doe,C06,N014,5.65685424949,-5.65685424949,240,400,60,0.001,0.0001,0.08,0.1,2e-07,10000,0,1,12,0,0,0,0,False,800,15,6,8,7,1.6e-05,2.94447534603,5.65281388276,0.166445711135,0.346761898198,5.664280945,8.79002189636,0.0518666446074,5.67359634443,-5.6319547323,0.0167420949363,0.0248995171968,0.3,962.841227727,962.841227727,955.77441181,960,960,0,0,0,0.00337683415191,-0.172922834754,60,0.5,0.75,True,True,True,True,True,True,True,5.65281388276,0.00665489739536,0.127247020129,0.0130722849392,0.0706773330779,0.00719031790614,0.0404388896307,0.00699711922363,0.0468149006272,0.00449709090156,0.0225020055853,0.00123441466474,0.00882420502409,0.000636742216876,0.00242796877112,0.000632356224084,0.0090961211888,0.00118195552419,0.0147430409983,0.00252310802361,0.0150933999697,0.0025310619758,0.0147377946556,0.00284650985806,0.015650591627,0.00285130446342,0.0154405914154,0.00301710522057,0.0134391516711,0.00272216037945,0.0107025017437,0.00238059116482,0.00906902839071,0.0021265807476,0.00762618439919,0.0017164233695,0.00523899974547,0.00115417679031,0.00291399502293,0.000560882848381,46875,46875,46874,90,16fe0f0c9bae9e1013fc8af0355b6321bce74f11696fe6490f77a7b31464518c,934366
doe_N015_C06,doe,C06,N015,5.65685424949,0,240,400,60,0.001,0.0001,0.08,0.1,2e-07,10000,0,1,12,0,0,0,0,False,800,15,6,8,7,1.6e-05,4.36996043203,3.99406797175,0.174539189994,0.363623312487,4.01084124298,6.10109424591,0.0572121180526,5.64840908459,0.0251543026365,-0.00844516489869,0.0251543026365,0.3,958.566807992,958.566807992,-4.26882671287,960,-0,0,0,0,0.00133572458266,-0.172922834754,60,0.5,0.75,True,True,True,True,True,True,True,3.99406797175,0.00238284767504,0.122528360871,0.0192932241896,0.0683880081008,0.0095304019068,0.0469765931589,0.00513466757924,0.0668969053885,0.00376439867151,0.0455117164657,0.00199458171981,0.0297088435707,0.0017270572898,0.0183153894532,0.00074485216864,0.0132573418457,0.000712158891315,0.00734536450345,0.000725754963842,0.0047821335439,0.000478089982477,0.00230469587289,0.00084795363299,0.00150969041779,0.000587419766218,0.00243422871123,0.000945860200568,0.00156395208466,0.000711233276831,0.00236180463663,0.000709553056025,0.00164386617417,0.000600628017251,0.00166265169578,0.000515661416489,0.000683724405514,0.000484093913217,0.000601255440957,0.000366399355829,46875,46875,46874,90,d3092d90279008e418c28b611cd303e60bbac0e22883ab1ccd9b8f0506ab3d03,936923
doe_N016_C06,doe,C06,N016,5.65685424949,5.65685424949,240,400,60,0.001,0.0001,0.08,0.1,2e-07,10000,0,1,12,0,0,0,0,False,800,15,6,8,7,1.6e-05,2.94614774925,5.65248687879,0.166530614956,0.346938781159,5.66419700228,8.80963802338,0.0536488154598,5.62272694685,5.68209094532,-0.0341273026422,0.0252366958278,0.3,954.208404691,954.208404691,-964.282809301,960,-960,0,0,0,0.00244644913599,-0.172922834754,60,0.5,0.75,True,True,True,True,True,True,True,5.65248687879,0.00583477366412,0.127640021328,0.0126829691302,0.0704248161759,0.00921181856546,0.0403329493178,0.00703354258437,0.0453937886624,0.00273428323047,0.0216790398501,0.000204445174612,0.0113306436823,0.000840073829526,0.00353753650974,0.000923285605377,0.0101585384647,0.00158154004285,0.0148039445401,0.0020500564981,0.0138459105489,0.00232036955871,0.0150081392762,0.00292560611431,0.017479243154,0.00282757962821,0.016520954786,0.00255256452027,0.0120365951924,0.00255940890924,0.0108993072743,0.0025296370785,0.0106716253669,0.00206748359656,0.00831257418019,0.00139004912375,0.00372019646897,0.00113025084621,0.00310166648171,0.000898120380798,46875,46875,46874,90,f08086ae627fabe21c42a7324d5546d2d42af7ab539c59ab3d8bd710a739aa97,927078
doe_N022_C06,doe,C06,N022,11.313708499,-11.313708499,240,400,60,0.001,0.0001,0.08,0.1,2e-07,10000,0,1,12,0,0,0,0,False,800,15,6,8,7,1.6e-05,1.71335790771,11.3096001697,0.193773928838,0.403695685079,11.3157106967,16.7414588928,0.0546393431258,11.3554961328,-11.2635171938,0.041787633784,0.0501913051498,0.32,1927.09159661,1927.09159661,1911.48225307,1920,1920,0,0,0,0.00238010835567,-0.172922834754,60,0.5,0.75,True,True,True,True,True,True,True,11.3096001697,0.00370761059146,0.132274972617,0.0148858811493,0.0786959773641,0.00716503806733,0.0510449915618,0.00699100281545,0.0734452975579,0.00405325993834,0.0515507466371,0.00104093107379,0.0382398932064,0.0017755932918,0.0264545864921,0.00190519581873,0.0184095473981,0.00147703385182,0.0112331293487,0.00066315472233,0.0087407720501,0.00052117700907,0.006139361034,0.000302993582276,0.00219830271483,0.000185545304353,0.000396831512448,0.000317758933799,0.00150101841244,8.26476845132e-05,0.00211185115699,0.000562994148817,0.0040302742846,0.000605886437538,0.00484169111679,0.000744480062767,0.00457299331149,0.000601690961069,0.00469808290556,0.00103122518197,46875,46875,46874,90,f00e4a7c56d7b0b1893fa3a3c528c6ca5ffe60ecae2f5c6f187bfdf02f969b95,938810
doe_N024_C06,doe,C06,N024,11.313708499,0,240,400,60,0.001,0.0001,0.08,0.1,2e-07,10000,0,1,12,0,0,0,0,False,800,15,6,8,7,1.6e-05,2.56460354138,7.994571705,0.205029069065,0.427143893885,8.00367049368,11.7508172989,0.0593373688526,11.3059199413,0.050276973275,-0.00778855769415,0.050276973275,0.3,1918.67823793,1918.67823793,-8.53228529766,1920,-0,0,0,0,0.00207049614504,-0.172922834754,60,0.5,0.75,True,True,True,True,True,True,True,7.994571705,0.000333615816881,0.125487606011,0.0182598352493,0.0727274343482,0.00825575837416,0.0542448515802,0.00490253536837,0.0826173720521,0.0031807880835,0.0638589714039,0.00179930452116,0.0478464440509,0.00161669048506,0.037537275,0.000931303718337,0.0313748117999,0.000824366736143,0.0259574295279,0.000490884941302,0.020524453076,0.000636294154353,0.0175460817387,0.00041848874435,0.0144574295916,0.000385804914765,0.01134958888,0.000322476729938,0.00996295760154,0.000275436592737,0.00841583050165,0.00032364526503,0.00686745140505,0.00027292005175,0.00532568386917,0.00036469645108,0.00470986448026,0.000212273932476,0.00427045109569,0.000417417344715,46875,46875,46874,90,edb2a94902d3eb403fad90527ac72db7b46a429c6e7c2522a05ae6a4da6c3f9f,950494
doe_N026_C06,doe,C06,N026,11.313708499,11.313708499,240,400,60,0.001,0.0001,0.08,0.1,2e-07,10000,0,1,12,0,0,0,0,False,800,15,6,8,7,1.6e-05,1.715191897,11.3098034586,0.193984832489,0.404135067686,11.3161496647,16.7632598877,0.0569633884037,11.2544358311,11.3649013489,-0.0592726679064,0.0511928499274,0.32,1909.9410947,1909.9410947,-1928.68771472,1920,-1920,0,0,0,0.00300231482148,-0.172922834754,60,0.5,0.75,True,True,True,True,True,True,True,11.3098034586,0.00338443633768,0.132816270637,0.0143051616344,0.0779937785773,0.00830447604551,0.0517815695861,0.00644435264088,0.0720359447615,0.00300193875778,0.0507688767544,0.00112364047842,0.0397904834639,0.00262050359081,0.0290882286811,0.00188842642595,0.0179353032659,0.00111178717838,0.0111766043614,0.000726202601733,0.00889518182863,0.000979212320439,0.00647933962203,0.000141950206195,0.00172557848143,0.00020645854585,0.00170695179698,0.000304182253922,0.00215514630766,0.000258061995496,0.00161467405509,0.000592305436664,0.00492777130088,0.000721130614084,0.00590623354462,0.000695479329015,0.00436494370232,0.000577735387531,0.00418526684951,0.00101327064377,46875,46875,46874,90,8f8fa92024919f5b71aee15c1304c394a7b1f4e3dd3f4233aea6c335326ba146,933131
doe_N030_C06,doe,C06,N030,22.627416998,-22.627416998,240,400,60,0.001,0.0001,0.08,0.1,2e-07,10000,0,1,12,0,0,0,0,False,800,15,6,8,7,1.6e-05,0.941558805761,22.6234220526,0.213012822501,0.443776713543,22.6265689488,32.7057647705,0.0558273088666,22.7203018453,-22.5261256056,0.0928848472991,0.101291392349,0.64,3855.76308129,3855.76308129,3822.8102807,3840,3840,0,0,0,0.00346187569915,-0.172922834754,60,0.5,0.75,True,True,True,True,True,True,True,22.6234220526,0.00365849171804,0.133675822921,0.0157118579612,0.081577658099,0.00741452428631,0.0550091239642,0.00579678178696,0.0826877757847,0.0032859639815,0.0621632346358,0.000806259670679,0.0495658885448,0.00165127812537,0.0380541259205,0.00185485615321,0.0301664977371,0.00112538475134,0.0235393936429,0.00116965603624,0.021010742016,0.0011368828149,0.0178808957577,0.00115423039155,0.0135677890067,0.000460408080523,0.0114910018716,0.000780160949992,0.0101640819962,0.000828269833777,0.00903359023063,0.00068654001364,0.00649103048131,0.0002973855618,0.00563563258383,0.000405795544924,0.00496827725644,0.000503067224292,0.00431465109232,0.000413929952863,46875,46875,46874,90,7a1ab673c2901ed2fe8ffdeefd4a7d085ada75d85afc6411883333ff54c26f49,940040
doe_N033_C06,doe,C06,N033,22.627416998,0,240,400,60,0.001,0.0001,0.08,0.1,2e-07,10000,0,1,12,0,0,0,0,False,800,15,6,8,7,1.6e-05,1.31858722952,15.994167764,0.210897053603,0.439368861674,15.9987652081,23.0435428619,0.0593965535124,22.6189465242,0.100314795878,-0.00847047372031,0.100314795878,0.452548339959,3838.56251294,3838.56251294,-17.0239853805,3840,-0,0,0,0,0.00315275527895,-0.172922834754,60,0.5,0.75,True,True,True,True,True,True,True,15.994167764,0.000750974701076,0.125502477037,0.0185779260482,0.0735923780804,0.00768746810993,0.0541608019198,0.00450667959478,0.0849616643937,0.00196593408288,0.0657335049908,0.00120790934971,0.0513037994128,0.000674540455512,0.0405384351231,0.000693286420302,0.0342266289907,0.000514121688847,0.0288676797723,0.000485706093956,0.0239447721615,0.000335372840289,0.0204804781739,0.00035241010248,0.0173339637405,0.000174939239672,0.0148472094093,0.000199559479547,0.0131404016154,0.00014144448861,0.0115611270432,8.5044137811e-05,0.0101770372364,0.000156180082819,0.00912478381988,9.98304691672e-05,0.00810361577523,0.000153382742605,0.00728166517067,0.00010802363778,46875,46875,46874,90,7079dc03444c83e947ce412fa6698479770f23f0d1deab1deb03795434a400ce,948028
doe_N036_C06,doe,C06,N036,22.627416998,22.627416998,240,400,60,0.001,0.0001,0.08,0.1,2e-07,10000,0,1,12,0,0,0,0,False,800,15,6,8,7,1.6e-05,0.938928426646,22.6233136758,0.212416723152,0.442534839899,22.6266814306,32.7323760986,0.0585765627985,22.5175745225,22.7285609086,-0.109842475508,0.101143910613,0.64,3821.35911377,3821.35911377,-3857.16469082,3840,-3840,0,0,0,0.00422093631355,-0.172922834754,60,0.5,0.75,True,True,True,True,True,True,True,22.6233136758,0.00212970363878,0.13339605009,0.0154096699144,0.0813230397901,0.00777621987291,0.0555792496861,0.00605396662042,0.0817752752591,0.00283139692169,0.0598413306356,7.04630283831e-05,0.0501996346268,0.00155978002714,0.0412285148474,0.00204733025076,0.0308730980887,0.00116259698631,0.0225956452175,0.000772392942796,0.01990113558,0.000902575389674,0.0184175979287,0.00106835451055,0.0140290074086,0.000779428231702,0.00960379313838,0.000627363944455,0.00910565382284,0.000530251420504,0.00992151782894,0.000715445083197,0.00735425754912,0.000501219466155,0.00408930976853,0.000421168764126,0.00410367467384,0.000428233870577,0.00432108680096,0.00036668585376,46875,46875,46874,90,91f68c5111208c2f88b1fd4c66b90ed0469154c790815ba719e7f43cd1ad6959,936791
doe_N014_C07,doe,C07,N014,5.65685424949,-5.65685424949,240,400,60,0.001,0.0001,0.08,0.1,2e-07,10000,0,1,12,0,0,0,0,False,800,15,6,16,3,1.6e-05,3.76876295865,5.65254650815,0.21303107902,0.443814747958,5.66557009369,8.76068592072,0.0507197127003,5.67318967882,-5.63182767153,0.0163354293261,0.0250265779631,0.3,962.772214284,962.772214284,955.752848883,960,960,0,0,0,0.0029091236518,-0.172922834754,60,0.5,0.75,True,True,True,True,True,True,True,5.65254650815,0.00651622483412,0.126147619111,0.0149050931434,0.138975610189,0.00694056378598,0.0767924004764,0.00724569217342,0.0390133177248,0.00392304736143,0.0154711749372,0.000999552331843,0.00304659548769,0.00107874037616,0.00748267429603,0.000993329554163,0.0131063620512,0.00244400928103,0.0186825134344,0.00300175238409,0.0184876167828,0.00361686101053,0.0171753502378,0.00324965904453,0.016398659381,0.00352599387071,0.0150661600066,0.00299212724936,0.0122648323567,0.00282436186927,0.00912391525815,0.002053425449,0.00696782760441,0.00171402929589,0.00530934772726,0.00104584941853,0.00258942128648,0.000511467875748,0.000228231776252,0.000231070287432,46875,46875,46874,90,f854c587a71c285feea139770636ac04079b6a4b2cc8d73d47d87bc5d80f8ef6,933718
doe_N015_C07,doe,C07,N015,5.65685424949,0,240,400,60,0.001,0.0001,0.08,0.1,2e-07,10000,0,1,12,0,0,0,0,False,800,15,6,16,3,1.6e-05,5.51343516602,3.99352932417,0.220180650125,0.458709687759,4.01253961363,6.05474185944,0.0564584671537,5.64764857562,0.0248695062667,-0.00920567386928,0.0248695062667,0.3,958.43774534,958.43774534,-4.22049516623,960,-0,0,0,0,0.00107891663291,-0.172922834754,60,0.5,0.75,False,True,True,True,True,True,False,3.99352932417,0.00249458373159,0.121042854927,0.0209581694779,0.141524947929,0.00944187462652,0.0894014531637,0.00547352645089,0.0569135445238,0.00316399589041,0.0361584235912,0.00210822125853,0.0216219289672,0.000807571964483,0.010759756685,0.000703948379272,0.00671318353156,0.000818308982683,0.00260416229979,0.000788539873328,0.00167676743522,0.00120368855765,0.00273929943409,0.000819622103954,0.00279957412589,0.00111561270902,0.0031489411424,0.000589507206562,0.00173664936204,0.00087718138048,0.0016585424935,0.000638945361767,0.000852872671106,0.000544517488789,0.000183801186178,0.000520005533165,0.00080791794402,0.000199156878656,0.00140431037997,0.000560383353256,46875,46875,46874,90,c3dadf9f90f667cd35d5d1db442a0aa8e38faf0660ba240a3da39bb0a1626fbf,937999
doe_N016_C07,doe,C07,N016,5.65685424949,5.65685424949,240,400,60,0.001,0.0001,0.08,0.1,2e-07,10000,0,1,12,0,0,0,0,False,800,15,6,16,3,1.6e-05,3.77067191779,5.65218040721,0.213125179358,0.444010790328,5.66543858513,8.75340938568,0.0525781784842,5.62312866392,5.68108358857,-0.0337255855694,0.024229339074,0.3,954.276578339,954.276578339,-964.111855191,960,-960,0,0,0,0.00279643703897,-0.172922834754,60,0.5,0.75,True,True,True,True,True,True,True,5.65218040721,0.00610931762842,0.126452167227,0.0139647392363,0.138626973878,0.009508490678,0.0771488663992,0.00714597605098,0.0376504939613,0.00265347214954,0.0147096275971,0.00019859168498,0.00539880648204,0.000186225799148,0.00675017148214,0.00147678359116,0.0145934243174,0.00235081402787,0.0190583675208,0.00247655914198,0.017390849771,0.00308954705599,0.0174363578299,0.0033348109192,0.0186131613536,0.00326554359307,0.0160171201619,0.00257343114281,0.0109733148527,0.0025814236702,0.00904050481645,0.00247762581901,0.00887676072797,0.00180666040075,0.00590896865052,0.000889752050488,0.00128024902244,0.000635660418053,0.000947674649847,0.0003564135093,46875,46875,46874,90,0dc85af5daa40ba802c3074aeb03d924880d6942d1e7ceda04eacf54cd4c0518,927139
doe_N022_C07,doe,C07,N022,11.313708499,-11.313708499,240,400,60,0.001,0.0001,0.08,0.1,2e-07,10000,0,1,12,0,0,0,0,False,800,15,6,16,3,1.6e-05,2.22788151869,11.3094989309,0.251962236537,0.524921326119,11.3167570544,16.7141094208,0.0542051818742,11.3552907648,-11.2635209318,0.0415822658416,0.0501875672153,0.32,1927.05674452,1927.05674452,1911.48288741,1920,1920,0,0,0,0.00325952953482,-0.172922834754,60,0.5,0.75,True,True,True,True,True,True,True,11.3094989309,0.00426296011408,0.132226198944,0.0165899655636,0.159102549487,0.00713763467392,0.10305255157,0.00675578814377,0.0694491690113,0.00427320159803,0.0486115955511,0.00118352150286,0.0356811215055,0.00202061949784,0.0243612145545,0.00197570468823,0.0166813709467,0.00145154478964,0.00954965686802,0.000615839504733,0.00723826244507,0.000736272793911,0.00452240497294,0.00039808022782,0.00102733538588,8.48228061869e-05,0.00186650836989,0.00045766393771,0.00302204815879,0.00036594908817,0.00343540331728,0.000749397680398,0.00496835138246,0.00085986902217,0.00597357137671,0.000990323164837,0.00563077815416,0.000948524798975,0.00541815705214,0.00114042682679,46875,46875,46874,90,4c586fab2917e0d29e00e410944f4b1f7778362dacaf52a951ececec5a359766,940384
doe_N024_C07,doe,C07,N024,11.313708499,0,240,400,60,0.001,0.0001,0.08,0.1,2e-07,10000,0,1,12,0,0,0,0,False,800,15,6,16,3,1.6e-05,3.26719338944,7.99364537987,0.261167853427,0.544099694639,8.00437582189,11.7076072693,0.0589788336896,11.3046101115,0.0502309207755,-0.00909838748758,0.0502309207755,0.3,1918.45595244,1918.45595244,-8.52446992935,1920,-0,0,0,0,0.00214047152413,-0.172922834754,60,0.5,0.75,True,True,True,True,True,True,True,7.99364537987,0.000607925422773,0.125458597612,0.0195893795881,0.155912824662,0.00850481766731,0.108825933029,0.00443902163454,0.0791555893865,0.00309056410959,0.0605654805932,0.00193248017118,0.0462386605175,0.00174775044983,0.0353341142289,0.000973630277025,0.0297120376389,0.000809813993608,0.0235868170633,0.000595469607775,0.0191506667993,0.000396746154421,0.0155876455976,0.000536290736556,0.0125849172369,0.000242589549083,0.00984922631374,0.000555760947684,0.00864866932387,0.000137636911566,0.00677769862761,0.000337775347355,0.00562091531669,0.000195095068477,0.00445847390608,0.00029097405297,0.00357018420527,0.000256586142167,0.00342449948437,0.000278621153711,46875,46875,46874,90,6e4d08a7af3ff0936e39a9769e78450ff9145762e790409e173f1b8e2b7f252c,950112
doe_N026_C07,doe,C07,N026,11.313708499,11.313708499,240,400,60,0.001,0.0001,0.08,0.1,2e-07,10000,0,1,12,0,0,0,0,False,800,15,6,16,3,1.6e-05,2.22876932414,11.3092562683,0.252057234496,0.525119238534,11.3167421136,16.7176761627,0.0564312004051,11.2540234231,11.3642206717,-0.0596850758503,0.0505121727203,0.32,1909.87110675,1909.87110675,-1928.57219997,1920,-1920,0,0,0,0.00270815386459,-0.172922834754,60,0.5,0.75,True,True,True,True,True,True,True,11.3092562683,0.00364568012284,0.132484537643,0.0155690083341,0.15865151415,0.0083587092716,0.104128899296,0.00655066645502,0.0678444258207,0.00312651878151,0.0470400891006,0.00119263686504,0.0377860245064,0.00237455711264,0.0268741104188,0.00182151277121,0.0163317243873,0.00106788009865,0.0089627588807,0.000704022101581,0.00815187402255,0.000625619345631,0.00508023818268,0.00033261476639,0.00191377452182,0.000218131430423,0.00366242548665,0.000314510579874,0.00299487348981,0.000489355146334,0.00254038984839,0.000787870617827,0.00587035302322,0.000846036183945,0.0072385000704,0.0007721107666,0.00504069105913,0.000868031820102,0.00477162871664,0.00111777109713,46875,46875,46874,90,e23570a8a8814b97ad356236a34323725086a8b742b2398c25ceb10a0ee4c31f,934038
doe_N030_C07,doe,C07,N030,22.627416998,-22.627416998,240,400,60,0.001,0.0001,0.08,0.1,2e-07,10000,0,1,12,0,0,0,0,False,800,15,6,16,3,1.6e-05,1.20657512826,22.6235693336,0.272970360703,0.568688251465,22.6273610949,32.6839561462,0.055461922128,22.7200260191,-22.5266996357,0.0926090211181,0.100717362247,0.64,3855.71627204,3855.71627204,3822.90769684,3840,3840,0,0,0,0.00335231893804,-0.172922834754,60,0.5,0.75,True,True,True,True,True,True,True,22.6235693336,0.0041461423205,0.13408068329,0.0177003910599,0.165384859042,0.00773065789299,0.111481294018,0.00543187939685,0.0794465695382,0.00325498387257,0.0603721814398,0.000558325472146,0.0481297803147,0.0015726352275,0.0371935169119,0.00184654023126,0.0291749057726,0.00128325512278,0.0223737632318,0.00123680912471,0.0201948757251,0.00124817553812,0.0175424112152,0.000888442447762,0.0132722180135,0.000853734001732,0.0112410794763,0.000870275500485,0.00987482888509,0.000990609530019,0.00887234165881,0.000541476065195,0.00627643454077,0.000529098898821,0.0053154768163,0.000567630760408,0.00473902627364,0.000557346838045,0.00406799775486,0.00029694161501,46875,46875,46874,90,41140547dea8cd5aea4711ae17a784d9d70bdb945371765862df040bed76c851,941018
doe_N033_C07,doe,C07,N033,22.627416998,0,240,400,60,0.001,0.0001,0.08,0.1,2e-07,10000,0,1,12,0,0,0,0,False,800,15,6,16,3,1.6e-05,1.68703603645,15.994262285,0.269828968513,0.562143684403,15.9997446481,23.0139541626,0.0594350535626,22.619074753,0.10153522713,-0.00834224494103,0.10153522713,0.452548339959,3838.58427409,3838.58427409,-17.2310994319,3840,-0,0,0,0,0.00272252827247,-0.172922834754,60,0.5,0.75,True,True,True,True,True,True,True,15.994262285,0.000671855577561,0.126429228526,0.0196781512173,0.156990255953,0.00826717723699,0.111878940266,0.00425760976824,0.0821238377021,0.0028939890559,0.0643913609554,0.00146090069239,0.0503047537549,0.0014717456581,0.0405223275025,0.000937090487161,0.0339069361651,0.000721988434102,0.0286125118502,0.000282018179394,0.023888768908,0.000516832908593,0.0205890315038,0.000212412079316,0.0173328898781,0.000360048362876,0.015031519849,0.000219463891705,0.0133383521655,0.000216893026525,0.0115099631279,0.000160911160615,0.0102546844038,0.000110141343887,0.00910657714311,0.000147510059308,0.00812031464383,0.0001156634141,0.00738949766402,0.0001718501988,46875,46875,46874,90,666d5cefc044cd6fbabf96b38f2b9fb071eac08f244d6eb724d2d3d85aa069bb,948122
doe_N036_C07,doe,C07,N036,22.627416998,22.627416998,240,400,60,0.001,0.0001,0.08,0.1,2e-07,10000,0,1,12,0,0,0,0,False,800,15,6,16,3,1.6e-05,1.20608675816,22.6236496168,0.272860842239,0.568460087998,22.6276637968,32.692363739,0.0586038861319,22.5179608099,22.7288469775,-0.109456188044,0.101429979524,0.64,3821.42466893,3821.42466893,-3857.21323832,3840,-3840,0,0,0,0.00405910963964,-0.172922834754,60,0.5,0.75,True,True,True,True,True,True,True,22.6236496168,0.00212778321429,0.13455497676,0.0168528532411,0.164222291838,0.00746598312965,0.113494792396,0.00567850796144,0.0782780127313,0.00274913423092,0.0579782254135,0.000389378527339,0.0486633424358,0.00145272261439,0.0406561884264,0.00182491264658,0.0297002302272,0.00141273729894,0.0218662582413,0.000971569898258,0.0189502358624,0.000840813295474,0.0182413020679,0.000886004834804,0.0135380903299,0.000730319167397,0.00943966201073,0.000822840704842,0.0087661058242,0.000563446932012,0.00973333848766,0.000553899775231,0.00701109489353,0.000449695844809,0.00384720392702,0.000446593379048,0.00370223739491,0.000497581675772,0.00419465143207,0.000283811796382,46875,46875,46874,90,96c4ad08e9c13166a0cebcacb3d481667de275a2fdf37090aaba96b43a71014e,936268
doe_N014_C08,doe,C08,N014,5.65685424949,-5.65685424949,240,400,60,0.001,0.0001,0.08,0.1,2e-07,10000,0,1,12,0,0,0,0,False,800,15,6,16,5,1.6e-05,3.16621775815,5.65279364168,0.178979756115,0.372874491906,5.66463452756,8.82935905457,0.0507769712761,5.6735439561,-5.6319668757,0.0166897066125,0.0248873737914,0.3,962.832337133,962.832337133,955.776472614,960,960,0,0,0,0.00284545947162,-0.172922834754,60,0.5,0.75,True,True,True,True,True,True,True,5.65279364168,0.00592013651307,0.126072013744,0.0132075156705,0.0695288979163,0.00647006310678,0.0816545573974,0.00752508078453,0.0437591724518,0.00427148010912,0.0199729278042,0.00103415109433,0.0062781147243,0.00075696487222,0.00471804133343,0.000332551738092,0.011220051006,0.00206472418701,0.0165719488845,0.00258116861673,0.0169479069877,0.0032057405621,0.0161420588764,0.0030597499117,0.0164264149452,0.00352092099741,0.0155699757037,0.00302742898646,0.0129731409877,0.00293453464331,0.00991791961505,0.00231321080038,0.00827424321883,0.00212466204763,0.00673505001458,0.00138011283618,0.00407122751146,0.000970072873495,0.00179487161822,0.000360466851115,46875,46875,46874,90,cc3851b2bad52264201f617f667cf3c5d6204516ea0dcdd8a69e8e879bd6fdce,933103
doe_N015_C08,doe,C08,N015,5.65685424949,0,240,400,60,0.001,0.0001,0.08,0.1,2e-07,10000,0,1,12,0,0,0,0,False,800,15,6,16,5,1.6e-05,4.72148570765,3.99394507707,0.188573545985,0.392861554136,4.01134346853,6.16559314728,0.0564473050944,5.64823585088,0.0250265884564,-0.00861839861692,0.0250265884564,0.3,958.537409255,958.537409255,-4.2471528978,960,-0,0,0,0,0.00161337320771,-0.172922834754,60,0.5,0.75,True,True,True,True,True,True,True,3.99394507707,0.00174006687927,0.120903389695,0.0201836673245,0.0673922740434,0.009444685024,0.0952618716804,0.00590196456032,0.0627079503027,0.00306588066469,0.0421049103791,0.00227593231382,0.0261231939524,0.00109174283532,0.0151782564826,0.000694644257045,0.00962370450391,0.00079633595015,0.00511354821443,0.000548972966334,0.00221436514067,0.000973782294865,0.00149861776267,0.000707720178999,0.00231377522227,0.000906903363603,0.00263257133247,0.000680326358414,0.00217876038214,0.000848507979199,0.00206308084665,0.000690126377856,0.00168813591432,0.000549565726943,0.000915549924437,0.000511616381057,0.000386456605544,0.00038819698202,0.000623733064737,0.000439779974654,46875,46875,46874,90,a170eed63a2e536c97dc7bca9b5889b1bdab90384132291759bdba6e98c44a45,940070
doe_N016_C08,doe,C08,N016,5.65685424949,5.65685424949,240,400,60,0.001,0.0001,0.08,0.1,2e-07,10000,0,1,12,0,0,0,0,False,800,15,6,16,5,1.6e-05,3.1718445204,5.65228618431,0.179281729614,0.373503603363,5.66437363628,8.84877490997,0.0524545589405,5.62303224242,5.68138949724,-0.0338220070719,0.0245352477523,0.3,954.260215067,954.260215067,-964.163769615,960,-960,0,0,0,0.00254227719337,-0.172922834754,60,0.5,0.75,True,True,True,True,True,True,True,5.65228618431,0.00554747578695,0.126458158056,0.0131750519848,0.0691902989896,0.0107745079461,0.081650234101,0.00783636837305,0.0426407588033,0.00287169344859,0.0190576325513,0.000270077514557,0.00854544904161,0.00051336461601,0.00462516947303,0.0011128322013,0.0123930994164,0.00220763317271,0.0167853703685,0.00241286780249,0.0158472732309,0.00286447463402,0.0163045044374,0.00281664276645,0.0184242207488,0.00321280766872,0.016474610227,0.00268850418405,0.0118719799387,0.00263233775765,0.00998153093556,0.00237902911554,0.00998679575204,0.00210182263339,0.0070772902087,0.00123944167596,0.00286187129477,0.000930270449852,0.00168648506173,0.000540323209566,46875,46875,46874,90,58d36ea88b062a246f9a9e5e1ffa7b21f7f9711fa99cdb6e8cd18ecd8c7627d1,926236
doe_N022_C08,doe,C08,N022,11.313708499,-11.313708499,240,400,60,0.001,0.0001,0.08,0.1,2e-07,10000,0,1,12,0,0,0,0,False,800,15,6,16,5,1.6e-05,1.88544284921,11.3097894217,0.213239615913,0.444249199818,11.3162494682,16.8074111938,0.0543313741165,11.3557640091,-11.2636271821,0.0420555101348,0.0500813168786,0.32,1927.13705674,1927.13705674,1911.50091869,1920,1920,0,0,0,0.00352157758756,-0.172922834754,60,0.5,0.75,True,True,True,True,True,True,True,11.3097894217,0.00371599564742,0.131302130609,0.015186727864,0.0786750042204,0.00706815547261,0.105399620266,0.00737073662364,0.0725185977349,0.00409953575531,0.0509729291213,0.00144858938759,0.0374416723014,0.00136515002006,0.0257341100253,0.00219917335205,0.0176089330343,0.00138547456636,0.010433227325,0.00093480336816,0.00777366591442,0.000459836460963,0.00508962024736,0.000386963305497,0.00155340490583,0.000265277505846,0.00128692318716,0.000173894455473,0.00252652725908,0.000473348580564,0.00298038441103,0.000471526568945,0.00475849171558,0.000900402304389,0.0053826935108,0.000821185445719,0.00514702436189,0.000946144449884,0.00514488965932,0.00107023383448,46875,46875,46874,90,267cb7d1b239a06b574d75d0b2358302bb7055768f7608bd98067bbdc3cf338d,939285
doe_N024_C08,doe,C08,N024,11.313708499,0,240,400,60,0.001,0.0001,0.08,0.1,2e-07,10000,0,1,12,0,0,0,0,False,800,15,6,16,5,1.6e-05,2.82606620532,7.9939921571,0.225915510808,0.470657314183,8.00364892901,11.8264217377,0.0587543876529,11.3050975119,0.0509064085388,-0.00861098710913,0.0509064085388,0.3,1918.53866703,1918.53866703,-8.63910400407,1920,-0,0,0,0,0.00230862681167,-0.172922834754,60,0.5,0.75,True,True,True,True,True,True,True,7.9939921571,0.00010076440901,0.124425060787,0.0188465244578,0.073221724246,0.00882278168108,0.111686728141,0.00501385240703,0.0821835728236,0.0027629277407,0.0633567035986,0.00219192997067,0.0482250852057,0.00159936742189,0.0371086770578,0.00138012141631,0.0306367086027,0.000793084717847,0.0251515221308,0.000538790657962,0.020227730423,0.000427849668015,0.0164125166089,0.000496720472411,0.0131490910871,0.000343508677539,0.0108880169521,0.000472434696176,0.00927096178628,0.000486671922399,0.00718924961906,0.000324670903773,0.00598034538169,0.000311294248201,0.00529511088656,0.000182034077134,0.00420776114745,0.000344782334435,0.00349754202042,0.000156334403702,46875,46875,46874,90,74f26cc474ba1c5dd91b818f4299e0536dfe59368d4f3a17c1c0acf671faf510,953207
doe_N026_C08,doe,C08,N026,11.313708499,11.313708499,240,400,60,0.001,0.0001,0.08,0.1,2e-07,10000,0,1,12,0,0,0,0,False,800,15,6,16,5,1.6e-05,1.88635092848,11.3095382472,0.213337579733,0.444453291111,11.3162289459,16.831319809,0.0563426487149,11.2545414132,11.3642689298,-0.0591670857849,0.0505604308193,0.32,1909.95901258,1909.95901258,-1928.58038964,1920,-1920,0,0,0,0.00279259620782,-0.172922834754,60,0.5,0.75,True,True,True,True,True,True,True,11.3095382472,0.00313380965558,0.131105609176,0.0146097227638,0.0780395166881,0.0100425537051,0.106387780312,0.00694111540294,0.0713071473532,0.00288905806027,0.0493262640075,0.00100447288423,0.039289151527,0.00222358207436,0.0284544566372,0.00217484694598,0.0174236328206,0.00108271430437,0.0100857717077,0.00064530391766,0.00812237751751,0.000578825551845,0.00561591404675,0.000420274157643,0.00159203613622,0.000148559194394,0.00290825752734,0.000122376433581,0.00284237240065,0.000352048390296,0.0022934165468,0.000500421900125,0.00557028808714,0.000704999246729,0.00667362268569,0.00068221922501,0.00487848284671,0.000811229606419,0.00462990277389,0.00110659560304,46875,46875,46874,90,abadd862f7f22f790a8700758bf36a31f74833e7359ec3940f42e39a77b010c2,933005
doe_N030_C08,doe,C08,N030,22.627416998,-22.627416998,240,400,60,0.001,0.0001,0.08,0.1,2e-07,10000,0,1,12,0,0,0,0,False,800,15,6,16,5,1.6e-05,1.03759404196,22.6235505544,0.234740612632,0.489042942983,22.6269120744,32.7907714844,0.0555525014751,22.7199830137,-22.5267052901,0.0925660157538,0.100711707862,0.64,3855.70897379,3855.70897379,3822.90865642,3840,3840,0,0,0,0.00272020764485,-0.172922834754,60,0.5,0.75,True,True,True,True,True,True,True,22.6235505544,0.00417833383001,0.13304725089,0.0169318310427,0.0814622447905,0.0083698847442,0.113650890212,0.00558184248518,0.082431604718,0.0032646545829,0.0622061336406,0.000385349487509,0.04965444146,0.00154604669478,0.03804607152,0.00175230684381,0.0305304349726,0.00112056311476,0.023378736206,0.000980448644946,0.0209228083224,0.000947275183372,0.0177178999459,0.000886139487222,0.013740336427,0.000728649227856,0.0114664625397,0.000765371418454,0.0099821698808,0.000757955654787,0.00880465741155,0.000538155118904,0.00650300534541,0.000458441941548,0.00556928729263,0.000423555653335,0.00500671133435,0.000493522960607,0.00411184818511,0.000317626816449,46875,46875,46874,90,149610b056383715678ae70b60454f4bc012ee2277968e778f967d5e10d3e8e9,939580
doe_N033_C08,doe,C08,N033,22.627416998,0,240,400,60,0.001,0.0001,0.08,0.1,2e-07,10000,0,1,12,0,0,0,0,False,800,15,6,16,5,1.6e-05,1.46549609093,15.9937452893,0.234387712008,0.488307733349,15.998671132,23.1304798126,0.0596857033357,22.6183434399,0.1015716108,-0.0090735580769,0.1015716108,0.452548339959,3838.46016613,3838.46016613,-17.2372739454,3840,-0,0,0,0,0.00373127293843,-0.172922834754,60,0.5,0.75,True,True,True,True,True,True,True,15.9937452893,0.00113486125371,0.124880035044,0.0185002527621,0.0736912391532,0.00911697307148,0.113934400008,0.00498729524309,0.0856142320449,0.0031306981985,0.0664067039969,0.00228213507575,0.0523994410709,0.00157755348935,0.0414645011541,0.00121972256576,0.0347387177489,0.000943406980063,0.0288825314834,0.000604526464146,0.0242449809375,0.000436582682633,0.0206854440141,0.000303486933572,0.0176789446613,0.00025362662743,0.0153566210514,0.000137066489121,0.0137436125093,7.19446673093e-05,0.0118929303626,0.00013111240582,0.0106656429171,0.000166644778677,0.00930992208451,0.000174289027078,0.00818938551805,0.000163440526539,0.00716296468327,0.000181160571604,46875,46875,46874,90,d36f05fa6dba5813d1f9a7c63805bba51501189ebef18818dfed3e16a36cfd49,948408
doe_N036_C08,doe,C08,N036,22.627416998,22.627416998,240,400,60,0.001,0.0001,0.08,0.1,2e-07,10000,0,1,12,0,0,0,0,False,800,15,6,16,5,1.6e-05,1.03716195064,22.6228938091,0.23463604672,0.488825097334,22.6264827449,32.815196991,0.0595547771498,22.5166977331,22.7285937046,-0.110719264887,0.101176706621,0.64,3821.21031768,3821.21031768,-3857.17025648,3840,-3840,0,0,0,0.00386094799734,-0.172922834754,60,0.5,0.75,True,True,True,True,True,True,True,22.6228938091,0.0019946615746,0.133024034176,0.0155535648138,0.0808387429358,0.0082438112913,0.114794906702,0.00541251855888,0.0815250574116,0.00249064447423,0.0597973324872,0.000507768290307,0.0508434603394,0.00196610933511,0.0413317351319,0.00172110000105,0.0309905851512,0.00101916840594,0.0224137607314,0.00108623526141,0.0198864198583,0.00118049866958,0.0184153740378,0.00103715748641,0.0140732371018,0.000640209577085,0.00942924393004,0.000694291394202,0.00909801021272,0.000949178090328,0.00983826487302,0.000614888209429,0.00728092779251,0.0001470309515,0.00365366541273,0.000474846753875,0.00396209719429,0.000602679687536,0.00451075151891,0.000499259335342,46875,46875,46874,90,375c203d4d9aa253a0fbeb001e3b9e05ff5424e537a59c42cd6263c0071cfa4a,935834
doe_N014_C09,doe,C09,N014,5.65685424949,-5.65685424949,240,400,60,0.001,0.0001,0.08,0.1,2e-07,10000,0,1,12,0,0,0,0,False,800,15,6,16,7,1.6e-05,2.9408568603,5.65255969592,0.1662336896,0.346320186667,5.66402048148,8.79937553406,0.0517360304733,5.67323862553,-5.63180483768,0.0163843760372,0.0250494118123,0.3,962.780520816,962.780520816,955.74897385,960,960,0,0,0,0.00312221521822,-0.172922834754,60,0.5,0.75,True,True,True,True,True,True,True,5.65255969592,0.00652954131883,0.126604427738,0.0134214848908,0.0696531926478,0.00712801626251,0.0401336288861,0.00700385648949,0.0481950848948,0.0048956933418,0.0234951296665,0.00145585017354,0.00916821536799,0.000760736397372,0.00258888947459,0.000659236051116,0.00923730741354,0.00130607881228,0.0152229759635,0.00257466503324,0.0155035937167,0.00262876635678,0.0152148238328,0.00303124969001,0.0159010542561,0.00306425779748,0.0156943621822,0.00308796057654,0.0134782786351,0.00273971546433,0.0108215909256,0.00244126361168,0.00911141124669,0.00215373104532,0.007550767462,0.00164827563945,0.00517242522539,0.00114678628408,0.00279322833848,0.000687867986911,46875,46875,46874,90,a0941527236007babcb9d3d43ada198311b6afbea98fbf27092cf5cadc4bbf1c,933684
doe_N015_C09,doe,C09,N015,5.65685424949,0,240,400,60,0.001,0.0001,0.08,0.1,2e-07,10000,0,1,12,0,0,0,0,False,800,15,6,16,7,1.6e-05,4.36696877171,3.99409192562,0.174420747105,0.36337655647,4.01086057021,6.09825325012,0.0572555567655,5.64844430988,0.0248495233929,-0.00840993961219,0.0248495233929,0.3,958.572785921,958.572785921,-4.21710396009,960,-0,0,0,0,0.00113981585255,-0.172922834754,60,0.5,0.75,True,True,True,True,True,True,True,3.99409192562,0.0019972484984,0.121627362653,0.0190338529674,0.0671605481071,0.00953184611119,0.0467110524138,0.0055436308898,0.0685729001403,0.00401731216768,0.0467775889097,0.00211204193892,0.0304419044739,0.0016897680225,0.0184505355618,0.000758956065526,0.0130542858853,0.000634135846948,0.00693884820886,0.000734036081444,0.00431777805098,0.000376864579942,0.00177206392652,0.000851310656323,0.00121349026523,0.000589098150091,0.00240468402177,0.000939347738048,0.00144627803239,0.00068705235444,0.0024830848913,0.000812068842864,0.00179730868406,0.000568719885283,0.00155260771873,0.000572022579616,0.000749291011879,0.000438896960339,0.000519762562679,0.00040636661801,46875,46875,46874,90,7d83a148d8d61adeec0a4129f76d2d7f4399dceb3a2abc11bd4717b9d9fd0ef1,936868
doe_N016_C09,doe,C09,N016,5.65685424949,5.65685424949,240,400,60,0.001,0.0001,0.08,0.1,2e-07,10000,0,1,12,0,0,0,0,False,800,15,6,16,7,1.6e-05,2.93869247889,5.65247548782,0.166108872032,0.346060150066,5.6641744813,8.80181217194,0.0536877534359,5.62299656031,5.68180147169,-0.0338576891859,0.0249472221969,0.3,954.254159612,954.254159612,-964.233683997,960,-960,0,0,0,0.00301392045852,-0.172922834754,60,0.5,0.75,True,True,True,True,True,True,True,5.65247548782,0.00574407944463,0.126633187017,0.0130985180459,0.0693929639328,0.00922156433479,0.0401319179986,0.00730024917484,0.0468207092653,0.00266328937335,0.022553179743,0.000476983863162,0.0115645005264,0.00112085806847,0.003593121248,0.00112505825942,0.010659032473,0.00171457566941,0.0155607648436,0.0021429994707,0.0141624976474,0.00237312901174,0.0153341792586,0.00310552262569,0.0179039516993,0.00290688262935,0.0168072658301,0.00264047640022,0.012219669831,0.00261597426847,0.0108246455159,0.00262456621739,0.0108299161617,0.00199008975235,0.00836809504329,0.00146497899901,0.00362519387336,0.00116388511222,0.00284652902547,0.00102571043041,46875,46875,46874,90,b691c7684c49f921c92891c25d933bb8ad2767ee516b19e0121fda7403919db8,926759
doe_N022_C09,doe,C09,N022,11.313708499,-11.313708499,240,400,60,0.001,0.0001,0.08,0.1,2e-07,10000,0,1,12,0,0,0,0,False,800,15,6,16,7,1.6e-05,1.71981533698,11.3093756493,0.194500376934,0.405209118612,11.3155001306,16.7424068451,0.0547527349292,11.355483932,-11.2630786122,0.0417754330196,0.0506298868055,0.32,1927.08952607,1927.08952607,1911.40782329,1920,1920,0,0,0,0.00223897304915,-0.172922834754,60,0.5,0.75,True,True,True,True,True,True,True,11.3093756493,0.00378150952152,0.131449660072,0.0150394178257,0.0775131718248,0.00748744473432,0.0506767196833,0.00729325728626,0.0755177189622,0.00446745332272,0.0537598702901,0.00124774095451,0.0395993681293,0.00175357349903,0.027198071708,0.00205068571793,0.0186029610548,0.00143511565316,0.0112154166648,0.000704630656745,0.00866506805176,0.000726052513725,0.00590192586787,0.000228510621266,0.00180290334052,0.000154555425889,0.000626872280614,0.000294113362052,0.00186636959887,0.00021226580489,0.00251056915852,0.000685457009187,0.00444279345145,0.000639057347628,0.00513770851627,0.000800760471475,0.00483695881818,0.000706542148398,0.00495167097604,0.000986767086157,46875,46875,46874,90,3dd4a61ce789574c4afc1597837d9dcedbd438ef1016f9004e2092eff4e9d22c,938885
doe_N024_C09,doe,C09,N024,11.313708499,0,240,400,60,0.001,0.0001,0.08,0.1,2e-07,10000,0,1,12,0,0,0,0,False,800,15,6,16,7,1.6e-05,2.58755582645,7.9944089349,0.206859794185,0.430957904553,8.00355344626,11.7472934723,0.0591224058763,11.3056922438,0.0497124256067,-0.0080162551839,0.0497124256067,0.3,1918.63959638,1918.63959638,-8.43647838137,1920,-0,0,0,0,0.00190019074723,-0.172922834754,60,0.5,0.75,True,True,True,True,True,True,True,7.9944089349,0.000255998251003,0.124700562889,0.0185794571886,0.0716181741624,0.00856193779707,0.0536869615851,0.00533760462214,0.0856893435257,0.00332643086907,0.0663794948128,0.00206192157013,0.0494406600137,0.00162203756382,0.038639705464,0.00110580381596,0.0322640598532,0.000890838140498,0.0260906990791,0.000481979372721,0.0207767273712,0.000517366810615,0.0177192579064,0.000329699897394,0.0144428134247,0.000362102981419,0.0111154172572,0.000415588689115,0.0098991256766,0.00022214692293,0.00817317849383,0.000415727406238,0.00670856710195,0.000257644418292,0.00518427942913,0.000409085860934,0.00462502141475,0.000154621978769,0.00410390873774,0.000419188955564,46875,46875,46874,90,9b3e2f285b7e520684c6c21ea4383b287e58961682e2a4a8b679eb84042d32fb,950479
doe_N026_C09,doe,C09,N026,11.313708499,11.313708499,240,400,60,0.001,0.0001,0.08,0.1,2e-07,10000,0,1,12,0,0,0,0,False,800,15,6,16,7,1.6e-05,1.71580547148,11.3098360392,0.194054785577,0.404280803285,11.3161855465,16.7543983459,0.0571983636169,11.2545517995,11.3648513523,-0.059156699452,0.0511428533428,0.32,1909.9607752,1909.9607752,-1928.67923002,1920,-1920,0,0,0,0.00304559752841,-0.172922834754,60,0.5,0.75,True,True,True,True,True,True,True,11.3098360392,0.00331965889042,0.131346818062,0.0140570391219,0.0770449326178,0.00811697947612,0.0514028609084,0.00654114267477,0.0737978936204,0.00237660933405,0.0521513528314,0.00141805128748,0.04126628083,0.00266750526984,0.0302512266232,0.00178113983336,0.018085303381,0.000930489243833,0.0107148705422,0.000996602822262,0.00903246874145,0.00107885276754,0.00673622269168,0.000347244703954,0.00200123861472,0.000174662227491,0.00236159193154,0.000279285836911,0.00254383514867,0.00041447924921,0.00163537908533,0.000922386325564,0.00530372550604,0.000855250495095,0.00642103516179,0.000611708120437,0.00496740973714,0.00065724567798,0.00437716751458,0.00115752059148,46875,46875,46874,90,34e033549163a967f1c33fbdc6b9e784e76681d60f67b41d8b8e6a29cb055d6c,933088
doe_N030_C09,doe,C09,N030,22.627416998,-22.627416998,240,400,60,0.001,0.0001,0.08,0.1,2e-07,10000,0,1,12,0,0,0,0,False,800,15,6,16,7,1.6e-05,0.951350369136,22.6235437299,0.215229166786,0.44839409747,22.6267106901,32.7032241821,0.0553667507691,22.7202478761,-22.5264244443,0.0928308781387,0.100992553704,0.64,3855.75392242,3855.75392242,3822.8609953,3840,3840,0,0,0,0.00368412080047,-0.172922834754,60,0.5,0.75,True,True,True,True,True,True,True,22.6235437299,0.00450314698227,0.132896018558,0.0168137990075,0.080552625085,0.00751994563312,0.054508389492,0.00729471891352,0.0855640339554,0.0035837581477,0.0650679471207,0.000423205738431,0.0517081200401,0.00122104400785,0.0395485744055,0.00197573896169,0.0311929819284,0.00139813321509,0.0241769181539,0.000978883338198,0.0215094829948,0.00077572366327,0.0180602764875,0.00114801833746,0.0137146369306,0.000787207673525,0.0116456902949,0.000774331205018,0.0101501226922,0.000582845719969,0.00889531042937,0.000551151216771,0.00656235416971,0.00046833717704,0.00567302443468,0.000577769733488,0.00505405973925,0.000284060937572,0.00422491072324,0.000371035904311,46875,46875,46874,90,c9337a8613c2d16329b9a6b8e8fbee19085d64d58b2a1c71487ec8ddfca07738,940091
doe_N033_C09,doe,C09,N033,22.627416998,0,240,400,60,0.001,0.0001,0.08,0.1,2e-07,10000,0,1,12,0,0,0,0,False,800,15,6,16,7,1.6e-05,1.3445986604,15.9938754625,0.215053435215,0.448027990032,15.9985279336,23.0401515961,0.0590861590442,22.6185326306,0.100430384531,-0.00888436738874,0.100430384531,0.452548339959,3838.49227286,3838.49227286,-17.0436014254,3840,-0,0,0,0,0.00307408461412,-0.172922834754,60,0.5,0.75,True,True,True,True,True,True,True,15.9938754625,0.000992623583065,0.125089139343,0.0184835947558,0.0733843334457,0.00847224964079,0.054676104483,0.00558203970235,0.0887459806202,0.00301124300443,0.0693904172196,0.00211474313158,0.0538358299097,0.00116569106381,0.0421794639985,0.000891595533567,0.035523509409,0.000509677990592,0.0296024691605,0.00025281673522,0.0246357685204,0.00030279079491,0.0211001658056,0.000433991926952,0.017901670025,0.000312410355867,0.0155521342309,0.000340782098891,0.0135985816961,0.000360227971387,0.011855185479,0.000365588991432,0.0105724459777,0.000233784260581,0.00918109987571,0.000386146691901,0.00815831309977,8.52263035531e-05,0.00736860948472,0.000149084727555,46875,46875,46874,90,6246dd3a1d5000a3bb1886afcaab4e3bc5c67526da8556bca18a3966389eb04f,948197
doe_N036_C09,doe,C09,N036,22.627416998,22.627416998,240,400,60,0.001,0.0001,0.08,0.1,2e-07,10000,0,1,12,0,0,0,0,False,800,15,6,16,7,1.6e-05,0.946437492643,22.623154408,0.214114015336,0.446070865283,22.6265409525,32.7262763977,0.0596139148305,22.5169217493,22.7288905509,-0.11049524867,0.101473552903,0.64,3821.24833449,3821.24833449,-3857.22063297,3840,-3840,0,0,0,0.00374800467588,-0.172922834754,60,0.5,0.75,True,True,True,True,True,True,True,22.623154408,0.00179433174755,0.132318928001,0.0154303696679,0.0801728420021,0.00729546957767,0.0550919010241,0.00623152412313,0.0844841698397,0.00212392751152,0.0624892160679,0.000660245146211,0.0524751366365,0.00172490346036,0.042691527995,0.00167041802351,0.0320223200473,0.0011047094301,0.0228835073138,0.0010304864151,0.0202781403203,0.0010347950863,0.0188784714213,0.000888114106903,0.0142720580345,0.000519273457874,0.00970559172631,0.000838768533694,0.00912093588184,0.000818688585151,0.00997371339726,0.000590953600872,0.0075353144606,0.000194775384673,0.00377982418202,0.000453021033112,0.003998250259,0.000695453280067,0.00443112344712,0.000390489487134,46875,46875,46874,90,ca478a5ae03487c4c353643c749195aa46ba3a72eb08333d55a7c2af8baaf0ce,936107
doe_N014_C10,doe,C10,N014,5.65685424949,-5.65685424949,240,400,60,0.001,0.0001,0.08,0.1,2e-07,10000,0,1,12,0,0,0,0,False,800,15,12,4,3,1.6e-05,3.41632131357,5.65300380868,0.193124773973,0.40234327911,5.66531931823,8.69384670258,0.0511430566933,5.67371796648,-5.63221346884,0.0168637169895,0.0246407806501,0.3,962.861867673,962.861867673,955.818320858,960,960,0,0,0,0.00262789832341,-0.172922834754,60,0.5,0.75,True,True,True,True,True,True,True,5.65300380868,0.0067603545798,0.0840794212692,0.0142209202533,0.141185817154,0.00697261058632,0.0775503247666,0.00672685338117,0.03995215899,0.00392571088287,0.0170497812258,0.00112901198368,0.00412217775242,0.000717795666818,0.00639894134577,0.00116826260368,0.0123222135684,0.00172782284996,0.0178625165696,0.00312410108336,0.0180128434305,0.00309784153012,0.0166687113306,0.00330102925965,0.0160345356498,0.00306418910815,0.0149181333538,0.00324814468045,0.0125196238461,0.00260038936057,0.0095821086042,0.00219487021898,0.00752358081249,0.00174570823138,0.00595684756777,0.00132908747725,0.00328462192337,0.000651791579937,0.000908063261921,0.000183466667484,46875,46875,46874,90,121a5b5f505865be586540d6af08849f4de598c47a4aa1d48ff4ec0e258f93fb,933748
doe_N015_C10,doe,C10,N015,5.65685424949,0,240,400,60,0.001,0.0001,0.08,0.1,2e-07,10000,0,1,12,0,0,0,0,False,800,15,12,4,3,1.6e-05,5.0845541833,3.99404699015,0.203079483321,0.423082256918,4.01215413851,5.99846792221,0.0565480134436,5.64838008707,0.025002221391,-0.00847416242387,0.025002221391,0.3,958.561886948,958.561886948,-4.24301766967,960,-0,0,0,0,0.00166780591544,-0.172922834754,60,0.5,0.75,False,True,True,True,True,True,False,3.99404699015,0.00275847670623,0.078300338828,0.0203553742258,0.144099121792,0.00968529982975,0.0905855132351,0.00498342185629,0.0577158769334,0.00352293434807,0.0381278888559,0.00175522893768,0.0229667998025,0.00148533239949,0.0122448966814,0.000748429731565,0.00800749511604,0.000534281983889,0.0035751675446,0.00108439855694,0.00209351912132,0.000667171735663,0.00211081414257,0.00118586843425,0.0024487976623,0.000843835692999,0.00305478401871,0.00104718141237,0.00175777874215,0.00070481415634,0.00192381322681,0.000674790753897,0.00123897013014,0.000632583769823,0.000633045658501,0.000408776130566,0.000866523140831,0.000498838219428,0.0011939837216,0.000249380720341,46875,46875,46874,90,694adee7a54ad659172ec1a4e59b7d72d422993dd2fd30ec938ce20ccd244ea3,936929
doe_N016_C10,doe,C10,N016,5.65685424949,5.65685424949,240,400,60,0.001,0.0001,0.08,0.1,2e-07,10000,0,1,12,0,0,0,0,False,800,15,12,4,3,1.6e-05,3.43213931303,5.65293962405,0.194016763179,0.404201589956,5.66550550417,8.6975402832,0.0524021970396,5.62372311181,5.68200590884,-0.0331311376808,0.0251516593445,0.3,954.377459491,954.377459491,-964.268378131,960,-960,0,0,0,0.00320716431358,-0.172922834754,60,0.5,0.75,True,True,True,True,True,True,True,5.65293962405,0.00624941390821,0.0849640240743,0.0133093248201,0.141534708264,0.00932092349538,0.0786000203918,0.00680638052153,0.0378260038837,0.00279538368901,0.0162951653229,0.000291648019018,0.00689109357915,0.000647545017652,0.00559877963162,0.00117000315193,0.0137349598579,0.00216237082015,0.0181203540033,0.00265101093702,0.0162807662793,0.00260431790136,0.0168638008988,0.00317066286749,0.0184959524678,0.00313440540677,0.016004621588,0.00297083410584,0.0107356637054,0.00247206694734,0.00982360310665,0.00237788219488,0.0094142839477,0.0017477447796,0.00672749763486,0.00124792073708,0.00163145224953,0.000644573922844,0.00141856197674,0.000569908809238,46875,46875,46874,90,274abb5c0d1a5fefb9ff8655f6afd6488f588e41ba56742b2e9487cff74fd3c8,926587
doe_N022_C10,doe,C10,N022,11.313708499,-11.313708499,240,400,60,0.001,0.0001,0.08,0.1,2e-07,10000,0,1,12,0,0,0,0,False,800,15,12,4,3,1.6e-05,2.05395999006,11.3098650776,0.232300103624,0.483958549218,11.3167032658,16.6383590698,0.0541474547137,11.3558561436,-11.2636862258,0.0421476446446,0.0500222731805,0.32,1927.15269248,1927.15269248,1911.51093874,1920,1920,0,0,0,0.00288366724416,-0.172922834754,60,0.5,0.75,True,True,True,True,True,True,True,11.3098650776,0.00390582910379,0.0877311543169,0.0154609195082,0.160822171464,0.00702507148414,0.102116693656,0.00679357428686,0.0688593174371,0.003893590247,0.0485757446176,0.0011221446941,0.0358580747346,0.00168064115273,0.0247484574079,0.00210989261475,0.0170106537942,0.00121104588368,0.0100091107377,0.000670045034604,0.00754995479629,0.000576124495368,0.00486905876968,0.000295246070243,0.00109286241892,0.000204401170863,0.00158212044794,0.000337852762979,0.00293082674069,0.000404710012377,0.00304734039191,0.000610673199508,0.00453183538245,0.000834486010274,0.00548460110609,0.000942529884818,0.00531876686237,0.000789637551482,0.00500171404974,0.00100657552237,46875,46875,46874,90,3401e34e35465c0bd5ef22135838744e54754a8482e078dc4b56fc2b5c8fbbd0,941361
doe_N024_C10,doe,C10,N024,11.313708499,0,240,400,60,0.001,0.0001,0.08,0.1,2e-07,10000,0,1,12,0,0,0,0,False,800,15,12,4,3,1.6e-05,3.04868695421,7.9941504662,0.243716622363,0.507742963256,8.004327936,11.6424808502,0.0587792379021,11.3053219142,0.0507914229296,-0.00838658477292,0.0507914229296,0.3,1918.57674937,1918.57674937,-8.61959029912,1920,-0,0,0,0,0.00218241248224,-0.172922834754,60,0.5,0.75,True,True,True,True,True,True,True,7.9941504662,0.000253081764253,0.080769551637,0.0191483026817,0.157786770782,0.00803261956965,0.108711798898,0.00455307323765,0.0779176778924,0.0027397963278,0.0605489687244,0.00189576875783,0.0457591178859,0.00145321346679,0.0355187152166,0.00118480485223,0.0296244263179,0.00083818292863,0.0243003208185,0.000464646287089,0.0194321360299,0.000419059269904,0.0162487252726,0.000492413425062,0.0130734649079,0.00043752057211,0.0103070885563,0.000421597824976,0.00885717614155,0.000324337842725,0.00703826873935,0.000190120905954,0.00588299227035,0.000270500724386,0.00472911921976,0.000454720083174,0.00380776574792,0.0004089669642,0.00329146092603,0.000511247883136,46875,46875,46874,90,9af4234d4eb64e5acff7e017df340dadc189b58b3c0ea3854fea3e89911d0e99,949707
doe_N026_C10,doe,C10,N026,11.313708499,11.313708499,240,400,60,0.001,0.0001,0.08,0.1,2e-07,10000,0,1,12,0,0,0,0,False,800,15,12,4,3,1.6e-05,2.05935161789,11.309912323,0.232910862406,0.485230963346,11.3169850247,16.6535377502,0.0562066829509,11.254639285,11.3649165449,-0.0590692139522,0.0512080458692,0.32,1909.97562198,1909.97562198,-1928.69029356,1920,-1920,0,0,0,0.00292124450962,-0.172922834754,60,0.5,0.75,True,True,True,True,True,True,True,11.309912323,0.00339839696416,0.0885235497888,0.0149288424961,0.160344646428,0.00853277898383,0.104114043418,0.00646215864282,0.0668992273697,0.00318436186923,0.047111802763,0.00100162906063,0.0376602044015,0.00209620243936,0.0277140598374,0.00195562121436,0.016367942485,0.00103904197894,0.00969796707791,0.000639243627526,0.00817583575628,0.000630690952034,0.00566015727161,0.000333679644676,0.00166012211768,0.000303324872389,0.00322360343518,0.000226961042229,0.00293743333555,0.000356959629615,0.00231740660582,0.000632248218348,0.00565810252356,0.000877128289145,0.00653097392573,0.000846143147548,0.00485620607444,0.000900841914305,0.00433094573432,0.00110121833293,46875,46875,46874,90,1cecd322a623ba6b423b462795093f58585bb0af20aae951346334d56644380b,934333
doe_N030_C10,doe,C10,N030,22.627416998,-22.627416998,240,400,60,0.001,0.0001,0.08,0.1,2e-07,10000,0,1,12,0,0,0,0,False,800,15,12,4,3,1.6e-05,1.1212806526,22.6235393176,0.253673369302,0.528486186046,22.6271076021,32.605140686,0.0556945178549,22.7197186664,-22.5269493324,0.0923016684394,0.100467665522,0.64,3855.66411256,3855.66411256,3822.95007178,3840,3840,0,0,0,0.00301551056506,-0.172922834754,60,0.5,0.75,True,True,True,True,True,True,True,22.6235393176,0.0038377262803,0.0888130528817,0.0173702653799,0.166916769723,0.00732581451545,0.110178035791,0.00531846205234,0.0786375056432,0.00300920917203,0.0595421554267,0.0005618505259,0.0477252633422,0.00138894617553,0.0365555660451,0.00181456905791,0.0294224421911,0.00128082160176,0.0226022545402,0.000848518864945,0.0202660374848,0.000935108516347,0.0174431168534,0.000908191528409,0.0137191809202,0.000688916303019,0.0115954272205,0.000909017016826,0.0100270418039,0.00064473784146,0.00874659379495,0.000584249146955,0.00648003142882,0.000372133307695,0.00549362110087,0.000462132030348,0.00460061501757,0.000588979146302,0.00379921775921,0.00024070358684,46875,46875,46874,90,659865fca8f31d1391b9ad644b054bcf16701128f691cf781a9556d77b8c05d9,940862
doe_N033_C10,doe,C10,N033,22.627416998,0,240,400,60,0.001,0.0001,0.08,0.1,2e-07,10000,0,1,12,0,0,0,0,False,800,15,12,4,3,1.6e-05,1.57215687829,15.9935270831,0.251443336119,0.523840283582,15.9987101111,22.9402618408,0.0596776572575,22.6180341848,0.101718888558,-0.00938281315121,0.101718888558,0.452548339959,3838.40768381,3838.40768381,-17.2622678098,3840,-0,0,0,0,0.00185212184607,-0.172922834754,60,0.5,0.75,True,True,True,True,True,True,True,15.9935270831,0.00152768480693,0.0806611076602,0.0188089736831,0.159400399866,0.00748448790857,0.110321990897,0.0038567752883,0.0812226345605,0.00212928176198,0.0633275552297,0.00164560649486,0.0497449599778,0.00107759479316,0.0397619128545,0.000707425694084,0.0336711811967,0.000500288764507,0.0282048481542,0.000533474576556,0.0238653158914,0.000215951564077,0.0203614766015,0.000293334852953,0.017293870215,0.000205359061156,0.0147929775006,5.16733884141e-05,0.0131422297631,0.000116156522649,0.0114949866656,0.000129928072363,0.0102101649261,0.000171369620779,0.00899943305046,4.73150302421e-05,0.00800425231026,0.000143035737578,0.0072705472275,7.3115789612e-05,46875,46875,46874,90,25f2a0b66df219daab86029f9caf4b5ed02e00ccdb38281455bef96e6c1d4923,948335
doe_N036_C10,doe,C10,N036,22.627416998,22.627416998,240,400,60,0.001,0.0001,0.08,0.1,2e-07,10000,0,1,12,0,0,0,0,False,800,15,12,4,3,1.6e-05,1.12280222485,22.6228938765,0.254010355769,0.529188241186,22.626688783,32.6280593872,0.0588517654952,22.5166108657,22.728679896,-0.110806132287,0.101262898017,0.64,3821.19557579,3821.19557579,-3857.18488365,3840,-3840,0,0,0,0.00433812332614,-0.172922834754,60,0.5,0.75,True,True,True,True,True,True,True,22.6228938765,0.00191615474357,0.0892763964302,0.0160799600526,0.16683217353,0.00719504577349,0.11170470192,0.00546825401043,0.0773325949758,0.00288803287174,0.0574891593196,0.000332852230719,0.0489775900304,0.00171483582277,0.039709086556,0.00179863318125,0.0297247258109,0.00136332791372,0.0216004435848,0.000828558898921,0.0194071345131,0.00104854369955,0.0181302556653,0.00112553747241,0.0137509475081,0.000643004062314,0.00933966146106,0.000591264442069,0.00926160424557,0.000604325027243,0.00990889642036,0.000592007975253,0.00720012515453,0.00038269962364,0.00356656080748,0.000404038278915,0.00379847900977,0.00051912398427,0.00432419212165,0.000407088584402,46875,46875,46874,90,8cade5c16704afc13b80efb058afa35a3b2462f875fc40d4b991ce67bc29dd52,934798
doe_N014_C11,doe,C11,N014,5.65685424949,-5.65685424949,240,400,60,0.001,0.0001,0.08,0.1,2e-07,10000,0,1,12,0,0,0,0,False,800,15,12,4,5,1.6e-05,2.5680525781,5.65251082925,0.145159450078,0.302415520995,5.66339090541,8.80274295807,0.0514709471431,5.67323450675,-5.63171089288,0.0163802572565,0.0251433566116,0.3,962.779821836,962.779821836,955.733030889,960,960,0,0,0,0.003808002081,-0.172922834754,60,0.5,0.75,True,True,True,True,True,True,True,5.65251082925,0.00622450969077,0.0845380651236,0.0127802744712,0.0477810751744,0.00663279400284,0.0832897724988,0.00705927064091,0.0453465596951,0.00411303844927,0.022120897952,0.000864158592834,0.0085269820666,0.00052679808516,0.00247513442186,0.000393707762282,0.00900288771605,0.00144509477254,0.0145572318962,0.00250443139025,0.0155058016763,0.00256744014283,0.0153659525344,0.00290238237206,0.0157683062154,0.00286703715138,0.015184332864,0.00310851877353,0.0133259187163,0.00258003878318,0.010499292586,0.00239126643269,0.00891117511528,0.00202877495438,0.0073969255435,0.00169125406424,0.0049759609934,0.00108055641057,0.00286328725247,0.000703256900995,46875,46875,46874,90,df7ee3c022a527fb4bfdc75311d20c3cb5ac4405b20feb1f14a971d8aa8f2ef0,932996
doe_N015_C11,doe,C11,N015,5.65685424949,0,240,400,60,0.001,0.0001,0.08,0.1,2e-07,10000,0,1,12,0,0,0,0,False,800,15,12,4,5,1.6e-05,4.00530157296,3.99401275739,0.159972255796,0.333275532908,4.01017815045,6.1469912529,0.0571274592737,5.64833147359,0.0250474912584,-0.0085227759022,0.0250474912584,0.3,958.553636968,958.553636968,-4.25070022093,960,-0,0,0,0,0.000936204167321,-0.172922834754,60,0.5,0.75,True,True,True,True,True,True,True,3.99401275739,0.00216988513622,0.0784641360308,0.0194454714619,0.0435719152829,0.00965919657503,0.0976836489533,0.00520055117051,0.0641773733348,0.00348714543471,0.0441599910071,0.00199114864602,0.0287116084182,0.00156917664521,0.017798808918,0.000705815219814,0.0124977318826,0.000600563531625,0.00734570208541,0.000840011709869,0.00439032925284,0.000648453486548,0.00206529015069,0.000931127841633,0.0015782540821,0.000660598121829,0.00222603938771,0.000925784060341,0.00162232813802,0.000693131688157,0.00236784025517,0.000807975043668,0.00182514523653,0.000596210257174,0.00153585050582,0.000605963749069,0.00079757555449,0.000457534688218,0.000261176477048,0.000387596173802,46875,46875,46874,90,ef4e87cb700b4ee666a247e69e5f128cd0bf51e0ab3e5ab44ac9f5171ca81993,940240
doe_N016_C11,doe,C11,N016,5.65685424949,5.65685424949,240,400,60,0.001,0.0001,0.08,0.1,2e-07,10000,0,1,12,0,0,0,0,False,800,15,12,4,5,1.6e-05,2.58755746555,5.65298185644,0.146274154053,0.304737820943,5.66412232048,8.81531429291,0.053102634588,5.6234800114,5.68233053421,-0.0333742380961,0.0254762847165,0.3,954.336203982,954.336203982,-964.323468884,960,-960,0,0,0,0.0017018857815,-0.172922834754,60,0.5,0.75,True,True,True,True,True,True,True,5.65298185644,0.0056182376545,0.0856705288999,0.0128301108863,0.0470728289825,0.0102534629934,0.0844718939784,0.0070545461048,0.0436252957373,0.00295433744283,0.0216150091942,4.19960984143e-05,0.0106464037355,0.000840060745145,0.00336989250356,0.000860522441946,0.0104950616934,0.0016403411209,0.014619852441,0.00223236229879,0.01433542792,0.0023271695161,0.0151577925155,0.00280928972109,0.0178375106594,0.00276117932398,0.016060144391,0.00276250342832,0.0120774394926,0.00239441052902,0.0105402348877,0.0024073261834,0.0106793769271,0.00194779266264,0.00800129065036,0.00160330696292,0.00372003357995,0.00107040922269,0.00297065975864,0.000884153807881,46875,46875,46874,90,76655ee820110280ce68eee6f17708f2760ea8a18941c8d5a5550e56cd5218e9,926815
doe_N022_C11,doe,C11,N022,11.313708499,-11.313708499,240,400,60,0.001,0.0001,0.08,0.1,2e-07,10000,0,1,12,0,0,0,0,False,800,15,12,4,5,1.6e-05,1.59536666969,11.3098743924,0.180433966441,0.375904096752,11.3157648122,16.7992420197,0.054712372983,11.3558682049,-11.2636927718,0.0421597059129,0.0500157271357,0.32,1927.15473935,1927.15473935,1911.51204964,1920,1920,0,0,0,0.00281048462999,-0.172922834754,60,0.5,0.75,True,True,True,True,True,True,True,11.3098743924,0.00415481854333,0.0881418924681,0.0148353844674,0.0532442403519,0.00738893569367,0.105799406552,0.00619729730393,0.0715101791789,0.00404217642609,0.0505482226925,0.0010047237849,0.0373621624775,0.00201887544692,0.0260236066707,0.00174815624629,0.0181766057211,0.00139239660694,0.0111852546974,0.000635721505593,0.00840980898448,0.000756382871612,0.00578416747382,0.000322850862432,0.00213380971053,9.25892916638e-05,0.000436198026627,0.000393597263866,0.00199031628138,0.000246182908361,0.00222369673531,0.000561055282949,0.00396021391992,0.000698639354563,0.00484360808913,0.000845397595989,0.00465873621056,0.000712939252772,0.00466609990581,0.000957970623979,46875,46875,46874,90,f39ed7ab21b220ff8bdd52741bdbbf7efd549e99915b4124cd7b011125ae4752,940205
doe_N024_C11,doe,C11,N024,11.313708499,0,240,400,60,0.001,0.0001,0.08,0.1,2e-07,10000,0,1,12,0,0,0,0,False,800,15,12,4,5,1.6e-05,2.45523831218,7.99403091987,0.196272509832,0.408901062151,8.00291046049,11.8050498962,0.0593511677784,11.3051534425,0.0506590288344,-0.00855505648823,0.0506590288344,0.3,1918.54815877,1918.54815877,-8.5971222761,1920,-0,0,0,0,0.00209465010718,-0.172922834754,60,0.5,0.75,True,True,True,True,True,True,True,7.99403091987,0.000367025145572,0.0802416780781,0.0184666812809,0.0471700156423,0.00884506205964,0.111802993342,0.00468043685351,0.08072362071,0.00311418733816,0.06210989977,0.00175587977443,0.0475178738603,0.00132423283296,0.0368305475936,0.000903487846963,0.0308373033864,0.00078659848875,0.0254225263384,0.000629411773742,0.0208402517856,0.000495961636139,0.0168444424236,0.000315913051016,0.0137934053471,0.00033998937285,0.0114705028958,0.000367634415267,0.0102558880888,0.000267986865848,0.00775201790026,0.000356295333546,0.00631741676026,0.000192049114281,0.00556526593471,0.00037229220272,0.00486330070943,0.000275126283582,0.00388148397116,0.00040211168585,46875,46875,46874,90,4230558deb0b1d419f957889a8914d9ff042fa9e1781e14467a9f49e77b38c67,952330
doe_N026_C11,doe,C11,N026,11.313708499,11.313708499,240,400,60,0.001,0.0001,0.08,0.1,2e-07,10000,0,1,12,0,0,0,0,False,800,15,12,4,5,1.6e-05,1.6028301422,11.3094840805,0.181271819771,0.377649624522,11.3156157286,16.8035411835,0.0566259270617,11.2544413232,11.3642602416,-0.0592671757559,0.050551742597,0.32,1909.94202675,1909.94202675,-1928.5789152,1920,-1920,0,0,0,0.00349157579566,-0.172922834754,60,0.5,0.75,True,True,True,True,True,True,True,11.3094840805,0.00327265229168,0.0885717984517,0.0145974484761,0.0528412635225,0.00931811088243,0.107127654279,0.00645642942668,0.0698267991983,0.0030012296698,0.0493753362751,0.000761007412044,0.0395980533658,0.00228938990155,0.0285864218972,0.00199324353759,0.0177903056998,0.00115361317511,0.0110088840313,0.000729333681174,0.00920227391246,0.000694344056406,0.00633265166196,0.000358000285867,0.00168148950511,0.000176408979679,0.00216322669898,0.000117188090187,0.00201364780763,0.000406520950301,0.00158004765363,0.000587677676907,0.00500255263341,0.000560702076916,0.0059881824294,0.00062437390933,0.00411495017713,0.000739415831875,0.00404940172072,0.000971841525645,46875,46875,46874,90,fe532a9fd2e3399d678a4658b9b1cb9573ec321ed40ce536aadd2cf2ab563faa,932867
doe_N030_C11,doe,C11,N030,22.627416998,-22.627416998,240,400,60,0.001,0.0001,0.08,0.1,2e-07,10000,0,1,12,0,0,0,0,False,800,15,12,4,5,1.6e-05,0.894345744516,22.623283641,0.202330374513,0.421521613569,22.6263331744,32.7716674805,0.0561110114274,22.7201821988,-22.5259682645,0.0927652008658,0.101448733467,0.64,3855.74277662,3855.74277662,3822.78357903,3840,3840,0,0,0,0.00241201554903,-0.172922834754,60,0.5,0.75,True,True,True,True,True,True,True,22.623283641,0.0042933046436,0.0889989308339,0.0158936205106,0.0552014438235,0.00739736298362,0.113134226413,0.00493552571913,0.0803390191746,0.00281476383097,0.0611027911592,0.000664575099311,0.0487801929525,0.00138732886008,0.0377302566881,0.00151773147058,0.0297781646675,0.000897007382959,0.023223946868,0.00121700695682,0.0211134425626,0.00119172360574,0.0179286749297,0.00062754622391,0.0135188248129,0.000546348092484,0.0113709975353,0.000775429058891,0.0101972616697,0.000772368886828,0.00910088631544,0.000477196592067,0.00651228486606,0.000351980195426,0.00550698145066,0.000525463018267,0.00504219959002,0.000580247807343,0.0044235504041,0.000232207434196,46875,46875,46874,90,045df953872d557e25a1a649f86283ba1fe073ae7f3ab936e5ab64d5c158ece4,941140
doe_N033_C11,doe,C11,N033,22.627416998,0,240,400,60,0.001,0.0001,0.08,0.1,2e-07,10000,0,1,12,0,0,0,0,False,800,15,12,4,5,1.6e-05,1.27847117905,15.9942466821,0.204481834137,0.426003821118,15.9987607652,23.1081523895,0.0594926163252,22.6190507814,0.101958821121,-0.00836621657193,0.101958821121,0.452548339959,3838.58020597,3838.58020597,-17.302985716,3840,-0,0,0,0,0.00192362766592,-0.172922834754,60,0.5,0.75,True,True,True,True,True,True,True,15.9942466821,0.00087529351311,0.0811764198681,0.0185664425712,0.0472540748412,0.00847671242329,0.114013196227,0.0041983604276,0.0829165142291,0.00203738682086,0.0654419684001,0.00124259702568,0.0509246700765,0.000699001535937,0.0408031503849,0.000505316206999,0.0341060826025,0.000613724257554,0.0289081241731,0.00072505571628,0.0239486244488,0.000589864985861,0.0206449374316,0.000581714875154,0.0172953411567,0.000510333226804,0.0150662061213,0.000227406704686,0.0132908633977,0.000169288073149,0.0116284604677,0.000177870302715,0.00999617448582,0.000139550673175,0.00901163497371,0.000281728330032,0.00805438705619,0.000226583012073,0.00699914845779,0.000296135532995,46875,46875,46874,90,cc5953581e1275af6c3d71f195bd559ec9c2f4fed12387c38c9eda6d3036e3ee,948258
doe_N036_C11,doe,C11,N036,22.627416998,22.627416998,240,400,60,0.001,0.0001,0.08,0.1,2e-07,10000,0,1,12,0,0,0,0,False,800,15,12,4,5,1.6e-05,0.896240674355,22.6237864526,0.202763576268,0.422424117225,22.6270666257,32.7888374329,0.0595466156074,22.5176986696,22.7293790838,-0.109718328339,0.101962085795,0.64,3821.38018224,3821.38018224,-3857.30353975,3840,-3840,0,0,0,0.00359482399102,-0.172922834754,60,0.5,0.75,True,True,True,True,True,True,True,22.6237864526,0.00158887963503,0.0893957746973,0.0152288750157,0.0544012976555,0.00805333032803,0.115481427941,0.00502298636013,0.0788106458302,0.00231372575753,0.0586505242043,0.000589474561476,0.0492355536218,0.00159064027552,0.0409934310615,0.00161293702858,0.030411510466,0.00108697404669,0.0223247681905,0.000987007312366,0.0195087283051,0.00113404657368,0.0187156788619,0.000897218080974,0.0139308313542,0.00054234829759,0.00977086443706,0.000872513925584,0.00899607130637,0.000847966939561,0.0100182448262,0.000724249762478,0.00716805536628,0.000156402750183,0.00391351447966,0.000509297977413,0.00403104113153,0.000697137638246,0.00443245321277,0.000416916919938,46875,46875,46874,90,9b5a1874cf2c32d7d37543a4b6be6c36f5f3587950771b9e2be95faed62f5685,936135
doe_N014_C12,doe,C12,N014,5.65685424949,-5.65685424949,240,400,60,0.001,0.0001,0.08,0.1,2e-07,10000,0,1,12,0,0,0,0,False,800,15,12,4,7,1.6e-05,2.21035549872,5.6527942275,0.124946848039,0.260305933415,5.66319592002,8.74833583832,0.0521440433127,5.67383354305,-5.63167631195,0.0169792935543,0.0251779375384,0.3,962.881481667,962.881481667,955.727162311,960,960,0,0,0,0.00310807093429,-0.172922834754,60,0.5,0.75,True,True,True,True,True,True,True,5.6527942275,0.00627309402938,0.0850977155723,0.0131628002111,0.0484394508844,0.00724467581067,0.027342050697,0.00681346966838,0.0501957781893,0.00460592246921,0.02604687151,0.00126182064628,0.012067040642,0.000779081549045,0.000474580784716,0.000180901320054,0.00654647886134,0.000861930955254,0.0127073351377,0.0021802150288,0.013382891432,0.00212444111806,0.0134715199195,0.00255832642768,0.0148068450777,0.00284046228379,0.0150341718346,0.00285636932029,0.0132901338168,0.00259576905452,0.011195674552,0.00242156587293,0.00989826585655,0.00225154153737,0.008547549764,0.00192347537183,0.00635407671528,0.00147434321788,0.0040503282824,0.00098317898946,46875,46875,46874,90,d6f08df1ba6b484dd254120b092c74bf16400849ad764c6ff3d629889eb6cff0,932727
doe_N015_C12,doe,C12,N015,5.65685424949,0,240,400,60,0.001,0.0001,0.08,0.1,2e-07,10000,0,1,12,0,0,0,0,False,800,15,12,4,7,1.6e-05,3.46596910469,3.99419230113,0.138437471139,0.288411398206,4.00956433182,6.05207443237,0.0577123738856,5.64858714647,0.0246480323501,-0.00826710302209,0.0246480323501,0.3,958.597026094,958.597026094,-4.18290979623,960,-0,0,0,0,0.00202014391758,-0.172922834754,60,0.5,0.75,True,True,True,True,True,True,True,3.99419230113,0.00180452711031,0.0793576643879,0.0190463591664,0.0441440994175,0.00939109654494,0.0314253127931,0.00523061684274,0.0704015025724,0.00375281820507,0.0492354656765,0.00191988690136,0.0331022714158,0.00184969894939,0.0218470749081,0.00066472696276,0.0165834951637,0.000891657034036,0.0102546432717,0.000704732147745,0.00711944494757,0.000466084372246,0.00402608859529,0.000801982717689,0.00218038524433,0.000520474923197,0.00165694760035,0.000676085684496,0.00151394033414,0.000657945877015,0.00191833635348,0.000650835945413,0.00173016101578,0.000598627050016,0.00185536343983,0.000623710749409,0.00105549395953,0.000538706193338,0.00108974036911,0.000480547846593,46875,46875,46874,90,685584b83d301c3b41c600bf93f5d84e5b1b143a5eb626e20125d567c04edcf4,936869
doe_N016_C12,doe,C12,N016,5.65685424949,5.65685424949,240,400,60,0.001,0.0001,0.08,0.1,2e-07,10000,0,1,12,0,0,0,0,False,800,15,12,4,7,1.6e-05,2.21181555369,5.65256087339,0.12502422058,0.260467126208,5.66319926257,8.76918029785,0.0534642848841,5.62284257294,5.68212374511,-0.0340116765545,0.0252694956208,0.3,954.228027089,954.228027089,-964.288375611,960,-960,0,0,0,0.00212533997276,-0.172922834754,60,0.5,0.75,True,True,True,True,True,True,True,5.65256087339,0.00569017131171,0.0855910440399,0.0129329388983,0.0481029636228,0.00940012773262,0.0269522243071,0.00746671381173,0.0489329747776,0.00316239710122,0.0250882749791,0.000251846433584,0.0144702296748,0.00110105285544,0.00370208699439,0.000702708668852,0.00740628189373,0.00130265276561,0.0126872155889,0.00183720358476,0.0121705664212,0.00187337256907,0.0137129786583,0.00259614021679,0.0163966408597,0.00265234230842,0.0160352158474,0.00257474117071,0.0121502171302,0.0023383681028,0.0114140568865,0.00238631904417,0.0113679396144,0.00208913558307,0.00922700746437,0.00157978749989,0.00486518377056,0.00136492448192,0.00428618875008,0.00113280178533,46875,46875,46874,90,b5c0b787dbb8110b328c783d7a20e1a30e319ee7abef846634c3bb4f271ad642,926708
doe_N022_C12,doe,C12,N022,11.313708499,-11.313708499,240,400,60,0.001,0.0001,0.08,0.1,2e-07,10000,0,1,12,0,0,0,0,False,800,15,12,4,7,1.6e-05,1.35428404468,11.3094447234,0.153162005431,0.319087511314,11.3149314132,16.687456131,0.0544848670224,11.3556233136,-11.2630768026,0.0419148146159,0.050631696353,0.32,1927.11317992,1927.11317992,1911.4075162,1920,1920,0,0,0,0.00222559028653,-0.172922834754,60,0.5,0.75,True,True,True,True,True,True,True,11.3094447234,0.00377746844888,0.0881789001001,0.0146393280937,0.0533596849722,0.00717032456426,0.033606471002,0.00726258526759,0.0745125501395,0.00399124713256,0.0525361361277,0.00100081168522,0.0393127697025,0.00158468119403,0.0274738985532,0.00205572072922,0.0192237479569,0.00136678859682,0.0121036440994,0.000671016074622,0.00948715433858,0.000633066487574,0.00687510832333,0.000503670872231,0.00284044018393,0.000388726423731,0.000468409900305,7.70663814027e-05,0.000933029341462,0.000147314092229,0.00142494429085,0.000449639447312,0.00342628726343,0.000444289584026,0.00449554897631,0.000718907640706,0.00417487332062,0.000529283910656,0.00429888621187,0.000910613304495,46875,46875,46874,90,7d176985bac76f1bfa58a02ff300ee7a7e915afd4539339bf26f48be411a1ec8,939660
doe_N024_C12,doe,C12,N024,11.313708499,0,240,400,60,0.001,0.0001,0.08,0.1,2e-07,10000,0,1,12,0,0,0,0,False,800,15,12,4,7,1.6e-05,2.11573866298,7.99443043446,0.169141255587,0.352377615806,8.00268791659,11.6924533844,0.0588205261227,11.3057226343,0.0497157860313,-0.00798586470272,0.0497157860313,0.3,1918.64475382,1918.64475382,-8.43704866434,1920,-0,0,0,0,0.00384410988179,-0.172922834754,60,0.5,0.75,True,True,True,True,True,True,True,7.99443043446,0.000167116974307,0.0808935199367,0.0186585920049,0.0471279537956,0.00840463644721,0.0354101723158,0.00519145670888,0.0835154514754,0.00285412144218,0.0645757332758,0.00204806272392,0.048429784408,0.00147531520272,0.0380429991275,0.00122214059648,0.0321054629243,0.00075977620719,0.0266374820689,0.000565825052681,0.0210274815871,0.000575384596442,0.0179491247681,0.000399792119324,0.014851700879,0.000494859156812,0.0119353311782,0.000436612252001,0.0102910127966,0.000306903316808,0.00871141169016,0.000280005055719,0.00737354202928,0.000257546587506,0.00604147028772,0.000268515857902,0.00512521292448,0.000206152383079,0.00467285627137,0.000357098491092,46875,46875,46874,90,affc36ba3ebfd334bb2bc89167930f1bb816aa54e66e2ffa8823d0976f312bb5,950103
doe_N026_C12,doe,C12,N026,11.313708499,11.313708499,240,400,60,0.001,0.0001,0.08,0.1,2e-07,10000,0,1,12,0,0,0,0,False,800,15,12,4,7,1.6e-05,1.3561154626,11.3096405204,0.153371783862,0.319524549713,11.315360757,16.7147140503,0.0566123435837,11.2543909308,11.3646215149,-0.059317568136,0.0509130159597,0.32,1909.93347488,1909.93347488,-1928.64022532,1920,-1920,0,0,0,0.00291619512195,-0.172922834754,60,0.5,0.75,True,True,True,True,True,True,True,11.3096405204,0.00338640619245,0.0890238935709,0.0142040747475,0.0524914212944,0.00831148089694,0.0337629662268,0.00654065883786,0.0731552020731,0.00300348468346,0.0518951596157,0.000931994607821,0.0406995834929,0.00225920522027,0.0300984333249,0.00192682985767,0.0188831541243,0.00104678906244,0.0121961021832,0.000613583298646,0.00988449620202,0.000782248254741,0.00758562895036,0.000456258579485,0.00226199504979,0.000334649816535,0.00111172850857,0.000108877896521,0.00169563085498,0.000116188745071,0.000987449269128,0.000308622665131,0.00443005656229,0.000445039373005,0.00523142812888,0.000713256847931,0.00403362589713,0.000564094721982,0.00362088663929,0.000848115993727,46875,46875,46874,90,54cdd360038be83c0d030f8d8efa67eff2599393ef3683bb721fa3a46702d3de,934682
doe_N030_C12,doe,C12,N030,22.627416998,-22.627416998,240,400,60,0.001,0.0001,0.08,0.1,2e-07,10000,0,1,12,0,0,0,0,False,800,15,12,4,7,1.6e-05,0.768482952604,22.6234314013,0.173857213613,0.362202528361,22.6262421548,32.6512985229,0.0553785067325,22.7205386737,-22.5259055116,0.0931216757247,0.101511486359,0.64,3855.80327241,3855.80327241,3822.77292951,3840,3840,0,0,0,0.00360953750389,-0.172922834754,60,0.5,0.75,True,True,True,True,True,True,True,22.6234314013,0.00458927807343,0.0889328527572,0.0164041138999,0.0550641944384,0.00701341864359,0.0359443134355,0.0066138697295,0.0830450134797,0.00293839041147,0.0623172241624,0.000167215896825,0.0497158419797,0.00116107069105,0.0380715602421,0.0021882060021,0.0304051330443,0.00135216234248,0.023585103237,0.00100714414891,0.0212041321871,0.000815547105611,0.0180981390414,0.00105603670901,0.0136133889695,0.00088132160023,0.0116259857943,0.000700949230473,0.0101981756283,0.000462641762887,0.00909191871675,0.000558570872884,0.00665177717958,0.000551467287955,0.00564760536852,0.000663678066182,0.00513620329309,0.000220247469665,0.00441299736355,0.000257059146219,46875,46875,46874,90,66fed6f91d173d5fd6c38b103fc866e25eb0b641e7c98813b00f6db01b761a95,939739
doe_N033_C12,doe,C12,N033,22.627416998,0,240,400,60,0.001,0.0001,0.08,0.1,2e-07,10000,0,1,12,0,0,0,0,False,800,15,12,4,7,1.6e-05,1.09885981202,15.9938926953,0.175750459206,0.366146790012,15.9980676096,22.9905281067,0.0597657970093,22.6185504016,0.10190598839,-0.00886659641926,0.10190598839,0.452548339959,3838.49528869,3838.49528869,-17.2940197042,3840,-0,0,0,0,0.00278925050707,-0.172922834754,60,0.5,0.75,True,True,True,True,True,True,True,15.9938926953,0.000926503937968,0.0804833383195,0.0182903120673,0.047569486784,0.00780593099219,0.0357250622171,0.00438518847081,0.0863019717224,0.00235325256539,0.0664239283259,0.00143009557484,0.0520569484334,0.000866002713144,0.0410848536212,0.000569561947792,0.0345572194946,0.000456904804218,0.028997318673,0.0005231250246,0.0242584471198,0.000215803099051,0.0205010429636,0.000366691632366,0.0173899561841,0.000220171169086,0.0149823740839,0.000142706732285,0.0133260160865,4.67717752727e-05,0.0114269359529,1.12701230504e-05,0.0103498091049,2.39878935969e-05,0.00913830152371,9.44721555821e-05,0.00811529008148,8.63260878307e-05,0.00729064881901,7.68376805176e-05,46875,46875,46874,90,eb36134892760a8747d7e1bc410d6fcd237c22a1eb8f7b6aaf9f25f223fffceb,948319
doe_N036_C12,doe,C12,N036,22.627416998,22.627416998,240,400,60,0.001,0.0001,0.08,0.1,2e-07,10000,0,1,12,0,0,0,0,False,800,15,12,4,7,1.6e-05,0.76739451112,22.6231109866,0.173608511956,0.361684399907,22.6261485759,32.6821861267,0.0590903911102,22.5173748216,22.7283552543,-0.110042176368,0.100938256358,0.64,3821.32522341,3821.32522341,-3857.12979013,3840,-3840,0,0,0,0.0019233401184,-0.172922834754,60,0.5,0.75,True,True,True,True,True,True,True,22.6231109866,0.00187741229395,0.0888771930044,0.0154634426129,0.05473588468,0.00702969273126,0.036500328663,0.00594439980274,0.082702447331,0.0027118075267,0.0600845146748,3.4101868162e-05,0.0505563722756,0.00140188249216,0.0413838784258,0.00187445173541,0.0313222161277,0.00131029476811,0.0229745634125,0.00095965770003,0.0199879278406,0.000917737751398,0.018458075666,0.000843541297343,0.0143062667955,0.000685438888925,0.00997983411592,0.000694743030458,0.00933331557491,0.000722941992466,0.00980157899355,0.000526004620105,0.00748864563145,0.000353083004808,0.00422175831857,0.000525663260853,0.00422077264709,0.000504565314521,0.00434106142959,0.000290589066747,46875,46875,46874,90,0170ccd611e7b982067b14feb3ccc2dd30e5310a24f29d909f2346e3aedcd9ba,936566
doe_N014_C13,doe,C13,N014,5.65685424949,-5.65685424949,240,400,60,0.001,0.0001,0.08,0.1,2e-07,10000,0,1,12,0,0,0,0,False,800,15,12,8,3,1.6e-05,3.43395953268,5.65279838191,0.194114808899,0.404405851872,5.66514614559,8.70830249786,0.0509964211744,5.67354832027,-5.63197199484,0.0166940707773,0.0248822546548,0.3,962.833077757,962.833077757,955.777341361,960,960,0,0,0,0.0035739255387,-0.172922834754,60,0.5,0.75,True,True,True,True,True,True,True,5.65279838191,0.00712525458615,0.0841101443541,0.0154294748037,0.141651654157,0.00690607799998,0.0784901283028,0.00696232539874,0.0403903747698,0.00412729585377,0.0169029712493,0.00115750582501,0.00409741486943,0.000777516058239,0.00654773252468,0.00106449863186,0.0123360492522,0.00188222988558,0.0180890730614,0.00321212658892,0.0179945824525,0.0031530698564,0.0168690320293,0.00340926746126,0.016145527536,0.00319781634785,0.0151081743488,0.00314145225569,0.0124408024506,0.00263994495737,0.00963398594576,0.0021930035593,0.00747143493757,0.00181997095882,0.00586489684462,0.00132304854653,0.00322351190624,0.000698724589698,0.000722726312837,0.000110821658356,46875,46875,46874,90,14c42a58adb99a6057240240b5903e489d2f355af0a12a603bda0a3e8cb94419,932846
doe_N015_C13,doe,C13,N015,5.65685424949,0,240,400,60,0.001,0.0001,0.08,0.1,2e-07,10000,0,1,12,0,0,0,0,False,800,15,12,8,3,1.6e-05,5.10348166445,3.9938821898,0.203827045256,0.424639677616,4.01203315906,5.99907159805,0.0568770973165,5.64814760189,0.024870849355,-0.00870664759856,0.024870849355,0.3,958.522432906,958.522432906,-4.22072309586,960,-0,0,0,0,0.0014427927912,-0.172922834754,60,0.5,0.75,False,True,True,True,True,True,False,3.9938821898,0.00255437597737,0.0777145177543,0.0207835598044,0.144431864808,0.00995050171305,0.0916476132038,0.00491282846657,0.0584663180679,0.00344559443936,0.0381093559801,0.00165977485783,0.023155496952,0.0012953690989,0.0121213766222,0.000713078811379,0.00778728076902,0.000327546471158,0.00332426166203,0.00102328980463,0.00185953574126,0.000691106716872,0.0023886963265,0.00119159949659,0.0025651298628,0.000768272938665,0.0031246304021,0.000990203192595,0.00177944142846,0.000733615549514,0.0018945459983,0.000626219775668,0.00114973051254,0.000604256178125,0.000514968289854,0.000343513689123,0.000678857192205,0.000407974023168,0.00126437091687,0.000289960926631,46875,46875,46874,90,c02f48c38cbf508cd9160d9c93096e0385bde6e277a4f04f8f40b5930b17c9f7,936455
doe_N016_C13,doe,C13,N016,5.65685424949,5.65685424949,240,400,60,0.001,0.0001,0.08,0.1,2e-07,10000,0,1,12,0,0,0,0,False,800,15,12,8,3,1.6e-05,3.43618673525,5.65269900324,0.194237293333,0.404661027777,5.66527615858,8.69344520569,0.0528299750966,5.6231291029,5.682115023,-0.033725146591,0.0252607735085,0.3,954.276652836,954.276652836,-964.286895419,960,-960,0,0,0,0.00386296622406,-0.172922834754,60,0.5,0.75,True,True,True,True,True,True,True,5.65269900324,0.00618109916122,0.0847824629616,0.0141569297385,0.141125604971,0.00954736709055,0.0792403753495,0.00686681562421,0.0387599119324,0.00258505910298,0.0162532743684,0.000279205724424,0.00666363010682,0.000364538146856,0.00596385383024,0.00147935936659,0.0138431695026,0.00202718410954,0.0183749639188,0.00241955147879,0.0165634441478,0.00283713272394,0.0171605769779,0.00342326460756,0.0184688674493,0.00314754863723,0.0161134067683,0.00282191487583,0.010937911633,0.00255459859623,0.00966488218062,0.00255956839997,0.00922641804691,0.00180232903079,0.00669778102115,0.00105138384916,0.00178475563402,0.000722612550175,0.00108599847203,0.000549376993908,46875,46875,46874,90,09f1857358c3dcb5a04f574d17350b12b8292627aa650170bef8931f9a534efc,925977
doe_N022_C13,doe,C13,N022,11.313708499,-11.313708499,240,400,60,0.001,0.0001,0.08,0.1,2e-07,10000,0,1,12,0,0,0,0,False,800,15,12,8,3,1.6e-05,2.06673774641,11.3095176063,0.233738069307,0.486954311056,11.3163855266,16.6496829987,0.0542318570277,11.3552948056,-11.2635543615,0.0415863065904,0.0501541374548,0.32,1927.05743025,1927.05743025,1911.48856063,1920,1920,0,0,0,0.00251451387513,-0.172922834754,60,0.5,0.75,True,True,True,True,True,True,True,11.3095176063,0.004047215655,0.0878703433648,0.0163885225293,0.161249059818,0.00706540812736,0.103550155259,0.00694898422814,0.0697014633419,0.00389308895478,0.0490042504144,0.00112331107702,0.0360228504478,0.00184025965954,0.0248115456761,0.00199309650634,0.0169727353959,0.00123118797582,0.0100000578279,0.000614762762944,0.00737767815486,0.000571200837292,0.00478956555138,0.000309061888058,0.00109245470315,0.000155584659513,0.00159923680978,0.00031239931488,0.0029903129501,0.000362766773498,0.00317349343392,0.000690528910994,0.0047540257686,0.000869271933775,0.00576224272164,0.000930157223602,0.00557631265177,0.000866232248673,0.00518225127127,0.00104623794442,46875,46875,46874,90,2772c7fc8e6c4f647f856aef27edabd85b57a4e55c422db6ac57beccad261f48,940339
doe_N024_C13,doe,C13,N024,11.313708499,0,240,400,60,0.001,0.0001,0.08,0.1,2e-07,10000,0,1,12,0,0,0,0,False,800,15,12,8,3,1.6e-05,3.07114470668,7.99418496159,0.24551298829,0.511485392271,8.00442127241,11.6462450027,0.0592019567194,11.3053721846,0.0504595783838,-0.00833631442987,0.0504595783838,0.3,1918.58528053,1918.58528053,-8.56327441225,1920,-0,0,0,0,0.00254073081616,-0.172922834754,60,0.5,0.75,True,True,True,True,True,True,True,7.99418496159,0.000313000111347,0.0808316123854,0.0199902334847,0.158242736337,0.00842102629285,0.110279120337,0.0046243766863,0.0792031993394,0.0030607274787,0.0612824044523,0.00199854739745,0.0461460873298,0.00160567012309,0.035888504538,0.000950908746011,0.0297146850102,0.000973159759311,0.0241653253261,0.000665746746913,0.0194117704115,0.000605540715376,0.0159832181562,0.000403174895058,0.012914401131,0.000375023567787,0.0102135810502,0.000416180661174,0.00901019548908,0.000283530318041,0.00696228869647,0.000445969075388,0.00588742080406,0.000320974158794,0.00472840207987,0.000428772542428,0.00382005759158,0.00021614950219,0.00333070100658,0.000373509372989,46875,46875,46874,90,aef57681fe9ef2146a4626bf3d2cef3a5b09cb075f7372aa2a46d296221418aa,949400
doe_N026_C13,doe,C13,N026,11.313708499,11.313708499,240,400,60,0.001,0.0001,0.08,0.1,2e-07,10000,0,1,12,0,0,0,0,False,800,15,12,8,3,1.6e-05,2.07132293033,11.3098025654,0.234262533913,0.488046945653,11.316904006,16.654045105,0.0564224535035,11.2545587202,11.3647778751,-0.0591497787446,0.0510693761304,0.32,1909.96194968,1909.96194968,-1928.66676052,1920,-1920,0,0,0,0.00289478037364,-0.172922834754,60,0.5,0.75,True,True,True,True,True,True,True,11.3098025654,0.00374226186828,0.0889658432655,0.0159967577083,0.160603957436,0.00869254562644,0.105391687914,0.00650050827299,0.0675678805448,0.00308198747938,0.0477265556369,0.00126417102006,0.0377761694663,0.00230109481267,0.0276951201887,0.00195525319044,0.0163751224714,0.00111725105581,0.00958735849015,0.000641309746744,0.00794913882061,0.00062232454985,0.00557576359327,0.000263857740212,0.00169118188997,0.000360412820765,0.00336241878536,0.000282279493498,0.00323288454494,0.000512201337321,0.00224063117624,0.000739752459444,0.0058285756376,0.000879213884671,0.00693718533038,0.000782668743285,0.00499775074843,0.000901183776607,0.00448555345638,0.00111124738175,46875,46875,46874,90,612b3ac5be37504826b8660963dbde4882da4ab3b7f31bc98cca31db511af0ca,933610
doe_N030_C13,doe,C13,N030,22.627416998,-22.627416998,240,400,60,0.001,0.0001,0.08,0.1,2e-07,10000,0,1,12,0,0,0,0,False,800,15,12,8,3,1.6e-05,1.13104704512,22.623429494,0.255881630797,0.533086730828,22.6270214842,32.6095352173,0.0552721875228,22.719869283,-22.5265768351,0.0924522850048,0.100840162893,0.64,3855.68967304,3855.68967304,3822.88685688,3840,3840,0,0,0,0.00355910999052,-0.172922834754,60,0.5,0.75,True,True,True,True,True,True,True,22.623429494,0.00449975516327,0.0888011348807,0.0181143809641,0.167718422019,0.00750360257582,0.111986430082,0.0059377725768,0.0798324496018,0.00303654947139,0.0603807843817,0.000365917659146,0.0483135302559,0.00160841597031,0.0372069517499,0.00218208406644,0.0296413564405,0.0012817357854,0.0226231010628,0.00108755064451,0.0205258960425,0.000851585362575,0.0174833545189,0.000959344742511,0.0135002499672,0.00074712840651,0.0114123620243,0.000618963987239,0.00995236940153,0.000650249993222,0.00879963605985,0.000605526883777,0.00656627492828,0.000476162707149,0.00540540551087,0.00060878042993,0.00476934672337,0.000431749183051,0.0040648648031,0.000338697453628,46875,46875,46874,90,7c4d71d05a1fb8506fdf056886e44fe3b91a332114f16c90b8ca8e924eae22a8,940401
doe_N033_C13,doe,C13,N033,22.627416998,0,240,400,60,0.001,0.0001,0.08,0.1,2e-07,10000,0,1,12,0,0,0,0,False,800,15,12,8,3,1.6e-05,1.5875381102,15.9937858266,0.253907445262,0.528973844296,15.9990074026,22.9407424927,0.0592488586079,22.6184007782,0.101569561162,-0.00901621981159,0.101569561162,0.452548339959,3838.46989676,3838.46989676,-17.2369261104,3840,-0,0,0,0,0.00254039017846,-0.172922834754,60,0.5,0.75,True,True,True,True,True,True,True,15.9937858266,0.000900354964684,0.0805975741116,0.0201752403254,0.159901261605,0.00809638070752,0.112159821252,0.00457889436327,0.0825131228622,0.00244430643062,0.0646439616007,0.00189833870399,0.0506146065233,0.00128012264663,0.0403275290795,0.000925196384645,0.0340999478124,0.000442912852262,0.0287548359288,0.000574395326105,0.0238603581275,0.000403646799249,0.0205357870625,0.000482334861164,0.0174632928909,0.000455318263276,0.0150709024036,0.000418879554463,0.0134534248821,0.000288217574014,0.0117525853126,0.000271853884077,0.0103242720821,4.40713683298e-05,0.00902785590342,0.000138451250397,0.00823584057271,0.000200395887678,0.0073205169269,5.10430038809e-05,46875,46875,46874,90,51eb8565d983022983a84a8784e32bfd68b72de9581da4be0e4ba99e7ed75b1b,947213
doe_N036_C13,doe,C13,N036,22.627416998,22.627416998,240,400,60,0.001,0.0001,0.08,0.1,2e-07,10000,0,1,12,0,0,0,0,False,800,15,12,8,3,1.6e-05,1.13046144794,22.6230702803,0.25574508786,0.532802266375,22.6268847471,32.6283149719,0.0589582481776,22.5172102268,22.7284372849,-0.110206771164,0.10102028694,0.64,3821.29729075,3821.29729075,-3857.14371118,3840,-3840,0,0,0,0.00349786062053,-0.172922834754,60,0.5,0.75,True,True,True,True,True,True,True,22.6230702803,0.00217189460999,0.0893384669152,0.0171358417537,0.166882415949,0.00769804218237,0.113503322371,0.00562015559384,0.0786962602567,0.00270553143081,0.0582091806655,0.000466361164449,0.0493086544504,0.00161817001639,0.0401997872105,0.00174788481346,0.0301601186809,0.00150079481983,0.0219156296207,0.000893324888052,0.0194997670991,0.000941257340129,0.018004680633,0.000968397134459,0.0138391585403,0.000622647747825,0.00945638150338,0.000682875732865,0.00911120161462,0.000604315064633,0.00977009895365,0.000513077948597,0.00719048206527,0.000383929252678,0.0037482573306,0.000398130599114,0.00390038814905,0.000488015188585,0.00429838387011,0.000402727946298,46875,46875,46874,90,7ebd721a2126210e4055cc5e864e3b52379afb07df6e7bc1368d290b6d9b9eb0,934420
doe_N014_C14,doe,C14,N014,5.65685424949,-5.65685424949,240,400,60,0.001,0.0001,0.08,0.1,2e-07,10000,0,1,12,0,0,0,0,False,800,15,12,8,5,1.6e-05,2.60037545012,5.65255672364,0.146987697345,0.306224369469,5.66348432568,8.79817867279,0.0514857017572,5.67323698142,-5.6318005274,0.0163827319315,0.0250537220906,0.3,962.780241802,962.780241802,955.748242372,960,960,0,0,0,0.0027639530668,-0.172922834754,60,0.5,0.75,True,True,True,True,True,True,True,5.65255672364,0.00617694777646,0.0846562622757,0.0132497617067,0.0479924148283,0.00640506321242,0.085135592788,0.0073870660376,0.046462605694,0.00454302721302,0.0223182089775,0.00107915087358,0.00847868653167,0.000502715253141,0.00283220557031,0.00041192447871,0.00946411507129,0.00136090893729,0.0149975692941,0.00261224553709,0.0159764794261,0.00259204750014,0.0155221352555,0.0030691176027,0.0159290797028,0.00296492930289,0.015381734919,0.00321338167015,0.0133286087913,0.00260216213467,0.0104977904451,0.00250654396138,0.00884845362808,0.00202510562076,0.00734777639944,0.00180915713881,0.00493596585588,0.00106026640651,0.00275543751626,0.000670174378752,46875,46875,46874,90,decd390c04d0ada9e3685ca579d1e631ea3ea082655cc22b92ba27b29ab6be42,932684
doe_N015_C14,doe,C14,N015,5.65685424949,0,240,400,60,0.001,0.0001,0.08,0.1,2e-07,10000,0,1,12,0,0,0,0,False,800,15,12,8,5,1.6e-05,4.04445688383,3.99401170608,0.161536081388,0.336533502891,4.01024350672,6.14842128754,0.0573717320679,5.64832928702,0.0252048027936,-0.00852496247304,0.0252048027936,0.3,958.553265894,958.553265894,-4.27739687372,960,-0,0,0,0,0.0012490659307,-0.172922834754,60,0.5,0.75,True,True,True,True,True,True,True,3.99401170608,0.00202755995428,0.0781834243914,0.019724051329,0.0432911128477,0.0101713496305,0.0991718560683,0.00520157324136,0.0656807016798,0.00357913602953,0.0449556057727,0.00202492719555,0.0289504952659,0.00143814229825,0.0177598214472,0.000714126239714,0.0121579085094,0.000510394498195,0.00684568939174,0.000711975375875,0.00375357895699,0.000598005564024,0.00167422221287,0.000883425965886,0.00171092604613,0.000561080981925,0.0024309319808,0.000858874600274,0.00184201186017,0.000684662734105,0.00236947952455,0.000726927796214,0.0017613950575,0.000547103280505,0.00159765129448,0.000522754672382,0.000650068005781,0.000413234213326,0.000331275014718,0.000354298890907,46875,46875,46874,90,c2ad74d7e6b8c7331c2988c88843b027c8957a09b16008dd83166d8d00122180,939861
doe_N016_C14,doe,C14,N016,5.65685424949,5.65685424949,240,400,60,0.001,0.0001,0.08,0.1,2e-07,10000,0,1,12,0,0,0,0,False,800,15,12,8,5,1.6e-05,2.6065578572,5.65275036476,0.147342208781,0.30696293496,5.66391884667,8.82389259338,0.0530248555512,5.62321891048,5.6821283387,-0.0336353390117,0.02527408921,0.3,954.291893687,954.291893687,-964.289155168,960,-960,0,0,0,0.00205148846163,-0.172922834754,60,0.5,0.75,True,True,True,True,True,True,True,5.65275036476,0.00561209619397,0.0853150985831,0.0133943683517,0.0467318567671,0.0111171066296,0.0856980615846,0.00724412441037,0.0445662745926,0.00296050002283,0.0218816981775,0.000107648779367,0.0108553282797,0.000750710290832,0.00339103087766,0.000878669739983,0.0109168821826,0.00180586804354,0.0150486714497,0.00228452749017,0.0147769894113,0.00234597242513,0.0153747261244,0.00299231675077,0.018150063533,0.00283690743548,0.0163956149492,0.00278724063213,0.012101113121,0.00243908808997,0.0104245907382,0.00252548896905,0.0106645491951,0.00186712477565,0.00800947582925,0.00161611546935,0.0037106527626,0.0010212478726,0.00270850359973,0.000842099216078,46875,46875,46874,90,077d1c4b69f523d7683f036e300e27d88afded030c715b163452ae2071107ab2,925856
doe_N022_C14,doe,C14,N022,11.313708499,-11.313708499,240,400,60,0.001,0.0001,0.08,0.1,2e-07,10000,0,1,12,0,0,0,0,False,800,15,12,8,5,1.6e-05,1.61924494479,11.3096855584,0.183131511676,0.381523982659,11.3156193522,16.7978744507,0.0546144801275,11.3555660761,-11.2636181554,0.0418575771419,0.0500903435699,0.32,1927.10346639,1927.10346639,1911.49938681,1920,1920,0,0,0,0.0015409535636,-0.172922834754,60,0.5,0.75,True,True,True,True,True,True,True,11.3096855584,0.00434196812861,0.088221869766,0.0153222983619,0.0531243186366,0.00728130873179,0.107798248888,0.0066469414281,0.0733672697693,0.00451294129087,0.0519866488289,0.00102525032271,0.038333713943,0.00214334208327,0.0264723708062,0.00196191485355,0.0182715236608,0.00161943310433,0.0113218602805,0.000609641814266,0.00849093391186,0.000793071869809,0.00549428516489,0.000311317763468,0.00178116325527,0.000187395724109,0.000601822913663,0.000479950080654,0.00220260632256,0.000266717707879,0.00252732713326,0.000653074226097,0.00419679448479,0.000633564796952,0.00500836888824,0.000806524810113,0.00474365438832,0.000675743999628,0.00487238656082,0.00103062617031,46875,46875,46874,90,2b10432a9bc81ed9fff75b02cde8db49b97b5f562ee681d973acb60ec24470ab,940157
doe_N024_C14,doe,C14,N024,11.313708499,0,240,400,60,0.001,0.0001,0.08,0.1,2e-07,10000,0,1,12,0,0,0,0,False,800,15,12,8,5,1.6e-05,2.4937678531,7.9939963705,0.199351711666,0.41531606597,8.00295060298,11.8073253632,0.0590948271185,11.3051057052,0.0504077114753,-0.00860279379054,0.0504077114753,0.3,1918.54005748,1918.54005748,-8.554472306,1920,-0,0,0,0,0.0024622378908,-0.172922834754,60,0.5,0.75,True,True,True,True,True,True,True,7.9939963705,0.000265138269143,0.0799551471556,0.0185448094334,0.0471199330104,0.00915155706922,0.114016587211,0.00470029335009,0.0828881923963,0.00298177277328,0.0636743599699,0.00175487269571,0.0486716837026,0.00150412230419,0.0375325204758,0.000966693619385,0.0314169663935,0.000746017443936,0.025757527761,0.000410464511652,0.0210232616478,0.000424826303058,0.0169586016308,0.00028594326272,0.0137187734793,0.000278724943068,0.0112034920926,0.00038650793083,0.0101276476707,0.000295089702245,0.00767341661935,0.00026671320849,0.00616663584878,0.000127650357836,0.00532023275894,0.000238910123712,0.0047772842054,0.000290922220946,0.00383021146474,0.000375759297971,46875,46875,46874,90,50091c378f8bce8e0c72058cf8c518325601b8ac83b238c53b076a21191df303,952035
doe_N026_C14,doe,C14,N026,11.313708499,11.313708499,240,400,60,0.001,0.0001,0.08,0.1,2e-07,10000,0,1,12,0,0,0,0,False,800,15,12,8,5,1.6e-05,1.62246671478,11.3094855127,0.183492638057,0.382276329285,11.3156530758,16.8077049255,0.0565895891926,11.2543195688,11.3643836687,-0.0593889302277,0.0506751696784,0.32,1909.92136433,1909.92136433,-1928.59986147,1920,-1920,0,0,0,0.0037368468683,-0.172922834754,60,0.5,0.75,True,True,True,True,True,True,True,11.3094855127,0.0035761666403,0.0881346783147,0.014721405277,0.052717578277,0.0102301174738,0.108805816859,0.00668576092089,0.0719965314661,0.00309571212698,0.05042115875,0.000939640761874,0.0403070235093,0.0023068927291,0.0291212381329,0.00196656379507,0.0181022294799,0.00119680621685,0.0106561760733,0.000664196115405,0.00892705707286,0.000778594940924,0.00611916117014,0.000337742256977,0.00157416231353,0.00013184596247,0.00253100283264,0.000193347055484,0.00235989321656,0.000379077043953,0.00171089193087,0.00061126668201,0.00518654661926,0.000607434465152,0.00634813508527,0.000738841660256,0.00442057744704,0.000834060892067,0.0043190386617,0.00101483451061,46875,46875,46874,90,3d4a3e1b2c2cb7b94d1600bc9d8f7b53a19d355a63299bd6ae14afce964468bf,933148
doe_N030_C14,doe,C14,N030,22.627416998,-22.627416998,240,400,60,0.001,0.0001,0.08,0.1,2e-07,10000,0,1,12,0,0,0,0,False,800,15,12,8,5,1.6e-05,0.910726237223,22.6232186413,0.20603558787,0.429240808063,22.6262995777,32.7724952698,0.0552284243813,22.7202273572,-22.5257921552,0.0928103592057,0.101624842738,0.64,3855.75044025,3855.75044025,3822.7536923,3840,3840,0,0,0,0.00349583416996,-0.172922834754,60,0.5,0.75,True,True,True,True,True,True,True,22.6232186413,0.00431728056536,0.0891576409526,0.0168019914523,0.0549692645825,0.0082820591052,0.11531908263,0.00618038834673,0.0832310184058,0.00338112348327,0.0631362189971,0.000539699855416,0.0498686745608,0.00157606893544,0.0382089002919,0.00208128173057,0.0305233297319,0.00134236652,0.0238735338681,0.000754823847698,0.0211045068665,0.000972292437028,0.0177521206541,0.00104628609466,0.0137484615821,0.000762919685111,0.011703595139,0.000647462342696,0.0101701477058,0.000688726573665,0.00888323407355,0.000639267214861,0.00647673280998,0.000498067071829,0.00572548829102,0.00037738640943,0.00498696726571,0.000519180717404,0.00420588762426,0.000252465871713,46875,46875,46874,90,3715550f742f2a55bac8666e9d338238c663f6cf09a3b221af02edded648512e,941180
doe_N033_C14,doe,C14,N033,22.627416998,0,240,400,60,0.001,0.0001,0.08,0.1,2e-07,10000,0,1,12,0,0,0,0,False,800,15,12,8,5,1.6e-05,1.30458524669,15.9943582476,0.208660038001,0.434708412502,15.9989286157,23.1111736298,0.0599917951955,22.6192077619,0.102135853897,-0.0082092360811,0.102135853897,0.452548339959,3838.60684644,3838.60684644,-17.3330291743,3840,-0,0,0,0,0.00269397685583,-0.172922834754,60,0.5,0.75,True,True,True,True,True,True,True,15.9943582476,0.00118440032626,0.0811701434045,0.0184750223891,0.0474592941825,0.00854398472991,0.116349843537,0.00407912655518,0.0857839620946,0.00251976872982,0.0673912010861,0.00121480230403,0.0523299351841,0.000974229614833,0.0418823659714,0.00106583543088,0.0347676300054,0.000730945815637,0.0296491562972,0.00048011507219,0.0244539004545,0.000562157539905,0.0210305659653,0.000155282364091,0.0175718390079,0.000269529403107,0.0154413841178,0.00020967379596,0.0136553672239,0.000194806266083,0.0120200828138,0.00017447238371,0.0103493640172,5.3746558708e-05,0.00935174042282,0.000252959706324,0.00839623160078,0.000161583603418,0.00725904210835,0.000141111451842,46875,46875,46874,90,03bc322ce14788908d2ca9d5bb6c12516afa3d9cbb54a6e8453bafbb647c67fe,948149
doe_N036_C14,doe,C14,N036,22.627416998,22.627416998,240,400,60,0.001,0.0001,0.08,0.1,2e-07,10000,0,1,12,0,0,0,0,False,800,15,12,8,5,1.6e-05,0.912011322123,22.623808497,0.206331694988,0.429857697893,22.6271201781,32.7913322449,0.0593184915796,22.517536105,22.7295840169,-0.109880892955,0.102167018929,0.64,3821.35259411,3821.35259411,-3857.33831806,3840,-3840,0,0,0,0.00322654114183,-0.172922834754,60,0.5,0.75,True,True,True,True,True,True,True,22.623808497,0.00205014711492,0.0890569535022,0.0156874119541,0.0542939875338,0.00866147680713,0.117584752945,0.00581469137199,0.0816476148428,0.00246643682724,0.0605945545015,0.000509931844342,0.0507423905327,0.00151596474887,0.042037436096,0.00168723990456,0.0309528114524,0.00129581857777,0.0228630872997,0.000999112821382,0.0199205882198,0.00101851182322,0.01889594904,0.000910457974968,0.0139784076258,0.000557912539642,0.00982710629894,0.000769092313114,0.00906308795292,0.000835367125746,0.0100528729512,0.000592603939518,0.00715017697901,0.00038710699864,0.00388925461438,0.000383218749273,0.00381178984801,0.000587395501723,0.00436802097069,0.000423324886858,46875,46875,46874,90,2076b4df00cead3756b80e06d76203e71f4724391eb774756cdf0baaccde58d2,936083
doe_N014_C15,doe,C15,N014,5.65685424949,-5.65685424949,240,400,60,0.001,0.0001,0.08,0.1,2e-07,10000,0,1,12,0,0,0,0,False,800,15,12,8,7,1.6e-05,2.22936602965,5.65276231353,0.126020762755,0.262543255739,5.6631874168,8.75900268555,0.0520517266434,5.67361150643,-5.63183593694,0.0167572569423,0.0250183125533,0.3,962.843800804,962.843800804,955.75425157,960,960,0,0,0,0.0023958171925,-0.172922834754,60,0.5,0.75,True,True,True,True,True,True,True,5.65276231353,0.00628669264006,0.0849074408292,0.013582988507,0.0479108991876,0.00731701068744,0.0269909583859,0.00723801749887,0.0524037034128,0.00486899970035,0.0269016486214,0.00144065958055,0.0125027818272,0.000630693709574,0.000173208053529,0.000426062093793,0.00687549424676,0.0009977533303,0.0131196234616,0.00217560044871,0.0137340050206,0.00222524666664,0.0139117295658,0.00273289599951,0.0151610450119,0.00279011855081,0.0153471216408,0.00294304139495,0.0136207461229,0.00273381687069,0.0113314662804,0.0024543117517,0.00992512951524,0.00230658413687,0.00853083606616,0.00190714458788,0.00624606038855,0.00141575186686,0.00376888102432,0.00102806123426,46875,46875,46874,90,fcbec1ce305202098a60edb7609a774315485ebc8361cfc495b5a73a0ad8033a,932366
doe_N015_C15,doe,C15,N015,5.65685424949,0,240,400,60,0.001,0.0001,0.08,0.1,2e-07,10000,0,1,12,0,0,0,0,False,800,15,12,8,7,1.6e-05,3.50704471742,3.99423527019,0.140079617045,0.29183253551,4.00966784897,6.04861354828,0.0579571443011,5.64864733562,0.0247803365617,-0.00820691387189,0.0247803365617,0.3,958.607240532,958.607240532,-4.20536256549,960,-0,0,0,0,0.00134877299844,-0.172922834754,60,0.5,0.75,True,True,True,True,True,True,True,3.99423527019,0.00171825914962,0.0788406404286,0.0189775457741,0.0433576804953,0.00945214607042,0.0311846940028,0.00569809417827,0.0734743487492,0.00406919262126,0.0506970301815,0.00197369269032,0.0338163753043,0.00165080916119,0.0222553686071,0.00095983175902,0.0162215465275,0.000727858288574,0.00971066251884,0.000693158339736,0.00644913626171,0.000422990695296,0.00361244749861,0.000802699581689,0.00158594368902,0.00045481706866,0.00168506409529,0.000766441682422,0.00136027488723,0.00057963489356,0.00211895603296,0.000651687566668,0.00181041942119,0.000521305006058,0.00178333900899,0.000632800561214,0.00135850775805,0.000436210141508,0.000980835327847,0.000511996632936,46875,46875,46874,90,c5495e6dc33ef204c4a3c25c9766003edb11a79ce2be003d24974efefc874850,936673
doe_N016_C15,doe,C15,N016,5.65685424949,5.65685424949,240,400,60,0.001,0.0001,0.08,0.1,2e-07,10000,0,1,12,0,0,0,0,False,800,15,12,8,7,1.6e-05,2.23047496582,5.65268389634,0.126081699205,0.262670206677,5.66335486598,8.76219272614,0.0543233176678,5.62301426369,5.68219861094,-0.0338399858017,0.0253443614484,0.3,954.257163975,954.257163975,-964.301080763,960,-960,0,0,0,0.00294388679901,-0.172922834754,60,0.5,0.75,True,True,True,True,True,True,True,5.65268389634,0.00543835477872,0.0854910709675,0.0127879644406,0.0476512239543,0.00949635956347,0.0271448845591,0.00735162607024,0.0507301355201,0.0027124359237,0.0259782850129,0.000526607390229,0.0149026685041,0.00120137362506,0.00388583470144,0.00101173812891,0.00826826270888,0.00119119065133,0.0135274796014,0.00170500809102,0.0124027229959,0.00207447394031,0.013980180524,0.00309661685591,0.0169642164597,0.00272353600915,0.0164931368139,0.00249379436855,0.0120790463094,0.00240066849951,0.011269101907,0.00272368508246,0.0115321980652,0.00204820110222,0.00940694687213,0.00155602105274,0.00466551921765,0.00127536785676,0.00396566470842,0.00132456734359,46875,46875,46874,90,c05fbdc6bdf5b4669d60d0432cfe08ff2bed86398ed288ade73d38ebe95f62c3,926384
doe_N022_C15,doe,C15,N022,11.313708499,-11.313708499,240,400,60,0.001,0.0001,0.08,0.1,2e-07,10000,0,1,12,0,0,0,0,False,800,15,12,8,7,1.6e-05,1.37930621374,11.3094934934,0.155992546496,0.324984471867,11.3150189517,16.6849479675,0.0543972803809,11.355319352,-11.2634811922,0.0416108530445,0.0502273068117,0.32,1927.06159593,1927.06159593,1911.47614338,1920,1920,0,0,0,0.0022952240389,-0.172922834754,60,0.5,0.75,True,True,True,True,True,True,True,11.3094934934,0.00379830895537,0.0879191393692,0.0146554042552,0.0528906819076,0.00721505014459,0.0334774407091,0.00769784363182,0.0778657456535,0.00424314995878,0.0551238552812,0.00127493864507,0.0407701993282,0.00156956835087,0.0281604122016,0.00203169746229,0.019641492161,0.00118113464732,0.0121229077922,0.000833931358745,0.00952125754432,0.000562662537439,0.00673414091536,0.000425048893988,0.00260670695326,0.000286263023954,0.000295153829758,0.000140698049402,0.00116133410268,0.000279758417044,0.00185031696871,0.000475097017544,0.0038339008639,0.000713451680717,0.00472704939812,0.000784347360829,0.00439957622196,0.00073059670644,0.00443835473022,0.000948965365624,46875,46875,46874,90,9e58736dfab581cec5f021e121ef80c6f560e4b393c30781ae77b8bf0bcd307e,938665
doe_N024_C15,doe,C15,N024,11.313708499,0,240,400,60,0.001,0.0001,0.08,0.1,2e-07,10000,0,1,12,0,0,0,0,False,800,15,12,8,7,1.6e-05,2.17171033261,7.99396676083,0.173605802131,0.361678754439,8.00232371571,11.6871671677,0.0592573709282,11.3050657133,0.0499836416149,-0.00864278568585,0.0499836416149,0.3,1918.53327063,1918.53327063,-8.48250526423,1920,-0,0,0,0,0.00235316354804,-0.172922834754,60,0.5,0.75,True,True,True,True,True,True,True,7.99396676083,0.000697955679529,0.0805224736733,0.0185040044445,0.0464550374656,0.00822034616994,0.0350936439666,0.00585166234739,0.0884050900523,0.00291171412791,0.0678718799377,0.00217318757054,0.0502979567957,0.00131154684105,0.0393228958024,0.00114973879373,0.0332454510905,0.000644856761066,0.0269705784234,0.000556034254392,0.0213093935633,0.000513499424862,0.0181428721339,0.000388480244735,0.0150119612662,0.000395747773699,0.0120264735237,0.000182405067272,0.0104263887909,0.00016703769797,0.00866775529888,0.000137705872614,0.00724101213366,0.000250363374315,0.00594257496423,0.000265056975371,0.00522251004977,0.00035440979055,0.00444342878863,0.00037378878336,46875,46875,46874,90,77f28c0c7255fe6f9c6d309f5a8df17cd3462c3b573c962a9cd58b60777fd2e5,949118
doe_N026_C15,doe,C15,N026,11.313708499,11.313708499,240,400,60,0.001,0.0001,0.08,0.1,2e-07,10000,0,1,12,0,0,0,0,False,800,15,12,8,7,1.6e-05,1.37769296392,11.3098128605,0.155814496013,0.32461353336,11.3155673397,16.7039222717,0.056714485227,11.2546990722,11.3646593735,-0.059009426781,0.0509508745011,0.32,1909.9857682,1909.9857682,-1928.64665013,1920,-1920,0,0,0,0.0028112292,-0.172922834754,60,0.5,0.75,True,True,True,True,True,True,True,11.3098128605,0.0031856251941,0.0882064641119,0.0141098782296,0.0525093763339,0.00855193281745,0.0343231403322,0.00758643637229,0.0764450684099,0.00287013824243,0.0534448920035,0.000994224048888,0.0420561294745,0.00242037939702,0.0311177237708,0.00208624433057,0.0194931093986,0.000798440257528,0.0118319421127,0.000848333667291,0.00943808992356,0.000728798485738,0.00713795584108,0.000516675829113,0.00228923017717,0.000132607748515,0.00152089365275,0.000156513474523,0.00214277909588,0.000150682926695,0.0013012994366,0.000526798788822,0.00458390843266,0.000704795931602,0.00545857098948,0.00064991675989,0.00445282528933,0.000661066978892,0.00409299896098,0.000883386213264,46875,46875,46874,90,98125f382d78a28a2fe2bcbcabe59a2ce7ba8879fa289bb59737821b03b376bb,933982
doe_N030_C15,doe,C15,N030,22.627416998,-22.627416998,240,400,60,0.001,0.0001,0.08,0.1,2e-07,10000,0,1,12,0,0,0,0,False,800,15,12,8,7,1.6e-05,0.787357022572,22.6235037837,0.178127745793,0.371099470403,22.6263487301,32.6500663757,0.0557415380495,22.7203321717,-22.526259186,0.0929151736844,0.101157811942,0.64,3855.76822785,3855.76822785,3822.83295005,3840,3840,0,0,0,0.00443726780763,-0.172922834754,60,0.5,0.75,True,True,True,True,True,True,True,22.6235037837,0.00392911283967,0.0884897151931,0.0163633112303,0.055059836268,0.00806257497455,0.0357661170074,0.00641256711677,0.0869223570197,0.00370141563272,0.0655736686907,0.000857324343251,0.0519256142341,0.00158895702321,0.0396842712465,0.00192380351339,0.0316075343448,0.00115445643774,0.0243596397431,0.00106334138362,0.0215509021308,0.00105986565534,0.018289871865,0.000855068797178,0.0141139672511,0.000611181501772,0.0118440379,0.00064165042583,0.0103687177455,0.000782000998652,0.00905845293367,0.000645391489797,0.00681303966701,0.000314523864358,0.00581769847153,0.000417013635282,0.00514490869795,0.000493889735729,0.00421703105358,0.000402928909627,46875,46875,46874,90,e69d10067eb03e326fbfdd25568b723b6c9e62092d888c5854c9760f27d06d01,939351
doe_N033_C15,doe,C15,N033,22.627416998,0,240,400,60,0.001,0.0001,0.08,0.1,2e-07,10000,0,1,12,0,0,0,0,False,800,15,12,8,7,1.6e-05,1.12375106917,15.9936359571,0.179728655067,0.374434698055,15.9978547599,22.9848213196,0.0595390773893,22.6181968921,0.0997577480042,-0.00922010587884,0.0997577480042,0.452548339959,3838.43529615,3838.43529615,-16.9294512215,3840,-0,0,0,0,0.00314321451682,-0.172922834754,60,0.5,0.75,True,True,True,True,True,True,True,15.9936359571,0.000954024374742,0.0802416926191,0.0183356335148,0.047308431522,0.00830400714159,0.0355176961665,0.00549499106445,0.0901390817662,0.00326735964388,0.0691443942971,0.00209756899683,0.0537543517624,0.00153118376944,0.0419125937102,0.00129381979602,0.0353639143647,0.000838636614156,0.0295262252988,0.000549768474557,0.0246305904949,0.000450346314031,0.0209236314768,0.000457799212831,0.0179650556199,0.000181775445497,0.0154085338646,0.000353449545898,0.0134530952178,7.96301875873e-05,0.0116449788398,0.000130114782625,0.0104696922873,0.000148813945904,0.00918225804807,0.000140965023116,0.00808270872091,4.09741407306e-05,0.00721008326424,6.86818314716e-05,46875,46875,46874,90,76bb3d670070a5c291430f694f9c3e98fbb662abb2ce0d8a23b9d2419662636a,947303
doe_N036_C15,doe,C15,N036,22.627416998,22.627416998,240,400,60,0.001,0.0001,0.08,0.1,2e-07,10000,0,1,12,0,0,0,0,False,800,15,12,8,7,1.6e-05,0.784103597606,22.622963467,0.17738747043,0.369557230063,22.6260323537,32.6701583862,0.0597604036869,22.516746382,22.7286841773,-0.110670616013,0.101267179359,0.64,3821.21857367,3821.21857367,-3857.18561022,3840,-3840,0,0,0,0.00383341182629,-0.172922834754,60,0.5,0.75,True,True,True,True,True,True,True,22.622963467,0.00183288807923,0.0887437826916,0.0152713924232,0.0544352508699,0.00745347729063,0.0356847170919,0.00637929773371,0.0862569322659,0.00222045657487,0.0630605268644,0.000637243770886,0.052932579963,0.00178737583589,0.0427913161888,0.00149896712381,0.032061016804,0.000969057935875,0.0231592300138,0.00122298802771,0.0206103040888,0.00117343404479,0.0189708579956,0.000904098639417,0.0144111716235,0.000559772476581,0.00973111066712,0.000869636164436,0.00948071392786,0.000954963063647,0.0101502535507,0.000611936268836,0.00751621908135,0.00018939175314,0.00391027499482,0.000519785444716,0.00404840052305,0.00061456453828,0.00453284096808,0.000447770321162,46875,46875,46874,90,8b809e712c5fa469a88480b70c92775b07d4afbb313aa5b7181cf8466bc79950,936448
doe_N014_C16,doe,C16,N014,5.65685424949,-5.65685424949,240,400,60,0.001,0.0001,0.08,0.1,2e-07,10000,0,1,12,0,0,0,0,False,800,15,12,16,3,1.6e-05,3.39553495481,5.6525151681,0.191933128359,0.399860684081,5.66477964697,8.73146629333,0.0501009334378,5.67319473983,-5.63175966241,0.0163404903405,0.0250945870815,0.3,962.773073167,962.773073167,955.741307353,960,960,0,0,0,0.00358500283713,-0.172922834754,60,0.5,0.75,True,True,True,True,True,True,True,5.6525151681,0.00643563427549,0.0838006796421,0.0168869522755,0.137302288547,0.00682473232506,0.0798571577055,0.00759484326751,0.0417278654253,0.00418540125798,0.0174321402538,0.000967252874184,0.0049463976716,0.000994703897764,0.0063236226392,0.000735604046497,0.0123802880371,0.00231499079079,0.0181123255977,0.00281964828883,0.0177821465358,0.00361089950387,0.0169296635488,0.00343429318361,0.0167233610551,0.00372348767681,0.0151945936291,0.00323971394805,0.0125539095426,0.0029049221261,0.0093611950759,0.00233905426317,0.00756114287234,0.00179133150278,0.00594952712709,0.00140359053395,0.00336851353608,0.000617123832353,0.000640253452778,0.000295996901711,46875,46875,46874,90,f1397886cbc4f04ff7de23a8da7de029c9ed3c86e1466e99985e832272538477,932658
doe_N015_C16,doe,C16,N015,5.65685424949,0,240,400,60,0.001,0.0001,0.08,0.1,2e-07,10000,0,1,12,0,0,0,0,False,800,15,12,16,3,1.6e-05,5.03896055974,3.99361194384,0.201236530759,0.419242772415,4.01163553139,6.00811100006,0.0569544001419,5.64776343414,0.0253161619254,-0.00909081535482,0.0253161619254,0.3,958.457237476,958.457237476,-4.29629514506,960,-0,0,0,0,0.00136638598478,-0.172922834754,60,0.5,0.75,False,True,True,True,True,True,False,3.99361194384,0.00183128922936,0.0772143885591,0.0211909829776,0.138893018468,0.00970994197029,0.0928345109523,0.00553707009259,0.0604560868185,0.00303668798737,0.0390509061033,0.00205780564746,0.0239903008692,0.000770294891631,0.0126396158481,0.00066572393885,0.00779817395378,0.000719493064479,0.00326113703823,0.000650228153765,0.00148862597504,0.00113516957541,0.00257885818842,0.000717702008678,0.00285804248122,0.00101131782752,0.00324413490294,0.000784319323906,0.0020923777526,0.000783690375126,0.00211583510099,0.000682139763764,0.00134970748592,0.000449358794765,0.000745274152523,0.000619231114067,8.6175331459e-05,9.86818020441e-05,0.00100326659363,0.000449258712515,46875,46875,46874,90,cbe7165fe6f7e2b5ffc9224c2472c7ab644e148248fcd78afd64c2ebe16a4416,934464
doe_N016_C16,doe,C16,N016,5.65685424949,5.65685424949,240,400,60,0.001,0.0001,0.08,0.1,2e-07,10000,0,1,12,0,0,0,0,False,800,15,12,16,3,1.6e-05,3.38615589385,5.65207411086,0.191388040629,0.398725084645,5.66455191112,8.69563007355,0.0524672513083,5.6226225665,5.68137298405,-0.0342316829893,0.0245187345561,0.3,954.190690758,954.190690758,-964.160967233,960,-960,0,0,0,0.00292784454456,-0.172922834754,60,0.5,0.75,True,True,True,True,True,True,True,5.65207411086,0.00568879224422,0.0843140671508,0.016055876663,0.135957531716,0.0104261379422,0.0803601385835,0.00724235167521,0.0401600924973,0.00258863186346,0.0164543517162,5.98993378682e-05,0.00694180780965,0.000338319519258,0.00542418365868,0.00152757965143,0.0137939333569,0.00235625101061,0.0187374427471,0.00254336453382,0.0169105820095,0.00302108233683,0.0168285609961,0.00358596194176,0.0188222803989,0.00337597039509,0.0164437676733,0.00271945591763,0.0113446727411,0.0026822193851,0.00916610926286,0.00255316128729,0.00938293109954,0.00191841613843,0.00657916926829,0.000987489426022,0.00219738481323,0.000682008663624,0.000794035663339,0.000567803797392,46875,46875,46874,90,b544ff85de04902789730e126edc3ec55e1b306e662519d3d665c7d37e641741,924766
doe_N022_C16,doe,C16,N022,11.313708499,-11.313708499,240,400,60,0.001,0.0001,0.08,0.1,2e-07,10000,0,1,12,0,0,0,0,False,800,15,12,16,3,1.6e-05,2.04774421534,11.3095347373,0.231590343366,0.482479882012,11.3163578159,16.6736850739,0.0542185917563,11.3555700338,-11.2633112874,0.0418615348185,0.0503972115863,0.32,1927.10413803,1927.10413803,1911.44730958,1920,1920,0,0,0,0.00250221697982,-0.172922834754,60,0.5,0.75,True,True,True,True,True,True,True,11.3095347373,0.00441280590735,0.0878490368,0.0180169945774,0.155481199184,0.00713865689564,0.105193522608,0.00670514018043,0.0713351864784,0.00437421480312,0.0499976785521,0.00147884822485,0.0370203909816,0.00210373194055,0.0250957213275,0.00179919954204,0.017133296263,0.00148849147366,0.00980316586257,0.000793442574949,0.00756522196824,0.000771938907431,0.00471367849839,0.000329180494985,0.00107977610209,0.000126617053453,0.00178937983975,0.000328176567657,0.00270659203572,0.000294379089848,0.00331601764854,0.000796557091737,0.00491424297552,0.000937713544989,0.00594126389435,0.000950298393554,0.00552166011889,0.000940126483534,0.00534573077583,0.00119043459823,46875,46875,46874,90,d032ede78815d02e83f0e7bc1224bd17f0513a7d7003604d31e669254c5d4cf6,940016
doe_N024_C16,doe,C16,N024,11.313708499,0,240,400,60,0.001,0.0001,0.08,0.1,2e-07,10000,0,1,12,0,0,0,0,False,800,15,12,16,3,1.6e-05,3.04823554414,7.99383172922,0.243670820109,0.507647541893,8.00401646862,11.6601028442,0.0595928263249,11.3048715476,0.0507022992429,-0.00883695141442,0.0507022992429,0.3,1918.50031962,1918.50031962,-8.60446550793,1920,-0,0,0,0,0.00292176159609,-0.172922834754,60,0.5,0.75,True,True,True,True,True,True,True,7.99383172922,0.000323045307547,0.080303683647,0.02041105823,0.152014275671,0.00893368886199,0.111593009079,0.0045872832481,0.0817642302145,0.00322921782426,0.0625513461543,0.0017101484602,0.0479140678836,0.00136440788697,0.0364281251524,0.000927532927419,0.0302584675752,0.000707529019406,0.0242258281353,0.000715322497824,0.0197905588517,0.000462283807396,0.0158501159403,0.000431569541239,0.0127832824779,0.000208780269883,0.0100178284983,0.000352475257082,0.00868493535128,0.000223201011112,0.00672024060363,0.000326770204384,0.00563312235694,0.000247463698188,0.00474106404011,0.000197282082672,0.00367238142583,0.000200955984728,0.0034139190992,0.000178032534609,46875,46875,46874,90,1be80c54dd4575e131060c6e0ac15cbdb21ad127bbb6748aabdfe9245d098246,947654
doe_N026_C16,doe,C16,N026,11.313708499,11.313708499,240,400,60,0.001,0.0001,0.08,0.1,2e-07,10000,0,1,12,0,0,0,0,False,800,15,12,16,3,1.6e-05,2.04320925806,11.3092964818,0.231072592738,0.481401234871,11.3163331047,16.6637363434,0.0566276023753,11.2543422321,11.3639849855,-0.0593662668663,0.0502764865314,0.32,1909.92521043,1909.92521043,-1928.53220269,1920,-1920,0,0,0,0.0031126672567,-0.172922834754,60,0.5,0.75,True,True,True,True,True,True,True,11.3092964818,0.00350088709859,0.088192076382,0.0168264373056,0.154144214878,0.00917306376484,0.106128590366,0.00666863023601,0.0699913317572,0.00286120762052,0.0486506722042,0.00153591454914,0.0386627061955,0.00229865968511,0.027576342651,0.00185859489572,0.0168136079709,0.000969506830835,0.00916613847859,0.000864911307026,0.00786511221114,0.000815721560275,0.00501343662331,0.000362954628668,0.00183257899374,0.000291197706456,0.00361050662708,9.30570233055e-05,0.00309332137838,0.000405217969695,0.00257655383323,0.000979978068772,0.0057031239909,0.000999072067999,0.00715763492575,0.000739593588601,0.00526957616696,0.000880041883091,0.00481055103996,0.00132818428498,46875,46875,46874,90,2dc11dbbb24cdab3913955011354e13b2bb14a906d691143c0db9016192c7fca,931522
doe_N030_C16,doe,C16,N030,22.627416998,-22.627416998,240,400,60,0.001,0.0001,0.08,0.1,2e-07,10000,0,1,12,0,0,0,0,False,800,15,12,16,3,1.6e-05,1.12419849444,22.6236839277,0.254335114102,0.529864821046,22.6272580571,32.6341819763,0.055278537638,22.7199031655,-22.5270537149,0.0924861675181,0.100363283097,0.64,3855.69542309,3855.69542309,3822.96778607,3840,3840,0,0,0,0.00528717255581,-0.172922834754,60,0.5,0.75,True,True,True,True,True,True,True,22.6236839277,0.00457345278226,0.0892923978846,0.0189011543681,0.161504631907,0.00739103368166,0.11373449673,0.00619677237866,0.0817398510869,0.00299725786443,0.062375298097,0.000603017772398,0.0492798247277,0.00155851353925,0.0378581500374,0.00211735312288,0.0299073415255,0.00136898624043,0.0234820867974,0.00103764813329,0.0206780144746,0.00103108090071,0.017363763344,0.00113732097478,0.0132207547391,0.000666150986458,0.0115353462229,0.000717259556008,0.00987790124172,0.000715883775723,0.00860946197815,0.000572471553173,0.00618507161503,0.000412032840013,0.00556906634229,0.000530771527708,0.0049359751231,0.000425544932234,0.00408816175671,0.000293548578302,46875,46875,46874,90,f55417b119f9a789607204603897ff5220391d869bc72576df5a71c819ca8c7f,939289
doe_N033_C16,doe,C16,N033,22.627416998,0,240,400,60,0.001,0.0001,0.08,0.1,2e-07,10000,0,1,12,0,0,0,0,False,800,15,12,16,3,1.6e-05,1.58160271292,15.9943114974,0.252966464557,0.527013467827,15.9995187867,22.9634819031,0.0592030968217,22.6191489271,0.100510531854,-0.0082680708786,0.100510531854,0.452548339959,3838.59686184,3838.59686184,-17.0572028772,3840,-0,0,0,0,0.00315834932579,-0.172922834754,60,0.5,0.75,True,True,True,True,True,True,True,15.9943114974,0.000489528833177,0.0810159209165,0.0206365744866,0.153650510334,0.00859865923934,0.11451173515,0.00417545974359,0.084500218118,0.00268504710454,0.0665958756468,0.00114871560851,0.0517876865791,0.00108619526771,0.0410539442251,0.000827868897145,0.0343778142203,0.000693764387585,0.0290840682661,0.000641012899508,0.0241494824509,0.00070713368123,0.0210027427524,0.000441497167359,0.0177373918447,0.000530918184497,0.0153432672124,0.000252422541362,0.0136860188121,0.00031305702339,0.0117199459725,4.79101244071e-05,0.0102653220753,5.90932026575e-05,0.0090958059935,0.000179974584867,0.00818464884397,0.000120893300051,0.00724799334179,0.000182132853425,46875,46875,46874,90,2aa36e53ee7d73fbbe1564d82973eb272d72a2e0fa13a7423608e0c6421ac0ba,945785
doe_N036_C16,doe,C16,N036,22.627416998,22.627416998,240,400,60,0.001,0.0001,0.08,0.1,2e-07,10000,0,1,12,0,0,0,0,False,800,15,12,16,3,1.6e-05,1.12259151199,22.6234783679,0.253969247874,0.529102599738,22.6272724729,32.6421127319,0.0589199751472,22.5177184521,22.7287461738,-0.109698545895,0.101329175878,0.64,3821.38353943,3821.38353943,-3857.19613137,3840,-3840,0,0,0,0.00505133283024,-0.172922834754,60,0.5,0.75,True,True,True,True,True,True,True,22.6234783679,0.0022684962259,0.0896532278515,0.017946812668,0.160111674379,0.00859320332796,0.115815260885,0.00579453544567,0.0803595980357,0.00290157337055,0.0597663325832,0.000337780465262,0.0502440489119,0.00192572464184,0.0414689856653,0.00191588030873,0.0304364350159,0.00117009114112,0.0221402747815,0.000905056586275,0.019432733472,0.00095100487975,0.0186527854302,0.000873171357306,0.0136638990178,0.000631918450352,0.00919963038752,0.000599851041237,0.00868892526796,0.000756469227005,0.00973669209146,0.000547157818431,0.00722819447683,0.000343426594187,0.00380340459607,0.0003502088629,0.00371669786875,0.000438484597036,0.00436511343116,0.0003263575706,46875,46875,46874,90,a56fc6577fa7bff116b3fa5bf7acd18c3e3591876d4c98f7a4fb7957fa776716,932894
doe_N014_C17,doe,C17,N014,5.65685424949,-5.65685424949,240,400,60,0.001,0.0001,0.08,0.1,2e-07,10000,0,1,12,0,0,0,0,False,800,15,12,16,5,1.6e-05,2.58574037256,5.65265181727,0.14616290016,0.304506041999,5.6635500797,8.77666378021,0.0505654694388,5.67331053066,-5.63191732515,0.0164562811636,0.0249369243427,0.3,962.792723521,962.792723521,955.768063607,960,960,0,0,0,0.00260627790638,-0.172922834754,60,0.5,0.75,True,True,True,True,True,True,True,5.65265181727,0.00543120438625,0.0839393844819,0.0138183658849,0.0473548020071,0.0061531038689,0.0825833722973,0.00831354441521,0.0485894815401,0.00478528367029,0.023914052327,0.00116129128702,0.00954483625401,0.000678193471365,0.00252905137509,0.000313904915009,0.00956926792611,0.00174180794499,0.0152449902171,0.00246735113191,0.0160478327898,0.00313851489276,0.0157086307362,0.00312918839755,0.016235805705,0.00332507497548,0.0156376471105,0.00326316594986,0.0134701010667,0.00289087221816,0.0106550037757,0.00253567408227,0.00894805486008,0.00214281028968,0.00741582779932,0.00178836430283,0.0049082533433,0.0010602376814,0.00274455868068,0.000704590440975,46875,46875,46874,90,525933fdbd3b9997dfba625affa05d23f809013f97e57fa763c5bf0d78963c4a,932018
doe_N015_C17,doe,C17,N015,5.65685424949,0,240,400,60,0.001,0.0001,0.08,0.1,2e-07,10000,0,1,12,0,0,0,0,False,800,15,12,16,5,1.6e-05,4.03275997944,3.99449733408,0.161088489868,0.335601020559,4.01071048634,6.14317846298,0.0574220191151,5.64901298509,0.0258881857454,-0.00784126440122,0.0258881857454,0.3,958.669293305,958.669293305,-4.39337080636,960,-0,0,0,0,0.000946771944025,-0.172922834754,60,0.5,0.75,True,True,True,True,True,True,True,3.99449733408,0.00140882889914,0.0775260817026,0.019595968323,0.0420389910675,0.0098874302641,0.0960106256269,0.00571431151383,0.0680817774576,0.0036651157524,0.0477802931919,0.00211775314741,0.0300878884064,0.00136084426402,0.0189787681254,0.000538479948374,0.0119396458027,0.000520527594624,0.00694551334892,0.00050839710572,0.00299957856802,0.000589064496773,0.00133727398653,0.000660813856436,0.00189721981748,0.000618668048375,0.00228212862144,0.000864137137196,0.00257054427233,0.000660281018405,0.00220010505426,0.000850151475899,0.00201584127961,0.000467335903515,0.00137230706035,0.000630870576397,0.00111553789194,0.000298977478711,0.00058081714921,0.000444980124214,46875,46875,46874,90,7dab274d6813c1777a1fec436fd2ccb99829d43e37035ab68254b3e0c6ea3963,939650
doe_N016_C17,doe,C17,N016,5.65685424949,5.65685424949,240,400,60,0.001,0.0001,0.08,0.1,2e-07,10000,0,1,12,0,0,0,0,False,800,15,12,16,5,1.6e-05,2.58617634726,5.65279604565,0.146191274292,0.304565154774,5.66392932303,8.82597255707,0.0522597769991,5.6232941855,5.68214473336,-0.0335600639969,0.0252904838674,0.3,954.304668281,954.304668281,-964.291937434,960,-960,0,0,0,0.00284149281324,-0.172922834754,60,0.5,0.75,True,True,True,True,True,True,True,5.65279604565,0.00500779035433,0.0844885454705,0.0137987477064,0.0460147323754,0.01170657372,0.0825142618756,0.00838602770024,0.0469017070623,0.00273648872313,0.0229800159526,0.000309129580282,0.011370231531,0.000906679768869,0.00335028735439,0.00116619045374,0.0112965855605,0.00197969787528,0.0155990798873,0.00215830995712,0.0153027972816,0.00252351157477,0.0155805807876,0.00303394212881,0.0185538418153,0.00311119129512,0.0168126488935,0.00289456877565,0.0125304611626,0.00260962402797,0.0103607003353,0.00262817243723,0.0107569147605,0.00209321932394,0.00809236421262,0.00163066773405,0.00382735729844,0.00111641526894,0.00255277259094,0.000960184687946,46875,46875,46874,90,e24cee7fc4dabec509123abf2aa021ce54ffa78ae814bdd441691405a8d843ac,924721
doe_N022_C17,doe,C17,N022,11.313708499,-11.313708499,240,400,60,0.001,0.0001,0.08,0.1,2e-07,10000,0,1,12,0,0,0,0,False,800,15,12,16,5,1.6e-05,1.61595090418,11.3095725514,0.182757139903,0.380744041464,11.3154995625,16.7671699524,0.0542545909748,11.3553074162,-11.2636519866,0.041598917199,0.0500565124288,0.32,1927.05957035,1927.05957035,1911.50512815,1920,1920,0,0,0,0.00339023154201,-0.172922834754,60,0.5,0.75,True,True,True,True,True,True,True,11.3095725514,0.00394337854073,0.0871192786757,0.0155990191081,0.0527813357126,0.00750270527632,0.104010671626,0.0074653916187,0.0761429790379,0.00463605903178,0.0544798390182,0.00145384410564,0.0398487231484,0.00162913546983,0.0271846964021,0.00223150168713,0.0187550823397,0.00135584577343,0.0114554669384,0.000615541944684,0.00845558962125,0.000511463994825,0.00539166692311,0.000300176376345,0.00167236511279,0.000304412621173,0.000950657423571,0.000179132663777,0.0024063396954,0.000444342406463,0.0027572790347,0.000578011422375,0.00469209931922,0.00078496496667,0.00541637615565,0.000819088973912,0.00510536986312,0.000846074264121,0.00518062632048,0.00114488014281,46875,46875,46874,90,b5398cdc254ed0b67fe616f5bac1ca0133dcd9776c1a31c6ccea66fc27a9a017,939782
doe_N024_C17,doe,C17,N024,11.313708499,0,240,400,60,0.001,0.0001,0.08,0.1,2e-07,10000,0,1,12,0,0,0,0,False,800,15,12,16,5,1.6e-05,2.5022847355,7.99440711743,0.200042828993,0.416755893735,8.00338277278,11.7968959808,0.059589709072,11.3056864332,0.0504439539108,-0.0080220657754,0.0504439539108,0.3,1918.63861029,1918.63861029,-8.56062285125,1920,-0,0,0,0,0.00187496582544,-0.172922834754,60,0.5,0.75,True,True,True,True,True,True,True,7.99440711743,0.000154493338172,0.0796638609568,0.0186256072868,0.0459714021842,0.00975056490773,0.110337087544,0.00515621717735,0.0856623345277,0.00314144673318,0.0670138926079,0.00180867687098,0.0505298738377,0.0014902086324,0.0392613120708,0.000892847775071,0.0315257895756,0.000742594967777,0.0259384531815,0.000429043529359,0.0207962511141,0.000530871076114,0.0173241136355,0.000313835640659,0.0133878753022,0.000342067653721,0.0112255667399,0.000302442454554,0.00986103158477,0.000189856312079,0.00804663295699,0.000244341443871,0.00619242207896,9.87145804463e-05,0.00549793729523,0.000236288810683,0.00467693297419,0.00018300763682,0.00402059589911,0.000364372260463,46875,46875,46874,90,de22472aa70dd7aa46d7c0ab966f53b80603693bb2b948ab6438844bd085436b,951412
doe_N026_C17,doe,C17,N026,11.313708499,11.313708499,240,400,60,0.001,0.0001,0.08,0.1,2e-07,10000,0,1,12,0,0,0,0,False,800,15,12,16,5,1.6e-05,1.61497366819,11.3097002326,0.182648680708,0.380518084808,11.3158542986,16.8055419922,0.056476196648,11.2547038573,11.3644304647,-0.0590046417159,0.0507219656982,0.32,1909.98658025,1909.98658025,-1928.60780302,1920,-1920,0,0,0,0.00296719310791,-0.172922834754,60,0.5,0.75,True,True,True,True,True,True,True,11.3097002326,0.00312148630757,0.0872634539323,0.0151021398749,0.0514363724111,0.0105846080561,0.104909457896,0.00718609631931,0.0745455780986,0.00302019061282,0.0525934393438,0.00125030452281,0.0413645756694,0.00271705732159,0.0303410417792,0.00227093811861,0.0183227112748,0.00106849800219,0.0108161091968,0.000674677598354,0.00847454908965,0.000838145861965,0.00609612111165,0.000450106903569,0.00176401050333,0.000290425042984,0.00282526069565,0.000311509496524,0.00307272256734,0.000377100392387,0.00191386012332,0.000564915498772,0.00552308558366,0.000694912371879,0.00664594614157,0.00089270441838,0.00516641112718,0.00077036951469,0.00459669045355,0.00104758581378,46875,46875,46874,90,6b96fee8190da263ea92f55203260b83c97682fd7a3ef88339266c1b954043c8,932682
doe_N030_C17,doe,C17,N030,22.627416998,-22.627416998,240,400,60,0.001,0.0001,0.08,0.1,2e-07,10000,0,1,12,0,0,0,0,False,800,15,12,16,5,1.6e-05,0.916022033854,22.6237400923,0.207238444128,0.4317467586,22.6268329563,32.7529907227,0.0555291891792,22.7203717551,-22.5266939173,0.0929547571156,0.10072308069,0.64,3855.77494538,3855.77494538,3822.90672639,3840,3840,0,0,0,0.00324668601426,-0.172922834754,60,0.5,0.75,True,True,True,True,True,True,True,22.6237400923,0.00411430380674,0.0879603836171,0.0169128724973,0.0546662479922,0.00888893998772,0.112125737083,0.00647543840884,0.0864286331035,0.00373036792328,0.0657764618181,0.000847368750775,0.0524362527436,0.00115171567226,0.0402656453869,0.00182294642331,0.0319363424864,0.00117922802828,0.0244038637382,0.00110300444486,0.0213155788024,0.00097289595607,0.0182654444623,0.0007935763228,0.0139856955666,0.000617039062017,0.0117544629769,0.000781579336625,0.0099822389095,0.000632754077002,0.00882273582316,0.000647964637971,0.00665198016868,0.000322518148203,0.00584938922649,0.00045575535345,0.00481300865816,0.000525584638379,0.00407801598639,0.000273194830169,46875,46875,46874,90,0cf615a55e89d07c82de2b74d4ab1e91b85f3ed0a812db15b39085b35101067e,940164
doe_N033_C17,doe,C17,N033,22.627416998,0,240,400,60,0.001,0.0001,0.08,0.1,2e-07,10000,0,1,12,0,0,0,0,False,800,15,12,16,5,1.6e-05,1.31365636366,15.9938366007,0.210104052299,0.437716775622,15.9984248207,23.0939884186,0.0593468924173,22.618472593,0.101567612799,-0.00894440501702,0.101567612799,0.452548339959,3838.48208413,3838.48208413,-17.2365954621,3840,-0,0,0,0,0.00227214704112,-0.172922834754,60,0.5,0.75,True,True,True,True,True,True,True,15.9938366007,0.000956734210613,0.0797766999773,0.0190575291083,0.0465067193937,0.00966336118305,0.111957349878,0.00502737353181,0.0897006008998,0.00304861167267,0.0705718010222,0.00175877274567,0.0553561177749,0.00125126106397,0.0435615817533,0.000862615834929,0.0363864366409,0.000469427298913,0.030397932831,0.000351813829589,0.0252737365849,0.000178207962375,0.0213400805348,0.000304559493628,0.01817315781,0.000146949006576,0.015870796225,0.000246563927732,0.0138882274201,0.000184765690287,0.012090657028,0.00015054417245,0.010574933612,0.000224684107885,0.00947829644855,0.000150679251448,0.00858281685723,8.87151765771e-05,0.00753051189685,0.000112669949432,46875,46875,46874,90,f0a94a8527986e5366f2902981f4eae0e5a06824f182759186c3efaf86c10ff5,946991
doe_N036_C17,doe,C17,N036,22.627416998,22.627416998,240,400,60,0.001,0.0001,0.08,0.1,2e-07,10000,0,1,12,0,0,0,0,False,800,15,12,16,5,1.6e-05,0.914949364089,22.6229404351,0.20698844965,0.43122593677,22.6262574867,32.7825965881,0.0589081979857,22.5171995254,22.7281893999,-0.110217472599,0.100772401956,0.64,3821.29547465,3821.29547465,-3857.10164371,3840,-3840,0,0,0,0.00386938001341,-0.172922834754,60,0.5,0.75,True,True,True,True,True,True,True,22.6229404351,0.00221909065896,0.0884306791878,0.0162130005465,0.0535096387029,0.00958549209149,0.11232423586,0.00654721531438,0.0856103603043,0.00264957486183,0.0640913564739,0.00030397718671,0.0535089404525,0.00203864730881,0.0432574397297,0.00197341286302,0.0321894997954,0.00120231906038,0.0235450151233,0.00111718901512,0.0205758364347,0.000972558807591,0.0187788457357,0.000994324603551,0.0141045314835,0.000634422362284,0.00975201190092,0.000700880911151,0.00924171999925,0.000744088629576,0.0099726323477,0.00071346138123,0.00726589122411,0.000309283158712,0.0037804238705,0.000526397863549,0.00398570579617,0.000428116983791,0.00442228381223,0.000401007531151,46875,46875,46874,90,6539000ced8527b6401d3a543d97c8654130b01b0039c155de7512210beccfb5,935850
doe_N014_C18,doe,C18,N014,5.65685424949,-5.65685424949,240,400,60,0.001,0.0001,0.08,0.1,2e-07,10000,0,1,12,0,0,0,0,False,800,15,12,16,7,1.6e-05,2.23156591854,5.65251851277,0.12613967667,0.262790993063,5.66294275886,8.77913475037,0.0515055814354,5.67320127985,-5.63175978826,0.0163470303566,0.025094461232,0.3,962.774183044,962.774183044,955.74132871,960,960,0,0,0,0.00276799406647,-0.172922834754,60,0.5,0.75,True,True,True,True,True,True,True,5.65251851277,0.00561940832767,0.0843098335294,0.0139790319085,0.0472914631326,0.00705379000312,0.0267167219109,0.00768957304302,0.0517086539421,0.00568427080189,0.0292760704554,0.00190888777787,0.0138088678994,0.000418468694441,0.000590808880245,0.000216483663943,0.00695942013338,0.00126087282,0.0136402520115,0.00220457252819,0.0143732449992,0.00279923798789,0.0143176249982,0.00271054062338,0.0156375684678,0.00310597055694,0.0155582272422,0.00287971382725,0.0138978535989,0.00292867780858,0.0114881407983,0.00270164194101,0.0101355245349,0.00240545989343,0.00860302659513,0.00207625485258,0.00634739191946,0.00147981904689,0.00386092442023,0.00117349702488,46875,46875,46874,90,34255f3f01b5cfc1b96d6971027f34a732bf3e5351b80df3b9f99d2e1d67c91b,932889
doe_N015_C18,doe,C18,N015,5.65685424949,0,240,400,60,0.001,0.0001,0.08,0.1,2e-07,10000,0,1,12,0,0,0,0,False,800,15,12,16,7,1.6e-05,3.51410549259,3.99362688289,0.140340261645,0.292375545094,4.00907040021,6.05713844299,0.0578981754835,5.647785673,0.0250669365526,-0.00906857649217,0.0250669365526,0.3,958.461011536,958.461011536,-4.25400019678,960,-0,0,0,0,0.00204068118995,-0.172922834754,60,0.5,0.75,True,True,True,True,True,True,True,3.99362688289,0.00156459463014,0.0770861017547,0.0188365938393,0.0428688334563,0.00929264862725,0.0301029289624,0.00559841989768,0.0728762735199,0.00407941523684,0.0536674200369,0.00226831562278,0.0365958128332,0.00163401428652,0.0228665862765,0.00105503615064,0.0171621272024,0.000487154272112,0.00965972130298,0.000589631297451,0.00588369899216,0.000265932726548,0.002931329247,0.000513728316925,0.000802007243956,0.000603820846341,0.00178510611807,0.000619255942352,0.00128324985445,0.000714537054781,0.00198802281462,0.000627924938466,0.00213094020794,0.000645009325079,0.00170562344912,0.000518629347668,0.00166265227719,0.000511654930388,0.000949377556575,0.000516764279923,46875,46875,46874,90,6f377f9748f5e7063822d972b6bc602fa1adfc3b38c3cd2d233680c2773dbb95,935916
doe_N016_C18,doe,C18,N016,5.65685424949,5.65685424949,240,400,60,0.001,0.0001,0.08,0.1,2e-07,10000,0,1,12,0,0,0,0,False,800,15,12,16,7,1.6e-05,2.2299158259,5.65248951726,0.126045758303,0.262595329797,5.66315241291,8.74437713623,0.0534349810829,5.6229772768,5.68184846949,-0.0338769726959,0.0249942199927,0.3,954.250887091,954.250887091,-964.241659787,960,-960,0,0,0,0.00214667965196,-0.172922834754,60,0.5,0.75,True,True,True,True,True,True,True,5.65248951726,0.00520680150844,0.0842585298969,0.013798746203,0.0469996028785,0.00948200033742,0.0261149348117,0.00729126389701,0.0508446648866,0.00292196909387,0.0278511024263,0.00103462956098,0.01626841258,0.00139832078119,0.00407250533659,0.000989850852716,0.00859681310553,0.00173704409359,0.014325023181,0.00187732268634,0.0130292709306,0.00250902716817,0.014434198162,0.0029812533894,0.0176080485204,0.00304597901407,0.0170755516244,0.00255706089236,0.0127426647322,0.00270977966801,0.0113085846239,0.00272896167463,0.011941130436,0.00233260933237,0.00936073758429,0.00161565328535,0.00498401815084,0.00143881622285,0.00368600371925,0.00128411143237,46875,46875,46874,90,75183d44bf708071fff116ba4264af0d32be35791ca5e5adbd4ae6afe9259ad1,926224
doe_N022_C18,doe,C18,N022,11.313708499,-11.313708499,240,400,60,0.001,0.0001,0.08,0.1,2e-07,10000,0,1,12,0,0,0,0,False,800,15,12,16,7,1.6e-05,1.38995683368,11.3097064733,0.157200037995,0.327500079156,11.3152522804,16.7233371735,0.0549220958518,11.355469836,-11.2637571807,0.0417613370512,0.049951318262,0.32,1927.08713391,1927.08713391,1911.52298019,1920,1920,0,0,0,0.00283924392519,-0.172922834754,60,0.5,0.75,True,True,True,True,True,True,True,11.3097064733,0.0042615286286,0.087423049768,0.0156570797538,0.0517268082873,0.00762996149018,0.0325810123773,0.007077203621,0.0763197616535,0.00543003325593,0.059022033505,0.00150305457881,0.0437174202935,0.00181247454253,0.0298707449234,0.00202501480904,0.0202654789715,0.0016708169224,0.0125200692049,0.000697493629395,0.00957236246119,0.000538808827718,0.00640963698764,0.000433629090491,0.00216256535927,0.000206145169421,0.000209267106407,0.000248604249001,0.00132490970458,0.000305596429115,0.00236397070382,0.000631072968842,0.00429273632273,0.000584833547335,0.00504508961379,0.00071410978388,0.00468207449952,0.000821991242559,0.0049390057605,0.00103088581312,46875,46875,46874,90,18fe62ca402a822924c12eb62b4446d1171817bd0d38bf6df613c46f4253ea62,938630
doe_N024_C18,doe,C18,N024,11.313708499,0,240,400,60,0.001,0.0001,0.08,0.1,2e-07,10000,0,1,12,0,0,0,0,False,800,15,12,16,7,1.6e-05,2.19843770324,7.99418403966,0.175747155994,0.366139908322,8.00259143152,11.7063302994,0.0597283440356,11.3053752339,0.0494746389704,-0.00833326504617,0.0494746389704,0.3,1918.58579803,1918.58579803,-8.39612465105,1920,-0,0,0,0,0.00225799620261,-0.172922834754,60,0.5,0.75,True,True,True,True,True,True,True,7.99418403966,9.33026519246e-05,0.0793827295967,0.0180400671728,0.0454584192715,0.00867649432853,0.0340667214616,0.00571244309694,0.0868470026087,0.00358649024868,0.0720800614003,0.0021417038496,0.0543009883237,0.00166281722525,0.0416967518627,0.000848734454889,0.0350328707077,0.000690349006839,0.0275982851964,0.000473714218196,0.022031335894,0.000455747896591,0.0182448681782,0.00026329374304,0.0151073573031,0.000292640161563,0.0118023597796,0.000211433946684,0.0104796890729,0.000112133419678,0.00835016015644,0.000245444518265,0.00682775822789,0.000110871926888,0.00584256798223,0.000309189814959,0.00497667077026,0.000208423351459,0.00421010988043,0.000320467629649,46875,46875,46874,90,f029631b72a52af6d80cc6e33dbd5bdb40712893d1a5902caafe2a3a161c5951,949832
doe_N026_C18,doe,C18,N026,11.313708499,11.313708499,240,400,60,0.001,0.0001,0.08,0.1,2e-07,10000,0,1,12,0,0,0,0,False,800,15,12,16,7,1.6e-05,1.38297037618,11.309782684,0.15641094413,0.325856133605,11.315546579,16.6942825317,0.0567178486494,11.2545697411,11.3647273906,-0.0591387579022,0.0510188915898,0.32,1909.96381998,1909.96381998,-1928.65819301,1920,-1920,0,0,0,0.00199455214888,-0.172922834754,60,0.5,0.75,True,True,True,True,True,True,True,11.309782684,0.00335543013261,0.0868248738961,0.0149131804048,0.0513842691776,0.00878588198928,0.0336348018485,0.0073113390114,0.0749369440128,0.00323981520996,0.0561987524877,0.00126418773523,0.0453690288204,0.00276567594745,0.0334285595553,0.00213965120338,0.0200865129619,0.0011133568308,0.0112291644044,0.000690007610773,0.00961465636722,0.000814468878001,0.00732771336334,0.00025513761499,0.00234091365197,0.000423026353214,0.00260870907135,0.000370150022748,0.00286076843664,0.000194720209918,0.0012090046642,0.00047944133401,0.0050622228147,0.000740682491669,0.00665317253131,0.000663265279784,0.00505975818114,0.000652123415787,0.00418453033111,0.000902266196801,46875,46875,46874,90,b5ea92b3ccf4c1aa858f14c43dee1209cf6afafe1c50e494181aa6eea8a2f126,933571
doe_N030_C18,doe,C18,N030,22.627416998,-22.627416998,240,400,60,0.001,0.0001,0.08,0.1,2e-07,10000,0,1,12,0,0,0,0,False,800,15,12,16,7,1.6e-05,0.803019743248,22.6233926782,0.181670309799,0.37847981208,22.6262660149,32.6682434082,0.0556380105279,22.7201136096,-22.5262564603,0.0926966115873,0.101160537702,0.64,3855.73113664,3855.73113664,3822.83248747,3840,3840,0,0,0,0.00304077110156,-0.172922834754,60,0.5,0.75,True,True,True,True,True,True,True,22.6233926782,0.00441931944032,0.0881958270696,0.0163328342765,0.0537026931613,0.00818748945689,0.0350728170719,0.0066831083869,0.0857276460043,0.00412989066401,0.0710143431413,0.000569349448642,0.0561686551913,0.00166901589822,0.0425153435733,0.0021061954477,0.0334123325226,0.00140545493433,0.0258180890533,0.00106973164759,0.0227122948723,0.000998124787903,0.01896646401,0.00109436109447,0.014142411535,0.000731836203797,0.0121544644913,0.000624738110582,0.0105945600621,0.000773179607779,0.00914657766884,0.000719444348075,0.00671216523472,0.000341794366986,0.00577953719134,0.000416453429947,0.00514098121647,0.000451897969789,0.0043715245484,0.00040389426345,46875,46875,46874,90,01261e861ea66fd6ac5ddc20e1057c3f470e22fbe87c8304a5da603baa9cd163,939344
doe_N033_C18,doe,C18,N033,22.627416998,0,240,400,60,0.001,0.0001,0.08,0.1,2e-07,10000,0,1,12,0,0,0,0,False,800,15,12,16,7,1.6e-05,1.15806081385,15.9939132722,0.185219242205,0.385873421261,15.9981950022,23.0000457764,0.0594450783825,22.618575886,0.102705425952,-0.0088411119816,0.102705425952,0.452548339959,3838.49961354,3838.49961354,-17.4296887573,3840,-0,0,0,0,0.00281250472816,-0.172922834754,60,0.5,0.75,True,True,True,True,True,True,True,15.9939132722,0.00131360789685,0.0796696434349,0.0181512555309,0.0458680524103,0.00802826442905,0.0350195583156,0.0057216915861,0.0889615475657,0.00298489917359,0.0751412439941,0.00241419253385,0.0587689552044,0.00137816565644,0.0463755403174,0.00121944563314,0.0383106403566,0.000927408469228,0.0320092976874,0.000839598242591,0.026214945745,0.000457353408108,0.0223038604382,0.000700889111413,0.0188635513007,0.000234328807694,0.0162966237327,0.000307344871888,0.0141991892197,0.000154328274449,0.0124987365043,0.000167805598546,0.0112144205034,0.000124147858542,0.00981922737513,0.000186287989569,0.00868502708028,0.000139213934335,0.00780569610283,6.86954989027e-05,46875,46875,46874,90,e730ff4a5e6b43dde2f3475a481153c52537ab95a113cb4970980c9a5a01f93d,947251
doe_N036_C18,doe,C18,N036,22.627416998,22.627416998,240,400,60,0.001,0.0001,0.08,0.1,2e-07,10000,0,1,12,0,0,0,0,False,800,15,12,16,7,1.6e-05,0.801606455147,22.6231352893,0.181348512835,0.37780940174,22.6262364347,32.6702613831,0.0600760632425,22.5175570347,22.7282231118,-0.109859963253,0.100806113861,0.64,3821.356146,3821.356146,-3857.10736481,3840,-3840,0,0,0,0.00429603327375,-0.172922834754,60,0.5,0.75,True,True,True,True,True,True,True,22.6231352893,0.00211317836012,0.0878008206142,0.0150500446468,0.053494257363,0.0080918502999,0.0352271215354,0.00629398003755,0.0861823295091,0.00221256510937,0.0683101393508,0.00063197073803,0.0569364550748,0.00231198523277,0.0460656261835,0.00194514691985,0.0344348768097,0.000742702658078,0.0247033412018,0.00124234770031,0.0214101949928,0.00131159647339,0.0196286995711,0.00116700455219,0.0148380648368,0.000323883834423,0.0101940819141,0.000692976586805,0.00936623566119,0.000967835870496,0.00998916519101,0.000726912049865,0.00751868907113,0.000257027473267,0.00420469546072,0.000503060797115,0.00402610573534,0.000589574037653,0.00422087435767,0.000576329857973,46875,46875,46874,90,0522aa6b97473d32e8abd36c9dafef5516041d91ad1b312a2dd2b232d780d014,935471
doe_N014_C19,doe,C19,N014,5.65685424949,-5.65685424949,240,400,60,0.001,0.0001,0.08,0.1,2e-07,10000,0,1,12,0,0,0,0,False,800,15,18,4,3,1.6e-05,3.30478659286,5.65276477916,0.186811812548,0.389191276141,5.66486550155,8.6751241684,0.0506581840084,5.67359338257,-5.63185914473,0.0167391330823,0.0249951047582,0.3,962.840725083,962.840725083,955.758190063,960,960,0,0,0,0.00360340064778,-0.172922834754,60,0.5,0.75,True,True,True,True,True,True,True,5.65276477916,0.00614861321429,0.0634486430634,0.014221419409,0.142624776889,0.00688389491703,0.0785462485697,0.00736167857137,0.0408019801883,0.00379162110582,0.0176554477007,0.000771374601147,0.00483160951456,0.00104312760522,0.00602643510239,0.000588467161043,0.0119697996225,0.00225300758433,0.0176152773399,0.0026875743694,0.0177363878605,0.00338790936429,0.0167017328686,0.00304543815013,0.0161140646841,0.00334978630786,0.0148942261331,0.00310647659529,0.0126288550492,0.00275613605192,0.00968779995479,0.00225954573299,0.00773008222999,0.00185399600978,0.00621246473468,0.0014340803824,0.00363318408761,0.00062784608003,0.0011066891815,0.000362213762265,46875,46875,46874,90,d96e3517eeec8b8672eb3de09a06b372b9f0d1c0c3f243fd151cc1b7f3082102,933258
doe_N015_C19,doe,C19,N015,5.65685424949,0,240,400,60,0.001,0.0001,0.08,0.1,2e-07,10000,0,1,12,0,0,0,0,False,800,15,18,4,3,1.6e-05,4.96251273287,3.99349426486,0.19817766138,0.412870127875,4.01135969095,5.95835351944,0.0565828994771,5.64759780169,0.0251387605208,-0.00925644780061,0.0251387605208,0.3,958.429128718,958.429128718,-4.26618912838,960,-0,0,0,0,0.00140961400933,-0.172922834754,60,0.5,0.75,True,True,True,True,True,True,True,3.99349426486,0.00243072311805,0.0559135609999,0.0209623819503,0.146062987991,0.00934319264038,0.0914801376433,0.00541187534508,0.0593184370569,0.0030896418869,0.0383385968085,0.00210766651314,0.0241229189722,0.000842785087384,0.0128234392506,0.000911074745298,0.00867011421303,0.00078526107179,0.00398028050093,0.000654387930383,0.00209234414911,0.00113709631228,0.00219009484156,0.000649247270782,0.00241518166652,0.00113222670719,0.00302567526659,0.000672156145846,0.00188527535586,0.000957414530484,0.00191094226119,0.000655357295075,0.00129621417057,0.000508049428546,0.000683498720571,0.000644367638066,0.000548778203106,0.000195460346005,0.00103636267646,0.000518944586512,46875,46875,46874,90,570ccb06ec87038d86cd744e7966a92a398432cd01fdc946669bf3daec92bf93,936141
doe_N016_C19,doe,C19,N016,5.65685424949,5.65685424949,240,400,60,0.001,0.0001,0.08,0.1,2e-07,10000,0,1,12,0,0,0,0,False,800,15,18,4,3,1.6e-05,3.3137674494,5.6523454684,0.187305584259,0.390219967207,5.66468784484,8.66730880737,0.0527491304513,5.62319036045,5.68135096245,-0.0336638890472,0.0244967129574,0.3,954.287048586,954.287048586,-964.157230044,960,-960,0,0,0,0.0030819326717,-0.172922834754,60,0.5,0.75,True,True,True,True,True,True,True,5.6523454684,0.00601924520023,0.0639716891766,0.0134076112362,0.142815090661,0.00926544262905,0.0790815972685,0.00697872196314,0.039303355189,0.00244106771806,0.0168807534291,0.000421544286358,0.00728879433721,0.000333226766264,0.0052502157021,0.0011880882709,0.013444793517,0.00203768784897,0.0180403579679,0.00212063125149,0.0163282929742,0.00284131081164,0.0166279914283,0.00331575934833,0.0185020603058,0.00322093712857,0.0157598199159,0.00262507535055,0.0112200537586,0.00265554574415,0.00977951239061,0.00250130396949,0.00971044758644,0.0018941234907,0.00670017151473,0.00101615494696,0.00231260685408,0.000791379581501,0.001529298765,0.00062414562169,46875,46875,46874,90,1539dc6bb45ec11b5d0e1ca4217f3ee22ecaac37061c29db31d979d0baa405b8,925565
doe_N022_C19,doe,C19,N022,11.313708499,-11.313708499,240,400,60,0.001,0.0001,0.08,0.1,2e-07,10000,0,1,12,0,0,0,0,False,800,15,18,4,3,1.6e-05,2.0040239498,11.3095272554,0.226645634808,0.472178405851,11.3162521075,16.6189537048,0.0543348673744,11.3554445078,-11.2634228152,0.041736008805,0.0502856838329,0.32,1927.08283556,1927.08283556,1911.46623647,1920,1920,0,0,0,0.00235883249491,-0.172922834754,60,0.5,0.75,True,True,True,True,True,True,True,11.3095272554,0.00448096087846,0.066248542582,0.0161973049421,0.161812833727,0.00717525673964,0.102957835027,0.00655918588843,0.0697101295385,0.00410661272443,0.0488895418694,0.00116541430985,0.036234578674,0.00191455394376,0.0248711794286,0.00196935427553,0.017276023817,0.0015298657308,0.0101122587145,0.000708230636547,0.00760292771408,0.000697770248447,0.00481457487773,0.00034683965516,0.00122808004865,0.000109177808502,0.00153207906094,0.000384802267186,0.002744857359,0.000322840918555,0.00306810494084,0.000606033951651,0.00441074872455,0.000730781482195,0.00544872004073,0.000814813143234,0.00528047686753,0.000769316384857,0.00503816580102,0.000981685377321,46875,46875,46874,90,39afd51d7ec8c45a1fef644313571fcef22d0ae40885717f4798cf8f4b1dba6a,941332
doe_N024_C19,doe,C19,N024,11.313708499,0,240,400,60,0.001,0.0001,0.08,0.1,2e-07,10000,0,1,12,0,0,0,0,False,800,15,18,4,3,1.6e-05,2.99037347612,7.99397540429,0.239049720178,0.49802025037,8.00401768978,11.6112947464,0.0594394788139,11.3050755073,0.0505302126931,-0.00863299165235,0.0505302126931,0.3,1918.53493273,1918.53493273,-8.57526145202,1920,-0,0,0,0,0.00211548213429,-0.172922834754,60,0.5,0.75,True,True,True,True,True,True,True,7.99397540429,0.000299942643421,0.0581672060099,0.0193760327616,0.159176830095,0.00861213404101,0.109268736312,0.0043176324716,0.0790914583677,0.00314288414484,0.060751183842,0.00178924464976,0.0462889700209,0.00142504497155,0.0354599850052,0.00100740761515,0.0299962526427,0.00100450379711,0.0242650539109,0.000777553902528,0.0198021668981,0.000551667343222,0.0160850588924,0.000453975485246,0.0132977970882,0.000132408487494,0.010556517128,0.000320931055306,0.00928973108634,0.00023891952579,0.00710601862942,0.000486177682542,0.00605445420738,0.000246324073905,0.00487397873506,0.000348262541684,0.00381958199634,0.000282849810606,0.00336039415931,0.000376534468114,46875,46875,46874,90,d26b30d285b42fc983d7c24d7dda95f3b1db450342644d046048457b2085edf6,949482
doe_N026_C19,doe,C19,N026,11.313708499,11.313708499,240,400,60,0.001,0.0001,0.08,0.1,2e-07,10000,0,1,12,0,0,0,0,False,800,15,18,4,3,1.6e-05,2.00701274137,11.3094172456,0.226981445094,0.472878010613,11.3163719116,16.6236133575,0.0568486119743,11.2544189114,11.3641494111,-0.0592895875525,0.0504409120951,0.32,1909.93822334,1909.93822334,-1928.56010664,1920,-1920,0,0,0,0.0031505751609,-0.172922834754,60,0.5,0.75,True,True,True,True,True,True,True,11.3094172456,0.00365092052262,0.066609263182,0.0149383733219,0.161590089174,0.00825065723749,0.104231951009,0.00611384286417,0.0681605061633,0.00290219515093,0.0473923452296,0.00130510034041,0.0383532891331,0.00206830892624,0.0274277549026,0.00156019673168,0.0170821575807,0.000986730244577,0.00975636131476,0.000970531321439,0.00835072106298,0.000743618528693,0.00528278623736,0.000251797700268,0.00168640398557,0.000298223778083,0.00335860448262,0.00012525273537,0.00263489082715,0.000394284342141,0.00256877729324,0.000903680445791,0.00548265866963,0.000856035446205,0.0065909799557,0.00054902988269,0.00459929825763,0.000811938348806,0.00449781066765,0.00131323827879,46875,46875,46874,90,4d7fdd51d55581fee3da6fa941d8137df9f35aeb53a967bda094aecf81f9b987,933541
doe_N030_C19,doe,C19,N030,22.627416998,-22.627416998,240,400,60,0.001,0.0001,0.08,0.1,2e-07,10000,0,1,12,0,0,0,0,False,800,15,18,4,3,1.6e-05,1.09681960233,22.6235567408,0.248139605078,0.51695751058,22.6270632335,32.5834770203,0.0554483578845,22.7202107375,-22.5264880365,0.0927937394942,0.100928961516,0.64,3855.74761979,3855.74761979,3822.87178725,3840,3840,0,0,0,0.00470710183267,-0.172922834754,60,0.5,0.75,True,True,True,True,True,True,True,22.6235567408,0.00448788338033,0.0671030785645,0.0177710817788,0.167691209474,0.00701191329213,0.110696879516,0.00564284773734,0.0792647909003,0.00304685273382,0.0602757981739,6.80535006233e-05,0.0476368502963,0.00123713256203,0.0368122491742,0.00179484836363,0.0293667068391,0.00109605075064,0.022970184879,0.000786844503863,0.0205265920993,0.000996365721913,0.0175376210551,0.00115758718186,0.01343725527,0.000697730433159,0.0115555580874,0.000674283194282,0.00998011880792,0.000645230549928,0.00875769680012,0.000641938086809,0.00632744595958,0.00052172955261,0.00550151229036,0.000364028551049,0.00470389901738,0.000391049431821,0.00405438831471,0.000356361015202,46875,46875,46874,90,65599582bded121fbe97ece93207062f2d9db8961c268986f744a23d31c17716,941613
doe_N033_C19,doe,C19,N033,22.627416998,0,240,400,60,0.001,0.0001,0.08,0.1,2e-07,10000,0,1,12,0,0,0,0,False,800,15,18,4,3,1.6e-05,1.54398115543,15.9941868635,0.246947231136,0.5144733982,15.9992994715,22.9125938416,0.059350905078,22.6189657414,0.102057041517,-0.0084512565905,0.102057041517,0.452548339959,3838.5657742,3838.5657742,-17.3196542698,3840,-0,0,0,0,0.00257198323518,-0.172922834754,60,0.5,0.75,True,True,True,True,True,True,True,15.9941868635,0.000840921025555,0.058521882218,0.0195507987304,0.159984835769,0.00805728522294,0.111631417886,0.00440547784343,0.0816153849143,0.00304450518385,0.0642870519166,0.00196850874413,0.050163380269,0.00147465753769,0.0404016212256,0.0010195628433,0.0338635698691,0.000814131548593,0.0286312755539,0.000420636036705,0.0237429170636,0.000363702953936,0.0204761477778,0.00029607838119,0.0170622053688,0.000258249340126,0.0147681932873,0.000225409727161,0.0131710491761,0.000317227935187,0.0115195629545,0.00032432726857,0.0102628616806,0.000214284646225,0.00916121763869,0.000292818932303,0.00813000040852,0.000201400582693,0.00730960125622,4.74314744556e-05,46875,46875,46874,90,0e4b32f5b645eb689c461c38a7302526c3c9d01438358655c3c5702e265339ff,948276
doe_N036_C19,doe,C19,N036,22.627416998,22.627416998,240,400,60,0.001,0.0001,0.08,0.1,2e-07,10000,0,1,12,0,0,0,0,False,800,15,18,4,3,1.6e-05,1.10010509088,22.6238653504,0.248886294473,0.518513113484,22.6276045407,32.5957298279,0.0595717204217,22.518366951,22.7288740734,-0.10905004697,0.101457075473,0.64,3821.49359335,3821.49359335,-3857.21783666,3840,-3840,0,0,0,0.00439557552665,-0.172922834754,60,0.5,0.75,True,True,True,True,True,True,True,22.6238653504,0.00191673077355,0.0678278510512,0.0165418746189,0.167116019451,0.00781541697661,0.113778773817,0.00534894279268,0.078058519191,0.00267050190387,0.0578214826874,0.000489031588128,0.0485951205049,0.00179021090737,0.0406962719542,0.00166707575451,0.0297172886023,0.00112452864917,0.0219128168166,0.000858776764874,0.0191908383906,0.00108288676704,0.0185487853217,0.00102438155291,0.0137947604435,0.000546841872315,0.00949182312858,0.000695331936845,0.00882624495711,0.000772035627694,0.00988885416648,0.000644489407574,0.00716567266937,0.000399148086445,0.00370378390569,0.00035533549491,0.00379882221958,0.00043946036564,0.0042439796805,0.000439909238114,46875,46875,46874,90,5cde8a354178ce25948903e13076ec0b47632ac6eee4bd3d8d9c436f7833b24f,933887
doe_N014_C20,doe,C20,N014,5.65685424949,-5.65685424949,240,400,60,0.001,0.0001,0.08,0.1,2e-07,10000,0,1,12,0,0,0,0,False,800,15,18,4,5,1.6e-05,2.35248421305,5.65260338155,0.132976602177,0.27703458787,5.66318381811,8.78404331207,0.0514148069681,5.67325454399,-5.6318764952,0.0164002944955,0.0249777542885,0.3,962.783222268,962.783222268,955.761134535,960,960,0,0,0,0.00271156532791,-0.172922834754,60,0.5,0.75,True,True,True,True,True,True,True,5.65260338155,0.00566524696043,0.0639405993516,0.0126217209965,0.0368414042504,0.00625760506436,0.0856635234765,0.00773868093818,0.047002499742,0.00424961077191,0.0234337047104,0.00125109164413,0.00948396626772,0.000389266112716,0.00178108759925,0.000361881705968,0.00835497112782,0.00150720987766,0.014099147811,0.00211641628793,0.0151512440752,0.00263156949338,0.015110113983,0.00267260072904,0.0156751431458,0.00294172480267,0.0151715505262,0.00299247695942,0.0132901361842,0.00267163643328,0.0105840716561,0.00240418717922,0.00928952199047,0.00211918199026,0.00769624743285,0.00172645456452,0.00540534397465,0.00114471129236,0.00324245448816,0.000782738643895,46875,46875,46874,90,d26b5650976fd58cb3a6999c45af75c5629d8cfa0f992b405f4137c8b95acc31,932456
doe_N015_C20,doe,C20,N015,5.65685424949,0,240,400,60,0.001,0.0001,0.08,0.1,2e-07,10000,0,1,12,0,0,0,0,False,800,15,18,4,5,1.6e-05,3.79095952352,3.99446752548,0.151428647071,0.315476348064,4.0103036027,6.13977766037,0.0574034284963,5.64897436833,0.0251039862249,-0.00787988116437,0.0251039862249,0.3,958.662739822,958.662739822,-4.26028773467,960,-0,0,0,0,0.00116895321203,-0.172922834754,60,0.5,0.75,True,True,True,True,True,True,True,3.99446752548,0.00190559864912,0.0574811500576,0.0195944619613,0.0310380545655,0.009803853965,0.100545295988,0.00522165663467,0.0659093297813,0.00341631583459,0.04616598782,0.00193994340585,0.0297689357128,0.00143152998597,0.019177547996,0.000788877518105,0.013105336529,0.000626224434946,0.00839324326327,0.000730624662428,0.00457831228275,0.000601204829144,0.00231729675223,0.000876587508184,0.00171382908577,0.000628149422993,0.00175346097354,0.000883015985855,0.00190415131836,0.000693433197241,0.00206570664214,0.000835445901469,0.00200460451858,0.000551988906107,0.00150376299764,0.000593288099556,0.000989457029851,0.000550289815514,0.000409536919383,0.000490435585355,46875,46875,46874,90,34f9a6dd247a787b952001c8fe0bfafc4df8061fbe867885c42fbb143aa2f915,939909
doe_N016_C20,doe,C20,N016,5.65685424949,5.65685424949,240,400,60,0.001,0.0001,0.08,0.1,2e-07,10000,0,1,12,0,0,0,0,False,800,15,18,4,5,1.6e-05,2.36708222243,5.65287171663,0.133808121461,0.278766919711,5.66370020776,8.8066740036,0.0527227490592,5.62334919562,5.68224085318,-0.0335050538712,0.0253866036873,0.3,954.314003809,954.314003809,-964.308249508,960,-960,0,0,0,0.00229048437647,-0.172922834754,60,0.5,0.75,True,True,True,True,True,True,True,5.65287171663,0.00521144157717,0.0650395193411,0.0127717760894,0.0353969445582,0.0105577284725,0.0865967197695,0.00751357847798,0.0452648678135,0.00275112512937,0.023036425858,0.000490778614811,0.0117977556114,0.000689362080367,0.00309275901714,0.00118211725398,0.00995292663305,0.00164250261855,0.0141139468403,0.00188731976337,0.0140034760761,0.00230888966773,0.0148595781829,0.00269175016673,0.0178444773254,0.00289631902651,0.0160095593831,0.00250533750206,0.0122457425516,0.00253540753529,0.0105848486854,0.00247061530154,0.0110744542406,0.00207142227674,0.0082697039125,0.00147002545273,0.00420877043726,0.00116241650661,0.00331603257185,0.000920236250527,46875,46875,46874,90,0d4e94d408ec1bae5dee2c28a36dcb2e1acfa61519c9f6b953713699f9e36cea,925927
doe_N022_C20,doe,C20,N022,11.313708499,-11.313708499,240,400,60,0.001,0.0001,0.08,0.1,2e-07,10000,0,1,12,0,0,0,0,False,800,15,18,4,5,1.6e-05,1.50093581214,11.3095907019,0.169749697052,0.353645202192,11.3153139216,16.7743225098,0.0542736266596,11.3555513512,-11.2634425111,0.0418428521894,0.0502659878685,0.32,1927.10096749,1927.10096749,1911.46957899,1920,1920,0,0,0,0.00242210230808,-0.172922834754,60,0.5,0.75,True,True,True,True,True,True,True,11.3095907019,0.00398439587531,0.0665670050513,0.0146706471995,0.0406904285427,0.00728111304555,0.107392248142,0.00701726265943,0.0729380022872,0.004039455118,0.0516375809756,0.00114811027218,0.0382182850977,0.0016666626391,0.0265615082825,0.00222427457681,0.0186219063063,0.00125342973328,0.0115157764402,0.000706899015436,0.00867460295638,0.000693619607806,0.00574962833284,0.000418032711113,0.0021157182793,0.000316564773283,0.000299911043113,0.000159911038858,0.00179627849477,0.000247817617494,0.00210833995923,0.000386145457248,0.00389784997023,0.000605836783439,0.0047313072216,0.000768641893857,0.00447580954923,0.000803551781021,0.00454996237061,0.000900414618329,46875,46875,46874,90,adb1588f088be4440397a20637567f51e63a3f125122e8a9a4935f2fe175f280,940276
doe_N024_C20,doe,C20,N024,11.313708499,0,240,400,60,0.001,0.0001,0.08,0.1,2e-07,10000,0,1,12,0,0,0,0,False,800,15,18,4,5,1.6e-05,2.35482769903,7.99435232742,0.188253222964,0.392194214509,8.00303936136,11.7978792191,0.0593475343285,11.3056092535,0.0503753651247,-0.00809924549687,0.0503753651247,0.3,1918.62551246,1918.62551246,-8.54898294826,1920,-0,0,0,0,0.00311795387681,-0.172922834754,60,0.5,0.75,True,True,True,True,True,True,True,7.99435232742,0.000101886372906,0.0585751772335,0.0185864152672,0.0336062509993,0.00892039885244,0.113971240942,0.00440329243156,0.0817982593098,0.00289256486242,0.0633549177081,0.0016003768127,0.048009431522,0.00157869870947,0.0377435354023,0.0010226780425,0.0311471230535,0.000773615736003,0.0260559936418,0.000571190972883,0.0210575405871,0.00056349983089,0.017329721755,0.000358826394144,0.0136443898449,0.000378957832722,0.0115335849027,0.000392329592903,0.0102935739572,0.000191680647195,0.00801645071036,0.000334030714534,0.00626810575585,7.59746750583e-05,0.00556564935802,0.000349657684243,0.00494730699892,0.000331455136501,0.00412798694932,0.000421822897592,46875,46875,46874,90,0789eae17adda99414498c094de61e1857144fca16df5c9725328bd6cfa25632,951369
doe_N026_C20,doe,C20,N026,11.313708499,11.313708499,240,400,60,0.001,0.0001,0.08,0.1,2e-07,10000,0,1,12,0,0,0,0,False,800,15,18,4,5,1.6e-05,1.5101760834,11.3096172804,0.170795135292,0.355823198525,11.315585001,16.7981681824,0.056531287443,11.2541265406,11.3648370804,-0.059581958375,0.0511285814327,0.32,1909.88860637,1909.88860637,-1928.67680799,1920,-1920,0,0,0,0.00244394312186,-0.172922834754,60,0.5,0.75,True,True,True,True,True,True,True,11.3096172804,0.00335180903188,0.067346442617,0.0145755164735,0.0396645235064,0.00992601049492,0.109209950739,0.00687563349523,0.0710304169479,0.00300987202023,0.0504054612663,0.000874609408868,0.040007407546,0.00228641429588,0.0295123037508,0.00202459392511,0.0180077957249,0.00123335102302,0.0112010312893,0.000778492571254,0.00916301333419,0.000675560704126,0.00674302039969,0.000426562228515,0.00166681184866,0.000239503259465,0.00199607930793,6.34065486601e-05,0.00206716714705,0.000303009107823,0.00140690683135,0.00058402356851,0.00484742924305,0.000693612304618,0.00594263362812,0.000618622772598,0.00417112930046,0.000741013735278,0.00387174709925,0.00102686479627,46875,46875,46874,90,f46269d8ec85f3cc7426e132a7d1b50447423d6d09f674ab9c7af01fa189ec58,932470
doe_N030_C20,doe,C20,N030,22.627416998,-22.627416998,240,400,60,0.001,0.0001,0.08,0.1,2e-07,10000,0,1,12,0,0,0,0,False,800,15,18,4,5,1.6e-05,0.8529045128,22.6237488633,0.192958975019,0.401997864624,22.6267157729,32.7537956238,0.055793129622,22.7204029515,-22.52668007,0.0929859535458,0.100736927952,0.64,3855.78023959,3855.78023959,3822.90437643,3840,3840,0,0,0,0.00237561223992,-0.172922834754,60,0.5,0.75,True,True,True,True,True,True,True,22.6237488633,0.00472561936436,0.0666574540628,0.0162579391118,0.0423674752671,0.0071476370625,0.115648921107,0.00582515152996,0.0818177393776,0.00280548834863,0.061516703806,0.000646073224159,0.0492721116205,0.00106644208329,0.0381650248619,0.00169603506761,0.0304699729912,0.00115812725787,0.0234282981249,0.00125797941642,0.0209736046335,0.000897013493047,0.0180208498764,0.000910318234716,0.0138947431154,0.000701384520028,0.0116300752805,0.00101778281363,0.0100151711349,0.000683262551024,0.008894910066,0.000523131999781,0.00649905669826,0.000406754696959,0.00565383208946,0.000694906721014,0.00492798484121,0.000527919436049,0.00418946726243,0.00023559108371,46875,46875,46874,90,b59c9b4432641c22025ce3d65f027521f521886d422f583676d965f633f390bc,941142
doe_N033_C20,doe,C20,N033,22.627416998,0,240,400,60,0.001,0.0001,0.08,0.1,2e-07,10000,0,1,12,0,0,0,0,False,800,15,18,4,5,1.6e-05,1.21881021485,15.9939850685,0.194936323776,0.406117341201,15.9983833911,23.0946121216,0.0601743084212,22.6186923214,0.0993700628054,-0.00872467652764,0.0993700628054,0.452548339959,3838.5193733,3838.5193733,-16.8636588616,3840,-0,0,0,0,0.00238861267934,-0.172922834754,60,0.5,0.75,True,True,True,True,True,True,True,15.9939850685,0.00176595367626,0.0586863817685,0.0181878673365,0.0342894350674,0.00827480384779,0.115807769539,0.00443939471701,0.0843407553455,0.00268265658079,0.065046334374,0.00182868380605,0.0505673651836,0.0012746224689,0.0398794899249,0.0010019248149,0.0334196877486,0.00049118587329,0.0281003894539,0.0003531680592,0.0236037008121,0.000251752283891,0.0203106821265,0.000181540715569,0.0174717797833,0.000174824402287,0.0152767491093,0.000137154342006,0.0134969074873,0.000123866684977,0.0117606149597,0.000105731510112,0.0103326931507,0.000209405811741,0.00908706608157,0.000129469926679,0.00810313596357,0.000164095038104,0.00713227989795,6.62965529547e-05,46875,46875,46874,90,a2200e236f4b8f58aafbfc554faf2594a8b47b9edd48c0c954dc4bfd7388e399,947891
doe_N036_C20,doe,C20,N036,22.627416998,22.627416998,240,400,60,0.001,0.0001,0.08,0.1,2e-07,10000,0,1,12,0,0,0,0,False,800,15,18,4,5,1.6e-05,0.854366565805,22.6229650748,0.193283049793,0.402673020403,22.6261614344,32.7782402039,0.0593479060186,22.5169271613,22.728508283,-0.110489836719,0.101091285019,0.64,3821.24925293,3821.24925293,-3857.15575996,3840,-3840,0,0,0,0.00273566883331,-0.172922834754,60,0.5,0.75,True,True,True,True,True,True,True,22.6229650748,0.00203164319153,0.0677979007605,0.015436462605,0.0413624083209,0.00864944153395,0.116469948585,0.00560968029262,0.0807063668544,0.00282242216273,0.0601899238432,0.000335919217008,0.0502430438623,0.00158750025246,0.0408259198413,0.00183625166296,0.0307271530757,0.00102463255894,0.0229432344396,0.000871054635966,0.0201902490007,0.00103340943974,0.0184469146639,0.000871585088852,0.0138016889174,0.000660682928579,0.00977035026792,0.000559541877367,0.00932186569013,0.000532596429681,0.00981999340648,0.000617156450495,0.00717895602721,0.000321374657828,0.00378762805521,0.000272500211092,0.00412297370986,0.000401282214314,0.00440753608986,0.000313037916592,46875,46875,46874,90,4456ceae5f80a45921b372f151cc2d15a8504b75bed34a6fdc157c1032ce207e,935580
doe_N014_C21,doe,C21,N014,5.65685424949,-5.65685424949,240,400,60,0.001,0.0001,0.08,0.1,2e-07,10000,0,1,12,0,0,0,0,False,800,15,18,4,7,1.6e-05,1.90249149679,5.65268779354,0.107541904612,0.224045634609,5.66272646599,8.72976875305,0.051459025802,5.67345863484,-5.63184034763,0.016604385348,0.0250139018625,0.3,962.817857634,962.817857634,955.755000089,960,960,0,0,0,0.00338731905494,-0.172922834754,60,0.5,0.75,True,True,True,True,True,True,True,5.65268779354,0.00520830698653,0.0644404499775,0.0123318658719,0.0371037812326,0.00642966480954,0.0204240768802,0.00837283232788,0.0529317604757,0.0043501847072,0.027823996787,0.00126661204258,0.0136658715279,0.000344496998429,0.00175336512606,0.000412893485759,0.00528109095838,0.00142732669795,0.0119820513303,0.00158112824395,0.0126651873905,0.00228429335176,0.0131080922046,0.00218470546797,0.0144076328916,0.00265961261924,0.0149096248964,0.00256921310993,0.0133505395926,0.00255264974967,0.0113869024565,0.00246045613699,0.0100752944799,0.00230900122922,0.00893678860658,0.00199335687865,0.00670648251772,0.00140254280257,0.00451246301877,0.00117924841146,46875,46875,46874,90,0af1d58435e94c717755c26a460cebbe09ba1055db6354bf55a1fe036682e218,932381
doe_N015_C21,doe,C21,N015,5.65685424949,0,240,400,60,0.001,0.0001,0.08,0.1,2e-07,10000,0,1,12,0,0,0,0,False,800,15,18,4,7,1.6e-05,3.14509756558,3.99362622972,0.125603441329,0.261673836103,4.00857920913,6.01848077774,0.0577783889646,5.64778507182,0.0249941575609,-0.00906917766907,0.0249941575609,0.3,958.460909513,958.460909513,-4.24164919232,960,-0,0,0,0,0.00259528221175,-0.172922834754,60,0.5,0.75,True,True,True,True,True,True,True,3.99362622972,0.00114862384627,0.056318686073,0.0192463142261,0.0328209702586,0.00882585492327,0.0230644043084,0.00625227352208,0.0744983797212,0.00308227504895,0.0504772998805,0.00264495161465,0.0357343215993,0.00123806652622,0.0234669318045,0.00147017816642,0.0180828785427,0.000725031308809,0.010976998737,0.000658109722644,0.00785663123238,0.000771300104915,0.00497082325969,0.00037963169424,0.00230900660447,0.000885287516654,0.00151297570116,0.000386501428771,0.00161661823081,0.000843972991879,0.00156746835853,0.000516577923047,0.00188751676627,0.000724606634341,0.00151709038463,0.000672892563437,0.00147046030233,0.000573324604661,0.00089960498192,0.000600860470278,46875,46875,46874,90,79a07f7f5145252b7ddf3993955060354eb20e41acc538f2b2eee7661a6c3e1b,935042
doe_N016_C21,doe,C21,N016,5.65685424949,5.65685424949,240,400,60,0.001,0.0001,0.08,0.1,2e-07,10000,0,1,12,0,0,0,0,False,800,15,18,4,7,1.6e-05,1.90762732473,5.65270031321,0.10783245576,0.224650949499,5.66298153193,8.74645900726,0.0530988374754,5.62311907337,5.68212755476,-0.0337351761251,0.025273305268,0.3,954.274950767,954.274950767,-964.289022129,960,-960,0,0,0,0.00195619076416,-0.172922834754,60,0.5,0.75,True,True,True,True,True,True,True,5.65270031321,0.00474248841824,0.06513367127,0.0122708499994,0.0365001000731,0.00922064981312,0.0202853658399,0.00840644822484,0.051633254818,0.00267071929588,0.027618983779,0.000719680046345,0.015716270574,0.000940046244478,0.00454959746838,0.00106221853531,0.00669992346912,0.00141253046869,0.0115996225565,0.00144383752535,0.0119016050967,0.00198445594413,0.0129707642173,0.0022073566767,0.01647140404,0.00261963348773,0.0154366509508,0.00240782585363,0.0124586275467,0.00243826478001,0.0112456160409,0.0023642013838,0.0119575447117,0.00213460674457,0.00922928583638,0.00178080342602,0.00550955937004,0.00135610321711,0.00442947644202,0.0011724242674,46875,46875,46874,90,ead1b5c2845ebcf74c76978f256aa728cc25576aa50c82a333d4fb22d28144d4,927007
doe_N022_C21,doe,C21,N022,11.313708499,-11.313708499,240,400,60,0.001,0.0001,0.08,0.1,2e-07,10000,0,1,12,0,0,0,0,False,800,15,18,4,7,1.6e-05,1.22523160826,11.309495369,0.138567511996,0.288682316659,11.3147950335,16.6694641113,0.054719314771,11.3553114306,-11.2634929448,0.0416029316021,0.0502155541533,0.32,1927.06025161,1927.06025161,1911.47813787,1920,1920,0,0,0,0.00271722287441,-0.172922834754,60,0.5,0.75,True,True,True,True,True,True,True,11.309495369,0.00392539739956,0.0665065742908,0.0151311251556,0.0406416744018,0.00736885361325,0.024697501842,0.00718528668287,0.0771481903285,0.00439221911622,0.0544718573932,0.001152577783,0.0404109907042,0.00176024262666,0.0282069007455,0.00216024230625,0.0200755808601,0.00146445248719,0.0125421635766,0.000752330652444,0.00991300711947,0.000808338752313,0.00711157209628,0.000425693579442,0.00299735830117,0.000153598859048,0.000546615962731,8.07604106633e-05,0.000643580412121,0.000190547851412,0.00142393448327,0.000413142814665,0.00330953616181,0.000551536765708,0.00424289304843,0.000601572278905,0.00403934255202,0.000656441333294,0.00426214874805,0.000723267493137,46875,46875,46874,90,81a5921da0a0fe87984c8db4f2843751263e0342573e8042ceb379550b0df1bc,938626
doe_N024_C21,doe,C21,N024,11.313708499,0,240,400,60,0.001,0.0001,0.08,0.1,2e-07,10000,0,1,12,0,0,0,0,False,800,15,18,4,7,1.6e-05,1.97679912827,7.99392493498,0.158023838429,0.32921633006,8.00196112051,11.6620082855,0.0594607943746,11.3050078493,0.0496916512304,-0.0087006497247,0.0496916512304,0.3,1918.52345078,1918.52345078,-8.43295285281,1920,-0,0,0,0,0.00189090538588,-0.172922834754,60,0.5,0.75,True,True,True,True,True,True,True,7.99392493498,5.3180489509e-05,0.0581189040006,0.0179249438206,0.0339126046991,0.00830587893757,0.0255816458744,0.00470664695717,0.0873662542398,0.00318564077727,0.0661174754126,0.00174752772836,0.049871406501,0.00164278160733,0.038466478292,0.00122880972912,0.0334983914543,0.000885376637366,0.0270177364712,0.000572020978142,0.0218469245078,0.000359674170216,0.0178890269901,0.000372480743208,0.0156715083758,0.000227394827135,0.0122706628158,0.000500671740878,0.0109081312669,0.000216391481218,0.00858431931331,0.000277604798628,0.0076366352855,0.000172420120191,0.00616925734993,0.000286570819879,0.00544347258444,0.000244875724693,0.00467110298561,0.000344783861317,46875,46875,46874,90,20f9a1f4773edbbbff3e62a355e2791cc1638eabb673cd8786a65fc6e9d37346,948620
doe_N026_C21,doe,C21,N026,11.313708499,11.313708499,240,400,60,0.001,0.0001,0.08,0.1,2e-07,10000,0,1,12,0,0,0,0,False,800,15,18,4,7,1.6e-05,1.22211900996,11.3093620673,0.13821386373,0.287945549438,11.3148880419,16.6859016418,0.0568580800586,11.2540755416,11.364379633,-0.0596329573789,0.0506711340043,0.32,1909.87995155,1909.87995155,-1928.59917659,1920,-1920,0,0,0,0.00282696661138,-0.172922834754,60,0.5,0.75,True,True,True,True,True,True,True,11.3093620673,0.00316076463345,0.0664751989574,0.0142672356843,0.0403683583913,0.00840001217755,0.0249465312534,0.00703795141902,0.0761505009538,0.00293558329802,0.0524685809753,0.000954016671491,0.0421763408252,0.00245650848093,0.030730810337,0.00199114937438,0.020216556606,0.00108549514932,0.0121312226969,0.000623125917449,0.0100886248551,0.000857863278357,0.00739553914056,0.000542657612249,0.0030021704365,0.00035564308615,0.00120844821933,9.71027313081e-05,0.0016515545894,0.000286741834851,0.0010012630077,0.000403987833076,0.00408856225863,0.000573805501945,0.00526185563658,0.000605427416058,0.00369452445533,0.00068097430192,0.00382680037417,0.000745584913935,46875,46875,46874,90,9d80a496d9afb07d8ac36d701673d0b5303c348aa11405d3a3b96ec26f2e5d0f,934122
doe_N030_C21,doe,C21,N030,22.627416998,-22.627416998,240,400,60,0.001,0.0001,0.08,0.1,2e-07,10000,0,1,12,0,0,0,0,False,800,15,18,4,7,1.6e-05,0.711958254087,22.623776979,0.161071847588,0.335566349141,22.6264929396,32.6330718994,0.0553530957349,22.7207951301,-22.5263409866,0.0933781320898,0.101076011362,0.64,3855.8467945,3855.8467945,3822.84683207,3840,3840,0,0,0,0.00369126986336,-0.172922834754,60,0.5,0.75,True,True,True,True,True,True,True,22.623776979,0.00500262894944,0.0668519902154,0.0168397052271,0.0419985423641,0.00728952227652,0.0266324589708,0.00665068141064,0.0856894805103,0.00328725994619,0.0641573524271,0.000292420340899,0.0509941423054,0.0012236498269,0.0391980233996,0.00186967070095,0.0310012251897,0.00155685021809,0.0240143756559,0.000980233905741,0.0213270725557,0.000759493436966,0.0184229193748,0.00082203608698,0.013830580136,0.000965961994863,0.0118174728854,0.000672456596601,0.0102576962838,0.000641396523283,0.00911703046426,0.000442283087481,0.00689071027734,0.000597053014856,0.00575209072178,0.000659828551015,0.0050780768657,0.000404457594665,0.00434696050827,0.00024822845188,46875,46875,46874,90,b6f5e385fede75520624f089602ef7243d9e33adb3f99a947e48a138a615ae23,939805
doe_N033_C21,doe,C21,N033,22.627416998,0,240,400,60,0.001,0.0001,0.08,0.1,2e-07,10000,0,1,12,0,0,0,0,False,800,15,18,4,7,1.6e-05,1.02337634531,15.9942862197,0.163681741773,0.341003628694,15.9983357267,22.9671955109,0.0603468195602,22.6191114536,0.100897993854,-0.0083055444003,0.100897993854,0.452548339959,3838.59050238,3838.59050238,-17.1229573589,3840,-0,0,0,0,0.00210406680095,-0.172922834754,60,0.5,0.75,True,True,True,True,True,True,True,15.9942862197,0.00104849413245,0.0587488945671,0.0175510723539,0.0335898753773,0.00780432551032,0.026226846945,0.00485133408797,0.087993866558,0.00295875975566,0.068048095477,0.00146752267495,0.0521687605553,0.00125903778277,0.0416514530495,0.00079425439293,0.0346490097403,0.00046931772103,0.0292945155522,0.000209033771512,0.0242975521561,0.000366571580839,0.0208146581788,0.000195131692793,0.0177017368551,0.000238867760533,0.0155642513781,7.89712785971e-05,0.0135149783807,4.29567955015e-05,0.0118365807494,7.25725491616e-05,0.0106336788883,0.000140965807891,0.00949976958158,0.000135746480889,0.00831462892113,8.84325784701e-05,0.0073363893813,0.000172837032363,46875,46875,46874,90,c284090d71bc4463f25701a02343bf585f4772ec14aa19e4914237dc08cdecd9,947280
doe_N036_C21,doe,C21,N036,22.627416998,22.627416998,240,400,60,0.001,0.0001,0.08,0.1,2e-07,10000,0,1,12,0,0,0,0,False,800,15,18,4,7,1.6e-05,0.710272369541,22.6232549602,0.160686729073,0.334764018903,22.6261967246,32.6517601013,0.059009089868,22.5173363387,22.7286799925,-0.11008065926,0.101262994525,0.64,3821.31869265,3821.31869265,-3857.18490003,3840,-3840,0,0,0,0.00285654092145,-0.172922834754,60,0.5,0.75,True,True,True,True,True,True,True,22.6232549602,0.00215062404772,0.0679196047245,0.0156640018579,0.0409605715221,0.00752306298107,0.0266647725262,0.00606200495678,0.0846509981847,0.00277458793998,0.0625009226326,0.000203459686841,0.0516646693775,0.00174044988864,0.0421550138094,0.00176133265805,0.0316466822918,0.00134424317211,0.0237001470412,0.000837587852169,0.0203609357773,0.00103752986705,0.0188414500198,0.000739677789028,0.0140738045145,0.00082005698793,0.0101892056713,0.000615931978165,0.0094462180585,0.000693819095387,0.0101295871576,0.00056522053696,0.00722276240777,0.000442478290297,0.00437605890613,0.00040747399678,0.00412927914264,0.000530928234602,0.00459518778039,0.000331016045262,46875,46875,46874,90,f521fe5dee91f30b02525d5e9340c1ca1378360accdc2f05b893bc3400114e42,936015
doe_N014_C22,doe,C22,N014,5.65685424949,-5.65685424949,240,400,60,0.001,0.0001,0.08,0.1,2e-07,10000,0,1,12,0,0,0,0,False,800,15,18,8,3,1.6e-05,3.31542378071,5.65277585492,0.187413474964,0.390444739509,5.66489112668,8.68803310394,0.0501966000101,5.67323960636,-5.6322377525,0.0163853568725,0.0246164969936,0.3,962.78068727,962.78068727,955.822441931,960,960,0,0,0,0.00281249260938,-0.172922834754,60,0.5,0.75,True,True,True,True,True,True,True,5.65277585492,0.00587766135671,0.0636312958505,0.0153936938002,0.141934556757,0.00630964354891,0.0801085335096,0.00797654978886,0.0415960787643,0.00412979288129,0.0181458857007,0.000717142249648,0.00483783099534,0.000946835480187,0.00590009524673,0.000848276931381,0.0122864768057,0.00230947633328,0.0179120887829,0.00290175533716,0.0179545833182,0.00330179816432,0.0166591582761,0.00350978036665,0.0163529475536,0.00338521647462,0.0150137564268,0.00321377834375,0.0124995990342,0.00259875503351,0.00963568910571,0.00245418610498,0.00767866758178,0.00181598782257,0.00607859260778,0.00144171946499,0.00352442482194,0.00055290475248,0.000971784213218,0.000322348935734,46875,46875,46874,90,1a4a23389c8ef8814c076071553d3ff5ab436d052d499240c355c85c67f5d585,932972
doe_N015_C22,doe,C22,N015,5.65685424949,0,240,400,60,0.001,0.0001,0.08,0.1,2e-07,10000,0,1,12,0,0,0,0,False,800,15,18,8,3,1.6e-05,4.97069798791,3.99387136253,0.198523283457,0.413590173869,4.01175143391,5.96065092087,0.0564541945996,5.64813162729,0.0250208259452,-0.00872262220273,0.0250208259452,0.3,958.519721926,958.519721926,-4.24617496721,960,-0,0,0,0,0.0017105412296,-0.172922834754,60,0.5,0.75,True,True,True,True,True,True,True,3.99387136253,0.00139348143749,0.0563447614897,0.0219514994152,0.144599399827,0.00889006160001,0.0932326235383,0.00583396361761,0.0600912169835,0.00272354357712,0.0392410896525,0.00237945068211,0.0240898421678,0.00111232385058,0.0128945943562,0.000524970656683,0.0082802196831,0.000975214555735,0.00368571585009,0.000474751873496,0.0019233855661,0.00120172742111,0.00225820538452,0.000858159913875,0.00262992978577,0.000867657205463,0.00324866684121,0.000987616632139,0.00209593827448,0.000609969696511,0.00199849834011,0.000875653178046,0.00131285800349,0.000375229519157,0.00060584310479,0.000564879717871,0.000183659960063,0.000266183422423,0.000904004433025,0.000273725732,46875,46875,46874,90,62f6e790fdb653603787f0eb370630038be99d08ed12f0b15e5da50d569796a1,935808
doe_N016_C22,doe,C22,N016,5.65685424949,5.65685424949,240,400,60,0.001,0.0001,0.08,0.1,2e-07,10000,0,1,12,0,0,0,0,False,800,15,18,8,3,1.6e-05,3.31545768737,5.65274929674,0.187414511106,0.390446898138,5.66508066908,8.66360664368,0.0513135471116,5.62352713823,5.68182116483,-0.03332711126,0.0249669153392,0.3,954.344201671,954.344201671,-964.237026034,960,-960,0,0,0,0.00337131270289,-0.172922834754,60,0.5,0.75,True,True,True,True,True,True,True,5.65274929674,0.00585494933114,0.0643699090222,0.0157349428897,0.14113238955,0.0104243101128,0.0807660236566,0.00798615401419,0.0399367071412,0.00301677612929,0.0172679717686,0.000542641618548,0.00704012457974,0.00057204953994,0.00520177999226,0.00110032822608,0.0137550729288,0.00225489202641,0.0180147773488,0.00289916406352,0.0167700470338,0.00280376620449,0.0166752737439,0.00286534067655,0.0186504522873,0.00321559248398,0.0160105852944,0.00305920605538,0.0113220702931,0.00257199699581,0.0094826849169,0.00221037791026,0.00951302449531,0.00182957088338,0.00671112698316,0.0013346158173,0.0022419788063,0.000721732506915,0.00135085278459,0.000314484148199,46875,46875,46874,90,307da8713e22edec729250a4bee7479522388c713ec2b20843ddfbc9691ab578,925117
doe_N022_C22,doe,C22,N022,11.313708499,-11.313708499,240,400,60,0.001,0.0001,0.08,0.1,2e-07,10000,0,1,12,0,0,0,0,False,800,15,18,8,3,1.6e-05,2.01933168305,11.3094578593,0.228375465734,0.475782220278,11.3162167436,16.6276092529,0.0542585137252,11.35518043,-11.2635496867,0.0414719309652,0.0501588122556,0.32,1927.03802007,1927.03802007,1911.48776729,1920,1920,0,0,0,0.00150130386818,-0.172922834754,60,0.5,0.75,True,True,True,True,True,True,True,11.3094578593,0.00424856551318,0.0660423664171,0.0176859283462,0.161761120652,0.00717774260387,0.105128045771,0.00670871585117,0.0710308637919,0.00438480476081,0.049574594305,0.00136520515914,0.0369210976818,0.00202429443519,0.0250934370974,0.00210989526062,0.0173449388356,0.00158015633322,0.00981327336368,0.000917581701179,0.00773944537528,0.000743394013904,0.00481901666941,0.000323093684909,0.00105809560531,0.000176074334549,0.00165549271708,0.000343627062973,0.00276833594546,0.000460381907103,0.00324573518598,0.000622589038877,0.00466427707971,0.000924247365524,0.00576977624361,0.000896720702163,0.00544963313713,0.000875745856723,0.00519723720056,0.00102896751277,46875,46875,46874,90,199d54e3f51b9c50a5e7feb316cd52f816fbec80ea52f1cb9a32b36736d7c07f,940442
doe_N024_C22,doe,C22,N024,11.313708499,0,240,400,60,0.001,0.0001,0.08,0.1,2e-07,10000,0,1,12,0,0,0,0,False,800,15,18,8,3,1.6e-05,3.00856706667,7.99372209032,0.240496490211,0.501034354605,8.00380888039,11.6135072708,0.0593608951609,11.3047173117,0.0505194643686,-0.00899118725311,0.0505194643686,0.3,1918.47414493,1918.47414493,-8.57343740086,1920,-0,0,0,0,0.00164527425597,-0.172922834754,60,0.5,0.75,True,True,True,True,True,True,True,7.99372209032,9.48734995044e-05,0.0583478070537,0.0205142050035,0.158319156084,0.00865905663899,0.11108363774,0.00469462341861,0.0808364323755,0.00295144392123,0.0616073685129,0.00184152511009,0.0472021058434,0.00145435836141,0.0361761892262,0.00119339321383,0.030167738797,0.00056964861123,0.0242258123097,0.000619122519351,0.0196315326624,0.000441995211509,0.0159985659835,0.000439103627811,0.0128655375485,0.000303818677371,0.0102784326334,0.00048013650891,0.00906203629607,0.000419985645029,0.00706266711908,0.000318863998976,0.00587123080714,0.000364023536581,0.00492904867111,0.000275599370592,0.00379420451828,0.000376282471441,0.00354229156307,0.000223908948418,46875,46875,46874,90,25c7f572c59c9f8d43c7a4dfdd84028bce567af7c523126b74cf810786a19669,948159
doe_N026_C22,doe,C22,N026,11.313708499,11.313708499,240,400,60,0.001,0.0001,0.08,0.1,2e-07,10000,0,1,12,0,0,0,0,False,800,15,18,8,3,1.6e-05,2.01020588964,11.309227695,0.227338761197,0.47362241916,11.3161857845,16.6237010956,0.0562332673994,11.2541338067,11.3640544866,-0.0595746923246,0.0503459876093,0.32,1909.88983946,1909.88983946,-1928.54399742,1920,-1920,0,0,0,0.0028010161599,-0.172922834754,60,0.5,0.75,True,True,True,True,True,True,True,11.309227695,0.00361778578177,0.0666257342755,0.016756222575,0.159832566816,0.00940841560735,0.105685757312,0.00675374250769,0.069942323234,0.00317308070632,0.0483624183978,0.00123339988006,0.0383263563044,0.00228203077608,0.0272274417813,0.00199864127672,0.0172763265749,0.00111251429757,0.0096944299912,0.000733100399205,0.00791840105211,0.000700159559548,0.00491005580065,0.000413875284932,0.00157641005518,0.000325638203353,0.00326268314544,0.000300557826258,0.00283453271663,0.000304820784852,0.00276716174381,0.000695902101654,0.00545232970565,0.000909297208064,0.00671992597481,0.000891993308401,0.0050681181926,0.000848631358896,0.00475936812739,0.00112098129781,46875,46875,46874,90,06ee9541995a9b4517213c68bb181ce46866c34fe2264190a86ff571dd368009,932343
doe_N030_C22,doe,C22,N030,22.627416998,-22.627416998,240,400,60,0.001,0.0001,0.08,0.1,2e-07,10000,0,1,12,0,0,0,0,False,800,15,18,8,3,1.6e-05,1.10689618496,22.6240257963,0.250424478424,0.521717663383,22.6275581116,32.5988311768,0.0558477716653,22.7205174654,-22.5271208228,0.0931004674601,0.100296175133,0.64,3855.79967325,3855.79967325,3822.97917466,3840,3840,0,0,0,0.00375005144775,-0.172922834754,60,0.5,0.75,True,True,True,True,True,True,True,22.6240257963,0.00443127919852,0.0669097216965,0.0191160343475,0.167469514179,0.00766758442319,0.113533254954,0.00546877574048,0.0806333718379,0.00310252254819,0.0612989851956,0.000374954836163,0.0488758849973,0.00176977792184,0.0375750254553,0.00173369392631,0.0297079857148,0.00144239572878,0.023075382643,0.000989956528805,0.0205142661397,0.00112946829065,0.0176780551466,0.000919128676493,0.0133974339308,0.000672879898142,0.0114319570777,0.000687391073261,0.00979547256523,0.0010181894539,0.00872595622055,0.000455769312758,0.00643869110638,0.000510697612127,0.00554930582138,0.000478332143016,0.00473211723334,0.000491389349879,0.00405800134072,0.000335387770397,46875,46875,46874,90,b1ceaf9b314d30defcd4d8389a061cb6f36df4c9b3cf2ccc53aea547f9bf9218,940102
doe_N033_C22,doe,C22,N033,22.627416998,0,240,400,60,0.001,0.0001,0.08,0.1,2e-07,10000,0,1,12,0,0,0,0,False,800,15,18,8,3,1.6e-05,1.55479410798,15.9941592306,0.248676245338,0.51807551112,15.9993000294,22.9215259552,0.0595776171211,22.6189267168,0.102044939271,-0.00849028120598,0.102044939271,0.452548339959,3838.5591515,3838.5591515,-17.3176004506,3840,-0,0,0,0,0.00267515982665,-0.172922834754,60,0.5,0.75,True,True,True,True,True,True,True,15.9941592306,0.000564090059702,0.0583061545673,0.020282533655,0.158521630956,0.00862424709469,0.113689557416,0.00415482720842,0.0835369152256,0.00288602271842,0.0658055996157,0.00138578329261,0.0514096625691,0.00153658803896,0.0412750841451,0.000920244166277,0.0345556499747,0.000981660917299,0.0291652248685,0.000441449998127,0.024111000206,0.000667038558872,0.0206221049068,0.000326462471647,0.0174529141432,0.000413016724404,0.0150397464446,0.000198112353437,0.0133977051825,0.000154416267827,0.0115984894045,0.000197659430633,0.0103735850018,0.000178978435775,0.00922052340079,0.000202458781077,0.00828371679053,7.67458770288e-05,0.00736181359509,0.000156292921373,46875,46875,46874,90,976e8794c212da2cb168c02429f88bd89d2709b70c76e1910e40045984f574ea,947039
doe_N036_C22,doe,C22,N036,22.627416998,22.627416998,240,400,60,0.001,0.0001,0.08,0.1,2e-07,10000,0,1,12,0,0,0,0,False,800,15,18,8,3,1.6e-05,1.10505978064,22.6231905441,0.249999779799,0.520832874582,22.6269414491,32.5986175537,0.0594879659305,22.5173730797,22.728515358,-0.110043918282,0.101098360068,0.64,3821.3249278,3821.3249278,-3857.15696063,3840,-3840,0,0,0,0.0050184311074,-0.172922834754,60,0.5,0.75,True,True,True,True,True,True,True,22.6231905441,0.00192917894056,0.0680315817199,0.0174674145204,0.166011668929,0.00769655091351,0.114791345903,0.00545013638741,0.079731139069,0.00226166834758,0.0595811172054,0.000595419923316,0.0497072061971,0.00170618436458,0.040569083209,0.00169437809278,0.030147563351,0.00116032949559,0.0226849501779,0.00119213049456,0.0195277136041,0.00126245573929,0.0182482034382,0.000997250542276,0.0137390614654,0.000438078609774,0.00968319263454,0.000734213048939,0.00903149452528,0.00102923094776,0.00962152075033,0.000602660993989,0.00703013469044,0.000152385012724,0.00388817715355,0.000453102403427,0.00400699102468,0.000623819492152,0.00430387906388,0.000543120039449,46875,46875,46874,90,25cbb4eade70924e1733ce9c4a6f0e9061e0f6bce8e5d1a4f3ebcc55572f1c87,932911
doe_N014_C23,doe,C23,N014,5.65685424949,-5.65685424949,240,400,60,0.001,0.0001,0.08,0.1,2e-07,10000,0,1,12,0,0,0,0,False,800,15,18,8,5,1.6e-05,2.38300175373,5.6525148487,0.134699527974,0.280624016613,5.663133955,8.77297782898,0.0511086470932,5.67331390795,-5.63163897382,0.0164596584582,0.0252152756678,0.3,962.793296667,962.793296667,955.720825821,960,960,0,0,0,0.00289685290863,-0.172922834754,60,0.5,0.75,True,True,True,True,True,True,True,5.6525148487,0.0057220964404,0.0639403328936,0.0131502152019,0.0363337120428,0.00623377475569,0.0866823646424,0.00797632443441,0.0489183809229,0.00449368994967,0.0243919825058,0.00115771552891,0.00991471245727,0.000602391829375,0.00190208519655,0.000272442469965,0.00880363133512,0.00169817840431,0.0145141256647,0.00214875633825,0.0155180159459,0.00305068690638,0.0153782228807,0.00283536480358,0.0159262609893,0.00321381924152,0.0154399156706,0.00302922942532,0.0134324501647,0.00287331214915,0.0106744582224,0.00235927290111,0.00921547340252,0.00227577561322,0.00764773016618,0.00178242034811,0.00529951767901,0.00124625143245,0.00309711579262,0.000748122700174,46875,46875,46874,90,8a38057059ab0f35aea34c6bad5b8416996328c2d7e296eefe2cba511497a29c,932140
doe_N015_C23,doe,C23,N015,5.65685424949,0,240,400,60,0.001,0.0001,0.08,0.1,2e-07,10000,0,1,12,0,0,0,0,False,800,15,18,8,5,1.6e-05,3.83840941455,3.99428519086,0.15331701881,0.319410455854,4.01019543071,6.13640928268,0.0574841277222,5.64871453608,0.0255433287612,-0.00813971341214,0.0255433287612,0.3,958.618644828,958.618644828,-4.33484663547,960,-0,0,0,0,0.00159200379189,-0.172922834754,60,0.5,0.75,True,True,True,True,True,True,True,3.99428519086,0.0015586673312,0.0567646249285,0.0196800398419,0.0307582890091,0.0101308252862,0.101329386096,0.00559697749972,0.068312758343,0.00326127354527,0.0478661772328,0.00209632395908,0.0303475250572,0.00146203538406,0.0195595848686,0.000765276748289,0.0126191455121,0.000524661029775,0.00778399199491,0.000506122966392,0.00383597634253,0.000570522008919,0.00199706347266,0.000766655184931,0.00177453068225,0.000601702083615,0.00189842903035,0.000825428094331,0.00233917817422,0.000641509203194,0.00208501428818,0.00071844437615,0.00214989815941,0.000467156707966,0.00132136079431,0.000631779056351,0.00114571347068,0.000381246387528,0.000456520274474,0.000438656180083,46875,46875,46874,90,f0b491ddb48923c06b361bc5ed54980e5dd1dcc1f35dd7056e69448e55398a70,939946
doe_N016_C23,doe,C23,N016,5.65685424949,5.65685424949,240,400,60,0.001,0.0001,0.08,0.1,2e-07,10000,0,1,12,0,0,0,0,False,800,15,18,8,5,1.6e-05,2.39308080261,5.65275647887,0.135275030114,0.281822979405,5.66362159403,8.81688213348,0.0527640674072,5.62322877739,5.68213073908,-0.0336254720976,0.0252764895881,0.3,954.293568158,954.293568158,-964.289562526,960,-960,0,0,0,0.00260537477794,-0.172922834754,60,0.5,0.75,True,True,True,True,True,True,True,5.65275647887,0.00522561596942,0.06469334096,0.0131156769695,0.0354936156692,0.0116713408894,0.0873443511011,0.008199437922,0.0468591964758,0.00260747435911,0.0234080019467,0.000342943158253,0.0121612682165,0.000674048864495,0.00316836312644,0.00106698052536,0.0104858116191,0.00201172960277,0.0147676901723,0.00200429992018,0.0146754693882,0.00252989485524,0.0151123113735,0.00266007567248,0.0182321855038,0.0029803691703,0.0164684738247,0.00265424401433,0.0123860614187,0.00266325955365,0.0104052405341,0.00245852834701,0.010984308349,0.0021406463511,0.00828056797636,0.00154702330903,0.00417077635893,0.00122880649,0.00296552478866,0.000855597115994,46875,46875,46874,90,5c22136d2ac24db3be1a55e57e19c5ff12761f9dee636d124d419701200ab8ae,925745
doe_N022_C23,doe,C23,N022,11.313708499,-11.313708499,240,400,60,0.001,0.0001,0.08,0.1,2e-07,10000,0,1,12,0,0,0,0,False,800,15,18,8,5,1.6e-05,1.53059298264,11.3096774215,0.173105128973,0.36063568536,11.3154521427,16.7648944855,0.0542671277643,11.3555449614,-11.2636231022,0.0418364623881,0.0500853967993,0.32,1927.0998831,1927.0998831,1911.50022631,1920,1920,0,0,0,0.00247711578896,-0.172922834754,60,0.5,0.75,True,True,True,True,True,True,True,11.3096774215,0.00396188901636,0.0664339079008,0.0151817910083,0.0406273321595,0.00742421698935,0.108919938299,0.00751709355191,0.0759106815916,0.00449198482658,0.0536553485743,0.00139990451759,0.0396593711144,0.00154931815207,0.0270474883894,0.00219002648602,0.0186965590978,0.00137917382457,0.0116603349108,0.00090257663519,0.00868857580999,0.000570794013917,0.00560896457505,0.000516811228103,0.00185152669104,0.000270223565897,0.000596063086135,0.000129758192358,0.00209138193129,0.000333513865241,0.00251679380107,0.000432726749354,0.00434773855922,0.000818141362766,0.00516275772284,0.000724109038809,0.00477649346441,0.000756086772259,0.00480771564421,0.000983568775936,46875,46875,46874,90,20fb49e147ad7144a8b3bdd6259b7d7d4e0e13240eab890ec12e9b2b176fc5dc,940545
doe_N024_C23,doe,C23,N024,11.313708499,0,240,400,60,0.001,0.0001,0.08,0.1,2e-07,10000,0,1,12,0,0,0,0,False,800,15,18,8,5,1.6e-05,2.4012477123,7.99442711005,0.191965998092,0.399929162691,8.00320223687,11.7929039001,0.0592417345084,11.3057155355,0.050257985937,-0.00799296343766,0.050257985937,0.3,1918.64354912,1918.64354912,-8.52906303956,1920,-0,0,0,0,0.00251385536419,-0.172922834754,60,0.5,0.75,True,True,True,True,True,True,True,7.99442711005,7.60205207179e-05,0.0581577700369,0.0190242401214,0.0332527181267,0.00958397781066,0.115203055544,0.00491049906874,0.0848928911996,0.00290129811966,0.0659831733135,0.001992661056,0.0496952371366,0.00142372178077,0.0388656126769,0.00113861479244,0.0318013717596,0.000656450221358,0.0264243013718,0.000603094380318,0.0210992107703,0.000406610792082,0.0176236651976,0.000471949860068,0.0136897683088,0.000440637128171,0.0114530614586,0.000368192668334,0.00995846668941,0.000296432749055,0.00801765778113,0.000262028246989,0.00615615684512,0.000248094874931,0.00542326519647,0.000224112233245,0.0047796028446,0.000209732204335,0.00416386372661,0.000311309424729,46875,46875,46874,90,ba2b6ffd57e31a1affa09b2339a7f7ae82ad2e31c205736960d40ce3448e81e7,950755
doe_N026_C23,doe,C23,N026,11.313708499,11.313708499,240,400,60,0.001,0.0001,0.08,0.1,2e-07,10000,0,1,12,0,0,0,0,False,800,15,18,8,5,1.6e-05,1.53365735674,11.3097687694,0.173453100762,0.361360626587,11.3157777355,16.8026542664,0.0565612901689,11.2546707893,11.3645996259,-0.0590377097016,0.0508911269411,0.32,1909.98096843,1909.98096843,-1928.63651063,1920,-1920,0,0,0,0.00366265403248,-0.172922834754,60,0.5,0.75,True,True,True,True,True,True,True,11.3097687694,0.00320935663481,0.0670217021523,0.0147857112061,0.039479303759,0.0109763302612,0.109962841062,0.00725194981402,0.0741329772548,0.00285866028836,0.0520480669803,0.00105982479436,0.0411141857526,0.00241635237975,0.030275768209,0.00232598819129,0.0182933341876,0.00107633086985,0.0110737271352,0.000665830264202,0.00894040978935,0.00062574589861,0.00635965025071,0.000470109969697,0.0018102516225,0.000153077847046,0.00242925059668,9.48085487372e-05,0.00273992113671,0.000229296992156,0.00169535722827,0.000547751420559,0.0052902099156,0.000758924178461,0.00631536288072,0.000655184546005,0.00469073853448,0.000704536766554,0.0041525845667,0.000985086477156,46875,46875,46874,90,3e33228d89fc84f79f4538e3144bb0735f01703441061461f71000e88b011af0,932130
doe_N030_C23,doe,C23,N030,22.627416998,-22.627416998,240,400,60,0.001,0.0001,0.08,0.1,2e-07,10000,0,1,12,0,0,0,0,False,800,15,18,8,5,1.6e-05,0.872530498717,22.62348814,0.197396833895,0.411243403948,22.626494648,32.7511405945,0.0562591284835,22.7204359296,-22.526123111,0.0930189316286,0.101293886996,0.64,3855.78583616,3855.78583616,3822.80985735,3840,3840,0,0,0,0.0025616438734,-0.172922834754,60,0.5,0.75,True,True,True,True,True,True,True,22.62348814,0.00448304120629,0.0669161221237,0.0161577284114,0.0420640025934,0.00826129604298,0.116956368079,0.00543646183982,0.0852611458116,0.00342547639494,0.0645339922285,0.000936520995443,0.0515555953767,0.00156200114053,0.0394136326257,0.00160377217898,0.031292678538,0.000861577912779,0.0240630920359,0.00124406076499,0.0215762511628,0.00123733838419,0.018321651993,0.000920247656007,0.0138668280963,0.000567669496792,0.0116479163418,0.000844342653855,0.0102550816314,0.000866643839236,0.00898897146223,0.000692536876134,0.006509125616,0.000374475421804,0.00556000124402,0.000597719436153,0.0049764064517,0.000546023559824,0.00425968738965,0.000355428665394,46875,46875,46874,90,73f00a49f4b7720665b4eb2a7e9c6d3a71e8a99430eb5525b8ad21f227a47cee,940642
doe_N033_C23,doe,C23,N033,22.627416998,0,240,400,60,0.001,0.0001,0.08,0.1,2e-07,10000,0,1,12,0,0,0,0,False,800,15,18,8,5,1.6e-05,1.25798942418,15.993748862,0.201199669213,0.419165977528,15.9982234006,23.092212677,0.059580957735,22.618347619,0.101765931262,-0.00906937893486,0.101765931262,0.452548339959,3838.46087536,3838.46087536,-17.2702512214,3840,-0,0,0,0,0.0025595653545,-0.172922834754,60,0.5,0.75,True,True,True,True,True,True,True,15.993748862,0.000912500682677,0.0583250100913,0.018927719307,0.03417995163,0.00936580736186,0.116847107404,0.00522974073935,0.0885014993294,0.00307823740728,0.0688620055825,0.00184190315925,0.0538498775913,0.00136836083693,0.0423768573128,0.000933814179444,0.0356781966037,0.000443097679517,0.0298817547758,0.000328148961212,0.0249409483516,0.000353023193791,0.021406362119,0.000311332282436,0.018192190275,0.000183595025633,0.0157513619534,0.000362209186334,0.0140066461687,0.000196627440191,0.0120885354916,0.000246894821746,0.0105850293425,0.000177946922274,0.00939073318066,0.000140570426296,0.00852822900808,7.18106861819e-05,0.00753591314695,3.61114826895e-05,46875,46875,46874,90,2aeb4e96850ebdeefe6774b5e2e5f50c044dc80aeeb1a79d9678cecef3973e4a,947819
doe_N036_C23,doe,C23,N036,22.627416998,22.627416998,240,400,60,0.001,0.0001,0.08,0.1,2e-07,10000,0,1,12,0,0,0,0,False,800,15,18,8,5,1.6e-05,0.872289857168,22.6233140908,0.197340874169,0.411126821186,22.6265455723,32.7774581909,0.059329840767,22.5174933717,22.7286421318,-0.109923626262,0.101225133857,0.64,3821.34534203,3821.34534203,-3857.17847486,3840,-3840,0,0,0,0.00282184427843,-0.172922834754,60,0.5,0.75,True,True,True,True,True,True,True,22.6233140908,0.00208665864019,0.0669055378765,0.0154084425534,0.0413491572201,0.00974228054816,0.117903146953,0.00596857888019,0.0845309185307,0.0024546206902,0.062223332683,0.000567018104633,0.0521445554604,0.00207655129764,0.0425596044287,0.00197813048457,0.0318935301115,0.00100661454974,0.0232522700637,0.000877220786141,0.0203519916823,0.00111692616632,0.0187785711486,0.00119282501631,0.0143732131172,0.000537173792931,0.00975651094629,0.00055871779482,0.00932522556338,0.000676283869684,0.00993367435426,0.000738953203622,0.0072554970121,0.00044422826368,0.00386704364001,0.000371688610319,0.00405033818225,0.000368481676456,0.00434715565178,0.000375470499022,46875,46875,46874,90,b676f2a9afbafaaf96b003cc82430a2530dd5ede05c36cfe332592e1cd8cd058,935652
doe_N014_C24,doe,C24,N014,5.65685424949,-5.65685424949,240,400,60,0.001,0.0001,0.08,0.1,2e-07,10000,0,1,12,0,0,0,0,False,800,15,18,8,7,1.6e-05,1.93638156296,5.65267144696,0.109457287714,0.22803601607,5.66274769543,8.74381828308,0.0514801259576,5.67352525835,-5.63174041637,0.0166710088539,0.0251138331212,0.3,962.829164018,962.829164018,955.738041192,960,960,0,0,0,0.00251896438743,-0.172922834754,60,0.5,0.75,True,True,True,True,True,True,True,5.65267144696,0.00526052828397,0.0642097885721,0.0126418440537,0.036951568429,0.0064163170395,0.0202431188969,0.00843129164191,0.0550905415831,0.00534741774865,0.0295386785087,0.00116304991757,0.0144110338175,0.000287067799443,0.00163898967158,0.000576159924479,0.00572620548201,0.00118475547451,0.0124107052451,0.00188643493945,0.0134696812546,0.00226821655304,0.0137028064556,0.00260981016282,0.0149385160178,0.00268171474299,0.0151283832254,0.00294429654201,0.013708462767,0.00257217820287,0.0114894194235,0.00256912964744,0.010381510749,0.00223035382863,0.00886195569389,0.00205684606308,0.00668279828733,0.00140843969156,0.0041715895176,0.00114010639355,46875,46875,46874,90,e5d8a065661da6f7fb6bd4eb6c06a641330173f39296d4bad5a766c3de555330,931730
doe_N015_C24,doe,C24,N015,5.65685424949,0,240,400,60,0.001,0.0001,0.08,0.1,2e-07,10000,0,1,12,0,0,0,0,False,800,15,18,8,7,1.6e-05,3.21810699815,3.99358951069,0.128517983521,0.267745799002,4.00863378097,6.01688146591,0.0576441480223,5.64773017029,0.0256570345148,-0.00912407920382,0.0256570345148,0.3,958.451592413,958.451592413,-4.35414314173,960,-0,0,0,0,0.00278699783102,-0.172922834754,60,0.5,0.75,True,True,True,True,True,True,True,3.99358951069,0.000866646474496,0.0560546203596,0.019436629846,0.0319023662144,0.00876603189376,0.022451709816,0.00683313506684,0.0774435848086,0.0031991376767,0.0537580748481,0.00276464043826,0.0366404890388,0.00103038940454,0.0236908655124,0.00121624918291,0.0182958014536,0.000943246824987,0.0108623999604,0.000253646012347,0.00678646402726,0.00103902747289,0.00385532186254,0.000378709801913,0.00181513636246,0.00069801702811,0.00141509245875,0.000678051415607,0.00138301657585,0.000572789494653,0.00187014313999,0.000735254536006,0.00182820715783,0.000408011596698,0.00165979852985,0.000717186173939,0.00159833018586,0.000405417554911,0.0010469601454,0.000510858683305,46875,46875,46874,90,186f5e161c8d30d1767b5d843f71454c1d803894cd8641ef5d7b073bce64e40d,934282
doe_N016_C24,doe,C24,N016,5.65685424949,5.65685424949,240,400,60,0.001,0.0001,0.08,0.1,2e-07,10000,0,1,12,0,0,0,0,False,800,15,18,8,7,1.6e-05,1.93765772516,5.65276464791,0.109531230885,0.228190064344,5.66308475669,8.73129749298,0.0536371052836,5.62311869285,5.68225593366,-0.0337355566452,0.0254016841629,0.3,954.274886191,954.274886191,-964.31080875,960,-960,0,0,0,0.00359459434418,-0.172922834754,60,0.5,0.75,True,True,True,True,True,True,True,5.65276464791,0.00443093003736,0.0647487247939,0.0122756845582,0.0361590342314,0.00944518238621,0.0200665967472,0.00853158576275,0.0537954675565,0.00189416914009,0.0287237111821,0.00112791925985,0.0166642650261,0.00101583876549,0.00500196045096,0.00140008355561,0.00753025032225,0.00157322633522,0.0127301125044,0.00137997827928,0.0123163422855,0.00209760058739,0.0133859140538,0.00285950136657,0.0170998371,0.00280539392416,0.0163160915752,0.00231098912424,0.0126200203929,0.00236339260735,0.0111899798546,0.00262649178855,0.0120932306657,0.00220122676588,0.00969782099571,0.00161207010039,0.00531636778474,0.00133384854659,0.0041906000984,0.00138641537805,46875,46875,46874,90,30aa625bf3ba75a71fd79a95e1e321daace8d977ca8ca7dea8c92ac83dfb0d10,925958
doe_N022_C24,doe,C24,N022,11.313708499,-11.313708499,240,400,60,0.001,0.0001,0.08,0.1,2e-07,10000,0,1,12,0,0,0,0,False,800,15,18,8,7,1.6e-05,1.25943667346,11.3096624248,0.142438036223,0.296745908797,11.3150118147,16.6808757782,0.0549215619604,11.3556751428,-11.2634617405,0.0419666437743,0.0502467584675,0.32,1927.12197562,1927.12197562,1911.47284233,1920,1920,0,0,0,0.00254151778191,-0.172922834754,60,0.5,0.75,True,True,True,True,True,True,True,11.3096624248,0.0040199821532,0.0661985839149,0.0152195665781,0.0405438273231,0.00763761328911,0.0248773442626,0.00734269545268,0.080037982625,0.00504336178808,0.0575025610104,0.00145470554214,0.0427117674565,0.00169535435328,0.0298237196753,0.00219099513774,0.0207318061235,0.00145932994163,0.0125633416358,0.000716318503444,0.00961573535266,0.000724961316755,0.00687144407663,0.000463241251145,0.00288191142338,0.000132497425786,0.00027873126201,0.000122702193806,0.00117933940237,0.000306147531062,0.00198810956851,0.000469841425121,0.0036099964137,0.000625994615412,0.00457554699166,0.000591308074384,0.00450095725891,0.000674076637076,0.00459449878256,0.000837971677197,46875,46875,46874,90,e33b38674d51cee67e83c79da58180a1f65cc7f632703ed27f3161a3a71b4aeb,938193
doe_N024_C24,doe,C24,N024,11.313708499,0,240,400,60,0.001,0.0001,0.08,0.1,2e-07,10000,0,1,12,0,0,0,0,False,800,15,18,8,7,1.6e-05,2.05596647366,7.99329830442,0.164339533278,0.342374027663,8.00146311863,11.6616592407,0.0595412522123,11.3041216415,0.049693865159,-0.00958685745402,0.049693865159,0.3,1918.37305634,1918.37305634,-8.43332856895,1920,-0,0,0,0,0.00233197237053,-0.172922834754,60,0.5,0.75,True,True,True,True,True,True,True,7.99329830442,0.000236176240185,0.0584356347209,0.0182546101928,0.0336218858878,0.00881772033923,0.0250647313417,0.00530478119861,0.0918212166754,0.00327227170612,0.0709625869709,0.00217608552357,0.0528422321435,0.00175961376254,0.0400900092532,0.00131501081446,0.0348842881127,0.000832973789776,0.0275444749053,0.000627277127609,0.0220971558882,0.000467838592239,0.0180628052504,0.000410894632625,0.0152550856309,0.00025467686701,0.0121596378265,0.000439386984793,0.0109500356602,0.000123339560806,0.00863988134234,0.000332802589099,0.00707240154064,0.000259462534764,0.00628032540601,0.000220409880311,0.00540912737823,0.000304006006689,0.0047121213151,0.000162313344174,46875,46875,46874,90,cffc05510d6df513fc2aa90b1609f09b1efd7e315a6e7f9a688dbf2d67161812,948219
doe_N026_C24,doe,C24,N026,11.313708499,11.313708499,240,400,60,0.001,0.0001,0.08,0.1,2e-07,10000,0,1,12,0,0,0,0,False,800,15,18,8,7,1.6e-05,1.25487449756,11.3090222866,0.141914036598,0.295654242913,11.3145982234,16.6717205048,0.0574264342927,11.2539054548,11.3638717949,-0.059803044142,0.0501632959376,0.32,1909.85108687,1909.85108687,-1928.51299361,1920,-1920,0,0,0,0.00179982657167,-0.172922834754,60,0.5,0.75,True,True,True,True,True,True,True,11.3090222866,0.00335234276408,0.0663783439838,0.0143009246334,0.0400329542954,0.00856666628597,0.0244207854888,0.00702999283276,0.0788726219452,0.00260562138357,0.0558347380214,0.00147323900604,0.0446596654125,0.00262037855343,0.0320728864827,0.00179971121699,0.0200886853088,0.000828452311702,0.0117168840812,0.000943715645299,0.010130975175,0.000998313552811,0.00739653626156,0.000229384077733,0.00268484543833,0.000152659652348,0.00214181198049,0.00029778590187,0.00211132112842,0.000351747352862,0.00103651127169,0.000655134141999,0.00464562496389,0.000724883430102,0.00610643098712,0.000469346853987,0.00442551949938,0.000582094210735,0.00398443929844,0.00104102865572,46875,46875,46874,90,ff30df604b3b7eb9d6044592bb4f77681230a54ef1fe2fccf0c2c172dfee2670,933218
doe_N030_C24,doe,C24,N030,22.627416998,-22.627416998,240,400,60,0.001,0.0001,0.08,0.1,2e-07,10000,0,1,12,0,0,0,0,False,800,15,18,8,7,1.6e-05,0.73930288142,22.6235508782,0.167256563522,0.348451174004,22.6263121107,32.6356315613,0.0554324219851,22.7202260243,-22.5264608424,0.0928090262859,0.100956155557,0.64,3855.75021404,3855.75021404,3822.86717227,3840,3840,0,0,0,0.00273778681097,-0.172922834754,60,0.5,0.75,True,True,True,True,True,True,True,22.6235508782,0.00478003979332,0.0670137867785,0.0166233116484,0.0415709428587,0.00764074565922,0.0263556592197,0.00705308946076,0.0895974664164,0.00379614244992,0.0690475210545,0.000360856616635,0.0542287676776,0.00146360926895,0.0411116054869,0.00202940418408,0.0325972143972,0.00136205785936,0.0251237695751,0.000750025074796,0.0223260357826,0.00100830734458,0.0186513559693,0.000964783584714,0.0140765693583,0.000914218890918,0.0120540534201,0.000553064528262,0.0105101356484,0.000713129722128,0.0090743076396,0.000578464517596,0.00661422276954,0.000565454360598,0.00576061759447,0.000393682138588,0.00526478807092,0.000273932373905,0.00433654985208,0.000354480161125,46875,46875,46874,90,3e4170afbd875f9cd2e1c5df682a596b4cc14d0eecc2cdc63a0dac3cf727f3ae,939326
doe_N033_C24,doe,C24,N033,22.627416998,0,240,400,60,0.001,0.0001,0.08,0.1,2e-07,10000,0,1,12,0,0,0,0,False,800,15,18,8,7,1.6e-05,1.07998450637,15.9939815617,0.172732522818,0.359859422537,15.9981258963,22.9689559937,0.0600352126637,22.6186777567,0.101532897576,-0.00873924126234,0.101532897576,0.452548339959,3838.51690158,3838.51690158,-17.2307040934,3840,-0,0,0,0,0.00403427677859,-0.172922834754,60,0.5,0.75,True,True,True,True,True,True,True,15.9939815617,0.000897258499923,0.0588357229566,0.0177949049021,0.0337627889141,0.0083590713994,0.0266799843567,0.00562340097335,0.0930882092875,0.00358703748192,0.0738314132644,0.00174382852615,0.0566012231358,0.0016950786869,0.0447343190989,0.000996998159066,0.0370637676755,0.000781771986655,0.0311964774746,0.000728256831687,0.0257029046409,0.000493094980108,0.021798654047,0.000174224814664,0.0185874614123,0.000404262391224,0.0161347516081,0.000123875264989,0.0138309630174,0.000215847767432,0.0120210377751,7.85411869161e-05,0.0108874622019,0.00026222591958,0.00945619174704,6.71869174107e-05,0.00839259912694,0.000115782803548,0.0076508217146,1.24317609851e-05,46875,46875,46874,90,248ccb14ac7d9a3f35f9a25b20bb93d87f28ade6fa2340dc5184f9e9158b71f6,947443
doe_N036_C24,doe,C24,N036,22.627416998,22.627416998,240,400,60,0.001,0.0001,0.08,0.1,2e-07,10000,0,1,12,0,0,0,0,False,800,15,18,8,7,1.6e-05,0.735809798775,22.6238284051,0.166468346262,0.346809054713,22.6268143557,32.6389312744,0.0598999586899,22.5175301714,22.7296295259,-0.109886826575,0.102212527898,0.64,3821.35158714,3821.35158714,-3857.34604118,3840,-3840,0,0,0,0.00220198772731,-0.172922834754,60,0.5,0.75,True,True,True,True,True,True,True,22.6238284051,0.00216748959739,0.067006778322,0.0150457542468,0.041306607194,0.00809384574874,0.0270129353355,0.0065857460283,0.0882757834687,0.0023869531994,0.0661318485541,0.000463066568744,0.055486975764,0.00206034217546,0.0452726918194,0.00186247084426,0.0331816343147,0.000825777178199,0.0239838189422,0.00106644094044,0.020758213725,0.00127934593945,0.019884720542,0.000933736063399,0.0149855035281,0.000462691466877,0.00998720489733,0.000539714719355,0.00913225816625,0.0008842749458,0.0104182790985,0.000654323998518,0.00773553523407,0.00020388456415,0.00422670569491,0.000447215677357,0.00378823770026,0.000495974086479,0.00449173035969,0.000520737292186,46875,46875,46874,90,58b93fc6845c93e0379b95053a3920b00984c9e38f40343d8be3cf0163f1549f,935234
doe_N014_C25,doe,C25,N014,5.65685424949,-5.65685424949,240,400,60,0.001,0.0001,0.08,0.1,2e-07,10000,0,1,12,0,0,0,0,False,800,15,18,16,3,1.6e-05,3.2074745932,5.6524709762,0.181301570449,0.377711605103,5.66438594748,8.73182868958,0.0502953360983,5.67290112504,-5.63196671679,0.0160468755456,0.0248875327027,0.3,962.723245084,962.723245084,955.776445646,960,960,0,0,0,0.00351665668488,-0.172922834754,60,0.5,0.75,True,True,True,True,True,True,True,5.6524709762,0.00630108447572,0.0634946260774,0.0180163220538,0.131373401254,0.00706010760847,0.0819927011913,0.00772938850471,0.0438916947587,0.00482570292475,0.0192015499572,0.00139500644254,0.00613347511141,0.000735707407671,0.00535705213627,0.000878028522588,0.0116011891169,0.00206256015513,0.0174749685898,0.00316773312337,0.0172698763793,0.00359599978836,0.0164816859578,0.00355927095746,0.0165782967144,0.00360493372906,0.0155259516275,0.00342786642567,0.0128027172318,0.00316675238173,0.00980533489499,0.00246772949001,0.00810893220407,0.00214677985692,0.00627443185328,0.00143735213585,0.00382791782653,0.000863129873217,0.00107146299325,0.000304350729693,46875,46875,46874,90,cf53259ab08db983b97df5ecc02eb083312444bef4a0455912317aaef4e01ecf,932125
doe_N015_C25,doe,C25,N015,5.65685424949,0,240,400,60,0.001,0.0001,0.08,0.1,2e-07,10000,0,1,12,0,0,0,0,False,800,15,18,16,3,1.6e-05,4.81573376873,3.99397355458,0.192339133182,0.400706527462,4.01156657049,6.00515460968,0.0573870601899,5.64827323752,0.0256698994123,-0.00858101197588,0.0256698994123,0.3,958.543753978,958.543753978,-4.35632638723,960,-0,0,0,0,0.00175783980196,-0.172922834754,60,0.5,0.75,True,True,True,True,True,True,True,3.99397355458,0.00171573650455,0.0561237321685,0.0209439215497,0.132225143715,0.0101831474463,0.0950784547448,0.00523541623083,0.0631756771388,0.00356733509476,0.0415217194987,0.0017524981077,0.0259691861004,0.00125090819908,0.014010890401,0.000535651263919,0.00883499390104,0.000188171724451,0.00355493702048,0.000984910938733,0.00160706588431,0.000680266723455,0.00266895520393,0.000906255868205,0.00276800920207,0.000794655474738,0.00354355739213,0.000773900904589,0.00247512402594,0.000835664300809,0.00247315151042,0.000583224337554,0.00187678393177,0.000569859947191,0.00122867623676,0.000295568800786,0.000606019702787,0.00034157298334,0.00118519217091,0.000212023613282,46875,46875,46874,90,98b23bbb84d2f434d3bd00867e6033962603867f2f618751fa30c138efb9c631,934850
doe_N016_C25,doe,C25,N016,5.65685424949,5.65685424949,240,400,60,0.001,0.0001,0.08,0.1,2e-07,10000,0,1,12,0,0,0,0,False,800,15,18,16,3,1.6e-05,3.18076890818,5.65260105585,0.179796176888,0.374575368516,5.66468762079,8.67618179321,0.0515354985111,5.62324194331,5.68180846563,-0.0336123061804,0.0249542161413,0.3,954.295802488,954.295802488,-964.234870909,960,-960,0,0,0,0.00232870527879,-0.172922834754,60,0.5,0.75,True,True,True,True,True,True,True,5.65260105585,0.00537002295218,0.0640327962886,0.0174803323966,0.128867259821,0.0115162978861,0.0820209974979,0.0076775237475,0.0424332490293,0.00297883812268,0.0181958759881,0.00015034959376,0.00793877811762,0.000479163565829,0.00485906338039,0.00127829227175,0.0127189278119,0.00233105923306,0.018162278209,0.00274376896095,0.0165686248413,0.00295129623107,0.0168775439907,0.00329102017553,0.0185920678703,0.00339420289995,0.0169235035534,0.00313083926404,0.0117891459237,0.00276810445235,0.00966159762827,0.00250691280997,0.00946908868836,0.00207042823192,0.00703326931259,0.00134540783255,0.00271860623587,0.000748681362904,0.000785726240694,0.000488255955573,46875,46875,46874,90,09bd824dd5fcaed4a37a0ee3fc2376fb818cf253b6872fe3ce7b01e31c7ad8ea,923927
doe_N022_C25,doe,C25,N022,11.313708499,-11.313708499,240,400,60,0.001,0.0001,0.08,0.1,2e-07,10000,0,1,12,0,0,0,0,False,800,15,18,16,3,1.6e-05,1.95721350451,11.3098535978,0.221357981957,0.461162462411,11.316470459,16.6705436707,0.0540016213934,11.3557672748,-11.2637527676,0.0420587758095,0.0499557314022,0.32,1927.13761094,1927.13761094,1911.52223126,1920,1920,0,0,0,0.00202848973656,-0.172922834754,60,0.5,0.75,True,True,True,True,True,True,True,11.3098535978,0.00412067186213,0.0664337788938,0.018710989701,0.148191526156,0.00726355817473,0.106829360589,0.0073117823317,0.0729932348486,0.00442639746874,0.0515918205002,0.00132581058948,0.0378295857751,0.00189954700269,0.0257917033411,0.00215785667644,0.0171392831386,0.00155017057385,0.0101149113729,0.000819595707543,0.00756844984536,0.000635145158575,0.004837892255,0.000464351832547,0.00107044974017,6.12768843386e-05,0.00150692468337,0.000361808387091,0.00265004457991,0.000309545089787,0.00321242963332,0.000776618776784,0.00496785523203,0.000759766742205,0.00577382910889,0.00094586767644,0.00549712136571,0.00101993454338,0.00543973012006,0.00116416732765,46875,46875,46874,90,c9b0be97c2481e8a677cc70dde5eb66771fea2d0b8a9b218329c276857a06279,939733
doe_N024_C25,doe,C25,N024,11.313708499,0,240,400,60,0.001,0.0001,0.08,0.1,2e-07,10000,0,1,12,0,0,0,0,False,800,15,18,16,3,1.6e-05,2.93772415061,7.99402782229,0.234842485942,0.489255179046,8.00395178589,11.6564722061,0.0597920286751,11.3051497958,0.0504949558274,-0.00855870313798,0.0504949558274,0.3,1918.54753991,1918.54753991,-8.5692781635,1920,-0,0,0,0,0.00293910913034,-0.172922834754,60,0.5,0.75,True,True,True,True,True,True,True,7.99402782229,0.000101661955756,0.0586835923476,0.0203656893754,0.144041242571,0.00908103476005,0.113059063247,0.00470070091169,0.0835322019599,0.00326837582703,0.0643087233612,0.00197668436019,0.0489127366985,0.00167482070658,0.0377071984314,0.000883366071071,0.0310117147944,0.000838137325139,0.0248003052344,0.00053179005903,0.0199525020588,0.000552472830977,0.0161426932164,0.000386074167407,0.012840468665,0.000242512171648,0.0100988850719,0.00033898626583,0.00898344372063,0.000142331385445,0.00689317671882,0.000317570234105,0.00567082924057,7.74694132377e-05,0.00463880957409,0.000322514903153,0.00374697606032,0.000154744057272,0.00341974564299,0.000356062278042,46875,46875,46874,90,a8f360741412b5e2d83cdbba5fd374b3ad58c7142947bb3de924113caa967e5f,947310
doe_N026_C25,doe,C25,N026,11.313708499,11.313708499,240,400,60,0.001,0.0001,0.08,0.1,2e-07,10000,0,1,12,0,0,0,0,False,800,15,18,16,3,1.6e-05,1.94781077236,11.3096863625,0.220291289289,0.458940186019,11.3165042413,16.6483745575,0.0560933688023,11.2546992173,11.3644074533,-0.0590092817198,0.05069895433,0.32,1909.98579282,1909.98579282,-1928.60389786,1920,-1920,0,0,0,0.00367942332335,-0.172922834754,60,0.5,0.75,True,True,True,True,True,True,True,11.3096863625,0.00338521379024,0.067096549605,0.0180301095868,0.145781389093,0.0100712395214,0.107496884552,0.00735107452564,0.072002004438,0.00303792066159,0.0503543740687,0.00124244485312,0.0391137778099,0.00245843288828,0.0283784265868,0.00234251942968,0.0172441999315,0.00112459078739,0.00961697687512,0.000667363175749,0.00765606947246,0.000650591133228,0.00527995743842,0.000429326423418,0.001726950107,0.000164234975255,0.00324865322284,0.000171156968227,0.00304193417129,0.000415976166736,0.00249267530738,0.000746864153294,0.00555918096603,0.000898643580989,0.00700977973655,0.000807168204782,0.00568222390805,0.00092423270318,0.00496284215932,0.00118264985948,46875,46875,46874,90,7fb40930c78a29644eecef2b51a0a1c5d29f1191f3c35af57cf89a1ce736bcc5,930775
doe_N030_C25,doe,C25,N030,22.627416998,-22.627416998,240,400,60,0.001,0.0001,0.08,0.1,2e-07,10000,0,1,12,0,0,0,0,False,800,15,18,16,3,1.6e-05,1.08507927376,22.6235908721,0.245483895532,0.511424782359,22.6270671544,32.6238021851,0.0553542092339,22.7204770473,-22.5262879907,0.0930600493134,0.101129007236,0.64,3855.79281406,3855.79281406,3822.83783837,3840,3840,0,0,0,0.00364607586501,-0.172922834754,60,0.5,0.75,True,True,True,True,True,True,True,22.6235908721,0.00495252985306,0.0664862897807,0.019788386725,0.15470528182,0.00742567853804,0.115418658221,0.00643544791792,0.0836633708227,0.00323752012388,0.063852687101,0.000339315647052,0.051109566974,0.00136156981968,0.0390622632081,0.00213159675174,0.0307366478943,0.00124988270388,0.0235229604938,0.000974167856362,0.021014254158,0.000925289003506,0.0177171377514,0.0010753872175,0.0133202868111,0.000722921088676,0.0112684538282,0.000594708826457,0.00973291716441,0.0005889530819,0.00865961621266,0.000572028676688,0.00632442248761,0.000483570837323,0.00532712369982,0.000479227490928,0.00473486913203,0.000340838666095,0.00412914814663,0.000317870307588,46875,46875,46874,90,85beb3fd8b85a40ad3b22ed466fe63430a63738e8f35bb57687e407809d8525e,938576
doe_N033_C25,doe,C25,N033,22.627416998,0,240,400,60,0.001,0.0001,0.08,0.1,2e-07,10000,0,1,12,0,0,0,0,False,800,15,18,16,3,1.6e-05,1.5290838838,15.9943061782,0.244566358098,0.509513246037,15.9993858871,22.9493865967,0.0597142318819,22.6191386622,0.101125792994,-0.0082783357743,0.101125792994,0.452548339959,3838.59511983,3838.59511983,-17.1616161549,3840,-0,0,0,0,0.00159903100238,-0.172922834754,60,0.5,0.75,True,True,True,True,True,True,True,15.9943061782,0.00144764309788,0.0586637304985,0.0206832319466,0.145586287821,0.00821751164362,0.115475708063,0.00455917261106,0.0866461899376,0.00206013854641,0.0686359372355,0.00177100704914,0.053490308111,0.00085842660561,0.0424324931503,0.000641580803802,0.0355569214444,0.000296394825946,0.0296470816606,0.000328029133965,0.0245832834537,0.000153288230616,0.0213104209388,0.000139894075395,0.0179559086416,5.64359027257e-05,0.0155980430927,0.000208127402309,0.0139098284205,0.000189552478632,0.0120861784979,0.00014766060942,0.0106718186007,0.000133964091193,0.0093626426738,7.6804765956e-05,0.00839808236214,1.53100354535e-05,0.00740653091948,0.000242971918943,46875,46875,46874,90,bb31db21e3e7bed3043ff3ba529a4a382642f23e2d0fb2ff115af3c52b28ea27,944509
doe_N036_C25,doe,C25,N036,22.627416998,22.627416998,240,400,60,0.001,0.0001,0.08,0.1,2e-07,10000,0,1,12,0,0,0,0,False,800,15,18,16,3,1.6e-05,1.07806418231,22.623001503,0.243890476167,0.508105158681,22.6266841482,32.630115509,0.0589745707018,22.5171973274,22.7283131474,-0.110219670545,0.100896149385,0.64,3821.29510165,3821.29510165,-3857.12264434,3840,-3840,0,0,0,0.00330247303282,-0.172922834754,60,0.5,0.75,True,True,True,True,True,True,True,22.623001503,0.00247375864248,0.0677024549371,0.018841418481,0.151552929987,0.00903293635989,0.11609329447,0.00606819805326,0.0831444282661,0.00277155450012,0.0621893459872,3.94955600076e-05,0.0515769423646,0.00202368277595,0.0416763608977,0.00187591557582,0.0313992957601,0.0013616723528,0.0229868324412,0.000925983858939,0.0197897865174,0.00107668617601,0.0181448597002,0.00104979975416,0.0137537947287,0.000774996319418,0.00948085759697,0.000636017658595,0.00871869722719,0.000665854567117,0.00931496342961,0.000710291859075,0.00709589216179,0.00053673000917,0.00396289658956,0.000363858722359,0.0036168615969,0.00048878689522,0.0040772447559,0.000433501084827,46875,46875,46874,90,b7e75b1efeadb65f6d90f51d80153d6a31d25e92a73c3dfb705bf4c5dda69127,931636
doe_N014_C26,doe,C26,N014,5.65685424949,-5.65685424949,240,400,60,0.001,0.0001,0.08,0.1,2e-07,10000,0,1,12,0,0,0,0,False,800,15,18,16,5,1.6e-05,2.31880318881,5.65261336445,0.131072978946,0.273068706137,5.66314725172,8.75253582001,0.05108172054,5.67311217722,-5.63203994309,0.0162579277325,0.0248143064022,0.3,962.759061827,962.759061827,955.788872561,960,960,0,0,0,0.00234223523141,-0.172922834754,60,0.5,0.75,True,True,True,True,True,True,True,5.65261336445,0.00575613212782,0.063728333897,0.0149857845663,0.0360891489689,0.00657131703867,0.0778574814605,0.00771332334247,0.0511651608506,0.00598828587902,0.0274422690023,0.00176697196499,0.012126115487,0.000559017924799,0.000626560155004,0.000576110101117,0.00836742273862,0.00109949188745,0.0140553752513,0.0025978891804,0.0153022901857,0.0026463227817,0.0152369777019,0.00326672188878,0.0163758070453,0.00307825176014,0.0156622447742,0.00348370919746,0.0138195090843,0.00296742441528,0.0110785303917,0.00288515447021,0.00967882728917,0.00231533934422,0.0079166508572,0.00205331861122,0.0055805692005,0.00124556934382,0.00333076679435,0.00102121043198,46875,46875,46874,90,730f0d2c73bd7a25cf46e1d8e21e1d26333445395a549ada9223200dcab7ca2f,930738
doe_N015_C26,doe,C26,N015,5.65685424949,0,240,400,60,0.001,0.0001,0.08,0.1,2e-07,10000,0,1,12,0,0,0,0,False,800,15,18,16,5,1.6e-05,3.73619735711,3.99358793205,0.149208326771,0.310850680773,4.00935257164,6.10980272293,0.0578899349785,5.64773013458,0.0251688100138,-0.00912411491334,0.0251688100138,0.3,958.451586353,958.451586353,-4.27128869644,960,-0,0,0,0,0.00165946820726,-0.172922834754,60,0.5,0.75,True,True,True,True,True,True,True,3.99358793205,0.00113468149867,0.0558297908803,0.019292740874,0.0311751030959,0.0100568152436,0.0891375026355,0.00592422220753,0.0720326233994,0.00390170197243,0.051100446601,0.00224831837288,0.0337769626471,0.00155609759044,0.0208067295357,0.000691535119812,0.0142540653443,0.000322171936733,0.00790191424118,0.000498188174312,0.00431331428579,0.00037898914064,0.00168862687521,0.00072434576562,0.00122465114484,0.000589128785828,0.00196203394328,0.000814417105573,0.00230779886932,0.000627368353167,0.002510226683,0.000609039119414,0.00228734811959,0.000559080984955,0.00208147514772,0.000443567788186,0.00171396497579,0.000483149630743,0.00137788960481,0.00034494604732,46875,46875,46874,90,11291c554a42842d24b413e7faffde2ffc8d2a0fb7eee12957425cae5442d8b2,937834
doe_N016_C26,doe,C26,N016,5.65685424949,5.65685424949,240,400,60,0.001,0.0001,0.08,0.1,2e-07,10000,0,1,12,0,0,0,0,False,800,15,18,16,5,1.6e-05,2.31205007836,5.65250747557,0.130688803518,0.272268340663,5.66326591153,8.8071975708,0.0525991160669,5.62304241181,5.68181973999,-0.0338118376869,0.0249654904957,0.3,954.261940869,954.261940869,-964.23678423,960,-960,0,0,0,0.00215744724366,-0.172922834754,60,0.5,0.75,True,True,True,True,True,True,True,5.65250747557,0.00511795270419,0.0637035473364,0.0149034151646,0.0349678777841,0.0114434326119,0.0773091152278,0.00808402147414,0.0500703203375,0.00324076302894,0.0258519382943,0.000687525354331,0.0139536795146,0.00160198699676,0.00383088162962,0.00110087609127,0.0099330860361,0.00194832215502,0.0149744271938,0.00248596419496,0.0146329342936,0.00250868472064,0.0150602944265,0.00318605054273,0.0182727548701,0.00312471590798,0.0170788337233,0.00316217544998,0.012868068408,0.00278660730005,0.0106949772669,0.00284006912631,0.0111703337715,0.00239220520408,0.00890107649294,0.00191478435298,0.00456083702046,0.00135538867408,0.00302887458575,0.0011226488247,46875,46875,46874,90,91f0e23e7b4a130af1bca37f3b69a78fe3deca3891ba83851079612e4d3c0aae,924937
doe_N022_C26,doe,C26,N022,11.313708499,-11.313708499,240,400,60,0.001,0.0001,0.08,0.1,2e-07,10000,0,1,12,0,0,0,0,False,800,15,18,16,5,1.6e-05,1.48810581969,11.3095244849,0.168297692039,0.350620191748,11.3152297598,16.7396450043,0.0547036144571,11.3553339282,-11.2635287335,0.0416254291834,0.0501797655033,0.32,1927.06406958,1927.06406958,1911.48421141,1920,1920,0,0,0,0.0019670183062,-0.172922834754,60,0.5,0.75,True,True,True,True,True,True,True,11.3095244849,0.00392160050885,0.0658377724492,0.0164192697671,0.0398575487968,0.00781503164657,0.0963839827794,0.00727134632023,0.0776756174015,0.00542567613249,0.0570428802919,0.0015006622579,0.0422917235944,0.00199785853774,0.0288000898698,0.00211864426265,0.0195376965519,0.00174942173301,0.0120039490696,0.000636200731562,0.00901990098992,0.000686974358294,0.00589357570968,0.000203632511236,0.00188615883811,0.000177648682959,0.000659559592692,0.000411373781737,0.00199993646576,0.000301757539165,0.00263802817447,0.00060829119133,0.00450764432898,0.000654464381987,0.00531564057169,0.00088031101484,0.00508252117997,0.000760660443033,0.00524601915344,0.00113064333026,46875,46875,46874,90,3d430a7107dbb2903d5c1ec95d42b587fa942d5d42e450eed0c691165883fa5e,938966
doe_N024_C26,doe,C26,N024,11.313708499,0,240,400,60,0.001,0.0001,0.08,0.1,2e-07,10000,0,1,12,0,0,0,0,False,800,15,18,16,5,1.6e-05,2.35661458787,7.99390025475,0.188385419543,0.392469624048,8.00259620439,11.7615146637,0.0597104098104,11.3049718212,0.04994684348,-0.008736677761,0.04994684348,0.3,1918.51733662,1918.51733662,-8.47626041366,1920,-0,0,0,0,0.00209785815565,-0.172922834754,60,0.5,0.75,True,True,True,True,True,True,True,7.99390025475,0.000207257252441,0.0570923207789,0.0185517088958,0.0334390952457,0.00963648322287,0.101342071751,0.00547029977632,0.0880212994562,0.00343613441056,0.0696753702752,0.00202987596967,0.0535339950897,0.00170474024919,0.041027571273,0.000989951679305,0.0334337159408,0.000757160143362,0.026471348958,0.000418794915408,0.0216898546668,0.0004236853931,0.0176966585888,0.000341075053686,0.0141761442461,0.000378156148652,0.0111930991874,0.000264914668405,0.00989556993235,0.000216161910269,0.00794137813784,0.000249421919157,0.00673519216556,0.00020200568189,0.00530334108312,0.000273722647156,0.00476226029153,9.55300303883e-05,0.00395585744561,0.00026151714551,46875,46875,46874,90,cbd6c2b3ae1f3402a1ddf7ab1870ef26aa232bc513024d70779f7618b863f687,950530
doe_N026_C26,doe,C26,N026,11.313708499,11.313708499,240,400,60,0.001,0.0001,0.08,0.1,2e-07,10000,0,1,12,0,0,0,0,False,800,15,18,16,5,1.6e-05,1.48623349896,11.309362187,0.168083529342,0.350174019463,11.3152903085,16.7763271332,0.0562598203852,11.2543195695,11.3641382068,-0.0593889295204,0.05042970779,0.32,1909.92136445,1909.92136445,-1928.5582052,1920,-1920,0,0,0,0.00274183733887,-0.172922834754,60,0.5,0.75,True,True,True,True,True,True,True,11.309362187,0.00338475260132,0.0659149869281,0.0157516073217,0.0390160887171,0.0109721116347,0.0961000574628,0.0077012522038,0.0768497341142,0.00335892213068,0.0552370434505,0.00114233381973,0.0441345016874,0.00291589890336,0.0316555808567,0.00215722828391,0.0193587192042,0.00127175262576,0.0109789375849,0.000677422480737,0.00916963149965,0.000916004032514,0.00642287397284,0.000337966245765,0.00213473999604,0.00020993057067,0.00290000841008,0.000231836297525,0.00288555586305,0.000274912721067,0.00168687699341,0.00076401439372,0.00538202470664,0.000824911418046,0.00697079397201,0.000885609225859,0.0052018079952,0.000787835704533,0.00461629735378,0.00113486239068,46875,46875,46874,90,bab8cfab4906d076a70b6374fe1b7d2475d4afe39d041cbdab94f7d4cf2dccfd,931941
doe_N030_C26,doe,C26,N030,22.627416998,-22.627416998,240,400,60,0.001,0.0001,0.08,0.1,2e-07,10000,0,1,12,0,0,0,0,False,800,15,18,16,5,1.6e-05,0.862205305872,22.6235669068,0.195061594248,0.40637832135,22.6265539828,32.7219696045,0.0563866983138,22.7200249551,-22.5266958344,0.0926079571052,0.100721163577,0.64,3855.71609147,3855.71609147,3822.90705173,3840,3840,0,0,0,0.00397369501237,-0.172922834754,60,0.5,0.75,True,True,True,True,True,True,True,22.6235669068,0.00505016903975,0.0666886734546,0.0172325281384,0.0415020492173,0.00814010497281,0.103649347043,0.00632151214971,0.0883040528498,0.00377826784035,0.0694241741298,0.000567238072081,0.0553423009506,0.0013128843524,0.042304103568,0.00175473697194,0.032659939271,0.00136789833766,0.0252694447898,0.00111391774923,0.0225747009957,0.00103112367633,0.018762598644,0.000711136892928,0.0138367136218,0.000727793977017,0.0116400227198,0.0008024169991,0.0104272201045,0.000734526237555,0.00927977747877,0.000244025327366,0.00656254530752,0.000454071828841,0.00562578953561,0.00058991907015,0.00521762181091,0.00041086718733,0.00451726916401,0.000214722973143,46875,46875,46874,90,754eccaa403a938622829ead69ce6f3b3c788a1e8ad36b2766b45fdc1d17e414,939311
doe_N033_C26,doe,C26,N033,22.627416998,0,240,400,60,0.001,0.0001,0.08,0.1,2e-07,10000,0,1,12,0,0,0,0,False,800,15,18,16,5,1.6e-05,1.25177418729,15.9943453992,0.200213087133,0.417110598193,15.998810493,23.0636196136,0.0601129922028,22.6191940721,0.101138640166,-0.0082229258628,0.101138640166,0.452548339959,3838.60452321,3838.60452321,-17.1637963923,3840,-0,0,0,0,0.00279460191402,-0.172922834754,60,0.5,0.75,True,True,True,True,True,True,True,15.9943453992,0.00127723229394,0.0585678437512,0.0185032993902,0.0333534894463,0.00966749715146,0.103927180226,0.00508123470407,0.0913029270727,0.00308917468741,0.0744474387655,0.00150172072608,0.0578805597275,0.00128906194485,0.0459093401104,0.000383232950871,0.0376733825613,0.000154243637811,0.0318777017022,1.05105898849e-05,0.0262026899157,0.000131247898273,0.0226040207792,0.000257586838163,0.0184995628635,0.000184559527271,0.0162423988073,0.000222873356195,0.0139656830819,4.12953358409e-05,0.0123449738224,0.000116956435906,0.0106029596912,9.28286015081e-05,0.0096106578331,0.000175250569653,0.00870660945967,3.17028472605e-05,0.0078139474631,0.000179912014311,46875,46875,46874,90,aef155be26ce579274855fc6fba3ba4d10e433166eb074fb34e27f03fa0e430c,946608
doe_N036_C26,doe,C26,N036,22.627416998,22.627416998,240,400,60,0.001,0.0001,0.08,0.1,2e-07,10000,0,1,12,0,0,0,0,False,800,15,18,16,5,1.6e-05,0.859442129493,22.6233074614,0.194434235408,0.405071323766,22.6265141462,32.7511405945,0.0592677247797,22.5173771655,22.7287440606,-0.110039832502,0.101327062605,0.64,3821.32562118,3821.32562118,-3857.19577274,3840,-3840,0,0,0,0.00262524022217,-0.172922834754,60,0.5,0.75,True,True,True,True,True,True,True,22.6233074614,0.00248167551069,0.0664950886122,0.0161310717165,0.0402848324219,0.0100089431026,0.104110625968,0.00635304564027,0.0874793167858,0.00283648233267,0.0666837900991,0.000278797863488,0.0560739541766,0.00239844453619,0.0456877678311,0.00226405122007,0.0337877148312,0.00126473631397,0.0242951866886,0.000646838592136,0.0207936700625,0.00140396427546,0.0195582204226,0.00118306450051,0.0147910358118,0.000771009341563,0.00994024387037,0.000544039189999,0.00903436616898,0.000709190147373,0.0100579501458,0.000816789901167,0.00762669735567,0.000542650367409,0.00420788486677,0.000277291870783,0.00377771811095,0.000456996693191,0.00433607277927,0.000383217908957,46875,46875,46874,90,8634695cc150d606fe5f63b4e33699f431e500f73a4ade727551b5e30387baea,934928
doe_N014_C27,doe,C27,N014,5.65685424949,-5.65685424949,240,400,60,0.001,0.0001,0.08,0.1,2e-07,10000,0,1,12,0,0,0,0,False,800,15,18,16,7,1.6e-05,1.91597338581,5.65259792098,0.108302271773,0.22562973286,5.66265475678,8.77387046814,0.0515775509724,5.67320734006,-5.63191308431,0.0163530905629,0.0249411651838,0.3,962.775211495,962.775211495,955.767343912,960,960,0,0,0,0.00277798556607,-0.172922834754,60,0.5,0.75,True,True,True,True,True,True,True,5.65259792098,0.00533388189882,0.0640766591826,0.0144570609782,0.0363064480641,0.00733398512045,0.0199576991645,0.00653609943639,0.048994274938,0.00650655755315,0.0330703260743,0.00270473747544,0.0174555933277,0.00105034266086,0.00318841396731,0.000264325014855,0.00514148889047,0.000890421957637,0.0123278708928,0.00213535920076,0.0135344124795,0.00267002236119,0.0141055650438,0.00270126767852,0.0152704417518,0.00313795268119,0.0154612500182,0.00300490427387,0.0139749354967,0.00297970078737,0.0119380155681,0.00267134876989,0.0108555306735,0.00262429331337,0.0091955914961,0.00216457191124,0.0069652631028,0.00179844316238,0.00453400024308,0.00134091329272,46875,46875,46874,90,f748429ccb993ee11045ceea3732af0b575f66f7f9fd3fc3fd8aab2be69f3ca2,931984
doe_N015_C27,doe,C27,N015,5.65685424949,0,240,400,60,0.001,0.0001,0.08,0.1,2e-07,10000,0,1,12,0,0,0,0,False,800,15,18,16,7,1.6e-05,3.18484742417,3.9938285973,0.127197347207,0.264994473348,4.00883586361,6.05632019043,0.0580527956945,5.64807118483,0.0250124038863,-0.00878306466583,0.0250124038863,0.3,958.5094645,958.5094645,-4.24474569642,960,-0,0,0,0,0.00163649713618,-0.172922834754,60,0.5,0.75,True,True,True,True,True,True,True,3.9938285973,0.00105498642732,0.0562108950946,0.0186654689914,0.0310189535856,0.00917169087257,0.0223719233134,0.00552106912394,0.0679771638994,0.00424645359801,0.0581536284844,0.00245378617575,0.0413875365873,0.00205800949909,0.0268296746764,0.000976839589869,0.019704543084,0.000690093335163,0.0119833778581,0.000381276559081,0.00753188105312,0.000118088714601,0.00373663712422,0.000493842168933,0.00145169719345,0.000446201150232,0.00114729263839,0.00063846131084,0.00112288245724,0.000697749682901,0.00186469118101,0.000567262981861,0.00201393001798,0.000556165835672,0.00197025393371,0.000487235384548,0.00188917125822,0.000509297922715,0.00158163564467,0.000363566115699,46875,46875,46874,90,eb799113bdae6151e7953f2641c6482627fdd17826ada0b45f05ff26683729eb,935814
doe_N016_C27,doe,C27,N016,5.65685424949,5.65685424949,240,400,60,0.001,0.0001,0.08,0.1,2e-07,10000,0,1,12,0,0,0,0,False,800,15,18,16,7,1.6e-05,1.9152343927,5.65263834408,0.108261273661,0.225544320127,5.66293305871,8.71453762054,0.0534874837666,5.62296724808,5.68215450556,-0.0338870014167,0.0253002560698,0.3,954.249185161,954.249185161,-964.293595832,960,-960,0,0,0,0.00219333984151,-0.172922834754,60,0.5,0.75,True,True,True,True,True,True,True,5.65263834408,0.00471190021369,0.0639734026824,0.0138259693786,0.0354987116876,0.00966781380664,0.0196091083677,0.0065717675269,0.0486192897495,0.00252161005889,0.0314313271332,0.0018339046055,0.0198187503701,0.00218947802348,0.00629576763543,0.00109649708025,0.00691502210385,0.00162583155712,0.0132023773907,0.0018284956719,0.012299418274,0.00226626923243,0.0138105288024,0.00311915806185,0.0171387297175,0.00295988211877,0.0169781664837,0.0026411518885,0.0129358411444,0.00276559611693,0.0117921532965,0.00298741707658,0.0124385021498,0.00251518173305,0.0102039847053,0.00186485344374,0.0058885732295,0.00171842648182,0.00429612184992,0.0017077591113,46875,46875,46874,90,9fe3be82b94ed16efb5637b23591caec035a3363db1ff050cb5a7b07432d35df,925132
doe_N022_C27,doe,C27,N022,11.313708499,-11.313708499,240,400,60,0.001,0.0001,0.08,0.1,2e-07,10000,0,1,12,0,0,0,0,False,800,15,18,16,7,1.6e-05,1.24599798922,11.3096011492,0.140917402908,0.293577922725,11.3149324579,16.717458725,0.0547092203629,11.3556447224,-11.2633693558,0.0419362233787,0.0503391431426,0.32,1927.1168131,1927.1168131,1911.45716413,1920,1920,0,0,0,0.00345293043899,-0.172922834754,60,0.5,0.75,True,True,True,True,True,True,True,11.3096011492,0.00382800953508,0.0662348585845,0.0157501792441,0.0394268102988,0.00758142920328,0.0239817264064,0.00666248311891,0.0698982587417,0.00595822387566,0.0618939755606,0.00196417436278,0.0471301636398,0.0018738218777,0.0323838429245,0.00232253985455,0.0222895310313,0.00173736582574,0.0136410920475,0.000859772622367,0.010310059953,0.000787111641004,0.00674266578074,0.000520937120384,0.0025459999969,0.000165327040559,0.000382865912725,0.000186920872435,0.00134978621903,0.000193784807729,0.00227193342053,0.000473749757468,0.0039746957645,0.000553705863886,0.00489795870045,0.000705557324477,0.00472152923106,0.000735910377496,0.00490493754123,0.000937333790594,46875,46875,46874,90,49590f9829abb035c1ac0f465f0cc07226c4de8abcde977f74c39e179ef168d1,939026
doe_N024_C27,doe,C27,N024,11.313708499,0,240,400,60,0.001,0.0001,0.08,0.1,2e-07,10000,0,1,12,0,0,0,0,False,800,15,18,16,7,1.6e-05,2.05545621852,7.99389130064,0.164310935841,0.342314449669,8.0020568502,11.7065191269,0.0596813945945,11.3049590195,0.0499782043222,-0.00874947951043,0.0499782043222,0.3,1918.51516409,1918.51516409,-8.48158252506,1920,-0,0,0,0,0.00188177535024,-0.172922834754,60,0.5,0.75,True,True,True,True,True,True,True,7.99389130064,0.000468753531947,0.0579284138684,0.017880882962,0.0326615446151,0.00875254669158,0.0249605024665,0.00564802056179,0.0797452963883,0.00407128169087,0.0756796603723,0.00247323772326,0.0593648977658,0.00191140167672,0.0454999167451,0.000928198840386,0.0370007905468,0.000854350619888,0.0290732399291,0.000314313177993,0.0232383721037,0.000375510088151,0.0188578700219,0.00032431032802,0.0155339911688,0.000329313939813,0.0122064662269,0.000279531066336,0.0105054049783,0.000176280874714,0.0083405735346,0.000248774348734,0.00712998533919,0.000190043404799,0.00609558063805,0.000320975107774,0.00519328413825,0.000144535376404,0.00436263494604,0.000260626613783,46875,46875,46874,90,253e1600cf54a136de7047dc20899c46383bd6c63bf0cc762397058040c2f19c,950084
doe_N026_C27,doe,C27,N026,11.313708499,11.313708499,240,400,60,0.001,0.0001,0.08,0.1,2e-07,10000,0,1,12,0,0,0,0,False,800,15,18,16,7,1.6e-05,1.23721307761,11.3095382324,0.139923086029,0.291506429228,11.3150852736,16.6822910309,0.0565281002552,11.2546228247,11.3641882744,-0.059085674267,0.0504797753879,0.32,1909.97282857,1909.97282857,-1928.56670196,1920,-1920,0,0,0,0.00185410700904,-0.172922834754,60,0.5,0.75,True,True,True,True,True,True,True,11.3095382324,0.00286133267041,0.0656518816904,0.0149737259387,0.0386858637874,0.00870931871894,0.0239810096109,0.00688139109329,0.0691521678192,0.00286017864367,0.0590715886618,0.00170615043357,0.0485106715071,0.00317136638327,0.0356331492721,0.00273964094025,0.0215495401382,0.00123281075739,0.0123940276874,0.000925468308461,0.0101551450845,0.000748862993663,0.00767095254984,0.000456997749287,0.00252456438876,0.000168613767304,0.00229900879416,5.03975105069e-05,0.00268611930374,0.000127437684634,0.00118256042898,0.000549041285565,0.00487969211745,0.000789211665459,0.00660251160922,0.000715680725941,0.00517724862328,0.000611536491473,0.00420555904824,0.000858702601226,46875,46875,46874,90,4517f81c2f20d5f881a37a90b73265d3dbabd8858b4f6d95bd01b5077577328a,932927
doe_N030_C27,doe,C27,N030,22.627416998,-22.627416998,240,400,60,0.001,0.0001,0.08,0.1,2e-07,10000,0,1,12,0,0,0,0,False,800,15,18,16,7,1.6e-05,0.745270171929,22.6235413806,0.168606505744,0.351263553633,22.6263135586,32.6666030884,0.0554453128697,22.7199916678,-22.5266781354,0.0925746697932,0.100738862521,0.64,3855.71044243,3855.71044243,3822.90404812,3840,3840,0,0,0,0.00319598407023,-0.172922834754,60,0.5,0.75,True,True,True,True,True,True,True,22.6235413806,0.0043171108631,0.0664013737399,0.0171318740574,0.0407510125454,0.00809163255694,0.0259635619759,0.00709969363228,0.0790247910495,0.00483223837171,0.0738975996649,0.00101355331113,0.0602652207907,0.0011504864892,0.0462546727357,0.00217758742186,0.036241007788,0.00155397928136,0.0277476625578,0.00138166036344,0.0237334482382,0.000887437247161,0.0194036428402,0.00108206863986,0.0149609832149,0.000679924264816,0.0127603498024,0.000871717921341,0.0107673851578,0.000745528588811,0.00912702712602,0.000369842856133,0.00689397713289,0.000308711748913,0.00615716712939,0.000546035413774,0.00534284182747,0.000539811583881,0.00407967210952,0.000325574637806,46875,46875,46874,90,34ec986360410d490ea480f6030c976d8d43d9375663f4db20dd441fe185d39a,939398
doe_N033_C27,doe,C27,N033,22.627416998,0,240,400,60,0.001,0.0001,0.08,0.1,2e-07,10000,0,1,12,0,0,0,0,False,800,15,18,16,7,1.6e-05,1.09568883428,15.9937827662,0.175242091949,0.36508769156,15.9979570282,22.9984512329,0.0605090033164,22.6183972389,0.101393735766,-0.00901975903651,0.101393735766,0.452548339959,3838.46929613,3838.46929613,-17.2070875513,3840,-0,0,0,0,0.00283942655701,-0.172922834754,60,0.5,0.75,True,True,True,True,True,True,True,15.9937827662,0.00185603279515,0.0576413140343,0.0176345057868,0.033042455968,0.00806451798454,0.0257703072992,0.00572133784099,0.0819542128117,0.00360962439062,0.0791546500655,0.0023111339599,0.0637955799917,0.0012016128707,0.0502906955616,0.00091561017184,0.0414246965764,0.000286357735424,0.0339369040658,0.000274593840042,0.0277446138837,0.000120679530352,0.0233917917555,0.000195545196054,0.0196995176302,0.000144502778352,0.0169079622657,0.000122044451785,0.0147396713897,0.000218336941011,0.0129242264987,8.74444988945e-05,0.0114212777886,8.61879434796e-05,0.0100064179925,0.000270933069352,0.00893410333191,0.000195978900938,0.00798473456806,0.000246379572449,46875,46875,46874,90,0bce4a79cbb95820ad26bd67f4accad292fd7e9b7eadf9f95b9840fb508b05a7,946674
doe_N036_C27,doe,C27,N036,22.627416998,22.627416998,240,400,60,0.001,0.0001,0.08,0.1,2e-07,10000,0,1,12,0,0,0,0,False,800,15,18,16,7,1.6e-05,0.740419474549,22.6230562832,0.167505514459,0.34896982179,22.6260484101,32.6628379822,0.0593304422644,22.5168253256,22.7287907387,-0.110591672398,0.101373740755,0.64,3821.23197084,3821.23197084,-3857.20369429,3840,-3840,0,0,0,0.00327276872053,-0.172922834754,60,0.5,0.75,True,True,True,True,True,True,True,22.6230562832,0.00186127861976,0.0659400495423,0.0159970582327,0.0402765197697,0.00851668030949,0.0255794209401,0.0063908827253,0.0782462743233,0.00282567976027,0.0708046461295,0.000650033338144,0.0614939937879,0.00263233831452,0.0499255874237,0.00224355953868,0.0367409833988,0.00125617140995,0.0258019420865,0.00113801023562,0.0224804660223,0.00110246110546,0.0207753106542,0.00115994402441,0.0156612721637,0.00069952081182,0.0103301355133,0.000643648485909,0.00952396571818,0.000893181545108,0.0104085269459,0.000680102842759,0.00814245685466,0.000384358716623,0.00415542979201,0.000412530321966,0.00378726764306,0.000520824860832,0.00453328547578,0.000478038486512,46875,46875,46874,90,af34681fa81a359a826d8352e19897887eb27fe1a604d0d46bec764b11b7c716,934984
