run_id,phase,case_id,p,q,vrms,vdc,lf,lg,rf,rg,dead_us,zero_a,v3,v5,offset_a,adc_step,dead_shape,bw_hz,comp_gain,comp_width_a,estimated_dead_us,thd_pct,i1_rms_a,harmonic_rms_a,i_rms_a,i_dc_a,p_w,q1_var,p_error_w,q_error_var,pq_tolerance,peak_a,saturation_fraction,periodicity_rms_a,pll_error_deg,residual_to_35a_pct,thd_pass,guardrail_pass,combined_pass,wave_archive,wave_full,h01_rms_a,h02_rms_a,h03_rms_a,h04_rms_a,h05_rms_a,h06_rms_a,h07_rms_a,h08_rms_a,h09_rms_a,h10_rms_a,h11_rms_a,h12_rms_a,h13_rms_a,h14_rms_a,h15_rms_a,h16_rms_a,h17_rms_a,h18_rms_a,h19_rms_a,h20_rms_a,h21_rms_a,h22_rms_a,h23_rms_a,h24_rms_a,h25_rms_a,h26_rms_a,h27_rms_a,h28_rms_a,h29_rms_a,h30_rms_a,h31_rms_a,h32_rms_a,h33_rms_a,h34_rms_a,h35_rms_a,h36_rms_a,h37_rms_a,h38_rms_a,h39_rms_a,h40_rms_a,step_settling_s,step_peak_a
baseline_0001,baseline,M001,0,-1400,207,400,0.0015,0.0002,0.15,0.1,1,0.25,0,0,0,0,0,300,0,0.3,1,17.0344063139867,6.76331941118761,1.15209130881443,6.86074610693367,-6.03961325396085e-16,3.44411694159712,-1400.00288172328,3.44411694159712,-0.00288172328328073,28,10.6263587813741,0,9.8763138885622e-14,-0.281575406204865,3.29173074761017,False,True,False,data/baseline_000.npz,False,6.76331941118761,2.98144139096811e-15,1.05088233817515,1.58766865706199e-15,0.428694969685512,6.91548532528009e-15,0.177053384143161,5.35843628234974e-15,0.0652732868942532,1.46683900183279e-15,0.028150911599762,8.50336745360305e-16,0.0283671045743854,1.84626110360074e-15,0.0277245058061678,1.84375312899982e-15,0.0226318546403985,4.8941650872738e-16,0.016318423174454,6.33565458971705e-16,0.0112806988534072,1.07319745789646e-15,0.0086496051265599,4.47758852611779e-16,0.0077344447278852,7.03452417020884e-16,0.00712096075128103,9.10168072752536e-16,0.00622975203473824,2.05360844200647e-16,0.00517485251174031,6.26799019443083e-16,0.00424983369867793,6.97866758006935e-16,0.00362463612659508,3.88419757774437e-17,0.00324056361883658,2.42774815737073e-16,0.00293599556297703,1.78281184742201e-15,,
baseline_0002,baseline,M002,0,-700,207,400,0.0015,0.0002,0.15,0.1,1,0.25,0,0,0,0,0,300,0,0.3,1,26.1062003117897,3.38165984128737,0.88282289202983,3.49499708070854,-7.105427357601e-17,1.72206879532245,-700.001468924896,1.72206879532245,-0.00146892489624406,20,5.72648069075744,0,9.66204671541124e-14,-0.281575406204865,2.52235929723964,False,True,False,data/baseline_000.npz,False,3.38165984128737,1.351080320961e-15,0.854052626660586,1.65133789273879e-15,0.211081712381965,6.17660845129401e-15,0.0286291463318967,5.71455021829437e-15,0.0501201243978351,5.24944100290977e-16,0.0362997479989003,1.1606045884817e-15,0.0165099397093907,1.37017686659641e-15,0.0122042723804719,1.76944753008197e-15,0.0121188018869928,2.09442925546834e-16,0.00867712000264249,1.12397838801651e-15,0.00587838797357013,5.6997522794287e-16,0.00528369375542181,5.43810841618219e-16,0.00457573091135427,1.06799773112499e-15,0.00349360562617823,4.97351564815521e-16,0.00285860929260245,5.10840925473345e-16,0.0025392444897596,5.92346549194793e-16,0.00213198804084875,3.83411298194552e-16,0.00174950425621294,1.96048920429508e-16,0.00151388654140535,6.45067314982044e-17,0.00131935089462604,1.77030034638935e-15,,
baseline_0003,baseline,M003,0,700,207,400,0.0015,0.0002,0.15,0.1,1,0.25,0,0,0,0,0,300,0,0.3,1,26.0836111961631,3.38165984101657,0.882059004907549,3.4948041996231,1.05693231944315e-15,-1.72206878033898,700.001468868877,-1.72206878033898,0.00146886887728215,20,5.72607894172518,0,9.70127186298391e-14,-0.281575406204865,2.52017672421957,False,True,False,data/baseline_000.npz,False,3.38165984101657,2.21990330814064e-15,0.853417090397033,2.02906064362809e-15,0.210469427809396,4.83137292480046e-15,0.028600832488148,5.88449087690769e-15,0.0501846558306211,9.59541793922135e-16,0.0362115211785931,1.04463912395742e-15,0.0164260818731927,1.4331289891526e-15,0.0122246361212697,1.49880828848823e-15,0.0121125829323338,1.57341763921594e-16,0.00864503600180568,9.16429421998823e-16,0.00586663565341925,7.9251650999424e-16,0.0052844548788294,4.37611812076353e-16,0.00456610233605293,8.26212922694305e-16,0.00348261594009133,5.86554951134731e-16,0.00285522272923918,3.6762004187162e-16,0.00253591261024848,5.07879103292401e-16,0.00212610383799054,4.31397682626953e-16,0.00174523784311573,2.97669956457379e-16,0.00151142304434197,6.07059412930679e-17,0.00131629715182506,1.72858927398227e-15,,
baseline_0004,baseline,M004,0,1400,207,400,0.0015,0.0002,0.15,0.1,1,0.25,0,0,0,0,0,300,0,0.3,1,17.0297589047425,6.76331941110506,1.15177698966884,6.86069332615221,1.35003119794419e-15,-3.4441169367465,1400.00288170621,-3.4441169367465,0.00288170620774508,28,10.6262491415324,0,9.74211014331318e-14,-0.281575406204865,3.29083260834629,False,True,False,data/baseline_000.npz,False,6.76331941110506,1.22689163122217e-15,1.05068750046109,3.21398996068253e-15,0.428451167016623,5.73428515361916e-15,0.176822367263002,6.23199701999112e-15,0.0651042323299148,9.06996406560445e-16,0.0281225527812009,8.77816858990744e-16,0.0283988686423949,2.03174279161504e-15,0.0277323972105801,1.36835023940117e-15,0.0226147301409191,3.62301149577452e-16,0.0162903862690695,4.3382548605775e-16,0.0112582925158749,1.42212327574213e-15,0.00864224027486847,3.72962210961505e-16,0.0077352392399374,7.0451710047495e-16,0.00712009074223779,7.72794321888214e-16,0.00622448757143232,1.76339372135156e-16,0.00516735529803678,2.64938503586817e-16,0.00424356781598447,8.26310164125137e-16,0.00362126526694391,1.78845166141124e-16,0.0032389414633574,1.96147894285071e-16,0.00293424910823874,1.83225207105132e-15,,
baseline_0005,baseline,M005,350,-1400,207,400,0.0015,0.0002,0.15,0.1,1,0.25,0,0,0,0,0,300,0,0.3,1,16.6743526778156,6.97146993929963,1.16244748450672,7.06772334174412,-8.5265128291212e-16,353.444868157922,-1399.14181509186,3.44486815792186,0.858184908141993,28.8617393793236,10.9243864605716,0,9.89749681249299e-14,-0.281575406204865,3.3213227275011,False,True,False,data/baseline_000.npz,False,6.97146993929963,4.81051067377959e-15,1.05727268007206,7.57227894447152e-16,0.436659130234826,8.76411599601333e-15,0.184653869127714,4.352800779837e-15,0.070953706831929,1.28315950423916e-15,0.0294506888896742,1.58819121193537e-15,0.0273555415834708,1.57233275670184e-15,0.0273860124832452,1.90752072057369e-15,0.0231148987522249,2.40891169361332e-16,0.0172047433629371,8.13336154616229e-16,0.0120502080002419,1.29941060524742e-15,0.00895732177861671,4.3826079063833e-16,0.00773159034742414,7.50255026601251e-16,0.00713255698260413,8.66892183604514e-16,0.00637805895226338,4.8942869209218e-16,0.00541203940604396,5.66463523026882e-16,0.00446836492723559,4.94470026625051e-16,0.00375588646807302,3.42100008148221e-16,0.00330382449526163,5.60010045672998e-17,0.00299067372280389,1.73897832740658e-15,,
baseline_0006,baseline,M006,350,-700,207,400,0.0015,0.0002,0.15,0.1,1,0.25,0,0,0,0,0,300,0,0.3,1,24.5722167257864,3.78081035931069,0.929028915480807,3.89327994795352,1.27897692436818e-15,351.722821221678,-699.140360228892,1.7228212216778,0.85963977110805,20,6.31452042791957,0,9.69446911591105e-14,-0.281575406204865,2.65437917729637,False,True,False,data/baseline_000.npz,False,3.78081035931069,5.12087504742585e-15,0.891752997717157,1.13107902552148e-15,0.248440829772889,6.79954379772556e-15,0.0387224381617189,3.97207730179416e-15,0.0445664845603501,1.0307009510666e-15,0.0403218448183886,4.36122800164729e-16,0.0222596526126757,2.30057487310599e-15,0.0119346074938954,1.68918240833812e-15,0.0118002520623662,6.18881785769929e-16,0.0102858353371249,4.17077376674275e-16,0.00714879086875481,9.04846578246371e-16,0.00533835716027176,3.57130399185023e-16,0.00487537039974151,7.45025359197185e-16,0.00417634255617094,5.91796501515233e-16,0.00326881740275208,3.38223221725173e-16,0.00270838049050566,3.21582357730521e-16,0.00240825706201563,7.93865944896797e-16,0.00206658194758648,1.60996840641487e-16,0.00171925169505856,8.27781723373894e-17,0.00147937818742392,1.75183989031253e-15,,
baseline_0007,baseline,M007,350,0,207,400,0.0015,0.0002,0.15,0.1,1,0.25,0,0,0,0,0,300,0,0.3,1,35.1549197911805,1.69082950110211,0.594409754918063,1.7922689088178,6.8299854660836e-12,350.000647690716,0.861004464281129,0.000647690715709359,0.861004464281129,20,3.15167568678416,0,3.24893423186212e-12,-0.281575406204865,1.69831474623753,False,True,False,data/baseline_000.npz,False,1.69082950110211,5.07492788861946e-11,0.589206551636073,1.65983411353973e-11,0.0252878505725588,9.6107031742453e-12,0.0666763905584057,4.83605532532012e-12,0.0221025722521303,6.56450264049526e-12,0.0170635164662883,3.12475598636146e-12,0.0125026393698008,2.86164269751117e-12,0.00684977713104396,1.81504517949601e-12,0.00652547781308265,1.95388632072551e-12,0.00411192405202371,2.13497321214801e-12,0.00347457156743553,1.63061650804334e-12,0.00267395417804604,1.16600920183643e-12,0.00203387043006055,7.18901700297087e-13,0.00170454306845821,8.62216231319302e-13,0.00130590307035974,1.00859132650992e-12,0.00108467786805855,8.87852418574938e-13,0.000870277427454543,5.87980684144455e-13,0.000706719228024578,2.76568739142752e-13,0.000583151436211484,3.73290063986105e-13,0.000472980017705946,5.24052382001121e-13,,
baseline_0008,baseline,M008,350,700,207,400,0.0015,0.0002,0.15,0.1,1,0.25,0,0,0,0,0,300,0,0.3,1,24.5562425367959,3.78081057529312,0.928425014725808,3.89313609301845,4.01456645704457e-15,348.278725542879,700.86245839206,-1.7212744571205,0.862458392059807,20,6.31422685726714,0,8.94899778445174e-14,-0.281575406204865,2.65265370789274,False,True,False,data/baseline_000.npz,False,3.78081057529312,4.81442848074331e-16,0.891270063185806,2.71464010676873e-15,0.247949013319094,5.34883419670918e-15,0.0385005638113008,5.88110464480226e-15,0.0446571343861484,1.17648212262656e-15,0.040285710142477,1.62172887049548e-15,0.0221790050706551,1.68642131528346e-15,0.0119195512876296,1.61496546352453e-15,0.0118114980786968,2.67440787945111e-16,0.0102708551107976,7.94119503586202e-16,0.00712665978374104,9.1503624859211e-16,0.00533342467910555,1.56003772217771e-16,0.00487456730051719,7.26782730901459e-16,0.00416869052125833,8.33211920597807e-16,0.00326077636197241,4.34458332007298e-16,0.00270531799461547,3.27765869308271e-16,0.00240581976632662,5.11830882693935e-16,0.0020623591179709,3.4469520581508e-16,0.00171551120909376,2.58671347558015e-16,0.00147717229637169,1.3708970021822e-15,,
baseline_0009,baseline,M009,350,1400,207,400,0.0015,0.0002,0.15,0.1,1,0.25,0,0,0,0,0,300,0,0.3,1,16.6701667883204,6.97147009202507,1.16215569193846,7.06767550097664,5.54223333892878e-15,346.556649949019,1400.86390244958,-3.44335005098065,0.863902449581246,28.8617393793236,10.9242266548809,0,9.67744720383809e-14,-0.281575406204865,3.32048895232206,False,True,False,data/baseline_000.npz,False,6.97147009202507,5.19569982315392e-16,1.05709420215677,3.13859886698234e-15,0.436435094205352,6.34023345221318e-15,0.184438894162373,5.48215246678348e-15,0.0707905758147385,9.79396728586697e-16,0.0294053639377202,1.19846188537331e-15,0.0273835309236662,1.62280710114387e-15,0.0273976707275862,1.37737206230248e-15,0.0231031277131655,2.04602074892547e-16,0.0171802932359477,4.43819434588847e-16,0.0120272894474698,9.32054438308978e-16,0.00894661191075628,2.65771527848861e-16,0.00773086160274107,8.59906880185914e-16,0.00713264782786859,5.53262816078682e-16,0.00637457547879934,3.51129154943881e-16,0.00540565237800926,5.58187389996115e-16,0.00446190062209569,3.88871862618382e-16,0.00375162044104393,2.66623128277306e-16,0.00330173716837788,4.93677828554272e-17,0.00298920696591347,1.61457693415464e-15,,
baseline_0010,baseline,M010,700,-1400,207,400,0.0015,0.0002,0.15,0.1,1,0.25,0,0,0,0,0,300,0,0.3,1,15.7294427680092,7.56162062571074,1.18940078865515,7.65459497260275,-1.95399252334028e-15,703.445578703953,-1398.2807309946,3.44557870395283,1.71926900540279,31.3049516849971,11.7681033908235,0,9.78530383554415e-14,-0.281575406204865,3.39834017999199,False,True,False,data/baseline_000.npz,False,7.56162062571074,7.37733258049275e-15,1.07345798844994,1.21807438907284e-15,0.457071184706614,8.29563819133974e-15,0.204550344543429,4.99304726550486e-15,0.0866737582404526,6.50654371496423e-16,0.0358573118465118,5.99045305664283e-16,0.0253878713142958,2.4769490368354e-15,0.0258665121722381,1.45028201217503e-15,0.0236440849013622,3.64064990408731e-16,0.0191285086212683,9.31632317383657e-16,0.014234657803738,8.71216993029114e-16,0.0103604853060517,5.66117175220932e-16,0.00811512882724582,5.68749550877113e-16,0.00712688486357256,7.04865399455624e-16,0.00654304595578618,6.6572495017679e-16,0.0058690097152553,3.46409659907175e-16,0.00505814590168213,6.13856559782741e-16,0.00425665883667165,1.24189922369095e-16,0.00361066000947697,2.19842757992807e-16,0.00316401510944147,1.76896896602996e-15,,
baseline_0011,baseline,M011,700,-700,207,400,0.0015,0.0002,0.15,0.1,1,0.25,0,0,0,0,0,300,0,0.3,1,21.4054442548458,4.78238856518254,1.02369151837027,4.89072574038205,1.56319401867222e-15,701.723477643928,-698.279271012235,1.72347764392816,1.72072898776548,20,7.77472077412941,0,9.01288398943529e-14,-0.281575406204865,2.92485182495349,False,True,False,data/baseline_000.npz,False,4.78238856518254,7.38373707461135e-15,0.964112499865725,2.08861804968746e-15,0.325990799522306,5.80370549540407e-15,0.0883952374616332,4.66085211181245e-15,0.0295299462607452,5.94404979120273e-16,0.0390326129538409,4.34643468467042e-16,0.0323519878251106,2.07817747823583e-15,0.0200004215204421,1.58218480005872e-15,0.0117481160669382,3.46469424591569e-16,0.0101219391452385,2.46424988089172e-16,0.00959462994175828,8.40405621704931e-16,0.00781657578277341,7.30949996115088e-16,0.0058005859293818,5.9737183767835e-16,0.00465243370995759,4.30703924897475e-16,0.00419368751964311,2.65840120117435e-16,0.00371498783424575,7.11103467894529e-16,0.00309373005711415,5.78979024943501e-16,0.00256421754649384,2.55246769193942e-16,0.00223782428807192,3.3238852520026e-16,0.00200011112642161,1.74164869729904e-15,,
baseline_0012,baseline,M012,700,0,207,400,0.0015,0.0002,0.15,0.1,1,0.25,0,0,0,0,0,300,0,0.3,1,26.0951964203502,3.3816591339693,0.882450593276002,3.49490237162345,-4.2632564145606e-16,700.001322628903,1.7220203040799,0.00132262890338097,1.7220203040799,20,5.72634344513094,0,8.09535072017824e-14,-0.281575406204865,2.52129556722652,False,True,False,data/baseline_000.npz,False,3.3816591339693,2.72876906941424e-15,0.853745431145851,2.82108636787762e-15,0.21077477744024,3.43850135619536e-15,0.0286102649193149,3.09868748326734e-15,0.0501502114536981,1.73229524921572e-15,0.0362541184708431,1.81996328480819e-15,0.0164672816760818,1.54530885967225e-15,0.012214352481333,9.35030611946032e-16,0.012115420815995,3.74555201930555e-16,0.00866073917343039,2.84795578806777e-16,0.00587236570769859,8.35178334259147e-16,0.00528403614036927,5.15879760032112e-16,0.00457081708211576,3.7696769062145e-16,0.00348801062794881,4.29621662055389e-16,0.00285688234067621,5.17480272541695e-16,0.00253755699012862,3.82582987764808e-16,0.00212900678626242,4.01129205221023e-16,0.00174734394674088,3.2061404594579e-16,0.00151264730826031,6.513810981694e-16,0.001317815026937,1.28242069428979e-15,,
baseline_0013,baseline,M013,700,700,207,400,0.0015,0.0002,0.15,0.1,1,0.25,0,0,0,0,0,300,0,0.3,1,21.3978994849914,4.78238885653812,1.02333076050346,4.89065052316171,4.08562073062058e-15,698.279431671928,701.723402855784,-1.72056832807164,1.72340285578446,20,7.77456491216495,0,8.8820600828452e-14,-0.281575406204865,2.9238210455888,False,True,False,data/baseline_000.npz,False,4.78238885653812,2.21309769352293e-15,0.963849313726443,4.46170591315107e-15,0.325696892878235,5.37926210991434e-15,0.088170600000569,4.70563004104552e-15,0.0295579183750559,2.28388188015103e-15,0.0390629523338534,7.91308628947235e-16,0.0323295272670088,1.40469535866955e-15,0.0199587339490677,8.00680927428866e-16,0.0117289571640818,1.10547071965351e-15,0.0101267622766157,1.61028353147833e-16,0.00959356627935181,1.00938048027239e-15,0.00780619229063592,1.20532132013606e-16,0.00579042823160265,7.99405772182442e-16,0.00464921146326942,9.9192087545607e-16,0.00419280888401031,3.52503410904716e-16,0.00371181043535473,3.91203265811615e-16,0.00308919497087752,6.74459057874557e-16,0.0025610185171683,3.19907169672379e-16,0.00223621736036675,3.86744109580587e-16,0.00199849631320685,1.26279501201909e-15,,
baseline_0014,baseline,M014,700,1400,207,400,0.0015,0.0002,0.15,0.1,1,0.25,0,0,0,0,0,300,0,0.3,1,15.7262950779347,7.56162089085487,1.18916281397059,7.65455825616614,7.49622586226906e-15,696.557395202976,1401.72488451712,-3.44260479702382,1.72488451712366,31.3049516849971,11.7681135073158,0,9.40377534788635e-14,-0.281575406204865,3.39766017931612,False,True,False,data/baseline_000.npz,False,7.56162089085487,8.14702216743825e-16,1.07331768730847,4.49255609653805e-15,0.456893427564743,5.35918776080722e-15,0.20437457333655,6.30104963927437e-15,0.0865301954167687,9.38094203299517e-16,0.035783544875027,1.06407632973309e-15,0.025397530755673,1.71379465416606e-15,0.0258830461092922,1.0691700480551e-15,0.0236441467168291,6.04880604813615e-16,0.0191146495864348,5.42700596806861e-16,0.0142152826431962,1.29320350687358e-15,0.010344724810326,3.74615313907228e-16,0.00810820706934745,7.72911390648253e-16,0.00712604921916759,7.72624023998375e-16,0.00654264265883622,4.73777094571136e-16,0.00586631155125741,1.4749450712276e-16,0.00505342881751131,4.40902697186922e-16,0.00425161406227172,3.57416215397239e-16,0.0036068613007101,2.63681070360191e-17,0.00316182290632558,1.55834538423428e-15,,
baseline_0015,baseline,M015,1400,-1400,207,400,0.0015,0.0002,0.15,0.1,1,0.25,0,0,0,0,0,300,0,0.3,1,13.1740884339235,9.564777245519,1.26007221283246,9.6474256402113,1.45661260830821e-15,1403.44692262578,-1396.5586086413,3.44692262577905,3.44139135869818,39.5979797464467,14.6228300576228,0,9.32463532897994e-14,-0.281575406204865,3.60029219563431,False,True,False,data/baseline_000.npz,False,9.564777245519,1.09678877915862e-14,1.1127291571621,3.74731678065729e-15,0.508007337869361,6.31709563581659e-15,0.25666662767737,5.30654301321798e-15,0.132269860442086,9.03769311878162e-16,0.0674528697670182,6.16234055369728e-16,0.035417877265494,2.45167905882315e-15,0.023490773809083,1.54978776883467e-15,0.0209312364166071,5.50442149350941e-16,0.0197399738310716,2.72885188711061e-16,0.0177270674096781,7.0367681971992e-16,0.0150373729271093,5.9969438142956e-16,0.0122071897200652,1.03880237132329e-15,0.00969441679410014,7.75183823245833e-16,0.00777639121937146,7.52397410453515e-17,0.00650940608531868,5.74084962201323e-16,0.00573806499529391,5.72057043816038e-16,0.00521648914717721,1.45956727984164e-16,0.00475815206634972,1.76918972178679e-16,0.00428595870351513,1.57801659997903e-15,,
baseline_0016,baseline,M016,1400,-700,207,400,0.0015,0.0002,0.15,0.1,1,0.25,0,0,0,0,0,300,0,0.3,1,15.7287961602927,7.56162009189474,1.18935181066986,7.65458683395305,7.105427357601e-17,1401.72478760909,-696.557218575776,1.72478760908507,3.44278142422422,31.3049516849971,11.7681918284078,0,8.32025493391823e-14,-0.281575406204865,3.39820022518649,False,True,False,data/baseline_000.npz,False,7.56162009189474,5.28871924275483e-15,1.07343470890918,2.74483292980193e-16,0.457026604166405,3.88171683408116e-15,0.204506313786311,3.08189441615828e-15,0.0866377825783181,1.27599412012055e-15,0.0358386065917822,2.33228183221956e-15,0.0253897835863041,8.34034165459865e-16,0.025870132330609,1.94605554573569e-15,0.0236436332961541,4.80380768898516e-16,0.019124660713972,5.25682689323004e-16,0.0142295479929774,1.1890612727083e-15,0.0103564098842187,1.91833317588758e-16,0.00811336241590719,8.8338282653456e-16,0.00712666957331606,1.11935438063022e-15,0.00654292116842254,4.53531174244495e-16,0.00586828927464983,4.44783464132196e-16,0.00505691611089114,5.49081657644605e-16,0.00425536198001668,3.99114592585073e-16,0.00360969872036325,3.39369335216669e-16,0.00316347396969965,1.58463169921904e-15,,
baseline_0017,baseline,M017,1400,0,207,400,0.0015,0.0002,0.15,0.1,1,0.25,0,0,0,0,0,300,0,0.3,1,17.0323225748073,6.76331853956858,1.15195023042106,6.86072155575531,1.13686837721616e-15,1400.0027014353,3.44406096743892,0.00270143529905909,3.44406096743892,28,10.6263462206874,0,9.13199657462202e-14,-0.281575406204865,3.29132762485768,False,True,False,data/baseline_000.npz,False,6.76331853956858,2.56751708543536e-15,1.0508022636629,5.01436232088152e-16,0.428573831635879,5.83488434659293e-15,0.176938635944958,3.5540046939526e-15,0.0651890017079133,2.8330311164259e-15,0.0281353637923793,2.46225089691344e-15,0.0283812721726501,2.84645999261976e-15,0.0277270515439927,1.43357313423263e-15,0.0226222613218834,7.82224447744934e-16,0.0163037566865531,1.08684507372184e-15,0.0112691956189424,1.83122827802875e-15,0.00864582767831175,9.27177248954832e-16,0.0077347619884778,3.61854879431428e-16,0.00712039087088101,4.22669192233143e-16,0.00622696112166632,4.86331126830423e-16,0.00517097526201051,3.48824162887242e-16,0.00424663448213017,9.29186929991927e-16,0.00362293738395335,6.58663391211163e-16,0.00323975641865268,7.36202211761285e-16,0.00293511874124352,1.0064753525318e-15,,
baseline_0018,baseline,M018,1400,700,207,400,0.0015,0.0002,0.15,0.1,1,0.25,0,0,0,0,0,300,0,0.3,1,15.7272015707405,7.56162035670081,1.18923127551249,7.65456836568956,6.3948846218409e-15,1398.28076325255,703.445390676582,-1.71923674745312,3.44539067658184,31.3049516849971,11.7680579018965,0,8.53344889533626e-14,-0.281575406204865,3.39785580184747,False,True,False,data/baseline_000.npz,False,7.56162035670081,3.87022657715437e-15,1.07336273221338,5.40076304282356e-15,0.456937933220415,5.64762492912263e-15,0.204418592730477,4.2751490060858e-15,0.0865660717383355,2.95176492631327e-15,0.035801622139551,4.21673791364399e-16,0.0253944213977436,1.29933680133913e-15,0.025878271396016,4.16359971075737e-16,0.023643596185084,1.3367372520802e-15,0.0191176992536111,5.02007727546626e-16,0.0142198420313248,6.04661817460178e-16,0.0103485066345191,7.61815543268617e-17,0.00810986720857585,4.07220801053823e-16,0.00712621393354712,6.95651380598104e-16,0.00654268738111074,1.81985913355751e-16,0.00586691617642799,2.15027826693383e-16,0.00505453942769671,2.17611373499328e-16,0.0042528235346484,2.90616394933973e-16,0.00360778259013887,6.32368555896376e-16,0.00316236005897842,1.26215565203874e-15,,
baseline_0019,baseline,M019,1400,1400,207,400,0.0015,0.0002,0.15,0.1,1,0.25,0,0,0,0,0,300,0,0.3,1,13.1727465120581,9.56477759797009,1.25994390742272,9.64740922775376,6.92779167366098e-15,1396.55879676282,1403.44683835199,-3.44120323718175,3.44683835199476,39.5979797464467,14.6227929515927,0,9.17898655597406e-14,-0.281575406204865,3.5999255197712,False,True,False,data/baseline_000.npz,False,9.56477759797009,2.02003053496316e-15,1.11266082153609,5.63492949500458e-15,0.507920274602802,5.52751742719626e-15,0.256574659135797,5.27024987238625e-15,0.132184782396386,2.26261499752166e-15,0.0673839240006843,1.4901659565409e-15,0.0353754495202807,2.29880422701912e-15,0.023480532452132,1.53335434317518e-15,0.0209363001800074,1.03861696387021e-15,0.0197445468142673,6.10182208104398e-16,0.0177265802826938,1.46827833005358e-15,0.0150321596587856,3.50519745515724e-16,0.0121992776569741,9.646173364756e-16,0.00968626469071011,5.70131385443674e-16,0.00777007421796603,3.38890041217408e-16,0.00650579527968397,4.59275433754346e-16,0.00573654021858558,8.07105475357554e-16,0.00521574328620075,4.01612527120993e-16,0.00475717701220756,2.27897262425904e-17,0.00428437475491601,1.6555128222699e-15,,
baseline_0020,baseline,M020,2800,-1400,207,400,0.0015,0.0002,0.15,0.1,1,0.25,0,0,0,0,0,300,0,0.3,1,9.00620447412509,15.1232405356054,1.36202996575039,15.1844571000803,7.105427357601e-16,2803.44961707758,-1393.11451656463,3.44961707757784,6.8854834353715,62.6099033699941,22.5098065104372,0,8.73270240027982e-14,-0.281575406204865,3.89173181784704,False,True,False,data/baseline_000.npz,False,15.1232405356054,1.16422985882046e-14,1.16060035104472,3.8195286162162e-15,0.572717645334087,5.436149119374e-15,0.327537404252559,5.18238214948647e-15,0.201749867662525,8.8114035967594e-17,0.130147503793073,9.59627153999934e-16,0.0866192816016201,7.20015564427615e-16,0.0590231090825277,2.28031995000479e-15,0.0411319259561152,1.18324966278841e-15,0.029492153359591,9.67653586611811e-16,0.022029253460953,1.29098179715482e-15,0.0173648414019166,6.38373490385736e-16,0.0144894934332182,7.32114451473288e-16,0.0126551206422605,6.54078979022127e-16,0.0113590568365911,3.59300212703664e-16,0.0103110209377935,4.20745222722701e-16,0.0093691026384878,4.30952858684794e-16,0.00847780168520241,3.12010784666721e-16,0.00762538225828403,3.00736050779613e-16,0.0068191236775321,1.3554742942352e-15,,
baseline_0021,baseline,M021,2800,-700,207,400,0.0015,0.0002,0.15,0.1,1,0.25,0,0,0,0,0,300,0,0.3,1,9.66538087272184,13.9429387465098,1.34763813470048,14.0079205934628,-1.70530256582424e-15,2801.72752999048,-693.113172031108,1.72752999047634,6.88682796889202,57.7234787586473,20.8371852225984,0,9.46689027003509e-14,-0.281575406204865,3.85057479285724,False,True,False,data/baseline_000.npz,False,13.9429387465098,6.9374090339708e-15,1.15453554209257,2.83681937498694e-16,0.564357662250214,3.62616508286413e-15,0.318104340248987,2.20884546837908e-15,0.192085286654702,2.93904821591952e-15,0.120814526407025,3.73602858635803e-15,0.0780220010643485,2.28320860767568e-15,0.0514827981143121,7.62604431789265e-16,0.0349231956973147,1.12292473760045e-16,0.0248255793823432,3.99047191021508e-16,0.0189583990645498,8.68659212414618e-16,0.0156811498801664,4.99486089235965e-16,0.0137665542480867,1.25622293826539e-15,0.0124360571958513,1.14773062564037e-15,0.0112995185068902,9.2519121855614e-16,0.0102081999627298,6.2994700967123e-16,0.00913199002368295,4.64756100558395e-16,0.00808889869721935,2.70944227365069e-16,0.00711048476649384,5.82167135248254e-16,0.00622597488839656,1.5821057776527e-15,,
baseline_0022,baseline,M022,2800,0,207,400,0.0015,0.0002,0.15,0.1,1,0.25,0,0,0,0,0,300,0,0.3,1,9.92000981548323,13.526637476919,1.3418437654152,13.5930358683106,2.06057393370429e-15,2800.00548514671,6.88814835036225,0.00548514670572331,6.88814835036225,56,20.2471490603154,0,9.90943306671657e-14,-0.281575406204865,3.8340075321577,False,True,False,data/baseline_000.npz,False,13.526637476919,6.99938478132297e-15,1.15202462553471,3.51429906193374e-15,0.560910983471492,8.50202452173347e-15,0.314238759614305,6.35292579427264e-15,0.188159592652185,3.17696075767909e-15,0.117071410782861,1.37211290065495e-15,0.0746393577862426,2.53917065518731e-15,0.0486075027289432,2.29784487913894e-15,0.0326841168741147,1.467265489461e-15,0.0233076054986708,8.48023020453751e-16,0.018128848708545,6.80648031478051e-16,0.0153563371182497,6.51176769821917e-16,0.0137056346380385,1.09637888845721e-15,0.0124513278507408,1.24738382346212e-15,0.0112850238401887,5.5127437522222e-16,0.0101207684802319,9.0230416844726e-16,0.0089671503184046,9.07288010182763e-16,0.00786347601925345,4.47939627808334e-16,0.00685118611964948,5.00255912500707e-16,0.00596156273651272,1.2721322856335e-15,,
baseline_0023,baseline,M023,2800,700,207,400,0.0015,0.0002,0.15,0.1,1,0.25,0,0,0,0,0,300,0,0.3,1,9.66522319006483,13.9429389313726,1.3476161669716,14.007918662597,8.73967564984923e-15,2798.28349106428,706.889486465743,-1.71650893572041,6.88948646574295,57.7234787586473,20.8372631441721,0,9.27673744404555e-14,-0.281575406204865,3.85051198710492,False,True,False,data/baseline_000.npz,False,13.9429389313726,7.21415271264538e-15,1.15452468403202,4.90857045343015e-15,0.564345818804276,7.76566810546786e-15,0.318091018213284,5.97175499535445e-15,0.192071721590107,1.81333101616606e-15,0.120801543994675,1.63190548608404e-15,0.078010202649762,2.39809505390301e-15,0.0514726748342828,5.20481967988438e-16,0.0349151763731824,1.11043172380265e-15,0.0248199662484584,4.69113048899041e-16,0.0189551533755477,9.27058162335703e-16,0.0156797434345442,1.80841226496431e-16,0.013766201256809,8.11532645351027e-16,0.0124360869056103,7.43904251537256e-16,0.0112995203427401,2.11242643477292e-16,0.0102079847548758,5.62339264578316e-16,0.00913151261545866,5.33929455047536e-16,0.0080881969097132,2.94264293275336e-16,0.0071096384579601,4.00125017167509e-16,0.00622507818465854,1.85150751274716e-15,,
baseline_0024,baseline,M024,2800,1400,207,400,0.0015,0.0002,0.15,0.1,1,0.25,0,0,0,0,0,300,0,0.3,1,9.00598071747001,15.1232408582947,1.36199615555456,15.1844543854637,8.31335000839317e-15,2796.56151527862,1406.89087040662,-3.43848472137825,6.89087040661525,62.6099033699941,22.5096331689571,0,9.32080215297745e-14,-0.281575406204865,3.89163511748256,False,True,False,data/baseline_000.npz,False,15.1232408582947,5.68368503492394e-15,1.16058388630057,7.69053805823154e-15,0.57270025202832,7.24046461554203e-15,0.327517667834614,4.60653054715381e-15,0.201729520919481,2.25270243536615e-15,0.130127683861346,9.43163122762831e-16,0.0866007923550301,1.69454107393127e-15,0.0590065741693497,6.82931421895002e-16,0.0411178662425132,9.65785484501699e-16,0.0294809897230075,5.08281361279687e-16,0.0220212086997561,9.00371051033677e-16,0.0173597665369081,3.67979505100257e-16,0.0144867980887746,5.74561723814342e-16,0.0126539675663098,4.85539176116444e-16,0.0113586647030574,3.29042241402699e-16,0.0103108325568906,2.93744653210642e-16,0.00936879579900541,5.51023512239327e-16,0.0084772338261719,3.25912993824347e-16,0.00762452992704018,1.51570325229908e-16,0.00681803503596937,1.6270980812102e-15,,
baseline_0025,baseline,M025,0,-1400,230,400,0.0015,0.0002,0.15,0.1,1,0.25,0,0,0,0,0,300,0,0.3,1,18.3164241300482,6.08698750389672,1.11491844795676,6.18825380981322,-7.8159700933611e-16,3.44411963486033,-1400.00288949709,3.44411963486033,-0.00288949709215558,28,9.65634976825587,0,1.08493684597098e-13,-0.281575406204869,3.18551356455803,False,True,False,data/baseline_000.npz,False,6.08698750389672,2.41013443948858e-15,1.02717903058886,1.02690237200909e-15,0.399623364824069,7.51879689155776e-15,0.150122593554615,6.21531692216298e-15,0.0470907226991366,1.34152878706812e-15,0.0283615479048773,1.10048333183421e-15,0.0317384026164424,2.36224521801554e-15,0.0275990397605199,2.06515100190195e-15,0.019869526217698,6.14563012262715e-16,0.0130142883862897,6.19257301727367e-16,0.00942798411660502,1.37622940551184e-15,0.00844613904203436,4.92925339552195e-16,0.00780946884827508,6.23360895576843e-16,0.00669237724004168,9.47965298662592e-16,0.00538163885530189,9.55096362570387e-17,0.0043480369277936,4.15461659473131e-16,0.00375453410135755,8.73764899548753e-16,0.00339386630942829,2.05332559847153e-16,0.00303559881030267,2.81505313429587e-16,0.00263520900533747,1.98079925897018e-15,,
baseline_0026,baseline,M026,0,-700,230,400,0.0015,0.0002,0.15,0.1,1,0.25,0,0,0,0,0,300,0,0.3,1,27.560160914909,3.0434938768361,0.838791809891433,3.15696537162255,1.17239551400417e-15,1.72207060019798,-700.001473446287,1.72207060019798,-0.00147344628726387,20,5.22435544617944,0,1.06873224793066e-13,-0.281575406204869,2.39655429397283,False,True,False,data/baseline_000.npz,False,3.0434938768361,2.18920372280393e-15,0.816766253815371,1.25728588217432e-15,0.176261401819871,6.48066740287395e-15,0.0331267855820132,6.11957028284269e-15,0.0523534717856314,5.94191065737559e-16,0.0304940311189296,1.46480998236062e-15,0.0130937833368491,1.64935391874136e-15,0.0134362987988941,1.88489004704308e-15,0.0111306898244091,3.18119709648558e-16,0.00694535662096678,1.16968967460672e-15,0.00567367154627757,6.76622946009758e-16,0.00513060597616036,4.31940233660887e-16,0.00388113512712495,1.07687383184421e-15,0.00305620388234728,5.94314844620295e-16,0.00271249967275265,4.78579470729817e-16,0.0022517912522105,6.71371769129609e-16,0.0018198815033777,5.53256204350293e-16,0.00157304174336182,2.38320015102548e-16,0.00135301336747657,7.65754370989775e-17,0.00112927404300401,1.97897933317851e-15,,
baseline_0027,baseline,M027,0,700,230,400,0.0015,0.0002,0.15,0.1,1,0.25,0,0,0,0,0,300,0,0.3,1,27.528962335194,3.04349387648799,0.837842282932315,3.15671321494535,3.99680288865056e-16,-1.72207057843971,700.001473366274,-1.72207057843971,0.00147336627378536,20,5.22382497647643,0,1.07379424795284e-13,-0.281575406204869,2.39384132458091,False,True,False,data/baseline_000.npz,False,3.04349387648799,2.21984628434054e-15,0.815948274507527,1.67036499289042e-15,0.1755212181577,5.42091495865056e-15,0.0333239469407833,6.62870778723948e-15,0.0523662000238538,1.15258877339727e-15,0.0303528701022401,1.19707358731621e-15,0.0130555494559548,1.53970135410752e-15,0.0134575849016793,1.68368648021756e-15,0.0110963269077622,2.98537982630947e-16,0.00691450609665204,1.01661184164255e-15,0.00567605943288988,8.93417804292462e-16,0.00512141145663338,4.23075483200195e-16,0.00386520069386383,9.73855449466673e-16,0.00305133564623667,6.7769265462948e-16,0.0027085681048869,4.03875767067992e-16,0.00224394777612594,5.56086142905794e-16,0.00181468866759088,5.97260765461813e-16,0.00157001567757706,2.6734538317516e-16,0.00134880879744709,1.21656852398608e-16,0.00112542151788641,1.92781180853914e-15,,
baseline_0028,baseline,M028,0,1400,230,400,0.0015,0.0002,0.15,0.1,1,0.25,0,0,0,0,0,300,0,0.3,1,18.3097285870749,6.08698750378362,1.11451089107195,6.18818038854246,1.47437617670221e-15,-3.44411962782198,1400.0028894711,-3.44411962782198,0.00288947109606852,28,9.6561989194352,0,1.09152902394182e-13,-0.281575406204869,3.18434903471433,False,True,False,data/baseline_000.npz,False,6.08698750378362,8.4042196561945e-16,1.02691315403309,3.06932427028176e-15,0.399299657088641,5.91792063995998e-15,0.149830451286196,6.74069835156722e-15,0.0469150524668014,8.2711452485296e-16,0.0283971269627285,9.6282482756518e-16,0.0317686069688735,2.10639568784635e-15,0.0275857803549906,1.61863480897044e-15,0.0198318471353584,2.51304949691111e-16,0.0129799758456321,6.58108825689823e-16,0.00941722305058354,1.26866590232708e-15,0.00844864792765475,3.96428597878378e-16,0.00780818051724946,7.73938723405558e-16,0.00668400290100241,9.88264605172865e-16,0.00537099966381026,2.88923711366568e-16,0.00434089402705638,5.28851691694084e-16,0.00375179375849467,7.47140602123856e-16,0.00339215112880479,1.29602383928327e-16,0.00303252123528944,1.37112498467865e-16,0.00263104379558739,2.04587098009211e-15,,
baseline_0029,baseline,M029,350,-1400,230,400,0.0015,0.0002,0.15,0.1,1,0.25,0,0,0,0,0,300,0,0.3,1,17.9429153147704,6.27432297021802,1.12579645712141,6.37452536989091,-1.59872115546023e-15,353.444875472356,-1399.14181913877,3.44487547235639,0.858180861225947,28.8617393793236,9.92535345413566,0,1.09272245234447e-13,-0.281575406204869,3.2165959402886,False,True,False,data/baseline_000.npz,False,6.27432297021802,4.48082894584808e-15,1.03423887202631,5.49349826541937e-16,0.408201987875103,9.28987880323855e-15,0.157933289832687,4.75695097585189e-15,0.0519951985068274,1.68886454773496e-15,0.027641062549531,1.55679997171654e-15,0.0308667724285968,1.92436247987838e-15,0.0278545137151346,1.83108829856759e-15,0.0208164159665048,2.35519208802649e-16,0.0139521766832777,1.07387477760137e-15,0.00979127624074078,1.3247915763615e-15,0.00840158533647983,3.77926533622379e-16,0.00781870980564116,5.99507416658783e-16,0.00688756309700513,7.97636166232748e-16,0.00566154849293538,3.77604151808433e-16,0.0045596431686848,6.03942901435241e-16,0.00384679962677063,4.75643060289643e-16,0.00344023166891199,1.99142135060468e-16,0.00310875454231231,6.79623242752439e-17,0.00274174342631948,1.85029311584132e-15,,
baseline_0030,baseline,M030,350,-700,230,400,0.0015,0.0002,0.15,0.1,1,0.25,0,0,0,0,0,300,0,0.3,1,26.0206443216117,3.40272932989891,0.885412096160157,3.51603848426373,6.03961325396085e-16,351.722826551784,-699.140359225919,1.72282655178395,0.859640774081072,20,5.75760034295201,0,1.03792454716931e-13,-0.281575406204869,2.52975715583617,False,True,False,data/baseline_000.npz,False,3.40272932989891,5.16623557691218e-15,0.856205173997503,7.34121422779235e-16,0.213154738848693,7.73555237871916e-15,0.0287640671404166,4.56242036554113e-15,0.0498917746374047,1.42398447354603e-15,0.0365889288381555,5.47924915138457e-16,0.0167944814138034,2.44356306586502e-15,0.0121371985447012,1.80315020326135e-15,0.0121365774190877,7.33631577344867e-16,0.00878427796957506,4.280874951111e-16,0.00592017799966522,9.92708707449823e-16,0.00528070098992194,5.12482248407113e-16,0.00460712819559376,8.48785022758336e-16,0.00353115282334687,6.497254457382e-16,0.00287064905614103,3.70686096778217e-16,0.00255012145445061,3.63305227694314e-16,0.00215172649289453,7.7550690841393e-16,0.00176431263824961,1.34074919931671e-16,0.00152231888004444,1.08681191436886e-16,0.00132956834931636,2.03315372810791e-15,,
baseline_0031,baseline,M031,350,0,230,400,0.0015,0.0002,0.15,0.1,1,0.25,0,0,0,0,0,300,0,0.3,1,36.309276362526,1.52174654431673,0.55253515831315,1.61895273621951,2.96406099664637e-11,350.000646156685,0.861003951170282,0.000646156684581456,0.861003951170282,20,2.87980904859787,0,2.36516402851176e-11,-0.281575406204869,1.57867269739224,False,True,False,data/baseline_000.npz,False,1.52174654431673,2.44785383248009e-10,0.547424088125883,9.06970356602668e-11,0.0280535814136899,4.0275222632263e-11,0.063499923950729,3.11213455544743e-11,0.0161183057096056,3.06100308349378e-11,0.0180341133562368,1.44997515240994e-11,0.00982534939918976,1.38764326055282e-11,0.00715745720694282,8.1784295994776e-12,0.00562981090808793,1.13712147973846e-11,0.00370581874788498,9.91816585054582e-12,0.00321106983146724,7.25073231489446e-12,0.0022503935558613,4.45087093833469e-12,0.00188360696995942,3.86343775084592e-12,0.00143973024960883,5.14236577114915e-12,0.00115531162854359,4.90448135574758e-12,0.000931076399910544,3.48238836071999e-12,0.000738309650436449,1.58110986412769e-12,0.000605378380771004,1.73172030402613e-12,0.000484363389020016,2.67408143277979e-12,0.000397100872380038,2.67286186924922e-12,,
baseline_0032,baseline,M032,350,700,230,400,0.0015,0.0002,0.15,0.1,1,0.25,0,0,0,0,0,300,0,0.3,1,25.9984656868036,3.40272953762688,0.884657471254658,3.51584872673497,2.64677169070637e-15,348.278730161335,700.862461198503,-1.72126983866542,0.862461198502729,20,5.75728321051711,0,9.85893815654221e-14,-0.281575406204869,2.52760104551111,False,True,False,data/baseline_000.npz,False,3.40272953762688,2.79609497255907e-16,0.855578549215215,2.80115458496179e-15,0.212550052842392,6.01098324249295e-15,0.0287188561835391,6.40810679825749e-15,0.0499580293317863,1.34993371074527e-15,0.0365036751204582,1.61944121009757e-15,0.0167094920021377,1.79942019805659e-15,0.0121561098639803,1.86777423645992e-15,0.0121316533590959,2.87522374911774e-16,0.00875275928978689,8.50447527110315e-16,0.00590730245480646,1.15198454815571e-15,0.00528150986752051,2.3304224206352e-16,0.00459802641971343,7.16141760144879e-16,0.00351998442606218,8.68466150345856e-16,0.00286694473731493,5.00877326913011e-16,0.00254695756334961,4.20000951019508e-16,0.00214593929238923,6.7697081585709e-16,0.00175988202400688,3.57376229467686e-16,0.00151981347774302,3.37852132904947e-16,0.00132658622811409,1.46993331137736e-15,,
baseline_0033,baseline,M033,350,1400,230,400,0.0015,0.0002,0.15,0.1,1,0.25,0,0,0,0,0,300,0,0.3,1,17.9368744981375,6.27432311865651,1.12541746340104,6.37445858733675,3.73034936274053e-15,346.556653234401,1400.86391012708,-3.44334676559862,0.863910127082363,28.8617393793236,9.92520255604493,0,1.07405445428111e-13,-0.281575406204869,3.2155130156772,False,True,False,data/baseline_001.npz,False,6.27432311865651,1.28859531342817e-15,1.03399492956561,2.87231450668543e-15,0.407903395429379,6.62205472481563e-15,0.157659638818806,6.14488164440804e-15,0.051817964589058,9.1543222022496e-16,0.0276592561369552,1.54288984295087e-15,0.0308993810324779,1.63470466848186e-15,0.0278483742297113,1.79668962070185e-15,0.0207846144287524,2.15674691796182e-16,0.0139181384570919,6.9687030566785e-16,0.00977567902652406,1.18708854129153e-15,0.00840212563157254,4.49108714345815e-16,0.0078191399055627,9.31254467136876e-16,0.00688168319567183,6.16612585714092e-16,0.00565192822095027,4.16253563770656e-16,0.00455154816028797,4.01872096507742e-16,0.00384286226483428,5.15584085071741e-16,0.00343853020254719,3.15680333180587e-16,0.00310650988917588,1.04104330409622e-16,0.00273824310954743,1.78636910125151e-15,,
baseline_0034,baseline,M034,700,-1400,230,400,0.0015,0.0002,0.15,0.1,1,0.25,0,0,0,0,0,300,0,0.3,1,16.9603696160578,6.80545857507681,1.15423092840073,6.90264799151788,-7.8159700933611e-16,703.445587316068,-1398.28072973542,3.44558731606844,1.71927026457843,31.3049516849971,10.6867815000115,0,1.07472968797001e-13,-0.281575406204869,3.29784453751652,False,True,False,data/baseline_001.npz,False,6.80545857507681,6.81413762254255e-15,1.05221200106039,1.08372267903146e-15,0.430342920478031,9.19956937718474e-15,0.178618514880561,5.03524706258473e-15,0.0664264823595712,7.98613805603033e-16,0.0283642720745332,6.46095350603071e-16,0.028154564088773,2.45631190273526e-15,0.027666936373937,1.47942081324447e-15,0.0227428695312153,4.10863395725215e-16,0.0165052397586078,7.40500562542907e-16,0.0114329698237842,1.01751487059836e-15,0.00870208206073993,6.83016859560358e-16,0.00773007060742902,4.97917028662629e-16,0.00712617674055005,9.89463001931572e-16,0.00626437526804603,4.88101698276742e-16,0.00522528514890882,4.48683945078394e-16,0.00429293522367205,6.22305284256905e-16,0.00364849419548961,1.71792599410005e-16,0.00325211994705865,2.54967072783723e-16,0.00294787046614512,2.0287387032378e-15,,
baseline_0035,baseline,M035,700,-700,230,400,0.0015,0.0002,0.15,0.1,1,0.25,0,0,0,0,0,300,0,0.3,1,22.8107666893805,4.30414969893271,0.981809545785213,4.41471003443,8.70414851306123e-16,701.723480433337,-698.27926503587,1.72348043333739,1.72073496413009,20,7.07978415204826,0,1.00415752350155e-13,-0.281575406204869,2.80518478750255,False,True,False,data/baseline_001.npz,False,4.30414969893271,6.55860921201261e-15,0.932933413063971,2.17864438059441e-15,0.291648134526034,6.79911589440234e-15,0.0636540182912563,4.90577778549559e-15,0.0354705053213566,7.74113512221619e-16,0.041316730535697,8.23380835875393e-16,0.0287670320812006,2.36039838560437e-15,0.015380610800771,1.69010913229291e-15,0.0108383351364921,2.41665569521836e-16,0.0107027983565662,3.4084090434806e-16,0.00896941174288057,8.93073824589213e-16,0.00646132162677049,7.20170157285048e-16,0.00499747329652397,7.29198529539737e-16,0.00451615736873141,5.31867861011512e-16,0.00396458181556332,2.07196878467076e-16,0.00321865627579957,7.61159917868875e-16,0.00264483758515392,5.02164457152368e-16,0.00232804697811295,2.74488379695692e-16,0.00206053260554634,2.80065251940147e-16,0.00176096872870651,1.90761282137135e-15,,
baseline_0036,baseline,M036,700,0,230,400,0.0015,0.0002,0.15,0.1,1,0.25,0,0,0,0,0,300,0,0.3,1,27.5448605524385,3.04349320085018,0.838325958097128,3.15684097511535,-7.8159700933611e-16,700.001318097063,1.72201856486651,0.00131809706329022,1.72201856486651,20,5.224179815244,0,8.76211655488343e-14,-0.281575406204869,2.39522327116754,False,True,False,data/baseline_001.npz,False,3.04349320085018,2.494412481365e-15,0.816367123136272,3.38466076211014e-15,0.175890180895509,3.41427498590481e-15,0.0332206321107387,3.41766912287355e-15,0.0523576494735739,1.9315103093833e-15,0.0304220070167839,1.98479729443928e-15,0.0130741865531769,1.5411437698047e-15,0.0134468026828644,8.84303861292761e-16,0.0111131302192319,3.61869691904366e-16,0.00692963936234363,2.26841619528688e-16,0.00567482148242863,8.75527165997188e-16,0.00512592285441759,4.89127505108254e-16,0.00387303742921958,3.91844688909863e-16,0.00305371769783614,5.01405906272676e-16,0.00271051330956085,5.48063237879459e-16,0.00224782216063606,4.19093259382977e-16,0.00181725047012294,4.67343194659271e-16,0.0015715199731191,3.64838110273624e-16,0.00135089753883825,7.40823820056326e-16,0.00112733210632258,1.36140818773218e-15,,
baseline_0037,baseline,M037,700,700,230,400,0.0015,0.0002,0.15,0.1,1,0.25,0,0,0,0,0,300,0,0.3,1,22.8001610319624,4.30414998060321,0.981353126634708,4.4146088225295,3.42836870004248e-15,698.279437638559,701.723400071947,-1.72056236144124,1.72340007194737,20,7.07957450096122,0,9.59688832003037e-14,-0.281575406204869,2.80388069330264,False,True,False,data/baseline_001.npz,False,4.30414998060321,1.88327240822402e-15,0.932585844142351,4.83386743054638e-15,0.291274877335452,6.11501727307032e-15,0.0634040010492605,5.5400207530231e-15,0.0355507785657516,2.13691346084972e-15,0.0413257579404897,5.68491123751702e-16,0.0287173334343843,1.5982846138047e-15,0.0153348497238134,9.98114323877172e-16,0.0108405016204624,1.14165316176818e-15,0.0107061769746516,1.82681549176911e-16,0.00895704202020114,1.17922395684889e-15,0.00644652778802095,3.23212801307174e-16,0.00499316553551812,8.52402245643003e-16,0.00451539739870962,1.19469639990602e-15,0.00395998007334637,3.03343212114787e-16,0.0032125406785221,4.18636772117186e-16,0.00264136044100142,8.76938770549937e-16,0.00232633043199634,3.50756298756077e-16,0.00205807213138836,4.58755679604927e-16,0.00175792656458609,1.46758599457325e-15,,
baseline_0038,baseline,M038,700,1400,230,400,0.0015,0.0002,0.15,0.1,1,0.25,0,0,0,0,0,300,0,0.3,1,16.9558021733748,6.80545883287785,1.15392013669323,6.90259627758308,6.75015598972095e-15,696.557402814535,1401.72488872439,-3.44259718546471,1.72488872439317,31.3049516849971,10.6867205443494,0,1.02797286171979e-13,-0.281575406204869,3.29695647567872,False,True,False,data/baseline_001.npz,False,6.80545883287785,1.064973035871e-15,1.05201918673046,4.03900148617437e-15,0.430103574615205,6.2947340909593e-15,0.178391019988183,7.36588669330847e-15,0.0662584733425895,8.60602573121845e-16,0.0283317594624342,1.43490987936298e-15,0.0281853557976815,1.83400525810033e-15,0.0276754991976041,1.01765773700267e-15,0.0227267811977305,6.70699731703624e-16,0.0164778425416335,5.00492390164895e-16,0.0114102884704022,1.124859112604e-15,0.00869390761071095,2.11561327385307e-16,0.00773052916072033,8.86835311732678e-16,0.0071254895641225,7.69382004658789e-16,0.00625943616168598,4.11846703644747e-16,0.00521794220248363,2.85199279801361e-16,0.00428654231361709,5.39499652492695e-16,0.00364488532693999,3.52778653410072e-16,0.00325038548929957,2.3012314769471e-16,0.00294616892730116,1.67111799759616e-15,,
baseline_0039,baseline,M039,1400,-1400,230,400,0.0015,0.0002,0.15,0.1,1,0.25,0,0,0,0,0,300,0,0.3,1,14.2861730079486,8.60829950825779,1.2297965607921,8.69570458115839,1.77635683940025e-15,1403.44692700907,-1396.55860009224,3.4469270090724,3.44139990776421,39.5979797464467,13.2611827994726,0,1.04961920380119e-13,-0.281575406204869,3.51377201693584,False,True,False,data/baseline_001.npz,False,8.60829950825779,9.29020329307542e-15,1.0964805382954,3.81669405179225e-15,0.486689501042595,7.54649869147962e-15,0.234441013024743,4.98644675873287e-15,0.112150565516794,1.01449933831984e-15,0.0519649753726798,4.25114511817614e-16,0.0276459440979163,2.67986886504811e-15,0.0231551566077715,1.68637457476879e-15,0.0224866373768275,7.56321016311799e-16,0.0203395126850014,1.08954410238796e-16,0.0169467361513158,8.83156005267124e-16,0.0132930199981197,7.75763797939409e-16,0.0101651970882197,8.47492350805797e-16,0.00799123467108398,7.74028867337667e-16,0.00675607334990505,1.42163224745051e-16,0.00607830519178648,5.49174583471803e-16,0.00555401240227745,6.65379187163242e-16,0.00498990234812529,8.39085269540977e-17,0.00437498909835682,9.33998015902001e-17,0.00377817039833791,1.79905733442995e-15,,
baseline_0040,baseline,M040,1400,-700,230,400,0.0015,0.0002,0.15,0.1,1,0.25,0,0,0,0,0,300,0,0.3,1,16.9593737961743,6.80545805162497,1.15416306951692,6.90263612730607,-2.48689957516035e-15,1401.72478341579,-696.557210950652,1.72478341579108,3.44278904934777,31.3049516849971,10.6868230002788,0,9.63852345159447e-14,-0.281575406204869,3.29765063379396,False,True,False,data/baseline_001.npz,False,6.80545805162497,4.02851011511764e-15,1.05217482937495,9.44504209298153e-16,0.430282823897938,4.62685321984403e-15,0.178561431761806,3.22950227732966e-15,0.0663842111500062,1.30794259140509e-15,0.0283554955116565,3.05332997990398e-15,0.0281615769327768,1.16571294772824e-15,0.0276684624528198,2.08458778927313e-15,0.0227383318991666,4.02267886875513e-16,0.0164980206375741,7.19584711322814e-16,0.0114271053394702,1.33738286843519e-15,0.00869998364895999,1.7095339224486e-16,0.00773016502013606,8.08767001029675e-16,0.00712595495235267,1.07731871719582e-15,0.00626306394460244,5.05004455239972e-16,0.00522337634303716,3.63964603589462e-16,0.00429129336738941,5.89850933927085e-16,0.00364758112909479,3.58762307013695e-16,0.00325169033820385,2.62502428150443e-16,0.0029474462774788,1.74714259478559e-15,,
baseline_0041,baseline,M041,1400,0,230,400,0.0015,0.0002,0.15,0.1,1,0.25,0,0,0,0,0,300,0,0.3,1,18.3133271763894,6.08698665174095,1.11472978071647,6.18821897989559,7.46069872548105e-16,1400.00269365152,3.44405831741388,0.00269365151598322,3.44405831741388,28,9.65630342208006,0,9.88752349760184e-14,-0.281575406204869,3.1849744748505,False,True,False,data/baseline_001.npz,False,6.08698665174095,1.66269358909957e-15,1.02706234735344,1.07366501682815e-15,0.39946225764259,5.61575533974476e-15,0.149977148206528,3.84463252161845e-15,0.0470023515560708,2.40637251816455e-15,0.0283769802309654,2.80971534778205e-15,0.0317515632239523,2.91301466175631e-15,0.0275909645715766,1.03269848436842e-15,0.019849739467869,8.19865924043786e-16,0.012996659182319,1.21899212470763e-15,0.00942244286968199,2.01612843447235e-15,0.00844726885113764,1.0408320178748e-15,0.0078086276986113,1.74846409420597e-16,0.00668796907656153,1.39376891798048e-16,0.00537615078855345,3.87103070001374e-16,0.00434438475635938,5.44054573613909e-16,0.00375313944799239,1.21930430876402e-15,0.00339298760542668,6.34980465756222e-16,0.00303402425454118,8.0869095807543e-16,0.00263309011214831,1.21002955415859e-15,,
baseline_0042,baseline,M042,1400,700,230,400,0.0015,0.0002,0.15,0.1,1,0.25,0,0,0,0,0,300,0,0.3,1,16.9570665348169,6.80545830902616,1.15400609346079,6.90261013258479,4.9382720135327e-15,1398.28076449318,703.445382066814,-1.71923550682322,3.44538206681443,31.3049516849971,10.6867128748904,0,9.75648442791488e-14,-0.281575406204869,3.29720208732272,False,True,False,data/baseline_001.npz,False,6.80545830902616,3.72129393496412e-15,1.05207655154356,5.42167174098327e-15,0.430163436627634,6.13829947597217e-15,0.178447897512021,5.0647148300917e-15,0.0663002476389046,3.00777457558244e-15,0.0283389946989814,6.71569444817775e-16,0.0281767556325915,1.0344514978893e-15,0.0276726303787524,4.27546456544884e-16,0.0227302393177596,1.22904068854133e-15,0.0164843001966438,9.05175412072591e-16,0.0114157366203969,7.12458616585243e-16,0.00869584899313938,2.1995335073683e-16,0.00773034279465157,6.67219844676491e-16,0.00712557070081159,7.51202093219219e-16,0.00626056614074653,1.97900776398775e-16,0.00521968350313451,8.32796430169531e-17,0.00428807588254991,2.76716862693113e-16,0.00364575321687953,3.3100287061675e-16,0.00325079917500961,6.11463904275332e-16,0.00294657401356283,1.36906835749933e-15,,
baseline_0043,baseline,M043,1400,1400,230,400,0.0015,0.0002,0.15,0.1,1,0.25,0,0,0,0,0,300,0,0.3,1,14.2841910354955,8.60829985087864,1.22962599560778,8.69568079514916,7.28306304154103e-15,1396.55880530893,1403.44683397042,-3.44119469107045,3.44683397042195,39.5979797464467,13.2611303193324,0,9.93182674047002e-14,-0.281575406204869,3.51328460594316,False,True,False,data/baseline_001.npz,False,8.60829985087864,2.25794679395592e-15,1.0963853166396,6.25439316383161e-15,0.486568669336411,6.0026521604534e-15,0.234316679448162,6.27752658114609e-15,0.112040649571765,2.34205237378732e-15,0.0518856414521462,1.53620390160055e-15,0.0276175284927794,2.22356511797204e-15,0.0231625772079515,1.52812177829747e-15,0.0224951992206162,7.83007676188776e-16,0.0203393669800483,3.79736851286371e-16,0.016938706488656,1.65803616116521e-15,0.0132810193189297,2.44472686073354e-16,0.0101537634185767,1.23684825695132e-15,0.00798380110057207,7.50460652968797e-16,0.0067530943641177,6.099349963614e-17,0.00607753901453645,4.32763588998777e-16,0.00555312374742789,6.67899491881597e-16,0.00498788147956957,1.62742306153475e-16,0.00437199350202936,8.88677621203857e-17,0.00377493830985291,1.66859118150463e-15,,
baseline_0044,baseline,M044,2800,-1400,230,400,0.0015,0.0002,0.15,0.1,1,0.25,0,0,0,0,0,300,0,0.3,1,9.86756631022418,13.6109164439466,1.34306620553563,13.6770257602107,0,2803.44961214174,-1393.11450680658,3.44961214174464,6.8854931934236,62.6099033699941,20.3667527427722,0,9.97158418637895e-14,-0.281575406204869,3.83750259070387,False,True,False,data/baseline_001.npz,False,13.6109164439466,9.81382434855692e-15,1.15255523717248,2.90715284024076e-15,0.561643780899104,6.72057754808026e-15,0.315059474729381,5.44363793462998e-15,0.188991365021745,2.39619112308621e-16,0.117862126454264,2.19425246372636e-15,0.0753506152761611,1.19180342376347e-15,0.0492072927082206,2.36945746766152e-15,0.0331442417514726,1.31414090697561e-15,0.0236105908033244,8.0621929642137e-16,0.0182855519266726,1.24917747568185e-15,0.0154109527088434,5.54159712337184e-16,0.0137111890450934,6.85957723019976e-16,0.0124463428329241,9.80597228219816e-16,0.0112898005985082,2.14614529579888e-16,0.0101425877491709,8.03642867214085e-16,0.00900558902298654,3.16005548582351e-16,0.00791403410871703,4.37024980992884e-16,0.00690763518655137,3.63684169708492e-16,0.0060175768660569,1.80105426825414e-15,,
baseline_0045,baseline,M045,2800,-700,230,400,0.0015,0.0002,0.15,0.1,1,0.25,0,0,0,0,0,300,0,0.3,1,10.5713877161478,12.548644826091,1.32656589768839,12.6185735331294,-2.98427949019242e-15,2801.7275202851,-693.113167428719,1.72752028509922,6.88683257128082,57.7234787586473,18.8603590317965,0,1.03011161366773e-13,-0.281575406204869,3.79033253574842,False,True,False,data/baseline_001.npz,False,12.548644826091,4.61626345630166e-15,1.14522128078462,1.27567136506104e-15,0.551613767715147,4.84512518561832e-15,0.30388032922529,2.81164498986849e-15,0.177741661469379,2.25001935094084e-15,0.107279429508358,4.2430144099075e-15,0.0659896715577403,2.37101327751548e-15,0.0415478685475903,1.12090037199846e-15,0.0276071018902728,4.56187311306347e-16,0.0203615782723936,3.33875937663091e-16,0.0169303879151713,8.58503105142943e-16,0.0151438313244425,4.75373425965711e-16,0.0138082897012315,1.29164737241219e-15,0.0124830721174484,1.23124028466927e-15,0.0110908844227561,9.28461320390945e-16,0.00968433886318438,3.79230331449451e-16,0.00834499943065078,2.02970345474067e-16,0.00714418501225565,5.26364506391145e-16,0.00612802936272502,4.17587290654218e-16,0.00531211240586382,1.79166273362173e-15,,
baseline_0046,baseline,M046,2800,0,230,400,0.0015,0.0002,0.15,0.1,1,0.25,0,0,0,0,0,300,0,0.3,1,10.84269698681,12.1739736848107,1.31998707789802,12.2453308348871,2.48689957516035e-15,2800.0054749385,6.88814526499448,0.00547493849899183,6.88814526499448,56,18.3289089365934,0,1.05221104310054e-13,-0.281575406204869,3.77152811272669,False,True,False,data/baseline_001.npz,False,12.1739736848107,4.81442661443979e-15,1.14221293597524,3.43532402937473e-15,0.547519788095303,8.25024408063699e-15,0.299351010186925,6.85707016587376e-15,0.173233674767065,3.37999839259263e-15,0.10310910016628,1.25052638899739e-15,0.0624032259344098,3.11607574866895e-15,0.0387706921980864,2.88076219419691e-15,0.0258265820110673,1.26018300771272e-15,0.0195589355571916,7.58480226841784e-16,0.0167693330395017,1.10776889815374e-15,0.0152210645020519,5.23367504815895e-16,0.0138737354385485,1.30179941893788e-15,0.0124349383782167,1.2447053086583e-15,0.010914245330287,7.39252074631547e-16,0.00940792267873466,7.2538006350224e-16,0.00801625864109235,6.38867153000263e-16,0.00681366300181795,3.7182376872347e-16,0.0058376454260324,3.35622837778843e-16,0.00508617047905583,1.6265778477244e-15,,
baseline_0047,baseline,M047,2800,700,230,400,0.0015,0.0002,0.15,0.1,1,0.25,0,0,0,0,0,300,0,0.3,1,10.5711481979212,12.5486450050239,1.32653586031211,12.6185705518887,9.37916411203332e-15,2798.2834855077,706.889477273927,-1.71651449229557,6.8894772739269,57.7234787586473,18.860424342837,0,1.03485751573102e-13,-0.281575406204869,3.79024667861238,False,True,False,data/baseline_001.npz,False,12.5486450050239,6.91984597839312e-15,1.14520634510557,4.72057705720756e-15,0.55159635108485,7.72886959715392e-15,0.303861003157114,7.5102932539732e-15,0.177722362896564,1.87154566897698e-15,0.107261487503733,1.16811872875634e-15,0.0659741096433444,1.82044985880933e-15,0.0415356083373627,1.11292393821981e-15,0.0275989324478145,8.27100886811764e-16,0.0203575689785615,6.18203793855048e-16,0.0169293287790406,1.07553048367315e-15,0.0151440395181189,1.91549073122025e-16,0.0138086107189856,4.9239933419143e-16,0.0124829824841567,9.99970199138834e-16,0.0110902581897862,6.03412081749813e-16,0.00968325873495978,6.11701608853703e-16,0.00834364463339832,6.86193931088146e-16,0.00714276257092838,3.79307325035195e-16,0.00612672470121616,5.00439087653997e-16,0.0053110504150056,1.5479983298731e-15,,
baseline_0048,baseline,M048,2800,1400,230,400,0.0015,0.0002,0.15,0.1,1,0.25,0,0,0,0,0,300,0,0.3,1,9.86722402223425,13.6109167558275,1.34301964777732,13.6770214957843,1.27897692436818e-14,2796.56151646355,1406.89085953645,-3.43848353645353,6.89085953644576,62.6099033699941,20.3665605199767,0,1.02589559295119e-13,-0.281575406204869,3.83736948812666,False,True,False,data/baseline_001.npz,False,13.6109167558275,5.11223355043517e-15,1.15253268535241,7.5700694631377e-15,0.561617859449186,7.18352165564986e-15,0.315030406567669,5.27147887012163e-15,0.188961888265841,2.36064319673884e-15,0.117834084146361,1.8877478076344e-16,0.0753253641755694,1.83635334602261e-15,0.0491859622029138,5.69849389790014e-16,0.033127826875014,1.12330326598261e-15,0.0235997198540517,4.0875214671744e-16,0.0182798781939051,9.11177523467773e-16,0.0154089527556085,1.01124771097409e-16,0.0137109919659764,8.22644351792233e-16,0.0124465650155732,6.95874454257534e-16,0.0112896998412247,3.65976144525764e-16,0.0101418880616913,2.17610390811205e-16,0.0090042931056101,4.45492522190866e-16,0.0079122939101777,2.6419658664903e-16,0.00690566794293199,3.79067329509658e-16,0.00601560698448935,1.63300904290643e-15,,
baseline_0049,baseline,M049,0,-1400,253,400,0.0015,0.0002,0.15,0.1,1,0.25,0,0,0,0,0,300,0,0.3,1,19.5141684788264,5.53362503255403,1.07984091183911,5.63800339143314,-9.9475983006414e-16,3.44412222380977,-1400.00289683067,3.44412222380977,-0.00289683066853286,28,8.86029701722411,0,1.20574488333062e-13,-0.28157540620487,3.08528600321871,False,True,False,data/baseline_001.npz,False,5.53362503255403,2.39422341130414e-15,1.00373581653056,1.29456187913231e-15,0.371616568767395,8.57243777828053e-15,0.125465996123952,7.26204199060102e-15,0.0345598002082612,9.42789042721903e-16,0.0324774706927403,1.0799710900795e-15,0.0334704701515866,2.50614554507142e-15,0.0256466022314545,2.37833472409057e-15,0.0164160155904278,4.25851731941996e-16,0.0106896802311806,9.36520397570929e-16,0.00918468225731917,1.29528406201824e-15,0.00863338146027187,6.86043813565417e-16,0.0073822286538194,7.83950897433923e-16,0.00579352146889047,1.04043905484435e-15,0.00458676129515803,3.01028227097065e-16,0.00397475073313318,3.95702575865699e-16,0.00360057781676646,8.33079795828549e-16,0.00316878712540016,1.43102188900556e-16,0.00268968529607066,2.83811575949854e-16,0.00228936024922105,2.09113432751508e-15,,
baseline_0050,baseline,M050,0,-700,253,400,0.0015,0.0002,0.15,0.1,1,0.25,0,0,0,0,0,300,0,0.3,1,28.8714085564134,2.76681263132909,0.798817778781472,2.87982025847644,3.74811293113453e-15,1.7220722577683,-700.001477496177,1.7220722577683,-0.0014774961770172,20,4.81021715979888,0,1.17992256061115e-13,-0.28157540620487,2.28234141188408,False,True,False,data/baseline_001.npz,False,2.76681263132909,4.42795298468342e-15,0.781824432229347,2.58146157059536e-16,0.145623435184278,7.06957145594313e-15,0.0425412339170887,6.39114024784686e-15,0.0517255094136706,1.00942095257267e-15,0.0244036260408917,1.6532042226719e-15,0.0128484439237055,1.96906639743119e-15,0.0138514809712394,1.97998210469412e-15,0.00940340534028856,3.09183542093644e-16,0.00613047069561013,1.22824875838508e-15,0.00574543819090408,8.05552563981164e-16,0.00454806149571851,4.47984439978152e-16,0.00334629787625269,1.15167452179434e-15,0.00292997314255251,6.54493462583249e-16,0.00245819231521338,4.14420838971276e-16,0.00194317896123216,6.12621050488284e-16,0.00166131974518356,6.29301208041655e-16,0.00142113449123345,2.71335295145882e-16,0.00117110064431534,2.79222447049316e-17,0.000997130162068519,2.0886680771467e-15,,
baseline_0051,baseline,M051,0,700,253,400,0.0015,0.0002,0.15,0.1,1,0.25,0,0,0,0,0,300,0,0.3,1,28.8298049212489,2.76681263089521,0.797666684023565,2.87950117031331,-1.03916875104915e-15,-1.72207222744603,700.001477386481,-1.72207222744603,0.0014773864812696,20,4.80954278347351,0,1.18157506341994e-13,-0.28157540620487,2.2790525338116,False,True,False,data/baseline_001.npz,False,2.76681263089521,1.25275414603156e-15,0.780803654851216,2.2334362604894e-15,0.144757927433698,6.12848022257926e-15,0.0428250834048967,7.33816768959174e-15,0.0516696721513661,1.31809403008974e-15,0.0242243972856829,1.49293712220001e-15,0.0128746796737328,1.58147045332869e-15,0.0138468865917622,1.64135757060688e-15,0.00934802519947506,4.03454561471264e-16,0.00612155963846622,1.15972145719096e-15,0.00574332136633287,1.08509023362756e-15,0.00452683646456313,4.52631671085875e-16,0.0033362392524366,9.95681195652594e-16,0.00292655727411511,7.250614948098e-16,0.00244844267539899,4.00646369264354e-16,0.00193598693901605,5.30567396026896e-16,0.00165768847422683,6.41744264918175e-16,0.0014157902967218,2.70261350784902e-16,0.00116631528213309,1.81983476496314e-16,0.000994018070689636,2.06014609649396e-15,,
baseline_0052,baseline,M052,0,1400,253,400,0.0015,0.0002,0.15,0.1,1,0.25,0,0,0,0,0,300,0,0.3,1,19.5049143714635,5.53362503240512,1.07932882420849,5.63790532829826,1.01252339845814e-15,-3.44412221387332,1400.00289679302,-3.44412221387332,0.00289679302022705,28,8.86009604536054,0,1.18793461870028e-13,-0.28157540620487,3.08382282186891,False,True,False,data/baseline_001.npz,False,5.53362503240512,8.93840927437373e-16,1.0033865477903,3.03698043262087e-15,0.371203002156445,6.76553212676701e-15,0.125112446181067,7.6688145199285e-15,0.0344237254591297,8.03742501135128e-16,0.0325465356522986,1.14571142353014e-15,0.0334819794081472,2.27387627715249e-15,0.0256061618718067,2.01215969686569e-15,0.0163636337963725,4.43753486847393e-16,0.0106664706970242,7.95037132889276e-16,0.00918844349833915,1.31919096511521e-15,0.00863357606210716,5.48722786012449e-16,0.00737129463938822,8.03139884101363e-16,0.00577905531053135,1.01006442966723e-15,0.00457811806071151,3.19574649787496e-16,0.00397229794256565,4.46505417434357e-16,0.0035983255129777,7.92144702985952e-16,0.00316402968220022,2.01019120936597e-16,0.00268402663902567,2.06295178703779e-16,0.00228519258295826,2.21172502164665e-15,,
baseline_0053,baseline,M053,350,-1400,253,400,0.0015,0.0002,0.15,0.1,1,0.25,0,0,0,0,0,300,0,0.3,1,19.1295813844778,5.70392999418928,1.09113793035208,5.80735918794518,-9.41469124882133e-16,353.444882419276,-1399.14182293262,3.4448824192757,0.858177067382258,28.8617393793236,9.1055413834011,0,1.19017409437677e-13,-0.28157540620487,3.11756493043901,False,True,False,data/baseline_001.npz,False,5.70392999418928,4.27399363993072e-15,1.01139849562982,9.58247578902533e-16,0.380687281911462,9.46111483362477e-15,0.133305861883354,5.28570525403681e-15,0.0379527684582876,1.86689724774474e-15,0.0309912855261258,1.73358428523949e-15,0.0331100644633366,2.0493433294648e-15,0.0264484647115399,1.79747930949758e-15,0.0175596871767867,1.31052911081771e-16,0.0112837346921563,1.22510601085522e-15,0.00914011802568982,1.27809705498996e-15,0.00860207756311587,5.48639921888431e-16,0.00759002848162325,6.28137250745357e-16,0.00610907604828905,1.03538140154624e-15,0.00480324328459841,2.72426368705429e-16,0.0040462971858248,6.73788864456847e-16,0.0036448530767001,8.21421929545062e-16,0.00326264616714232,2.07218575978806e-16,0.0028135573553361,1.56625112882165e-16,0.00239058483683533,2.08158941141768e-15,,
baseline_0054,baseline,M054,350,-700,253,400,0.0015,0.0002,0.15,0.1,1,0.25,0,0,0,0,0,300,0,0.3,1,27.3359182300079,3.09339030516822,0.845606644355777,3.20688603472616,6.3948846218409e-16,351.72283138479,-699.140358284263,1.72283138479003,0.859641715736757,20,5.29871683337328,0,1.15013828283206e-13,-0.28157540620487,2.41602550941547,False,True,False,data/baseline_001.npz,False,3.09339030516822,5.13690191463856e-15,0.822621804365448,1.01574875490706e-15,0.181584179601893,8.0634467873778e-15,0.0317977076915987,4.9548865439319e-15,0.0522100677781533,1.34436623395908e-15,0.0314798650981703,6.31561946587043e-16,0.0134113188704639,2.70193477345803e-15,0.0132717068531331,2.09037207289834e-15,0.0113614622662152,6.25333668091763e-16,0.00717725060239356,4.27422520737092e-16,0.00566032097775136,1.08273192921321e-15,0.00518834306116053,6.30606087293459e-16,0.00399632055981411,9.46677940780047e-16,0.00309594303376921,7.48320444046228e-16,0.00273810818701432,4.4063923193499e-16,0.00230686552677101,5.68037164429396e-16,0.00185958333722457,9.11318422773358e-16,0.00159475845995702,1.23098259581294e-16,0.00138228890299323,1.79865761126049e-16,0.00115779205418146,2.21316044372357e-15,,
baseline_0055,baseline,M055,350,0,253,400,0.0015,0.0002,0.15,0.1,1,0.25,0,0,0,0,0,300,0,0.3,1,37.2579797679822,1.38340594516001,0.515429107156778,1.47630599290778,1.0182373166856e-10,350.000645088588,0.861004247267209,0.000645088587646114,0.861004247267209,20,2.65354591546226,0,1.24730302749992e-10,-0.28157540620487,1.4726551769283,False,True,False,data/baseline_001.npz,False,1.38340594516001,9.18638975211397e-10,0.509926881495199,3.74916337195702e-10,0.0391800263629795,1.25958306286241e-10,0.0586293720145784,1.41475023174177e-10,0.0137866914594436,1.05893182119989e-10,0.0176116147388139,5.89040787263429e-11,0.0078941889880551,4.75225385143374e-11,0.0072812069174293,3.61418965499699e-11,0.00464966292032234,4.59236787538919e-11,0.0036336908226288,3.49612753682488e-11,0.00276364399649982,2.41876851350394e-11,0.00205742037484149,1.37964484823877e-11,0.00166748848406383,1.86920785000517e-11,0.00125404362820922,2.07253444015196e-11,0.00102620011650657,1.65698249297899e-11,0.00079312556137059,8.54464592382762e-12,0.000644860035916284,5.37243889900953e-12,0.000510630492139806,9.98309352539439e-12,0.000412798734561783,1.10468677202469e-11,0.000332002199413987,7.95161061289596e-12,,
baseline_0056,baseline,M056,350,700,253,400,0.0015,0.0002,0.15,0.1,1,0.25,0,0,0,0,0,300,0,0.3,1,27.3062089842981,3.0933905051906,0.844687676047779,3.20664402838973,2.0961010704923e-15,348.278734331806,700.862463770323,-1.72126566819367,0.862463770322847,20,5.29828949617485,0,1.08732451794743e-13,-0.28157540620487,2.41339984965609,False,True,False,data/baseline_001.npz,False,3.0933905051906,6.93794247373365e-16,0.821834165130892,2.69194479982179e-15,0.180865096096596,6.54251208941034e-15,0.0319672463455169,7.13436165488234e-15,0.0522319781040996,1.4895612520725e-15,0.0313464875149118,1.83715091584521e-15,0.0133623399770947,1.94535069695433e-15,0.0132948520973968,2.01418467401877e-15,0.0113314536989476,3.15963537612443e-16,0.00714430058973042,1.09940596104202e-15,0.00566140218374644,1.3995091759238e-15,0.00518123391496414,3.26401683380923e-16,0.00398050623482056,6.84803758761087e-16,0.0030898992093554,7.85363934105799e-16,0.0027348143399633,5.60316710710464e-16,0.00229949022989824,4.72650279126544e-16,0.00185389577954036,7.92326719572698e-16,0.00159176049902263,4.9383298462232e-16,0.00137839743231511,4.61081399565933e-16,0.00115382484460307,1.64041776340769e-15,,
baseline_0057,baseline,M057,350,1400,253,400,0.0015,0.0002,0.15,0.1,1,0.25,0,0,0,0,0,300,0,0.3,1,19.1212193098091,5.70393013873117,1.09066099110509,5.80726973146288,4.60076421404665e-15,346.556656303817,1400.86391741112,-3.44334369618269,0.863917411115835,28.8617393793236,9.10541206921589,0,1.1844016853027e-13,-0.28157540620487,3.11620217106201,False,True,False,data/baseline_001.npz,False,5.70393013873117,4.32402292434039e-16,1.01107749093778,2.97148039531862e-15,0.380304484314687,7.1071064818962e-15,0.132972377912451,7.15345811331436e-15,0.0377962051794972,9.03632587338154e-16,0.0310528852024953,1.67445411234444e-15,0.0331290177096343,1.66786329599188e-15,0.0264171670578399,1.60576076284157e-15,0.0175108615003789,3.66128584664938e-16,0.0112547853718908,7.94766272136579e-16,0.00914004097027578,1.3304027105969e-15,0.00860431725230739,4.4307543664711e-16,0.00758251320625888,9.89832829028695e-16,0.00609585231768419,8.94321896116572e-16,0.00479300219778654,4.81618318429155e-16,0.00404242985146004,3.55318985161411e-16,0.00364310676706029,6.43966700195981e-16,0.003259132686872,3.18156117829858e-16,0.00280842494264216,1.95408973620103e-16,0.00238597598667483,1.90236593107605e-15,,
baseline_0058,baseline,M058,700,-1400,253,400,0.0015,0.0002,0.15,0.1,1,0.25,0,0,0,0,0,300,0,0.3,1,18.1156519378277,6.18678053295616,1.12077562750762,6.28748102713632,-1.95399252334028e-15,703.445595499935,-1398.28072849546,3.44559549993517,1.71927150454235,31.3049516849971,9.79978047076372,0,1.19300301733912e-13,-0.28157540620487,3.2022495965562,False,True,False,data/baseline_001.npz,False,6.18678053295616,6.88670273257541e-15,1.03099420551111,1.96965819832208e-16,0.404247055906748,9.41452143901183e-15,0.154317944750599,5.68344492709271e-15,0.0496812205608612,7.86228159587633e-16,0.0279208027953457,7.81322011936873e-16,0.0312851921461823,3.06729058470855e-15,0.0277581383544515,1.71514804109898e-15,0.0203902902874352,6.3104738104625e-16,0.0135114944143134,7.8356715232159e-16,0.0096039053046052,9.96721155349953e-16,0.00841600123399785,7.67066072836545e-16,0.00782032734003174,4.38378930222416e-16,0.00680423256924061,9.55399107582512e-16,0.00553330687315609,4.69678310928038e-16,0.00445685132372136,5.35460268285429e-16,0.00379934250977152,7.11422155188784e-16,0.00341852631129764,2.73223156282398e-16,0.00307724534388181,2.10942702863323e-16,0.002693950933859,2.32554335239416e-15,,
baseline_0059,baseline,M059,700,-700,253,400,0.0015,0.0002,0.15,0.1,1,0.25,0,0,0,0,0,300,0,0.3,1,24.1030595288503,3.91286335436987,0.943119783586338,4.02492016372179,7.105427357601e-17,701.723482984058,-698.27925949688,1.7234829840578,1.7207405031204,20,6.50820471732974,0,1.08622300806135e-13,-0.28157540620487,2.69463971975754,False,True,False,data/baseline_001.npz,False,3.91286335436987,6.56743406338995e-15,0.902948466297572,2.1419535413349e-15,0.259938869919757,6.48575589490351e-15,0.0443998223680365,5.12771316767862e-15,0.0423194932909666,4.46943276538295e-16,0.0409951175154288,9.23103580916038e-16,0.0241066658148057,2.46639944744043e-15,0.0124423104739596,1.92647646348535e-15,0.0115065190474753,2.49922797201497e-16,0.0105688238566784,2.89484017439866e-16,0.00767136624119829,8.55096701982957e-16,0.00550166420268735,9.00976722909994e-16,0.00488070859867886,8.07478448304589e-16,0.00433025156711007,6.71941468990579e-16,0.00346457668985802,3.01434383177135e-16,0.00279576622216225,8.10886609383016e-16,0.00245887455064232,5.40992189292062e-16,0.00215723031009884,2.70073325995455e-16,0.00181156240978766,4.31568441180862e-16,0.00153617524241497,2.07054764417719e-15,,
baseline_0060,baseline,M060,700,0,253,400,0.0015,0.0002,0.15,0.1,1,0.25,0,0,0,0,0,300,0,0.3,1,28.8509112998474,2.76681198470577,0.79825047154101,2.87966232439937,-6.21724893790088e-16,700.001314035962,1.72201698327851,0.00131403596208202,1.72201698327851,20,4.80993085699706,0,9.39414241180459e-14,-0.28157540620487,2.28072051603764,False,True,False,data/baseline_001.npz,False,2.76681198470577,1.90828474946767e-15,0.781323274361895,4.30633812822296e-15,0.145189083591987,3.12821770255875e-15,0.042679124132311,3.29408706938313e-15,0.0516954226167042,2.03090159784452e-15,0.0243126758325413,2.01860213922401e-15,0.0128613581398938,1.39285689083615e-15,0.0138489433479994,1.07065763047507e-15,0.00937528628065513,4.12524901838145e-16,0.00612584613525528,1.08712385554536e-16,0.00574434613953002,8.7363786347606e-16,0.00453730663157572,5.00609768346254e-16,0.00334116815976507,3.83370208196059e-16,0.00292825092190077,4.99367457115488e-16,0.00245327033463668,8.36821482602012e-16,0.0019395338238563,3.27116355001468e-16,0.00165949397779272,5.8945502998721e-16,0.001418447747158,3.83972173475744e-16,0.00116868733737859,9.40189473272582e-16,0.000995568735847824,1.3850631492049e-15,,
baseline_0061,baseline,M061,700,700,253,400,0.0015,0.0002,0.15,0.1,1,0.25,0,0,0,0,0,300,0,0.3,1,24.0887008365102,3.91286362701145,0.942558013251412,4.02478882803293,2.48689957516035e-15,698.279443165142,701.723397528229,-1.72055683485758,1.7233975282287,20,6.50793208286946,0,1.04308406883686e-13,-0.28157540620487,2.69303462343435,False,True,False,data/baseline_001.npz,False,3.91286362701145,1.66765621384711e-15,0.902504629749853,4.80516914290353e-15,0.259481133808543,6.4812272354199e-15,0.0441573260564417,6.19665990196598e-15,0.04241174774876,2.42422888909768e-15,0.0409727252732207,1.03314158668924e-15,0.0240328415436132,1.59513599365204e-15,0.0124150666503554,1.20320896170079e-15,0.0115186062749491,1.31545578172536e-15,0.0105597052960292,8.59224196201823e-17,0.00765012667069411,1.19149431859723e-15,0.00549291125755649,3.88045210866708e-16,0.00488058506660249,1.00552681898166e-15,0.00432491196989268,1.38690297005365e-15,0.00345643017120563,4.64250703198603e-16,0.00279147932013277,5.24118031769814e-16,0.00245689302135617,1.05972658059695e-15,0.00215385890733376,4.23933787488837e-16,0.00180766816170019,4.02104664141105e-16,0.00153360579043917,1.59981212503434e-15,,
baseline_0062,baseline,M062,700,1400,253,400,0.0015,0.0002,0.15,0.1,1,0.25,0,0,0,0,0,300,0,0.3,1,18.1092992684563,6.18678078414508,1.12038264728418,6.28741122943331,5.29354338141275e-15,696.557410030067,1401.72489276203,-3.44258996993301,1.72489276202964,31.3049516849971,9.79964067492257,0,1.11737434490064e-13,-0.28157540620487,3.20112671100287,False,True,False,data/baseline_001.npz,False,6.18678078414508,1.76209494679515e-15,1.03073913255108,3.46652763696552e-15,0.403937361994485,6.49504084495883e-15,0.154035983199954,7.57757367818296e-15,0.0495040693500471,9.7072896615837e-16,0.0279468630893848,1.79345708087566e-15,0.0313166235368583,2.22362896403556e-15,0.0277486752405318,1.17331370229681e-15,0.0203556762753353,4.07091645219425e-16,0.0134770749681306,6.92975334451489e-16,0.00959036028732396,1.20305327306812e-15,0.00841749800329494,3.66378383418969e-16,0.00781999450922842,9.1404332423596e-16,0.0067971529345072,8.84729891699829e-16,0.00552309156546855,2.78166772387175e-16,0.00444907453635791,1.98348975649648e-16,0.00379593591668611,7.14928891534074e-16,0.00341684155001234,6.59551197728642e-16,0.00307460644184925,3.18815611237527e-16,0.00269008646307853,1.86898104797579e-15,,
baseline_0063,baseline,M063,1400,-1400,253,400,0.0015,0.0002,0.15,0.1,1,0.25,0,0,0,0,0,300,0,0.3,1,15.3394614653373,7.82572681440748,1.2004243490786,7.91726377320449,8.88178419700125e-16,1403.44693118477,-1396.55859184953,3.44693118476744,3.44140815047012,39.5979797464467,12.1452111009868,0,1.15243148251165e-13,-0.28157540620487,3.4298396235011,False,True,False,data/baseline_001.npz,False,7.82572681440748,8.47003694332397e-15,1.07989160174874,3.57243370248829e-15,0.465273261306599,7.64840920839663e-15,0.212709399498964,5.80200761295348e-15,0.0934268186897637,1.01129440035407e-15,0.0395907040377696,5.89792068323287e-16,0.0251863575545289,2.90506948612484e-15,0.0250693599669262,1.7467836781819e-15,0.0235438052758997,4.15863492772991e-16,0.0196862076762097,2.82074163392031e-16,0.0150987099729838,9.67663115788725e-16,0.0111242880232282,9.09726804119618e-16,0.00850533894762356,9.41715505172778e-16,0.0072038536812353,7.66765686874492e-16,0.00655455806788127,2.11962927173421e-16,0.0059674175865151,6.1856144768267e-16,0.00525619776549534,7.75440523001037e-16,0.00448966452760499,6.30566860493018e-17,0.00380362047107251,9.97574737557962e-17,0.00328498071924606,2.041767326325e-15,,
baseline_0064,baseline,M064,1400,-700,253,400,0.0015,0.0002,0.15,0.1,1,0.25,0,0,0,0,0,300,0,0.3,1,18.1142144882007,6.18678001997662,1.12068660273171,6.28746465237507,-2.94875235340442e-15,1401.72477939443,-696.557203718408,1.72477939443479,3.44279628159177,31.3049516849971,9.79977290734693,0,1.05352185539122e-13,-0.28157540620487,3.20199521890808,False,True,False,data/baseline_001.npz,False,6.18678001997662,3.72123595128054e-15,1.03094080612301,1.638005500217e-15,0.404169209714921,4.17004903023828e-15,0.154247076384712,3.86534250551628e-15,0.0496363609531996,1.81323799863002e-15,0.0279263809608672,3.01664905021485e-15,0.0312922665841081,1.05007984916902e-15,0.02775509559297,2.03909218994686e-15,0.0203811142801188,5.48881644607606e-16,0.0135025818622799,8.27128373244609e-16,0.00960041832495933,1.31545336577809e-15,0.00841634579610015,3.18788407428241e-16,0.00782017734235684,1.11107296206996e-15,0.0068023588589574,1.14804669530888e-15,0.00553065579856283,4.38950319476419e-16,0.00445485245366053,4.5612699692858e-16,0.00379847722206862,7.54789306889925e-16,0.00341810246401679,1.8028781419221e-16,0.00307657390779022,2.98990981376185e-16,0.00269296624811177,2.02145586428958e-15,,
baseline_0065,baseline,M065,1400,0,253,400,0.0015,0.0002,0.15,0.1,1,0.25,0,0,0,0,0,300,0,0.3,1,19.509801267201,5.53362419979963,1.07959908425465,5.63795625923988,-1.91846538655227e-15,1400.00268630663,3.44405577972395,0.00268630662526448,3.44405577972395,28,8.86021761142176,0,1.07330270270334e-13,-0.28157540620487,3.08459503046871,False,True,False,data/baseline_002.npz,False,5.53362419979963,2.75466452377063e-15,1.0035764940538,1.64969650395812e-15,0.371410444489886,4.94635486009565e-15,0.125289575693255,4.67039272086498e-15,0.034489802909483,2.64238524840637e-15,0.0325092607608136,2.81252231273927e-15,0.0334742003842964,2.86525822723195e-15,0.0256249770904125,1.19295824800939e-15,0.0163890296066553,7.06910594873132e-16,0.0106777755069255,1.17431377384729e-15,0.00918640732400508,2.16005165698365e-15,0.00863323870584875,9.29425342145752e-16,0.0073764766317267,2.74925351248578e-17,0.00578606438640776,2.83835340929766e-16,0.00458232971826384,1.87605936566394e-16,0.00397348200611475,7.41527145385511e-16,0.0035994051968372,1.10776724620607e-15,0.00316634361943328,6.89563428810352e-16,0.00268679896032467,7.34083031410224e-16,0.00228724884282791,1.577826877908e-15,,
baseline_0066,baseline,M066,1400,700,253,400,0.0015,0.0002,0.15,0.1,1,0.25,0,0,0,0,0,300,0,0.3,1,18.111011737194,6.186780270702,1.12048850098124,6.28742958910893,3.01980662698043e-15,1398.28076571108,703.445373886374,-1.71923428892251,3.445373886374,31.3049516849971,9.79968482088726,0,1.05742778414693e-13,-0.28157540620487,3.20142917072101,False,True,False,data/baseline_002.npz,False,6.186780270702,3.41637462799414e-15,1.03081135590475,5.36407229956071e-15,0.404014738200825,6.28684578264462e-15,0.154106352973984,5.749487780969e-15,0.0495477370127399,3.53727309685019e-15,0.0279390472760778,7.29290338365202e-16,0.0313077709689011,1.09864078855632e-15,0.0277502739535722,4.61728436942444e-16,0.0203637761941463,1.49429313044407e-15,0.0134853439011718,9.79857834126661e-16,0.00959358711893839,9.84429504150942e-16,0.00841702482358055,2.81313570098304e-16,0.00781995752086194,8.00853902134073e-16,0.00679878409856959,8.65218046273657e-16,0.00552552211536317,1.67829321827024e-16,0.00445093657120807,2.40002639059781e-16,0.00379674249125865,2.97379876422903e-16,0.00341722958153497,3.19857606474672e-16,0.00307522868917759,5.97634421992138e-16,0.00269101256894345,1.61976548332189e-15,,
baseline_0067,baseline,M067,1400,1400,253,400,0.0015,0.0002,0.15,0.1,1,0.25,0,0,0,0,0,300,0,0.3,1,15.3366622296891,7.82572714843932,1.20020533977322,7.91723089549227,4.83169060316868e-15,1396.55881354767,1403.44682979706,-3.44118645232584,3.44682979706135,39.5979797464467,12.1451398185765,0,1.09835031117644e-13,-0.28157540620487,3.4292138097227,False,True,False,data/baseline_002.npz,False,7.82572714843932,2.47510565491868e-15,1.07976380796072,5.41994583158194e-15,0.465112648952531,6.63686432054417e-15,0.212548729489051,6.43904373181507e-15,0.0932923012570823,2.82167327375382e-15,0.0395118359323452,1.28024626738542e-15,0.0251853773783567,2.56248439938776e-15,0.0250853604165817,1.3837714711655e-15,0.0235473856015769,1.14783412284732e-15,0.01967657605114,2.90616434769454e-16,0.0150820823938762,1.47633464887735e-15,0.0111083755373134,6.68257512803945e-16,0.00849605900129262,1.19348350237087e-15,0.00720131656038788,1.0464857683451e-15,0.00655428426059204,2.6812188939799e-16,0.00596591966454965,2.97649836396101e-16,0.00525269025544885,7.25786877637806e-16,0.00448511210880156,2.58072715983812e-16,0.00379949155486878,4.33858204951275e-16,0.00328217177866127,1.60710003425457e-15,,
baseline_0068,baseline,M068,2800,-1400,253,400,0.0015,0.0002,0.15,0.1,1,0.25,0,0,0,0,0,300,0,0.3,1,10.6967060121418,12.3735603696017,1.32356337597118,12.4441531033108,-2.55795384873636e-15,2803.4496072713,-1393.11449728579,3.44960727129546,6.88550271421423,62.6099033699941,18.6121677353577,0,1.08686492459978e-13,-0.28157540620487,3.78175020323795,False,True,False,data/baseline_002.npz,False,12.3735603696017,9.70660129470004e-15,1.14385216342613,1.43314573108649e-15,0.549753602811671,7.14046342364923e-15,0.301819931620627,5.26285753880868e-15,0.175687349201034,7.30867948404057e-16,0.105373813454005,2.12193440928079e-15,0.0643430777765871,1.04035076128415e-15,0.0402603302580603,2.78702607016734e-15,0.0267632655098341,8.15608242688482e-16,0.0199621124435651,1.14572534361596e-15,0.0168354790394032,1.23343116369099e-15,0.0151718092225919,6.97403452679747e-16,0.0138402137591109,7.1013603744718e-16,0.012467560525672,7.5867986183968e-16,0.0110176360611224,3.54689522327243e-16,0.00956416923585016,1.00231867272165e-15,0.00819817011923696,3.4288571957384e-16,0.00699319046230398,4.12711660243517e-16,0.0059923169450187,4.97364372784483e-16,0.00520395775940576,2.03090728318235e-15,,
baseline_0069,baseline,M069,2800,-700,253,400,0.0015,0.0002,0.15,0.1,1,0.25,0,0,0,0,0,300,0,0.3,1,11.4410944622644,11.4078588921839,1.30518391197659,11.4822846602095,-3.97903932025656e-15,2801.72751079683,-693.113162982346,1.72751079682848,6.88683701765444,57.7234787586473,17.2416585235092,0,1.11487369193245e-13,-0.28157540620487,3.72921889737141,False,True,False,data/baseline_002.npz,False,11.4078588921839,4.81506488524913e-15,1.13527327035226,1.03258550693432e-15,0.538120267685646,4.89221532588971e-15,0.289026644870219,4.03276624036192e-15,0.16306866302724,2.06335028849859e-15,0.0938646204143947,4.17700291854426e-15,0.0546969594281323,2.40455456360079e-15,0.0331995133494845,7.89937485225181e-16,0.0227943385819494,1.87232517503282e-16,0.0186505684952524,5.91396691969136e-16,0.0168828023028171,1.23041838595688e-15,0.0154848881687439,2.32635422172584e-16,0.0138927265049372,1.27328466192117e-15,0.0121165436649942,1.20234757106094e-15,0.010315408966545,6.89826892033121e-16,0.00865018358397524,3.41569834783131e-16,0.00723657817730037,7.11815533600729e-16,0.00612886757626876,3.0222955641883e-16,0.00531615544410452,6.28743343237476e-16,0.00473498918341291,2.08562275752354e-15,,
baseline_0070,baseline,M070,2800,0,253,400,0.0015,0.0002,0.15,0.1,1,0.25,0,0,0,0,0,300,0,0.3,1,11.7274846793243,11.0672487650764,1.29790990334704,11.1430996804548,4.2632564145606e-16,2800.00546500384,6.88814221262852,0.00546500383916282,6.88814221262852,56,16.7580978095683,0,1.16707319861713e-13,-0.28157540620487,3.70842973586431,False,True,False,data/baseline_002.npz,False,11.0672487650764,3.83180218217103e-15,1.13177913435773,2.85080560116193e-15,0.53340923682832,8.16439589244936e-15,0.283891531332264,6.80512210750282e-15,0.158071536270175,3.48090752809317e-15,0.0894062194487083,1.86968410461979e-15,0.0511193152081688,3.26693012133023e-15,0.0308474949436293,2.41123335027824e-15,0.0218060009052628,1.35903253362804e-15,0.0185681629521238,5.6174593661239e-16,0.0170658501718306,1.38231115930647e-15,0.0155843491896545,8.73698326552122e-16,0.0138027386292457,1.14511645400683e-15,0.0118506364275843,1.34956140036932e-15,0.00993832604870312,6.21215800668616e-16,0.00824273491806707,5.27059347501366e-16,0.00687243351296006,5.43661699364122e-16,0.00585498149555469,3.00522210383383e-16,0.00514068315416975,2.29281275973143e-16,0.00463252292377045,2.03232094653392e-15,,
baseline_0071,baseline,M071,2800,700,253,400,0.0015,0.0002,0.15,0.1,1,0.25,0,0,0,0,0,300,0,0.3,1,11.4407472340806,11.4078590661574,1.30514432057921,11.4822803313485,8.88178419700125e-15,2798.28348012835,706.889468282559,-1.71651987165433,6.88946828255928,57.7234787586473,17.2417137338123,0,1.12673468663409e-13,-0.28157540620487,3.72910574645853,False,True,False,data/baseline_002.npz,False,11.4078590661574,4.82074769521161e-15,1.13525316620225,4.32157251586718e-15,0.538095977370525,8.21409124142244e-15,0.289000083797755,7.50961967483846e-15,0.163042711365233,2.8343115731048e-15,0.0938413130295344,1.38034119050334e-15,0.0546780019987248,1.41087008097846e-15,0.0331866077035851,1.15180360764281e-15,0.0227883666338327,9.7418261013019e-16,0.0186496224297495,6.45358401233169e-16,0.016883635515739,1.24326899214895e-15,0.0154855135605993,1.11535904229984e-16,0.0138924474237763,7.34264289184558e-16,0.0121153388380149,7.43981182892931e-16,0.0103135595880097,7.49194952000658e-16,0.0086480812182861,7.84298531780377e-16,0.00723460538523269,6.80184921480256e-16,0.00612730051295259,6.18500039146362e-16,0.00531509208521907,6.71302871074264e-16,0.0047343475025997,1.65378557526417e-15,,
baseline_0072,baseline,M072,2800,1400,253,400,0.0015,0.0002,0.15,0.1,1,0.25,0,0,0,0,0,300,0,0.3,1,10.6866918636526,12.3735606738174,1.32232430177295,12.4440217828843,6.53699316899292e-15,2796.56151794866,1406.89084909789,-3.43848205133918,6.89084909788971,62.6099033699941,18.6148878732802,0.03125,1.11309201741704e-13,-0.28157540620487,3.7782129284529,False,False,False,data/baseline_002.npz,False,12.3735606738174,4.44027101786814e-15,1.14256079524211,6.58982567130401e-15,0.548698040840019,7.72218711680514e-15,0.303997474285892,5.77798485724257e-15,0.173765702799444,3.44278544591087e-15,0.10626720828248,7.6544347601106e-16,0.0645459811536677,1.21456367392231e-15,0.0394092431061693,1.0246202658753e-15,0.0278518146861998,1.60226581019251e-15,0.0189398081544455,6.73277664896081e-16,0.0176155786703184,9.89995597864853e-16,0.0148271519155099,3.91576806336652e-16,0.0137479923135578,9.13448323354322e-16,0.0129614557835969,5.97082687662499e-16,0.0104033384264852,3.33290151465066e-16,0.0100506331124466,2.42112393828604e-16,0.00802473004552131,4.41387100045817e-16,0.00688506448964956,4.24910171408392e-16,0.00633101409342679,6.78958027597415e-16,0.00481105814258993,1.72334736951939e-15,,
doe_0001,doe,M030,350,-700,230,400,0.0015,0.0002,0.15,0.1,1,0.25,0,0,0,0,0,300,0,0.1,1,26.0206443216117,3.40272932989891,0.885412096160157,3.51603848426373,6.03961325396085e-16,351.722826551784,-699.140359225919,1.72282655178395,0.859640774081072,20,5.75760034295201,0,1.03792454716931e-13,-0.281575406204869,2.52975715583617,False,True,False,data/doe_000.npz,False,3.40272932989891,5.16623557691218e-15,0.856205173997503,7.34121422779235e-16,0.213154738848693,7.73555237871916e-15,0.0287640671404166,4.56242036554113e-15,0.0498917746374047,1.42398447354603e-15,0.0365889288381555,5.47924915138457e-16,0.0167944814138034,2.44356306586502e-15,0.0121371985447012,1.80315020326135e-15,0.0121365774190877,7.33631577344867e-16,0.00878427796957506,4.280874951111e-16,0.00592017799966522,9.92708707449823e-16,0.00528070098992194,5.12482248407113e-16,0.00460712819559376,8.48785022758336e-16,0.00353115282334687,6.497254457382e-16,0.00287064905614103,3.70686096778217e-16,0.00255012145445061,3.63305227694314e-16,0.00215172649289453,7.7550690841393e-16,0.00176431263824961,1.34074919931671e-16,0.00152231888004444,1.08681191436886e-16,0.00132956834931636,2.03315372810791e-15,,
doe_0002,doe,M031,350,0,230,400,0.0015,0.0002,0.15,0.1,1,0.25,0,0,0,0,0,300,0,0.1,1,36.309276362526,1.52174654431673,0.55253515831315,1.61895273621951,2.96406099664637e-11,350.000646156685,0.861003951170282,0.000646156684581456,0.861003951170282,20,2.87980904859787,0,2.36516402851176e-11,-0.281575406204869,1.57867269739224,False,True,False,data/doe_000.npz,False,1.52174654431673,2.44785383248009e-10,0.547424088125883,9.06970356602668e-11,0.0280535814136899,4.0275222632263e-11,0.063499923950729,3.11213455544743e-11,0.0161183057096056,3.06100308349378e-11,0.0180341133562368,1.44997515240994e-11,0.00982534939918976,1.38764326055282e-11,0.00715745720694282,8.1784295994776e-12,0.00562981090808793,1.13712147973846e-11,0.00370581874788498,9.91816585054582e-12,0.00321106983146724,7.25073231489446e-12,0.0022503935558613,4.45087093833469e-12,0.00188360696995942,3.86343775084592e-12,0.00143973024960883,5.14236577114915e-12,0.00115531162854359,4.90448135574758e-12,0.000931076399910544,3.48238836071999e-12,0.000738309650436449,1.58110986412769e-12,0.000605378380771004,1.73172030402613e-12,0.000484363389020016,2.67408143277979e-12,0.000397100872380038,2.67286186924922e-12,,
doe_0003,doe,M032,350,700,230,400,0.0015,0.0002,0.15,0.1,1,0.25,0,0,0,0,0,300,0,0.1,1,25.9984656868036,3.40272953762688,0.884657471254658,3.51584872673497,2.64677169070637e-15,348.278730161335,700.862461198503,-1.72126983866542,0.862461198502729,20,5.75728321051711,0,9.85893815654221e-14,-0.281575406204869,2.52760104551111,False,True,False,data/doe_000.npz,False,3.40272953762688,2.79609497255907e-16,0.855578549215215,2.80115458496179e-15,0.212550052842392,6.01098324249295e-15,0.0287188561835391,6.40810679825749e-15,0.0499580293317863,1.34993371074527e-15,0.0365036751204582,1.61944121009757e-15,0.0167094920021377,1.79942019805659e-15,0.0121561098639803,1.86777423645992e-15,0.0121316533590959,2.87522374911774e-16,0.00875275928978689,8.50447527110315e-16,0.00590730245480646,1.15198454815571e-15,0.00528150986752051,2.3304224206352e-16,0.00459802641971343,7.16141760144879e-16,0.00351998442606218,8.68466150345856e-16,0.00286694473731493,5.00877326913011e-16,0.00254695756334961,4.20000951019508e-16,0.00214593929238923,6.7697081585709e-16,0.00175988202400688,3.57376229467686e-16,0.00151981347774302,3.37852132904947e-16,0.00132658622811409,1.46993331137736e-15,,
doe_0004,doe,M035,700,-700,230,400,0.0015,0.0002,0.15,0.1,1,0.25,0,0,0,0,0,300,0,0.1,1,22.8107666893805,4.30414969893271,0.981809545785213,4.41471003443,8.70414851306123e-16,701.723480433337,-698.27926503587,1.72348043333739,1.72073496413009,20,7.07978415204826,0,1.00415752350155e-13,-0.281575406204869,2.80518478750255,False,True,False,data/doe_000.npz,False,4.30414969893271,6.55860921201261e-15,0.932933413063971,2.17864438059441e-15,0.291648134526034,6.79911589440234e-15,0.0636540182912563,4.90577778549559e-15,0.0354705053213566,7.74113512221619e-16,0.041316730535697,8.23380835875393e-16,0.0287670320812006,2.36039838560437e-15,0.015380610800771,1.69010913229291e-15,0.0108383351364921,2.41665569521836e-16,0.0107027983565662,3.4084090434806e-16,0.00896941174288057,8.93073824589213e-16,0.00646132162677049,7.20170157285048e-16,0.00499747329652397,7.29198529539737e-16,0.00451615736873141,5.31867861011512e-16,0.00396458181556332,2.07196878467076e-16,0.00321865627579957,7.61159917868875e-16,0.00264483758515392,5.02164457152368e-16,0.00232804697811295,2.74488379695692e-16,0.00206053260554634,2.80065251940147e-16,0.00176096872870651,1.90761282137135e-15,,
doe_0005,doe,M036,700,0,230,400,0.0015,0.0002,0.15,0.1,1,0.25,0,0,0,0,0,300,0,0.1,1,27.5448605524385,3.04349320085018,0.838325958097128,3.15684097511535,-7.8159700933611e-16,700.001318097063,1.72201856486651,0.00131809706329022,1.72201856486651,20,5.224179815244,0,8.76211655488343e-14,-0.281575406204869,2.39522327116754,False,True,False,data/doe_000.npz,False,3.04349320085018,2.494412481365e-15,0.816367123136272,3.38466076211014e-15,0.175890180895509,3.41427498590481e-15,0.0332206321107387,3.41766912287355e-15,0.0523576494735739,1.9315103093833e-15,0.0304220070167839,1.98479729443928e-15,0.0130741865531769,1.5411437698047e-15,0.0134468026828644,8.84303861292761e-16,0.0111131302192319,3.61869691904366e-16,0.00692963936234363,2.26841619528688e-16,0.00567482148242863,8.75527165997188e-16,0.00512592285441759,4.89127505108254e-16,0.00387303742921958,3.91844688909863e-16,0.00305371769783614,5.01405906272676e-16,0.00271051330956085,5.48063237879459e-16,0.00224782216063606,4.19093259382977e-16,0.00181725047012294,4.67343194659271e-16,0.0015715199731191,3.64838110273624e-16,0.00135089753883825,7.40823820056326e-16,0.00112733210632258,1.36140818773218e-15,,
doe_0006,doe,M037,700,700,230,400,0.0015,0.0002,0.15,0.1,1,0.25,0,0,0,0,0,300,0,0.1,1,22.8001610319624,4.30414998060321,0.981353126634708,4.4146088225295,3.42836870004248e-15,698.279437638559,701.723400071947,-1.72056236144124,1.72340007194737,20,7.07957450096122,0,9.59688832003037e-14,-0.281575406204869,2.80388069330264,False,True,False,data/doe_000.npz,False,4.30414998060321,1.88327240822402e-15,0.932585844142351,4.83386743054638e-15,0.291274877335452,6.11501727307032e-15,0.0634040010492605,5.5400207530231e-15,0.0355507785657516,2.13691346084972e-15,0.0413257579404897,5.68491123751702e-16,0.0287173334343843,1.5982846138047e-15,0.0153348497238134,9.98114323877172e-16,0.0108405016204624,1.14165316176818e-15,0.0107061769746516,1.82681549176911e-16,0.00895704202020114,1.17922395684889e-15,0.00644652778802095,3.23212801307174e-16,0.00499316553551812,8.52402245643003e-16,0.00451539739870962,1.19469639990602e-15,0.00395998007334637,3.03343212114787e-16,0.0032125406785221,4.18636772117186e-16,0.00264136044100142,8.76938770549937e-16,0.00232633043199634,3.50756298756077e-16,0.00205807213138836,4.58755679604927e-16,0.00175792656458609,1.46758599457325e-15,,
doe_0007,doe,M040,1400,-700,230,400,0.0015,0.0002,0.15,0.1,1,0.25,0,0,0,0,0,300,0,0.1,1,16.9593737961743,6.80545805162497,1.15416306951692,6.90263612730607,-2.48689957516035e-15,1401.72478341579,-696.557210950652,1.72478341579108,3.44278904934777,31.3049516849971,10.6868230002788,0,9.63852345159447e-14,-0.281575406204869,3.29765063379396,False,True,False,data/doe_000.npz,False,6.80545805162497,4.02851011511764e-15,1.05217482937495,9.44504209298153e-16,0.430282823897938,4.62685321984403e-15,0.178561431761806,3.22950227732966e-15,0.0663842111500062,1.30794259140509e-15,0.0283554955116565,3.05332997990398e-15,0.0281615769327768,1.16571294772824e-15,0.0276684624528198,2.08458778927313e-15,0.0227383318991666,4.02267886875513e-16,0.0164980206375741,7.19584711322814e-16,0.0114271053394702,1.33738286843519e-15,0.00869998364895999,1.7095339224486e-16,0.00773016502013606,8.08767001029675e-16,0.00712595495235267,1.07731871719582e-15,0.00626306394460244,5.05004455239972e-16,0.00522337634303716,3.63964603589462e-16,0.00429129336738941,5.89850933927085e-16,0.00364758112909479,3.58762307013695e-16,0.00325169033820385,2.62502428150443e-16,0.0029474462774788,1.74714259478559e-15,,
doe_0008,doe,M041,1400,0,230,400,0.0015,0.0002,0.15,0.1,1,0.25,0,0,0,0,0,300,0,0.1,1,18.3133271763894,6.08698665174095,1.11472978071647,6.18821897989559,7.46069872548105e-16,1400.00269365152,3.44405831741388,0.00269365151598322,3.44405831741388,28,9.65630342208006,0,9.88752349760184e-14,-0.281575406204869,3.1849744748505,False,True,False,data/doe_000.npz,False,6.08698665174095,1.66269358909957e-15,1.02706234735344,1.07366501682815e-15,0.39946225764259,5.61575533974476e-15,0.149977148206528,3.84463252161845e-15,0.0470023515560708,2.40637251816455e-15,0.0283769802309654,2.80971534778205e-15,0.0317515632239523,2.91301466175631e-15,0.0275909645715766,1.03269848436842e-15,0.019849739467869,8.19865924043786e-16,0.012996659182319,1.21899212470763e-15,0.00942244286968199,2.01612843447235e-15,0.00844726885113764,1.0408320178748e-15,0.0078086276986113,1.74846409420597e-16,0.00668796907656153,1.39376891798048e-16,0.00537615078855345,3.87103070001374e-16,0.00434438475635938,5.44054573613909e-16,0.00375313944799239,1.21930430876402e-15,0.00339298760542668,6.34980465756222e-16,0.00303402425454118,8.0869095807543e-16,0.00263309011214831,1.21002955415859e-15,,
doe_0009,doe,M042,1400,700,230,400,0.0015,0.0002,0.15,0.1,1,0.25,0,0,0,0,0,300,0,0.1,1,16.9570665348169,6.80545830902616,1.15400609346079,6.90261013258479,4.9382720135327e-15,1398.28076449318,703.445382066814,-1.71923550682322,3.44538206681443,31.3049516849971,10.6867128748904,0,9.75648442791488e-14,-0.281575406204869,3.29720208732272,False,True,False,data/doe_000.npz,False,6.80545830902616,3.72129393496412e-15,1.05207655154356,5.42167174098327e-15,0.430163436627634,6.13829947597217e-15,0.178447897512021,5.0647148300917e-15,0.0663002476389046,3.00777457558244e-15,0.0283389946989814,6.71569444817775e-16,0.0281767556325915,1.0344514978893e-15,0.0276726303787524,4.27546456544884e-16,0.0227302393177596,1.22904068854133e-15,0.0164843001966438,9.05175412072591e-16,0.0114157366203969,7.12458616585243e-16,0.00869584899313938,2.1995335073683e-16,0.00773034279465157,6.67219844676491e-16,0.00712557070081159,7.51202093219219e-16,0.00626056614074653,1.97900776398775e-16,0.00521968350313451,8.32796430169531e-17,0.00428807588254991,2.76716862693113e-16,0.00364575321687953,3.3100287061675e-16,0.00325079917500961,6.11463904275332e-16,0.00294657401356283,1.36906835749933e-15,,
doe_0010,doe,M030,350,-700,230,400,0.0015,0.0002,0.15,0.1,1,0.25,0,0,0,0,0,300,0,0.3,1,26.0206443216117,3.40272932989891,0.885412096160157,3.51603848426373,6.03961325396085e-16,351.722826551784,-699.140359225919,1.72282655178395,0.859640774081072,20,5.75760034295201,0,1.03792454716931e-13,-0.281575406204869,2.52975715583617,False,True,False,data/doe_000.npz,False,3.40272932989891,5.16623557691218e-15,0.856205173997503,7.34121422779235e-16,0.213154738848693,7.73555237871916e-15,0.0287640671404166,4.56242036554113e-15,0.0498917746374047,1.42398447354603e-15,0.0365889288381555,5.47924915138457e-16,0.0167944814138034,2.44356306586502e-15,0.0121371985447012,1.80315020326135e-15,0.0121365774190877,7.33631577344867e-16,0.00878427796957506,4.280874951111e-16,0.00592017799966522,9.92708707449823e-16,0.00528070098992194,5.12482248407113e-16,0.00460712819559376,8.48785022758336e-16,0.00353115282334687,6.497254457382e-16,0.00287064905614103,3.70686096778217e-16,0.00255012145445061,3.63305227694314e-16,0.00215172649289453,7.7550690841393e-16,0.00176431263824961,1.34074919931671e-16,0.00152231888004444,1.08681191436886e-16,0.00132956834931636,2.03315372810791e-15,,
doe_0011,doe,M031,350,0,230,400,0.0015,0.0002,0.15,0.1,1,0.25,0,0,0,0,0,300,0,0.3,1,36.309276362526,1.52174654431673,0.55253515831315,1.61895273621951,2.96406099664637e-11,350.000646156685,0.861003951170282,0.000646156684581456,0.861003951170282,20,2.87980904859787,0,2.36516402851176e-11,-0.281575406204869,1.57867269739224,False,True,False,data/doe_000.npz,False,1.52174654431673,2.44785383248009e-10,0.547424088125883,9.06970356602668e-11,0.0280535814136899,4.0275222632263e-11,0.063499923950729,3.11213455544743e-11,0.0161183057096056,3.06100308349378e-11,0.0180341133562368,1.44997515240994e-11,0.00982534939918976,1.38764326055282e-11,0.00715745720694282,8.1784295994776e-12,0.00562981090808793,1.13712147973846e-11,0.00370581874788498,9.91816585054582e-12,0.00321106983146724,7.25073231489446e-12,0.0022503935558613,4.45087093833469e-12,0.00188360696995942,3.86343775084592e-12,0.00143973024960883,5.14236577114915e-12,0.00115531162854359,4.90448135574758e-12,0.000931076399910544,3.48238836071999e-12,0.000738309650436449,1.58110986412769e-12,0.000605378380771004,1.73172030402613e-12,0.000484363389020016,2.67408143277979e-12,0.000397100872380038,2.67286186924922e-12,,
doe_0012,doe,M032,350,700,230,400,0.0015,0.0002,0.15,0.1,1,0.25,0,0,0,0,0,300,0,0.3,1,25.9984656868036,3.40272953762688,0.884657471254658,3.51584872673497,2.64677169070637e-15,348.278730161335,700.862461198503,-1.72126983866542,0.862461198502729,20,5.75728321051711,0,9.85893815654221e-14,-0.281575406204869,2.52760104551111,False,True,False,data/doe_000.npz,False,3.40272953762688,2.79609497255907e-16,0.855578549215215,2.80115458496179e-15,0.212550052842392,6.01098324249295e-15,0.0287188561835391,6.40810679825749e-15,0.0499580293317863,1.34993371074527e-15,0.0365036751204582,1.61944121009757e-15,0.0167094920021377,1.79942019805659e-15,0.0121561098639803,1.86777423645992e-15,0.0121316533590959,2.87522374911774e-16,0.00875275928978689,8.50447527110315e-16,0.00590730245480646,1.15198454815571e-15,0.00528150986752051,2.3304224206352e-16,0.00459802641971343,7.16141760144879e-16,0.00351998442606218,8.68466150345856e-16,0.00286694473731493,5.00877326913011e-16,0.00254695756334961,4.20000951019508e-16,0.00214593929238923,6.7697081585709e-16,0.00175988202400688,3.57376229467686e-16,0.00151981347774302,3.37852132904947e-16,0.00132658622811409,1.46993331137736e-15,,
doe_0013,doe,M035,700,-700,230,400,0.0015,0.0002,0.15,0.1,1,0.25,0,0,0,0,0,300,0,0.3,1,22.8107666893805,4.30414969893271,0.981809545785213,4.41471003443,8.70414851306123e-16,701.723480433337,-698.27926503587,1.72348043333739,1.72073496413009,20,7.07978415204826,0,1.00415752350155e-13,-0.281575406204869,2.80518478750255,False,True,False,data/doe_000.npz,False,4.30414969893271,6.55860921201261e-15,0.932933413063971,2.17864438059441e-15,0.291648134526034,6.79911589440234e-15,0.0636540182912563,4.90577778549559e-15,0.0354705053213566,7.74113512221619e-16,0.041316730535697,8.23380835875393e-16,0.0287670320812006,2.36039838560437e-15,0.015380610800771,1.69010913229291e-15,0.0108383351364921,2.41665569521836e-16,0.0107027983565662,3.4084090434806e-16,0.00896941174288057,8.93073824589213e-16,0.00646132162677049,7.20170157285048e-16,0.00499747329652397,7.29198529539737e-16,0.00451615736873141,5.31867861011512e-16,0.00396458181556332,2.07196878467076e-16,0.00321865627579957,7.61159917868875e-16,0.00264483758515392,5.02164457152368e-16,0.00232804697811295,2.74488379695692e-16,0.00206053260554634,2.80065251940147e-16,0.00176096872870651,1.90761282137135e-15,,
doe_0014,doe,M036,700,0,230,400,0.0015,0.0002,0.15,0.1,1,0.25,0,0,0,0,0,300,0,0.3,1,27.5448605524385,3.04349320085018,0.838325958097128,3.15684097511535,-7.8159700933611e-16,700.001318097063,1.72201856486651,0.00131809706329022,1.72201856486651,20,5.224179815244,0,8.76211655488343e-14,-0.281575406204869,2.39522327116754,False,True,False,data/doe_000.npz,False,3.04349320085018,2.494412481365e-15,0.816367123136272,3.38466076211014e-15,0.175890180895509,3.41427498590481e-15,0.0332206321107387,3.41766912287355e-15,0.0523576494735739,1.9315103093833e-15,0.0304220070167839,1.98479729443928e-15,0.0130741865531769,1.5411437698047e-15,0.0134468026828644,8.84303861292761e-16,0.0111131302192319,3.61869691904366e-16,0.00692963936234363,2.26841619528688e-16,0.00567482148242863,8.75527165997188e-16,0.00512592285441759,4.89127505108254e-16,0.00387303742921958,3.91844688909863e-16,0.00305371769783614,5.01405906272676e-16,0.00271051330956085,5.48063237879459e-16,0.00224782216063606,4.19093259382977e-16,0.00181725047012294,4.67343194659271e-16,0.0015715199731191,3.64838110273624e-16,0.00135089753883825,7.40823820056326e-16,0.00112733210632258,1.36140818773218e-15,,
doe_0015,doe,M037,700,700,230,400,0.0015,0.0002,0.15,0.1,1,0.25,0,0,0,0,0,300,0,0.3,1,22.8001610319624,4.30414998060321,0.981353126634708,4.4146088225295,3.42836870004248e-15,698.279437638559,701.723400071947,-1.72056236144124,1.72340007194737,20,7.07957450096122,0,9.59688832003037e-14,-0.281575406204869,2.80388069330264,False,True,False,data/doe_000.npz,False,4.30414998060321,1.88327240822402e-15,0.932585844142351,4.83386743054638e-15,0.291274877335452,6.11501727307032e-15,0.0634040010492605,5.5400207530231e-15,0.0355507785657516,2.13691346084972e-15,0.0413257579404897,5.68491123751702e-16,0.0287173334343843,1.5982846138047e-15,0.0153348497238134,9.98114323877172e-16,0.0108405016204624,1.14165316176818e-15,0.0107061769746516,1.82681549176911e-16,0.00895704202020114,1.17922395684889e-15,0.00644652778802095,3.23212801307174e-16,0.00499316553551812,8.52402245643003e-16,0.00451539739870962,1.19469639990602e-15,0.00395998007334637,3.03343212114787e-16,0.0032125406785221,4.18636772117186e-16,0.00264136044100142,8.76938770549937e-16,0.00232633043199634,3.50756298756077e-16,0.00205807213138836,4.58755679604927e-16,0.00175792656458609,1.46758599457325e-15,,
doe_0016,doe,M040,1400,-700,230,400,0.0015,0.0002,0.15,0.1,1,0.25,0,0,0,0,0,300,0,0.3,1,16.9593737961743,6.80545805162497,1.15416306951692,6.90263612730607,-2.48689957516035e-15,1401.72478341579,-696.557210950652,1.72478341579108,3.44278904934777,31.3049516849971,10.6868230002788,0,9.63852345159447e-14,-0.281575406204869,3.29765063379396,False,True,False,data/doe_000.npz,False,6.80545805162497,4.02851011511764e-15,1.05217482937495,9.44504209298153e-16,0.430282823897938,4.62685321984403e-15,0.178561431761806,3.22950227732966e-15,0.0663842111500062,1.30794259140509e-15,0.0283554955116565,3.05332997990398e-15,0.0281615769327768,1.16571294772824e-15,0.0276684624528198,2.08458778927313e-15,0.0227383318991666,4.02267886875513e-16,0.0164980206375741,7.19584711322814e-16,0.0114271053394702,1.33738286843519e-15,0.00869998364895999,1.7095339224486e-16,0.00773016502013606,8.08767001029675e-16,0.00712595495235267,1.07731871719582e-15,0.00626306394460244,5.05004455239972e-16,0.00522337634303716,3.63964603589462e-16,0.00429129336738941,5.89850933927085e-16,0.00364758112909479,3.58762307013695e-16,0.00325169033820385,2.62502428150443e-16,0.0029474462774788,1.74714259478559e-15,,
doe_0017,doe,M041,1400,0,230,400,0.0015,0.0002,0.15,0.1,1,0.25,0,0,0,0,0,300,0,0.3,1,18.3133271763894,6.08698665174095,1.11472978071647,6.18821897989559,7.46069872548105e-16,1400.00269365152,3.44405831741388,0.00269365151598322,3.44405831741388,28,9.65630342208006,0,9.88752349760184e-14,-0.281575406204869,3.1849744748505,False,True,False,data/doe_000.npz,False,6.08698665174095,1.66269358909957e-15,1.02706234735344,1.07366501682815e-15,0.39946225764259,5.61575533974476e-15,0.149977148206528,3.84463252161845e-15,0.0470023515560708,2.40637251816455e-15,0.0283769802309654,2.80971534778205e-15,0.0317515632239523,2.91301466175631e-15,0.0275909645715766,1.03269848436842e-15,0.019849739467869,8.19865924043786e-16,0.012996659182319,1.21899212470763e-15,0.00942244286968199,2.01612843447235e-15,0.00844726885113764,1.0408320178748e-15,0.0078086276986113,1.74846409420597e-16,0.00668796907656153,1.39376891798048e-16,0.00537615078855345,3.87103070001374e-16,0.00434438475635938,5.44054573613909e-16,0.00375313944799239,1.21930430876402e-15,0.00339298760542668,6.34980465756222e-16,0.00303402425454118,8.0869095807543e-16,0.00263309011214831,1.21002955415859e-15,,
doe_0018,doe,M042,1400,700,230,400,0.0015,0.0002,0.15,0.1,1,0.25,0,0,0,0,0,300,0,0.3,1,16.9570665348169,6.80545830902616,1.15400609346079,6.90261013258479,4.9382720135327e-15,1398.28076449318,703.445382066814,-1.71923550682322,3.44538206681443,31.3049516849971,10.6867128748904,0,9.75648442791488e-14,-0.281575406204869,3.29720208732272,False,True,False,data/doe_000.npz,False,6.80545830902616,3.72129393496412e-15,1.05207655154356,5.42167174098327e-15,0.430163436627634,6.13829947597217e-15,0.178447897512021,5.0647148300917e-15,0.0663002476389046,3.00777457558244e-15,0.0283389946989814,6.71569444817775e-16,0.0281767556325915,1.0344514978893e-15,0.0276726303787524,4.27546456544884e-16,0.0227302393177596,1.22904068854133e-15,0.0164843001966438,9.05175412072591e-16,0.0114157366203969,7.12458616585243e-16,0.00869584899313938,2.1995335073683e-16,0.00773034279465157,6.67219844676491e-16,0.00712557070081159,7.51202093219219e-16,0.00626056614074653,1.97900776398775e-16,0.00521968350313451,8.32796430169531e-17,0.00428807588254991,2.76716862693113e-16,0.00364575321687953,3.3100287061675e-16,0.00325079917500961,6.11463904275332e-16,0.00294657401356283,1.36906835749933e-15,,
doe_0019,doe,M030,350,-700,230,400,0.0015,0.0002,0.15,0.1,1,0.25,0,0,0,0,0,300,0,0.6,1,26.0206443216117,3.40272932989891,0.885412096160157,3.51603848426373,6.03961325396085e-16,351.722826551784,-699.140359225919,1.72282655178395,0.859640774081072,20,5.75760034295201,0,1.03792454716931e-13,-0.281575406204869,2.52975715583617,False,True,False,data/doe_000.npz,False,3.40272932989891,5.16623557691218e-15,0.856205173997503,7.34121422779235e-16,0.213154738848693,7.73555237871916e-15,0.0287640671404166,4.56242036554113e-15,0.0498917746374047,1.42398447354603e-15,0.0365889288381555,5.47924915138457e-16,0.0167944814138034,2.44356306586502e-15,0.0121371985447012,1.80315020326135e-15,0.0121365774190877,7.33631577344867e-16,0.00878427796957506,4.280874951111e-16,0.00592017799966522,9.92708707449823e-16,0.00528070098992194,5.12482248407113e-16,0.00460712819559376,8.48785022758336e-16,0.00353115282334687,6.497254457382e-16,0.00287064905614103,3.70686096778217e-16,0.00255012145445061,3.63305227694314e-16,0.00215172649289453,7.7550690841393e-16,0.00176431263824961,1.34074919931671e-16,0.00152231888004444,1.08681191436886e-16,0.00132956834931636,2.03315372810791e-15,,
doe_0020,doe,M031,350,0,230,400,0.0015,0.0002,0.15,0.1,1,0.25,0,0,0,0,0,300,0,0.6,1,36.309276362526,1.52174654431673,0.55253515831315,1.61895273621951,2.96406099664637e-11,350.000646156685,0.861003951170282,0.000646156684581456,0.861003951170282,20,2.87980904859787,0,2.36516402851176e-11,-0.281575406204869,1.57867269739224,False,True,False,data/doe_000.npz,False,1.52174654431673,2.44785383248009e-10,0.547424088125883,9.06970356602668e-11,0.0280535814136899,4.0275222632263e-11,0.063499923950729,3.11213455544743e-11,0.0161183057096056,3.06100308349378e-11,0.0180341133562368,1.44997515240994e-11,0.00982534939918976,1.38764326055282e-11,0.00715745720694282,8.1784295994776e-12,0.00562981090808793,1.13712147973846e-11,0.00370581874788498,9.91816585054582e-12,0.00321106983146724,7.25073231489446e-12,0.0022503935558613,4.45087093833469e-12,0.00188360696995942,3.86343775084592e-12,0.00143973024960883,5.14236577114915e-12,0.00115531162854359,4.90448135574758e-12,0.000931076399910544,3.48238836071999e-12,0.000738309650436449,1.58110986412769e-12,0.000605378380771004,1.73172030402613e-12,0.000484363389020016,2.67408143277979e-12,0.000397100872380038,2.67286186924922e-12,,
doe_0021,doe,M032,350,700,230,400,0.0015,0.0002,0.15,0.1,1,0.25,0,0,0,0,0,300,0,0.6,1,25.9984656868036,3.40272953762688,0.884657471254658,3.51584872673497,2.64677169070637e-15,348.278730161335,700.862461198503,-1.72126983866542,0.862461198502729,20,5.75728321051711,0,9.85893815654221e-14,-0.281575406204869,2.52760104551111,False,True,False,data/doe_000.npz,False,3.40272953762688,2.79609497255907e-16,0.855578549215215,2.80115458496179e-15,0.212550052842392,6.01098324249295e-15,0.0287188561835391,6.40810679825749e-15,0.0499580293317863,1.34993371074527e-15,0.0365036751204582,1.61944121009757e-15,0.0167094920021377,1.79942019805659e-15,0.0121561098639803,1.86777423645992e-15,0.0121316533590959,2.87522374911774e-16,0.00875275928978689,8.50447527110315e-16,0.00590730245480646,1.15198454815571e-15,0.00528150986752051,2.3304224206352e-16,0.00459802641971343,7.16141760144879e-16,0.00351998442606218,8.68466150345856e-16,0.00286694473731493,5.00877326913011e-16,0.00254695756334961,4.20000951019508e-16,0.00214593929238923,6.7697081585709e-16,0.00175988202400688,3.57376229467686e-16,0.00151981347774302,3.37852132904947e-16,0.00132658622811409,1.46993331137736e-15,,
doe_0022,doe,M035,700,-700,230,400,0.0015,0.0002,0.15,0.1,1,0.25,0,0,0,0,0,300,0,0.6,1,22.8107666893805,4.30414969893271,0.981809545785213,4.41471003443,8.70414851306123e-16,701.723480433337,-698.27926503587,1.72348043333739,1.72073496413009,20,7.07978415204826,0,1.00415752350155e-13,-0.281575406204869,2.80518478750255,False,True,False,data/doe_000.npz,False,4.30414969893271,6.55860921201261e-15,0.932933413063971,2.17864438059441e-15,0.291648134526034,6.79911589440234e-15,0.0636540182912563,4.90577778549559e-15,0.0354705053213566,7.74113512221619e-16,0.041316730535697,8.23380835875393e-16,0.0287670320812006,2.36039838560437e-15,0.015380610800771,1.69010913229291e-15,0.0108383351364921,2.41665569521836e-16,0.0107027983565662,3.4084090434806e-16,0.00896941174288057,8.93073824589213e-16,0.00646132162677049,7.20170157285048e-16,0.00499747329652397,7.29198529539737e-16,0.00451615736873141,5.31867861011512e-16,0.00396458181556332,2.07196878467076e-16,0.00321865627579957,7.61159917868875e-16,0.00264483758515392,5.02164457152368e-16,0.00232804697811295,2.74488379695692e-16,0.00206053260554634,2.80065251940147e-16,0.00176096872870651,1.90761282137135e-15,,
doe_0023,doe,M036,700,0,230,400,0.0015,0.0002,0.15,0.1,1,0.25,0,0,0,0,0,300,0,0.6,1,27.5448605524385,3.04349320085018,0.838325958097128,3.15684097511535,-7.8159700933611e-16,700.001318097063,1.72201856486651,0.00131809706329022,1.72201856486651,20,5.224179815244,0,8.76211655488343e-14,-0.281575406204869,2.39522327116754,False,True,False,data/doe_000.npz,False,3.04349320085018,2.494412481365e-15,0.816367123136272,3.38466076211014e-15,0.175890180895509,3.41427498590481e-15,0.0332206321107387,3.41766912287355e-15,0.0523576494735739,1.9315103093833e-15,0.0304220070167839,1.98479729443928e-15,0.0130741865531769,1.5411437698047e-15,0.0134468026828644,8.84303861292761e-16,0.0111131302192319,3.61869691904366e-16,0.00692963936234363,2.26841619528688e-16,0.00567482148242863,8.75527165997188e-16,0.00512592285441759,4.89127505108254e-16,0.00387303742921958,3.91844688909863e-16,0.00305371769783614,5.01405906272676e-16,0.00271051330956085,5.48063237879459e-16,0.00224782216063606,4.19093259382977e-16,0.00181725047012294,4.67343194659271e-16,0.0015715199731191,3.64838110273624e-16,0.00135089753883825,7.40823820056326e-16,0.00112733210632258,1.36140818773218e-15,,
doe_0024,doe,M037,700,700,230,400,0.0015,0.0002,0.15,0.1,1,0.25,0,0,0,0,0,300,0,0.6,1,22.8001610319624,4.30414998060321,0.981353126634708,4.4146088225295,3.42836870004248e-15,698.279437638559,701.723400071947,-1.72056236144124,1.72340007194737,20,7.07957450096122,0,9.59688832003037e-14,-0.281575406204869,2.80388069330264,False,True,False,data/doe_000.npz,False,4.30414998060321,1.88327240822402e-15,0.932585844142351,4.83386743054638e-15,0.291274877335452,6.11501727307032e-15,0.0634040010492605,5.5400207530231e-15,0.0355507785657516,2.13691346084972e-15,0.0413257579404897,5.68491123751702e-16,0.0287173334343843,1.5982846138047e-15,0.0153348497238134,9.98114323877172e-16,0.0108405016204624,1.14165316176818e-15,0.0107061769746516,1.82681549176911e-16,0.00895704202020114,1.17922395684889e-15,0.00644652778802095,3.23212801307174e-16,0.00499316553551812,8.52402245643003e-16,0.00451539739870962,1.19469639990602e-15,0.00395998007334637,3.03343212114787e-16,0.0032125406785221,4.18636772117186e-16,0.00264136044100142,8.76938770549937e-16,0.00232633043199634,3.50756298756077e-16,0.00205807213138836,4.58755679604927e-16,0.00175792656458609,1.46758599457325e-15,,
doe_0025,doe,M040,1400,-700,230,400,0.0015,0.0002,0.15,0.1,1,0.25,0,0,0,0,0,300,0,0.6,1,16.9593737961743,6.80545805162497,1.15416306951692,6.90263612730607,-2.48689957516035e-15,1401.72478341579,-696.557210950652,1.72478341579108,3.44278904934777,31.3049516849971,10.6868230002788,0,9.63852345159447e-14,-0.281575406204869,3.29765063379396,False,True,False,data/doe_000.npz,False,6.80545805162497,4.02851011511764e-15,1.05217482937495,9.44504209298153e-16,0.430282823897938,4.62685321984403e-15,0.178561431761806,3.22950227732966e-15,0.0663842111500062,1.30794259140509e-15,0.0283554955116565,3.05332997990398e-15,0.0281615769327768,1.16571294772824e-15,0.0276684624528198,2.08458778927313e-15,0.0227383318991666,4.02267886875513e-16,0.0164980206375741,7.19584711322814e-16,0.0114271053394702,1.33738286843519e-15,0.00869998364895999,1.7095339224486e-16,0.00773016502013606,8.08767001029675e-16,0.00712595495235267,1.07731871719582e-15,0.00626306394460244,5.05004455239972e-16,0.00522337634303716,3.63964603589462e-16,0.00429129336738941,5.89850933927085e-16,0.00364758112909479,3.58762307013695e-16,0.00325169033820385,2.62502428150443e-16,0.0029474462774788,1.74714259478559e-15,,
doe_0026,doe,M041,1400,0,230,400,0.0015,0.0002,0.15,0.1,1,0.25,0,0,0,0,0,300,0,0.6,1,18.3133271763894,6.08698665174095,1.11472978071647,6.18821897989559,7.46069872548105e-16,1400.00269365152,3.44405831741388,0.00269365151598322,3.44405831741388,28,9.65630342208006,0,9.88752349760184e-14,-0.281575406204869,3.1849744748505,False,True,False,data/doe_000.npz,False,6.08698665174095,1.66269358909957e-15,1.02706234735344,1.07366501682815e-15,0.39946225764259,5.61575533974476e-15,0.149977148206528,3.84463252161845e-15,0.0470023515560708,2.40637251816455e-15,0.0283769802309654,2.80971534778205e-15,0.0317515632239523,2.91301466175631e-15,0.0275909645715766,1.03269848436842e-15,0.019849739467869,8.19865924043786e-16,0.012996659182319,1.21899212470763e-15,0.00942244286968199,2.01612843447235e-15,0.00844726885113764,1.0408320178748e-15,0.0078086276986113,1.74846409420597e-16,0.00668796907656153,1.39376891798048e-16,0.00537615078855345,3.87103070001374e-16,0.00434438475635938,5.44054573613909e-16,0.00375313944799239,1.21930430876402e-15,0.00339298760542668,6.34980465756222e-16,0.00303402425454118,8.0869095807543e-16,0.00263309011214831,1.21002955415859e-15,,
doe_0027,doe,M042,1400,700,230,400,0.0015,0.0002,0.15,0.1,1,0.25,0,0,0,0,0,300,0,0.6,1,16.9570665348169,6.80545830902616,1.15400609346079,6.90261013258479,4.9382720135327e-15,1398.28076449318,703.445382066814,-1.71923550682322,3.44538206681443,31.3049516849971,10.6867128748904,0,9.75648442791488e-14,-0.281575406204869,3.29720208732272,False,True,False,data/doe_000.npz,False,6.80545830902616,3.72129393496412e-15,1.05207655154356,5.42167174098327e-15,0.430163436627634,6.13829947597217e-15,0.178447897512021,5.0647148300917e-15,0.0663002476389046,3.00777457558244e-15,0.0283389946989814,6.71569444817775e-16,0.0281767556325915,1.0344514978893e-15,0.0276726303787524,4.27546456544884e-16,0.0227302393177596,1.22904068854133e-15,0.0164843001966438,9.05175412072591e-16,0.0114157366203969,7.12458616585243e-16,0.00869584899313938,2.1995335073683e-16,0.00773034279465157,6.67219844676491e-16,0.00712557070081159,7.51202093219219e-16,0.00626056614074653,1.97900776398775e-16,0.00521968350313451,8.32796430169531e-17,0.00428807588254991,2.76716862693113e-16,0.00364575321687953,3.3100287061675e-16,0.00325079917500961,6.11463904275332e-16,0.00294657401356283,1.36906835749933e-15,,
doe_0028,doe,M030,350,-700,230,400,0.0015,0.0002,0.15,0.1,1,0.25,0,0,0,0,0,300,0.5,0.1,1,15.6815216435568,3.40272927904189,0.533599728364599,3.44431624054047,-1.3855583347322e-15,351.722790559563,-699.140364238929,1.72279055956295,0.859635761071218,20,5.32643937883808,0,1.06787155890998e-13,-0.281575406204869,1.52462191606786,False,True,False,data/doe_000.npz,False,3.40272927904189,4.14061947173231e-15,0.496818217297928,3.59405163376126e-16,0.179614742241934,7.77370873716783e-15,0.0576598653952856,5.27077271165631e-15,0.0201672621869054,9.71447443453198e-16,0.0241115658902818,7.40001664944799e-16,0.024220992730653,2.63275756990655e-15,0.0195638405141822,1.53099421787529e-15,0.0136363138651414,3.97646863823779e-16,0.00827066598136522,6.80103545470805e-16,0.00405245082882751,1.01093268561686e-15,0.00105997441219375,6.22247166548469e-16,0.00158486113405532,6.2511249527518e-16,0.0030607538742793,7.3182696898577e-16,0.00392752589342847,3.67477723353981e-16,0.00421277066356607,5.69689542792079e-16,0.00401576002853938,6.7308902692932e-16,0.00347612190402874,2.18358756889872e-16,0.00275098953033124,2.65588333858271e-16,0.0019993697383637,2.01176771754427e-15,,
doe_0029,doe,M031,350,0,230,400,0.0015,0.0002,0.15,0.1,1,0.25,0,0,0,0,0,300,0.5,0.1,1,22.9805840802151,1.52174662848918,0.349706263447795,1.56141240451649,1.27897692436818e-15,350.000665499941,0.861010644897806,0.000665499940737391,0.861010644897806,20,2.56840452304361,0,8.35624593829849e-14,-0.281575406204869,0.999166573760742,False,True,False,data/doe_000.npz,False,1.52174662848918,7.51328634904449e-15,0.343596537702134,4.23259391782887e-15,0.0355540064612726,1.75113459338717e-15,0.039925099887205,2.8801039930548e-15,0.031983474921669,1.53197750394379e-15,0.014742420780009,1.99437697973945e-15,0.00482686708614771,1.3421397517455e-15,0.00151877798911877,8.24472555404589e-16,0.00493827769309928,2.41512699402969e-16,0.00598612648856474,8.11262352516894e-17,0.00502085221306418,9.23283515478372e-16,0.00327893157812131,2.58867778608235e-16,0.00179785116276072,3.22562021237667e-16,0.00144023381544967,5.85250788842364e-16,0.00173583154544679,5.27111943703928e-16,0.0017743510871167,3.3689925313309e-16,0.00148732288173155,5.33395579150442e-16,0.00106415753883403,3.94226308201735e-16,0.000727589886863534,7.05856078702198e-16,0.000616001062074781,1.40691314033571e-15,,
doe_0030,doe,M032,350,700,230,400,0.0015,0.0002,0.15,0.1,1,0.25,0,0,0,0,0,300,0.5,0.1,1,15.6708076475636,3.40272940838897,0.533235180355714,3.44425991384478,4.01456645704457e-15,348.278698271471,700.862443852974,-1.72130172852923,0.86244385297357,20,5.32623608769095,0,1.01474929684383e-13,-0.281575406204869,1.52358044308588,False,True,False,data/doe_000.npz,False,3.40272940838897,7.93042169526232e-16,0.496564287764156,2.70698896941386e-15,0.179317140344733,5.84855677998297e-15,0.0574128084872686,6.85765662905447e-15,0.0201367652829139,7.62757463848187e-16,0.0241653972942207,1.75349857676173e-15,0.0242306551164013,1.69320925367719e-15,0.0195362651167762,1.20850286072386e-15,0.0135912083426858,4.79710400594357e-16,0.00822337674935297,6.37145187491506e-16,0.00401075027952247,1.17259075331842e-15,0.00103326501360948,2.75338397415065e-16,0.00161328600318154,9.50737751169402e-16,0.00308398499637918,9.23816904173492e-16,0.00394299689589997,1.08950084586764e-16,0.00421956718056172,2.46600532240458e-16,0.0040142289657613,7.47989298829982e-16,0.00346790287536388,3.82628061849388e-16,0.00273874462207463,2.66933290116443e-16,0.00198667677656633,1.66115445082674e-15,,
doe_0031,doe,M035,700,-700,230,400,0.0015,0.0002,0.15,0.1,1,0.25,0,0,0,0,0,300,0.5,0.1,1,13.4264720848135,4.30414975320617,0.577895465102797,4.34277629924032,1.65201186064223e-15,701.723461620863,-698.279301638206,1.72346162086308,1.72069836179355,20,6.61796091646278,0,1.02489131205625e-13,-0.281575406204869,1.65122313902361,False,True,False,data/doe_000.npz,False,4.30414975320617,6.00341388359986e-15,0.525974891851012,1.82539114363196e-15,0.214932592485268,6.745026459168e-15,0.0892453248465799,5.17976979685276e-15,0.034675361956113,7.58035171679051e-16,0.0197703826594865,7.27661269251837e-16,0.0208097848716888,2.50167783867841e-15,0.0205146516317437,1.52053426527938e-15,0.0177375567987959,5.98001345398638e-16,0.0138261299508099,2.0837563255177e-16,0.00979001911292976,6.94017216585186e-16,0.00616801528002578,7.29263930486647e-16,0.00317729786893108,7.42628096272886e-16,0.000942020894475959,6.21305821509322e-16,0.00118726193201118,1.72357439140648e-16,0.002380069597534,6.43093260767086e-16,0.00317362363793113,7.0284066180678e-16,0.0035770556643437,1.44994774955698e-16,0.00364321462506781,1.9998822135015e-16,0.00343783687223752,1.81878814271716e-15,,
doe_0032,doe,M036,700,0,230,400,0.0015,0.0002,0.15,0.1,1,0.25,0,0,0,0,0,300,0.5,0.1,1,16.7724220067405,3.04349334120352,0.510467546933701,3.08600808899522,-1.04805053524615e-15,700.001350352113,1.72202926283999,0.00135035211269496,1.72202926283999,20,4.8086846148878,0,9.64057431221088e-14,-0.281575406204869,1.45852653462124,False,True,False,data/doe_000.npz,False,3.04349334120352,2.61084929968297e-15,0.480273264349438,2.49363910099116e-15,0.160601206308162,4.5387893080424e-15,0.0427815847507186,4.20048171652327e-15,0.0212273150938386,2.25143759494311e-15,0.0271368707456203,2.21638459547736e-15,0.0240265934666773,2.75333729614147e-15,0.0171941305903907,1.01374781515881e-15,0.0104813342960949,5.86985253282276e-16,0.0052327471461143,7.34349195612111e-16,0.00153031699136724,1.70762882770705e-15,0.00150218249549748,4.91035022046002e-16,0.00323711449642703,1.57853828776519e-16,0.00423311184308619,3.59319070018758e-16,0.00450394407915181,3.98380991887421e-17,0.00418650133822063,5.68825198855304e-16,0.00348171201551407,1.07522701189749e-15,0.00260966925291744,5.08574707427e-16,0.00178944338511706,6.19617839834243e-16,0.00126051440732606,1.50465719615729e-15,,
doe_0033,doe,M037,700,700,230,400,0.0015,0.0002,0.15,0.1,1,0.25,0,0,0,0,0,300,0.5,0.1,1,13.4217846827912,4.30414992635254,0.577693735539552,4.34274962113147,2.16715534406831e-15,698.279401055448,701.723418872693,-1.72059894455208,1.72341887269329,20,6.61788914566639,0,9.98718758913132e-14,-0.281575406204869,1.65064658528903,False,True,False,data/doe_001.npz,False,4.30414992635254,1.51550909181351e-15,0.525849085591849,4.10902672917655e-15,0.214777636270184,5.94603492737504e-15,0.0890974062421862,5.66785640221672e-15,0.0345723556350358,2.20674297288619e-15,0.019762401985687,1.24307229527339e-15,0.020830916352607,2.11082306296756e-15,0.0205226601216354,1.4675128530871e-15,0.0177293703923208,7.36336056017904e-16,0.0138066794251957,2.57568630834234e-17,0.00976507716810984,1.33441297289187e-15,0.00614211711342395,4.77492541250866e-16,0.0031534576507636,1.15394079728871e-15,0.000925901070311609,9.8188070436393e-16,0.00120393148031277,1.12524003588109e-16,0.00239445089490177,3.00857265727323e-16,0.00318421220616495,7.22759498632001e-16,0.00358357241792901,1.45146925637905e-16,0.00364565892579084,3.27264557639162e-16,0.0034365235806726,1.57340258767077e-15,,
doe_0034,doe,M040,1400,-700,230,400,0.0015,0.0002,0.15,0.1,1,0.25,0,0,0,0,0,300,0.5,0.1,1,9.50169755027628,6.8054582250332,0.646634057453056,6.83611466367503,3.5527136788005e-16,1401.72480617982,-696.557254765536,1.72480617981955,3.4427452344637,31.3049516849971,10.1765637134383,0,9.99327379586101e-14,-0.281575406204869,1.84767265022043,False,True,False,data/doe_001.npz,False,6.8054582250332,5.68355227696148e-15,0.564079054567466,5.46715877690642e-16,0.264436620635834,6.42785338806991e-15,0.139851604787882,4.87428222417883e-15,0.0777266203152111,5.77907755262971e-16,0.0448583336345272,2.36022456512436e-15,0.0279138346790808,1.3728105624731e-15,0.0202343754118735,1.80886044229375e-15,0.0172183900326448,6.53066775000408e-16,0.0157369185527289,3.94372808623451e-16,0.0143960610351392,1.23313216664294e-15,0.0128281858746809,2.73343695140125e-16,0.0110407256839171,6.52212500813035e-16,0.00913850203901354,8.87786646838536e-16,0.00723144780997151,5.84952026938888e-16,0.00540836913889778,7.54427473533114e-16,0.00373277250956941,1.86971434841871e-16,0.00224646499633574,3.92246351504108e-16,0.000981722010750339,4.2307443866511e-16,0.000294017880171438,1.91344123642214e-15,,
doe_0035,doe,M041,1400,0,230,400,0.0015,0.0002,0.15,0.1,1,0.25,0,0,0,0,0,300,0.5,0.1,1,10.3837346256679,6.08698684940452,0.632056561141472,6.11972011120505,1.31450406115619e-15,1400.00273907956,3.44407242890823,0.00273907956147923,3.44407242890823,28,9.15639508508973,0,1.05108016905024e-13,-0.281575406204869,1.80603373002583,False,True,False,data/doe_001.npz,False,6.08698684940452,2.96477957933676e-15,0.556776709673022,3.78805762017404e-16,0.254665674040916,6.68453098207914e-15,0.129360132940723,5.82751348478382e-15,0.0678477669708318,2.59392745236474e-15,0.0367770459647337,1.56676095786714e-15,0.0228214880803158,3.09347336459155e-15,0.0182951206225702,2.22285401002827e-15,0.0169957620749278,1.08676708296758e-15,0.0158670001483281,5.21030316543931e-16,0.0142278484066824,1.12966457864236e-15,0.0121605093113613,3.27336957582557e-16,0.00988504623033601,1.0626918327669e-15,0.00759728717675183,1.13539542140255e-15,0.00543808192053393,3.80907965174782e-16,0.00349739177206578,5.59397126827364e-16,0.00182977849882862,7.28242308130929e-16,0.000530579043749845,2.83466620837377e-16,0.000818867372088706,2.22718480506072e-16,0.00163564874994997,1.88530188082714e-15,,
doe_0036,doe,M042,1400,700,230,400,0.0015,0.0002,0.15,0.1,1,0.25,0,0,0,0,0,300,0.5,0.1,1,9.50083319743747,6.80545838194997,0.646575249190094,6.83610925915366,4.33431068813661e-15,1398.28075860925,703.445431083542,-1.71924139074963,3.44543108354162,31.3049516849971,10.1765304976932,0,1.01187078140955e-13,-0.281575406204869,1.8475046925091,False,True,False,data/doe_001.npz,False,6.80545838194997,3.63461722869923e-15,0.564048950482933,4.18829341342248e-15,0.264399759990409,5.99748812297279e-15,0.139811522889362,5.43125504327027e-15,0.0776880698251877,2.95176824991509e-15,0.0448253098184965,7.30433386475323e-16,0.0278902853078524,1.22140547434489e-15,0.0202222441013415,7.3371333371495e-16,0.0172145199031069,1.35696055615785e-15,0.0157363203975012,8.08461594443615e-16,0.0143955634979251,8.85909130619783e-16,0.0128264198718813,1.3877613626175e-16,0.0110373306553321,6.29757698965708e-16,0.0091336123777305,5.92405971249936e-16,0.00722541927564799,3.47291977490089e-16,0.00540163315995145,3.22909109633662e-16,0.00372576017510056,3.86161459768591e-16,0.00223958308701711,3.05761730615924e-16,0.000975500049396297,6.80526916588249e-16,0.000297127366657933,1.60025243155417e-15,,
doe_0037,doe,M030,350,-700,230,400,0.0015,0.0002,0.15,0.1,1,0.25,0,0,0,0,0,300,0.5,0.3,1,15.7200513046431,3.40272928001541,0.534910788576534,3.44451700555714,-1.33226762955019e-15,351.722790691565,-699.14036442317,1.72279069156502,0.859635576830215,20,5.32694355451495,0,1.07046871883282e-13,-0.281575406204869,1.52832000201411,False,True,False,data/doe_001.npz,False,3.40272928001541,4.6310038340526e-15,0.497802644908875,6.99956020884793e-16,0.181205988750042,7.84754206233192e-15,0.0597977111839438,4.99229708606989e-15,0.0210673655792356,1.00414278441904e-15,0.0224710705325125,6.16035212871046e-16,0.0217828510667889,2.61110147367073e-15,0.0168550564040281,1.60012555449363e-15,0.011050926156282,3.89716291896644e-16,0.00627219321527133,6.43546365729156e-16,0.00323147564703642,1.00151532156275e-15,0.00203848522911254,5.83644389717542e-16,0.0020327847692255,5.69142735755955e-16,0.00222442794072684,8.14571118783396e-16,0.00229548359076809,4.45603166620383e-16,0.0021925300838266,4.67546158078086e-16,0.00192793305111049,6.79209250335109e-16,0.00155716886401578,2.48269479643205e-16,0.00115635225592607,2.05965877022677e-16,0.000797868295766375,2.05027955294036e-15,,
doe_0038,doe,M031,350,0,230,400,0.0015,0.0002,0.15,0.1,1,0.25,0,0,0,0,0,300,0.5,0.3,1,23.209153973937,1.52174662626961,0.353184517584104,1.56219464992735,2.93098878501041e-15,350.000664989127,0.861010770907063,0.000664989127130866,0.861010770907063,20,2.57087000715917,0,8.38186137516033e-14,-0.281575406204869,1.00909872779545,False,True,False,data/doe_001.npz,False,1.52174662626961,1.35934973838808e-14,0.347896034615495,5.39955944371789e-15,0.0410468812525812,1.34843417969739e-15,0.0345713162462583,2.50967995119746e-15,0.0259507494925933,1.27920563992828e-15,0.00974962175276381,2.05136973782725e-15,0.00505128519287859,1.05749355680527e-15,0.00363536673325754,1.14588817581201e-15,0.00271321919621938,1.55594919173363e-16,0.00254158203456422,1.09609320730451e-16,0.00185812480553642,9.26999582381691e-16,0.00119321744596087,2.49178289362889e-16,0.000847347105068269,2.39653627046015e-16,0.000629477828113986,5.47382589156499e-16,0.00049359842139555,5.38611397270547e-16,0.000396006328168051,3.63769643050122e-16,0.000302130569358976,4.60245536497074e-16,0.000227074772436301,3.68163274472406e-16,0.000172591128424362,6.59590799957737e-16,0.000131790460911922,1.35066133163814e-15,,
doe_0039,doe,M032,350,700,230,400,0.0015,0.0002,0.15,0.1,1,0.25,0,0,0,0,0,300,0.5,0.3,1,15.7091562316183,3.40272940826353,0.534540078883338,3.44445958140387,3.65929508916452e-15,348.278698459324,700.862443727406,-1.72130154067605,0.862443727405889,20,5.32672335517269,0,1.01296978814153e-13,-0.281575406204869,1.52726080545028,False,True,False,data/doe_001.npz,False,3.40272940826353,1.01787515567042e-15,0.497545994282271,2.89452631378163e-15,0.180904942930684,6.0375356084363e-15,0.0595472995497885,6.80713117000836e-15,0.0210163446820286,7.0660649879428e-16,0.0225185046006596,1.7008997552095e-15,0.0217918118478157,1.79157793582866e-15,0.0168289230990336,1.27837513710765e-15,0.0110097790472954,3.85614769593046e-16,0.00623334482819373,6.74984306453486e-16,0.00320590364921243,1.10421503279481e-15,0.00203104932437817,3.05741794667748e-16,0.00203473636966608,8.28021202144695e-16,0.00222828216710069,8.68392854292821e-16,0.00229865619107399,2.34354259906163e-16,0.00219325498759694,1.65069003856306e-16,0.00192541233473365,6.60991576814448e-16,0.00155183092462717,5.03723994223459e-16,0.00114946403365774,2.6518075698731e-16,0.000791008000173051,1.6884843569031e-15,,
doe_0040,doe,M035,700,-700,230,400,0.0015,0.0002,0.15,0.1,1,0.25,0,0,0,0,0,300,0.5,0.3,1,13.4571352005537,4.30414975393932,0.579215251621915,4.34294840661921,1.54543045027822e-15,701.723461844284,-698.279301652743,1.72346184428397,1.72069834725653,20,6.61837053942305,0,1.03862999195885e-13,-0.281575406204869,1.6549141619528,False,True,False,data/doe_001.npz,False,4.30414975393932,6.01205793452813e-15,0.526787050229154,2.00885567455713e-15,0.216217350567277,6.75967263837578e-15,0.0909536033081336,5.12086680810782e-15,0.0365036396024355,6.17310431844887e-16,0.0201309597257859,8.00763079818075e-16,0.0195738474230607,2.58248370893394e-15,0.0186110080439164,1.68712119291382e-15,0.0155768837869057,5.2543909522803e-16,0.011676320755723,1.7131451173296e-16,0.00789785779695398,6.61978369382765e-16,0.00479001540997499,6.90249743181659e-16,0.00261544861929858,6.8940889459688e-16,0.00159782563604641,6.31324689852054e-16,0.00164480167736487,1.95847877706638e-16,0.00193842859196794,5.75590277173968e-16,0.00210351389962381,7.04521571438323e-16,0.00210568060948511,1.53239440014658e-16,0.00197274673224699,1.26909257364976e-16,0.00174107622994602,1.88045850704014e-15,,
doe_0041,doe,M036,700,0,230,400,0.0015,0.0002,0.15,0.1,1,0.25,0,0,0,0,0,300,0.5,0.3,1,16.8184895600539,3.0434933404204,0.511869609719543,3.08623770173728,-5.15143483426073e-16,700.00135017161,1.72202941951083,0.00135017161028372,1.72202941951083,20,4.8092695696415,0,9.66305856583058e-14,-0.281575406204869,1.46248722566542,False,True,False,data/doe_001.npz,False,3.0434933404204,2.31743339690475e-15,0.481427189555998,2.4095515524246e-15,0.162459204422278,4.4920492349578e-15,0.0451940856874694,4.3171403759935e-15,0.0207053371376443,2.13094795549974e-15,0.0247652081564027,2.00078767372925e-15,0.021098351294955,2.68649944295557e-15,0.014200507170574,1.06430410020282e-15,0.00797720783869572,6.08026602705847e-16,0.00398405995500158,7.34113677962572e-16,0.00238497464080517,1.71721941618211e-15,0.00221255979975373,5.77268141556244e-16,0.00233321704205611,1.26439843193314e-16,0.00238350946069564,2.990430407671e-16,0.00224972047092053,1.11900785646394e-16,0.00192457570918632,5.46798443975237e-16,0.00148801738868498,9.16865368381144e-16,0.00104991426841323,5.00195010815137e-16,0.000702124429293151,6.09509360074271e-16,0.000496814639278245,1.51222279192404e-15,,
doe_0042,doe,M037,700,700,230,400,0.0015,0.0002,0.15,0.1,1,0.25,0,0,0,0,0,300,0.5,0.3,1,13.4523372643771,4.30414992562112,0.579008764358987,4.34292103869752,2.22044604925031e-15,698.279401040927,701.72341864982,-1.72059895907341,1.72341864981968,20,6.61829754905724,0,1.00528390345985e-13,-0.281575406204869,1.65432412029746,False,True,False,data/doe_001.npz,False,4.30414992562112,1.42147403537353e-15,0.52665907805477,4.16150858549828e-15,0.216059577428395,6.29142989411703e-15,0.0908029737425459,5.71941398606214e-15,0.0363972509682169,2.14811604658151e-15,0.0201136174214079,1.07986654171849e-15,0.0195911416936056,2.16920241949393e-15,0.0186183322926626,1.56064945576183e-15,0.0155693551099,7.74682742489595e-16,0.0116585498005623,1.94751475371705e-16,0.0078758523780625,1.38697503602958e-15,0.00476886498053678,4.32120234062191e-16,0.00259943342142615,1.14658959983514e-15,0.0015923954826292,8.96919469865055e-16,0.00164760155586755,1.28831274518029e-16,0.00194229993978585,3.26482830164668e-16,0.0021063972784347,6.41609221001757e-16,0.00210711776050912,1.66450257518925e-16,0.00197259891719432,2.95869596140629e-16,0.00173937615691892,1.60931710911951e-15,,
doe_0043,doe,M040,1400,-700,230,400,0.0015,0.0002,0.15,0.1,1,0.25,0,0,0,0,0,300,0.5,0.3,1,9.53209641415719,6.8054582253285,0.648702839463503,6.83630749566264,2.48689957516035e-16,1401.72480636876,-696.557254537931,1.72480636876344,3.4427454620685,31.3049516849971,10.1771375871564,0,9.87293626188051e-14,-0.281575406204869,1.85348765252328,False,True,False,data/doe_001.npz,False,6.8054582253285,5.13078661143493e-15,0.565081907262857,1.88877675374208e-16,0.265867419559792,6.34373106079287e-15,0.141534559026668,4.52627473620134e-15,0.0794992891097999,6.59150569343976e-16,0.04650687363096,2.48530197817315e-15,0.029103483111697,1.14183880532071e-15,0.0206206928208604,1.72646400041431e-15,0.0167778747675451,7.68360340554783e-16,0.0147250234141231,4.51431582749941e-16,0.013072153560827,9.06122174184502e-16,0.011377063849765,4.66414184435413e-16,0.00959251857441194,8.84259948899083e-16,0.00779157571890388,7.40156123307101e-16,0.00606541077186781,5.0943385948984e-16,0.00449160495641477,7.82826469972039e-16,0.00313009821471501,2.94715671497012e-16,0.00203561123509069,4.11031412497474e-16,0.00129510966004206,4.53160841190283e-16,0.00104611801702682,1.82107840497845e-15,,
doe_0044,doe,M041,1400,0,230,400,0.0015,0.0002,0.15,0.1,1,0.25,0,0,0,0,0,300,0.5,0.3,1,10.413525744825,6.08698684865365,0.63386994256866,6.11990369101841,1.06581410364015e-15,1400.00273890635,3.44407263731356,0.00273890634639429,3.44407263731356,28,9.15691873279135,0,1.03913229284626e-13,-0.281575406204869,1.81110472918269,False,True,False,data/doe_001.npz,False,6.08698684865365,2.23845124448217e-15,0.557688269511519,1.05809838538469e-15,0.255995224526129,6.99294619561206e-15,0.130969133801836,5.51058961458962e-15,0.0695843259778895,2.79220160992562e-15,0.0383584530772167,1.74587147932388e-15,0.0237110241573316,3.02427806256913e-15,0.0181299606082179,2.27495194693674e-15,0.0160310880844456,1.05520616636509e-15,0.0144703555522814,5.46566104721388e-16,0.0126456467772129,1.13441793300785e-15,0.0105576655614911,4.41895848158814e-16,0.00838654266620331,9.64771967020192e-16,0.00630731234047447,1.12104051458515e-15,0.00444954047839522,4.60061884851857e-16,0.00290338632791598,5.33203463077272e-16,0.00175581935887629,7.80310389732749e-16,0.00116768250976464,2.60457846909862e-16,0.0012050494327088,2.2856493312752e-16,0.00147143893693558,1.8056202864676e-15,,
doe_0045,doe,M042,1400,700,230,400,0.0015,0.0002,0.15,0.1,1,0.25,0,0,0,0,0,300,0.5,0.3,1,9.53118746708989,6.80545838066692,0.648640996256144,6.83630178266132,4.40536496171262e-15,1398.28075835253,703.445430937203,-1.71924164747111,3.44543093720267,31.3049516849971,10.177078001671,0,1.01746632583517e-13,-0.281575406204869,1.8533109756539,False,True,False,data/doe_001.npz,False,6.80545838066692,3.12792402293852e-15,0.565050403601875,5.01536749407543e-15,0.265828675370039,5.91529922872355e-15,0.141492567109502,5.00621442106003e-15,0.0794590888368553,2.70147398136357e-15,0.0464725298430892,5.29493360745627e-16,0.0290786220712545,1.23006418772766e-15,0.0206070145687354,7.41221619290443e-16,0.0167728073617487,1.3408085628883e-15,0.0147239358717908,6.85155996664752e-16,0.013071714333,8.55480686831773e-16,0.0113756814613474,2.17478560138367e-16,0.00958969483653762,7.95053887048172e-16,0.00778738089324134,5.11894634896177e-16,0.00606018208262272,1.64053425383246e-16,0.00448578742583345,1.65287205734783e-16,0.00312418484489792,3.36935980004713e-16,0.00203022010268632,4.49709219135273e-16,0.00129138728714705,5.73313339811862e-16,0.00104557599256454,1.63017236252711e-15,,
doe_0046,doe,M030,350,-700,230,400,0.0015,0.0002,0.15,0.1,1,0.25,0,0,0,0,0,300,0.5,0.6,1,15.9927379709637,3.40272928361223,0.544189578189356,3.44597020284893,-6.21724893790088e-16,351.722791470362,-699.140364957431,1.72279147036244,0.859635042569494,20,5.33108219083422,0,1.06463308022737e-13,-0.281575406204869,1.55483199793407,False,True,False,data/doe_001.npz,False,3.40272928361223,4.50421213940137e-15,0.504574994526001,4.08801820692431e-16,0.188943635734168,7.7063766658977e-15,0.0659832451905532,5.08649366386779e-15,0.0213286870319008,8.96239829000066e-16,0.0184964570890257,6.31759601554258e-16,0.018125739418068,2.69941006598354e-15,0.0139239341176953,1.59397096411789e-15,0.00904500310947323,3.69557596501826e-16,0.00563237625055598,6.86804774648062e-16,0.00421698669822526,9.19262199001772e-16,0.00370254642633144,6.3840757906359e-16,0.003157274999414,6.04984580712817e-16,0.00252944517855756,8.14181258669148e-16,0.00201190384693236,4.06867236526195e-16,0.00167204340659833,3.98505073748289e-16,0.00143033259915113,6.56326030215086e-16,0.0012097270318457,2.00124225004412e-16,0.00100179804340325,1.41903163314188e-16,0.000827748449053057,2.04543795158398e-15,,
doe_0047,doe,M031,350,0,230,400,0.0015,0.0002,0.15,0.1,1,0.25,0,0,0,0,0,300,0.5,0.6,1,24.914718360751,1.52174661484745,0.379138883253505,1.56826627140145,2.41051623106614e-14,350.000662362851,0.861010434867039,0.000662362850732734,0.861010434867039,20,2.59458638299913,0,8.16359705629111e-14,-0.281575406204869,1.08325412329642,False,True,False,data/doe_001.npz,False,1.52174661484745,1.22243600214666e-13,0.373472242499145,2.52913150114069e-14,0.0509799358912375,2.17411568307237e-14,0.031012976818376,4.01052397246509e-15,0.0231909572841917,7.91400614504382e-15,0.00794489437705589,8.94523990814553e-15,0.00728469485333874,3.5753576216144e-15,0.00512894184051974,4.78507863151066e-15,0.00304134797756719,2.26032954876431e-15,0.0025930661517256,2.20750467359947e-15,0.00184069890704948,2.96154009592687e-15,0.00132122528186183,2.15074067461165e-15,0.00105976056120292,1.53920855433491e-15,0.000782755058429127,9.45877022619381e-16,0.000598346160066995,4.82691339972911e-16,0.00046985568048934,7.86035554208872e-16,0.000357642167404236,9.2689758449777e-16,0.000278601039161732,9.7382701421779e-16,0.000217813514671794,6.03067498451613e-16,0.000168715533332118,1.53530627886277e-15,,
doe_0048,doe,M032,350,700,230,400,0.0015,0.0002,0.15,0.1,1,0.25,0,0,0,0,0,300,0.5,0.6,1,15.9808851535709,3.40272940915629,0.54378627896405,3.44590665860803,4.12114786740858e-15,348.278699373618,700.862443502357,-1.72130062638223,0.862443502357451,20,5.33088609957789,0,1.01265665972916e-13,-0.281575406204869,1.55367968201372,False,True,False,data/doe_001.npz,False,3.40272940915629,2.4579129697473e-16,0.504298954460997,2.30530850564651e-15,0.188622552677733,5.96381404718074e-15,0.0657170324651582,6.84247668567185e-15,0.0212357934861379,8.52844713507035e-16,0.0185393433451424,1.69608232396338e-15,0.0181339579205248,1.7144205307333e-15,0.0138970600260148,1.22410116654237e-15,0.00900781557914163,4.03838615753297e-16,0.00560807982755152,6.7169937925403e-16,0.00421027515804709,1.05960427522494e-15,0.00369879019593497,3.22733929932583e-16,0.00314998781478704,8.33381293074967e-16,0.00252103326955595,8.31562355375574e-16,0.00200577703608533,2.94729992748147e-16,0.00166835930671294,1.87068223092751e-16,0.00142715866051986,6.37019334765678e-16,0.00120609335572075,5.19472117191216e-16,0.000998111438624823,2.77045184479786e-16,0.000824662424042775,1.701101172219e-15,,
doe_0049,doe,M035,700,-700,230,400,0.0015,0.0002,0.15,0.1,1,0.25,0,0,0,0,0,300,0.5,0.6,1,13.6414360755599,4.30414975587479,0.587147837544026,4.34401336534052,2.18491891246231e-15,701.723462657813,-698.279301466304,1.72346265781312,1.72069853369578,20,6.62138840487584,0,1.02865235713849e-13,-0.281575406204869,1.67757598996971,False,True,False,data/doe_001.npz,False,4.30414975587479,6.01000385744052e-15,0.531938498484417,1.65186230640348e-15,0.222582726047492,6.73389444255618e-15,0.0968739037741675,4.80409013704001e-15,0.0402417928816533,5.60247380648318e-16,0.0192308581043331,8.25226344100117e-16,0.0162161469560868,2.38061305819183e-15,0.015299017367265,1.57796890187216e-15,0.0128315636986801,5.76742974810389e-16,0.00964359126080021,1.57174450473275e-16,0.00672473173789811,8.3408215212906e-16,0.0046638529604035,7.14387758167624e-16,0.00356986476480482,6.94272480608633e-16,0.00307204401275209,6.53137249290286e-16,0.00272759768177441,1.69523930047895e-16,0.00236365439129696,6.524884559897e-16,0.0019945079844682,7.37322094269445e-16,0.00167350551087125,1.04166417651615e-16,0.00142310403994876,1.31577855576946e-16,0.00122852538866581,1.86295805128841e-15,,
doe_0050,doe,M036,700,0,230,400,0.0015,0.0002,0.15,0.1,1,0.25,0,0,0,0,0,300,0.5,0.6,1,17.1583777755786,3.0434933361679,0.52221408419425,3.08797026558456,-3.01980662698043e-16,700.001349192662,1.72202977313564,0.00134919266213274,1.72202977313564,20,4.81426507584144,0,9.66022373030723e-14,-0.281575406204869,1.49204331565938,False,True,False,data/doe_001.npz,False,3.0434933361679,2.421965529354e-15,0.489408328507377,2.47917999737737e-15,0.171058416598436,4.42933170495483e-15,0.0511607627968158,4.0772137606023e-15,0.0179754745972197,2.05053665060757e-15,0.0205611408513567,2.03461271387725e-15,0.0176349106457996,2.63286790706105e-15,0.0116071410292062,1.07016955528676e-15,0.00673454086870619,5.84593805948779e-16,0.0047009004680797,7.16730917329529e-16,0.00413812567059715,1.7028974268555e-15,0.00347847189531028,6.67766851164189e-16,0.00268534995531365,7.22207820553969e-17,0.00208785364307838,3.25701479736936e-16,0.00174021179035168,1.40813883374167e-16,0.00147890132293701,5.48499137445123e-16,0.00121875545413434,8.81859877622801e-16,0.000985302975959958,4.61618858060186e-16,0.000809780167993643,6.36734193933944e-16,0.000681301705833361,1.49134065990873e-15,,
doe_0051,doe,M037,700,700,230,400,0.0015,0.0002,0.15,0.1,1,0.25,0,0,0,0,0,300,0.5,0.6,1,13.6361904230151,4.30414992368998,0.586922079686424,4.34398302114569,1.75859327100625e-15,698.27940122703,701.723417838029,-1.72059877297011,1.72341783802926,20,6.62130881972061,0,1.01070858174493e-13,-0.281575406204869,1.67693092455439,False,True,False,data/doe_001.npz,False,4.30414992368998,1.49012032387196e-15,0.531799974884519,3.61174609155766e-15,0.22241287482108,6.05252417122831e-15,0.0967132379375719,5.67665084137556e-15,0.0401247041409551,2.28471730892545e-15,0.0191958449971278,8.51814187354072e-16,0.016230486684689,2.15006165549935e-15,0.0153070090550655,1.52770023545933e-15,0.0128247594868072,8.25137305211912e-16,0.00962739069846963,1.89018477426286e-16,0.00670692971538602,1.45797100304137e-15,0.0046509992338466,4.23677244996041e-16,0.0035638858006646,1.09327316124698e-15,0.00306945393382534,8.95729987885156e-16,0.00272495610843118,1.58321132863804e-16,0.0023601642620271,2.75616107534428e-16,0.00199084178339245,6.68486606824975e-16,0.00167043164246507,1.58754865648866e-16,0.00142079352304797,2.49860637383323e-16,0.00122663792143448,1.5175017636543e-15,,
doe_0052,doe,M040,1400,-700,230,400,0.0015,0.0002,0.15,0.1,1,0.25,0,0,0,0,0,300,0.5,0.6,1,9.64141109760749,6.80545822561897,0.656142204607869,6.83701714962205,-9.2370555648813e-16,1401.72480679133,-696.557253837709,1.72480679132809,3.44274616229131,31.3049516849971,10.1794166572807,0,9.72812011021725e-14,-0.281575406204869,1.87473392633177,False,True,False,data/doe_001.npz,False,6.80545822561897,5.68626864738731e-15,0.569019835228226,3.09428797309243e-16,0.271035169632672,6.02993179032154e-15,0.146891864061313,4.63422528779926e-15,0.084243969453649,7.9656618458173e-16,0.0499858536849821,2.69986394739942e-15,0.0307705974269767,1.14399653082279e-15,0.020272656261922,1.9551315344668e-15,0.0149025429957269,7.24039898780314e-16,0.0121921917007538,6.66859762787988e-16,0.010539676312452,1.05635845150018e-15,0.0091778872836723,3.47406439688223e-16,0.00786360640051621,8.23706063802226e-16,0.00657927307891456,8.45508096073546e-16,0.00537826035948145,4.77811245539793e-16,0.00432194987319767,6.84627872621225e-16,0.00345630272296827,2.91725561479178e-16,0.00280186657454004,4.08407705806109e-16,0.00234748279826394,3.72474198252017e-16,0.00205078280314911,1.83020710411276e-15,,
doe_0053,doe,M041,1400,0,230,400,0.0015,0.0002,0.15,0.1,1,0.25,0,0,0,0,0,300,0.5,0.6,1,10.5351148954296,6.08698684595807,0.641271057891367,6.12067413907635,7.105427357601e-16,1400.00273828509,3.44407315524349,0.00273828508738916,3.44407315524349,28,9.15932562601902,0,1.01935511134535e-13,-0.281575406204869,1.83223528898866,False,True,False,data/doe_001.npz,False,6.08698684595807,3.01965921955483e-15,0.561786768869073,8.43244356516827e-16,0.26132891176733,6.58772748672193e-15,0.136412980744857,5.62477408627114e-15,0.0742368129858112,2.7238599502266e-15,0.0413920275171911,1.62415642857362e-15,0.024387523900452,3.03155895696906e-15,0.0165572418858487,2.23420173054207e-15,0.0133789455607952,8.60976256968095e-16,0.0117283004137235,6.12349568788382e-16,0.0102564722223453,1.16826334028579e-15,0.00868121403986108,4.57794617221468e-16,0.00707834364082073,1.07440826356839e-15,0.00558987921579189,1.06494742179251e-15,0.00433404264103264,5.5151108567618e-16,0.00337953858305482,5.27518993295367e-16,0.00273330553840503,6.12503566660698e-16,0.00233632204838462,2.53170511176911e-16,0.00209007951116227,2.58282577856312e-16,0.00190683890953061,1.70114418579622e-15,,
doe_0054,doe,M042,1400,700,230,400,0.0015,0.0002,0.15,0.1,1,0.25,0,0,0,0,0,300,0.5,0.6,1,9.64039914440217,6.80545837718624,0.656073351166908,6.83701069147522,3.90798504668055e-15,1398.28075771106,703.445430430958,-1.71924228894341,3.44543043095757,31.3049516849971,10.1792836460967,0,1.00878996355262e-13,-0.281575406204869,1.87453716025029,False,True,False,data/doe_001.npz,False,6.80545837718624,3.24995421794586e-15,0.568985119324829,4.83165683207694e-15,0.270992229851245,6.16213542281292e-15,0.146845766992107,5.16377141881421e-15,0.0842002154633465,3.01944023658377e-15,0.0499483459174045,6.74281964319303e-16,0.0307422796206185,1.1914830560299e-15,0.0202552514876401,5.02093205879858e-16,0.0148950345017747,1.36895093803632e-15,0.0121906114321046,8.43959253988559e-16,0.0105399273312083,8.02141746509088e-16,0.00917761413627155,7.24293249978306e-17,0.00786197887617431,6.51475113802682e-16,0.00657632316771917,7.67452740021136e-16,0.00537442622623993,1.6775454061852e-16,0.00431781880234384,1.29037760880735e-16,0.00345245697982648,2.26376757347614e-16,0.00279875779264109,3.9397645647362e-16,0.00234530894238854,6.66199111651171e-16,0.00204943883978641,1.42663077277006e-15,,
doe_0055,doe,M030,350,-700,230,400,0.0015,0.0002,0.15,0.1,1,0.25,0,0,0,0,0,300,1,0.1,1,0.940577451496337,3.4027292144722,0.032005303726804,3.40289021577998,-1.31450406115619e-15,351.722740486656,-699.140372805098,1.72274048665616,0.859627194901691,20,4.80891024862569,0,1.0851165856987e-13,-0.281575406204869,0.094575900996864,True,True,True,data/doe_001.npz,False,3.4027292144722,3.24402756222632e-15,0.00571980067790171,5.273608515062e-16,0.00785968513649353,7.34795825818982e-15,0.0090286632290508,5.9825071770492e-15,0.00954425550436979,1.1963343955704e-15,0.00965628257899886,1.22240600360326e-15,0.00951722201292533,2.41832843069751e-15,0.00921886465130423,1.51028711970782e-15,0.00881911928047375,3.96206128541653e-16,0.00835668929533325,8.3399343915988e-16,0.0078587129105464,1.31645202934927e-15,0.00734481849812769,2.19653176156297e-16,0.00682939774987243,9.36380941993939e-16,0.00632298218465034,7.61499342058702e-16,0.0058331525845319,1.48147673197231e-16,0.00536519035439473,6.26356739106614e-16,0.00492257368327216,5.44567289554782e-16,0.00450737051105109,2.66331400234288e-16,0.00412055606447878,2.73169083383485e-16,0.00376227125018134,2.07583120142175e-15,,
doe_0056,doe,M031,350,0,230,400,0.0015,0.0002,0.15,0.1,1,0.25,0,0,0,0,0,300,1,0.1,1,3.60670060112122,1.52174677785861,0.0548848501845694,1.52273710113557,2.66453525910038e-17,350.000699823596,0.861023416236268,0.000699823596278293,0.861023416236268,20,2.1412431567275,0,1.01151221799598e-13,-0.281575406204869,0.156883506805932,True,True,True,data/doe_001.npz,False,1.52174677785861,1.67015473293669e-15,0.0187676445174378,2.17689004737196e-15,0.0235067168058306,5.85823061445406e-15,0.0239191330632935,5.35274432823023e-15,0.0218869059649977,1.90203907259873e-15,0.0188689405204812,1.42000572023166e-15,0.0157009013634733,2.62591498321988e-15,0.0127864947284341,1.81956198021096e-15,0.0102798348581781,4.86589816802061e-16,0.00820596944546266,5.26636071322976e-16,0.00653062732713037,1.26741033670177e-15,0.00519731249530882,3.16938075608715e-16,0.00414571444306934,8.17272381910585e-16,0.00332014556577852,7.82246161387932e-16,0.00267283881634285,3.15072688180244e-16,0.00216463672790075,5.44781699510878e-16,0.0017643979967338,7.86134859693252e-16,0.00144784759324507,2.85272973163733e-16,0.00119628243939486,3.11443560417788e-16,0.000995358606439769,1.8458539562298e-15,,
doe_0057,doe,M032,350,700,230,400,0.0015,0.0002,0.15,0.1,1,0.25,0,0,0,0,0,300,1,0.1,1,0.942773281512269,3.40272922378202,0.0320800219640267,3.40289093743857,3.37507799486048e-15,348.27865443798,700.862418221994,-1.72134556201979,0.862418221993948,20,4.80894550858803,0,1.07903965251517e-13,-0.281575406204869,0.0947849002598493,True,True,True,data/doe_001.npz,False,3.40272922378202,1.29034611578171e-15,0.00574402801106756,1.81010790782772e-15,0.0078864343385164,5.96922319508722e-15,0.00905685276757493,6.5975274397441e-15,0.00957228845978887,9.07641209047157e-16,0.00968307392774888,1.39795405165494e-15,0.00954210326194781,1.87410584576676e-15,0.00924146151651199,1.3728276208668e-15,0.00883926471332605,6.54795984646406e-16,0.00837436296944299,7.17984682164224e-16,0.00787399686679753,1.35217988095354e-15,0.00735786324927842,2.15295771869747e-17,0.00684039601616119,8.69418315495887e-16,0.00633214873490087,9.87648229240978e-16,0.00584070915597013,1.43482196251331e-16,0.00537135479476988,5.38803586545038e-16,0.00492755253098205,8.68430929814621e-16,0.00451135429308066,1.56774057021837e-16,0.0041237166733821,2.66999309244404e-16,0.00376476085704349,1.88593732685848e-15,,
doe_0058,doe,M035,700,-700,230,400,0.0015,0.0002,0.15,0.1,1,0.25,0,0,0,0,0,300,1,0.1,1,0.618895708603833,4.3041498327514,0.0266381986067775,4.30424468500488,1.03028696685215e-15,701.723439100474,-698.279350207167,1.7234391004738,1.72064979283334,20,6.08493958845389,0,1.08318745797042e-13,-0.281575406204869,0.0816426068651111,True,True,True,data/doe_001.npz,False,4.3041498327514,3.99157542912491e-15,0.00427435743842464,9.45075917806762e-16,0.00585169639724144,6.52719220219147e-15,0.00676485478472823,5.86809571828713e-15,0.00723126788630737,1.06218492334304e-15,0.00742257204229046,7.43690437532603e-16,0.00744173589441561,2.54263064700253e-15,0.00734875148117393,1.7884533103145e-15,0.00717997660346447,7.8526156874968e-16,0.00695884162132883,6.63329565210572e-16,0.00670144010529658,9.32037115187539e-16,0.00641945933728546,5.30072308875325e-16,0.00612175683524691,1.09840580530816e-15,0.00581524095723767,8.03971788969138e-16,0.005505387072958,4.52986381717792e-17,0.0051965588661211,7.32864016159485e-16,0.00489222300644036,7.58580374589967e-16,0.00459510373886702,2.28126546107236e-16,0.00430730215167235,1.75937523245704e-16,0.00403039334788588,1.74583570341894e-15,,
doe_0059,doe,M036,700,0,230,400,0.0015,0.0002,0.15,0.1,1,0.25,0,0,0,0,0,300,1,0.1,1,1.14978528190584,3.0434935426334,0.0349936408089536,3.04370364812581,3.5527136788005e-16,700.001396639844,1.72204604401986,0.0013966398436196,1.72204604401986,20,4.30030226936606,0,1.05969149119827e-13,-0.281575406204869,0.102178457856884,True,True,True,data/doe_001.npz,False,3.0434935426334,2.23813285358449e-15,0.00678962237513445,1.45363932437209e-15,0.00921731573458231,6.86521978669407e-15,0.0104915825137556,6.23010449638514e-15,0.0109831387880561,1.5458091331411e-15,0.0109907400724809,1.22147724650687e-15,0.0107008797424196,2.42273938126557e-15,0.0102283848126811,1.87697982244932e-15,0.00964701417147168,5.32844458533337e-16,0.00900638073372391,3.39999301348789e-16,0.00834091398778963,9.35853664680057e-16,0.00767479274495887,2.19981029682544e-16,0.00702487840417421,7.78511796628194e-16,0.00640262449139757,7.94144598508679e-16,0.00581542382929716,1.74597271205396e-16,0.00526761430391253,6.03244383449813e-16,0.00476125405192509,8.08490106618734e-16,0.00429672688847858,3.99724284377996e-16,0.00387321587989735,2.27631204748991e-16,0.00348907189516928,1.9128943543069e-15,,
doe_0060,doe,M037,700,700,230,400,0.0015,0.0002,0.15,0.1,1,0.25,0,0,0,0,0,300,1,0.1,1,0.619703663668241,4.30414984682944,0.0266729742905731,4.30424492386388,8.34887714518118e-16,698.279352497207,701.723441389602,-1.72064750279333,1.72344138960216,20,6.08493003969085,0,1.02431271131036e-13,-0.281575406204869,0.0817392891852791,True,True,True,data/doe_001.npz,False,4.30414984682944,1.02123899305934e-15,0.00428098044790418,2.99671982380893e-15,0.00585870502534306,6.24333172024516e-15,0.0067747275668193,6.82043446013705e-15,0.00724243116129321,1.09070298628863e-15,0.00743415200566456,1.45561637104811e-15,0.00745321656847113,2.56816408744913e-15,0.00735981551885207,1.56996345636136e-15,0.00719042647840251,5.84229699037642e-16,0.00696855788504116,6.00775218659361e-16,0.00671035737656404,1.2539571824296e-15,0.00642755117812649,4.47875952790392e-16,0.00612902536046801,1.00487363447704e-15,0.00582170917582924,7.70039627710294e-16,0.00551109296832491,3.13612482164896e-16,0.00520155070187957,4.97093766204583e-16,0.00489655557323279,8.25183310838932e-16,0.00459883536639377,2.80929542360152e-16,0.00431049236137163,1.65216057416129e-16,0.00403310104680125,1.74910756794458e-15,,
doe_0061,doe,M040,1400,-700,230,400,0.0015,0.0002,0.15,0.1,1,0.25,0,0,0,0,0,300,1,0.1,1,0.339235216813697,6.80545843450323,0.023086511675453,6.80550842189662,2.23820961764432e-15,1401.72483573855,-696.557303545209,1.72483573855015,3.44269645479108,31.3049516849971,9.62436804994198,0,1.04959083887636e-13,-0.281575406204869,0.0745258073140886,True,True,True,data/doe_001.npz,False,6.80545843450323,5.98811914109565e-15,0.00801493086347631,2.01617761532321e-15,0.00730127389708738,8.1804281438612e-15,0.00670556458378499,6.1262337284091e-15,0.00624778539040738,1.84751355167009e-15,0.00590052245044377,1.82097334031754e-15,0.00562946538084498,2.57356782248181e-15,0.00540819963880138,1.37812105863556e-15,0.00521882284014634,3.16570078457124e-16,0.00504968223584515,7.45536663225984e-16,0.00489328452597689,1.29122863441479e-15,0.00474483365365279,2.12400160486937e-16,0.00460128194715372,9.08654769713176e-16,0.00446072519616832,1.0298462679121e-15,0.0043220152438462,4.8730419895723e-16,0.00418450837391923,5.73251428607719e-16,0.00404789895030363,4.85623407153649e-16,0.00391210734931178,9.86976292975137e-17,0.00377720311759409,1.35834501226499e-16,0.00364335146337726,1.98160226474077e-15,,
doe_0062,doe,M041,1400,0,230,400,0.0015,0.0002,0.15,0.1,1,0.25,0,0,0,0,0,300,1,0.1,1,0.373112315895651,6.08698707899854,0.0227112984587205,6.08704110325583,2.8066438062524e-15,1400.00279183744,3.44409230736632,0.00279183744214606,3.44409230736632,28,8.60781793889806,0,1.08810727042231e-13,-0.281575406204869,0.0732729217875567,True,True,True,data/doe_001.npz,False,6.08698707899854,3.43916944617289e-15,0.00652393752568036,2.14175865388923e-15,0.00629999282121948,7.28616936566357e-15,0.00612304672843089,6.40972990344917e-15,0.00597292416517487,1.45073506541226e-15,0.00583858786742126,1.27143043998228e-15,0.00571090342993322,2.2646752539883e-15,0.0055840093410147,1.86514627175145e-15,0.0054545907527521,2.79913349672476e-16,0.00532098829432751,3.99370366886253e-16,0.00518256784836581,1.25027854318791e-15,0.00503932356237415,6.83254287863448e-17,0.00489163248605842,7.12235966644659e-16,0.00474010066184482,6.25792518347629e-16,0.0045854639478787,8.03882015868702e-17,0.00442852225413314,2.28665375435149e-16,0.00427009487187707,7.00572923833108e-16,0.00411098966437532,2.35164644243995e-16,0.00395198175272237,1.29843182168741e-16,0.00379379896125729,2.06397379925369e-15,,
doe_0063,doe,M042,1400,700,230,400,0.0015,0.0002,0.15,0.1,1,0.25,0,0,0,0,0,300,1,0.1,1,0.339237016410444,6.80545845072634,0.0230866342012965,6.80550844630455,2.77111666946439e-15,1398.28074811404,703.445487143809,-1.71925188595651,3.44548714380949,31.3049516849971,9.62431234714692,0,1.10367606362032e-13,-0.281575406204869,0.0745319085208387,True,True,True,data/doe_001.npz,False,6.80545845072634,2.61057366177523e-15,0.00801686209858692,2.57379141717455e-15,0.00729617787930911,6.66329205057626e-15,0.00670229865216113,6.29014883105327e-15,0.00624593608113582,1.33104422208503e-15,0.00589970579128049,1.00842617354027e-15,0.00562938241885772,2.20136143782949e-15,0.00540863051554636,1.60273650769645e-15,0.00521960815055609,6.58420634644806e-16,0.00505070607174224,5.57947362757939e-16,0.00489446183298819,1.14486314755306e-15,0.00474610138286652,2.21469656444054e-16,0.00460259297366994,7.64763104827515e-16,0.00446204413211603,6.99473168443265e-16,0.00432331552164898,4.13831600543327e-16,0.00418577017891301,5.02631923887748e-16,0.00404910772497706,6.99061382691296e-16,0.0039132526867275,2.01330654609179e-16,0.00377827792384779,2.14662357290252e-16,0.00364435130936275,2.04911054419166e-15,,
doe_0064,doe,M030,350,-700,230,400,0.0015,0.0002,0.15,0.1,1,0.25,0,0,0,0,0,300,1,0.3,1,0.898168593976592,3.40272922314066,0.030562245220313,3.40286651425023,-2.07833750209829e-15,351.722741993993,-699.140374278616,1.72274199399254,0.859625721384418,20,4.8161362712322,0,1.07768163451481e-13,-0.281575406204869,0.0873345802007805,True,True,True,data/doe_001.npz,False,3.40272922314066,3.89515793019029e-15,0.0182267535389564,7.97513871651032e-16,0.0150128194450182,7.30948754262607e-15,0.0120370921142455,5.91741090164587e-15,0.00954099706770595,1.10442658349314e-15,0.00751665605102206,1.23177542863102e-15,0.00588604726388674,2.41372550630056e-15,0.00457303834082288,1.65666876593641e-15,0.00351736743015149,3.2678962324371e-16,0.00267301729688458,6.05146305304892e-16,0.0020042594321657,1.23360216187316e-15,0.00148251525247482,3.66942038620665e-16,0.00108435706740969,8.08124073075983e-16,0.000790263537278776,7.08446611680039e-16,0.000583484670128469,3.61620892160152e-16,0.000448213651887617,5.22492663031687e-16,0.000367133734140443,6.76075864256744e-16,0.000321102161316978,2.58617531429283e-16,0.000293006249334515,2.32201175826804e-16,0.000271538852041992,2.04621568857819e-15,,
doe_0065,doe,M031,350,0,230,400,0.0015,0.0002,0.15,0.1,1,0.25,0,0,0,0,0,300,1,0.3,1,1.89739707450105,1.52174676204026,0.0288735785442664,1.52202066096443,0,350.000696183939,0.86102399511225,0.000696183939453476,0.86102399511225,20,2.16102894136786,0,9.86523818235892e-14,-0.281575406204869,0.0824959923629042,True,True,True,data/doe_002.npz,False,1.52174676204026,2.18716806472854e-15,0.0208457613361525,2.644416105174e-15,0.01572354325742,5.35200908233143e-15,0.010360484247428,5.06885999007559e-15,0.00588576919558171,2.13019967452284e-15,0.00276854291214655,1.39338572102857e-15,0.000974323056819566,2.68987935604082e-15,0.000464920063424119,1.98637634835353e-15,0.000595808271343025,4.75431150870341e-16,0.000578295619898016,4.42130889136375e-16,0.000458306022779606,1.21153340996881e-15,0.000322117171517151,3.53254698182906e-16,0.000213232163215804,5.57225220601636e-16,0.000143155617116675,6.8686847280488e-16,0.000104154252058598,4.37553649059042e-16,8.14686800008016e-05,4.01226147683853e-16,6.48012704298746e-05,6.26290444447044e-16,5.06323644412873e-05,2.25136124744592e-16,3.86314271440938e-05,4.1053557425057e-16,2.90124667670561e-05,1.58724654342143e-15,,
doe_0066,doe,M032,350,700,230,400,0.0015,0.0002,0.15,0.1,1,0.25,0,0,0,0,0,300,1,0.3,1,0.89437116471983,3.40272922421152,0.0304330289948426,3.40286535657333,3.73034936274053e-15,348.278656364673,700.862417374874,-1.72134363532734,0.862417374874212,20,4.8160834797242,0,1.0749632479758e-13,-0.281575406204869,0.0869652364915536,True,True,True,data/doe_002.npz,False,3.40272922421152,1.47398037004903e-15,0.0181648230847503,1.93005393328973e-15,0.0149545226136954,5.77060416138826e-15,0.0119856573150198,6.826834485566e-15,0.00949551091213086,6.62997865883456e-16,0.00747642727357851,1.37280168842285e-15,0.00585064599901706,1.93307835134147e-15,0.00454218945835836,1.33627141459723e-15,0.00349084964177164,4.79718266584888e-16,0.00265060125947038,6.27502058194632e-16,0.00198568156857171,1.3525196904885e-15,0.00146747624869607,2.00402149282242e-16,0.00107253350215761,7.8085583069463e-16,0.000781319277035697,9.62645396866564e-16,0.000577060988299195,2.16764855097695e-16,0.000443876109018297,3.12250260321474e-16,0.000364316937631747,7.90115016481345e-16,0.000319183766414811,2.16024282175388e-16,0.000291488408604389,1.07639378996035e-16,0.000270133822851433,1.79138224829192e-15,,
doe_0067,doe,M035,700,-700,230,400,0.0015,0.0002,0.15,0.1,1,0.25,0,0,0,0,0,300,1,0.3,1,0.770747231853732,4.30414983779277,0.0331741157296246,4.30427776803127,1.4388490399142e-15,701.723440953772,-698.279349988578,1.72344095377184,1.72065001142232,20,6.09061924701404,0,1.06782710179666e-13,-0.281575406204869,0.0948157481420662,True,True,True,data/doe_002.npz,False,4.30414983779277,4.51964817443704e-15,0.0189696505233026,9.72661044857734e-16,0.0158045712880406,6.28035830753974e-15,0.0128988101161694,5.49535825440445e-15,0.0104788751804712,6.94393879023376e-16,0.00852513030690476,7.18190437463396e-16,0.00695025345411499,2.33611119105812e-15,0.00567157283960908,1.95245446672253e-15,0.00462507926394328,7.9707885428368e-16,0.00376358491898082,6.45598292033986e-16,0.00305231127245176,9.97977440775047e-16,0.00246511475400695,4.09261415834976e-16,0.00198178991012459,9.75325774949336e-16,0.00158625763608702,7.06458020504221e-16,0.00126537188148342,1.19687875027319e-16,0.00100812404906059,8.15984059632466e-16,0.0008050791486733,6.58824109069985e-16,0.000647924174280553,2.60150690575968e-16,0.000529063164151789,3.1458566077599e-16,0.000441281061735335,1.61138090593733e-15,,
doe_0068,doe,M036,700,0,230,400,0.0015,0.0002,0.15,0.1,1,0.25,0,0,0,0,0,300,1,0.3,1,0.996389341689911,3.04349353434676,0.0303250451912527,3.0436446382863,1.01252339845814e-15,700.001394731016,1.72204722080668,0.00139473101603471,1.72204722080668,20,4.30837147222983,0,1.03191180191531e-13,-0.281575406204869,0.0866515686773609,True,True,True,data/doe_002.npz,False,3.04349353434676,2.38759524053538e-15,0.0185319918311164,1.52237759428603e-15,0.015138604951761,6.64011257931874e-15,0.0119858339618243,6.02108285119075e-15,0.00933173155669347,2.10259149186116e-15,0.00717829049090379,1.01555164122228e-15,0.00545201412191733,2.57888023640522e-15,0.00407823184790753,1.94161620487788e-15,0.00299559461683763,3.81424372045677e-16,0.00215494238030323,2.64334535540357e-16,0.00151618368684627,1.12652547155444e-15,0.0010462154243918,2.11170729981924e-16,0.000717816913949436,7.03013193547551e-16,0.000507887231808675,7.79428983531601e-16,0.000391965379165222,3.09495049781461e-16,0.000337829957487948,5.98072047523224e-16,0.000312048067887207,8.33179358011769e-16,0.000293074908268262,2.97801349459745e-16,0.000272243288919806,3.08202525830882e-16,0.000247920356420257,1.82408436768254e-15,,
doe_0069,doe,M037,700,700,230,400,0.0015,0.0002,0.15,0.1,1,0.25,0,0,0,0,0,300,1,0.3,1,0.769057350540677,4.30414984179298,0.0331013807365938,4.3042772115717,2.41584530158434e-15,698.279352715701,701.723439537989,-1.72064728429893,1.72343953798861,20,6.09060499307549,0,1.00725294779229e-13,-0.281575406204869,0.0946078241998926,True,True,True,data/doe_002.npz,False,4.30414984179298,1.09738351349144e-15,0.0189372351362942,2.84345288875253e-15,0.0157712900817079,6.71094445585123e-15,0.0128701714846693,6.46338327333879e-15,0.0104540509984802,1.19110442372208e-15,0.00850339882584406,1.56824798582418e-15,0.00693108838380115,2.61959656560624e-15,0.00565461148509333,1.55497616692619e-15,0.00461007216051728,4.77402704448569e-16,0.00375035399917725,6.76235996080887e-16,0.00304072022601984,1.13280145554389e-15,0.0024550496436415,2.51273611518571e-16,0.00197314732988577,1.06328237066832e-15,0.00157893799958078,9.02151804616213e-16,0.00125927581883164,1.51141370926286e-16,0.00100315015362001,4.14532053579583e-16,0.000801121497882008,8.03948311600349e-16,0.000644868503337126,3.11043538665862e-16,0.000526782033005998,6.83280389721219e-17,0.000439631234169191,1.81110716184553e-15,,
doe_0070,doe,M040,1400,-700,230,400,0.0015,0.0002,0.15,0.1,1,0.25,0,0,0,0,0,300,1,0.3,1,0.594660827462641,6.80545843523539,0.0404693954435968,6.80557949099573,9.9475983006414e-16,1401.7248365211,-696.557302348847,1.72483652109804,3.4426976511528,31.3049516849971,9.62801524392089,0,1.03051473055583e-13,-0.281575406204869,0.115976582619922,True,True,True,data/doe_002.npz,False,6.80545843523539,6.12538019767223e-15,0.0215891352792018,1.93345740133678e-15,0.0182402936665398,8.24353665752697e-15,0.0152054105537015,5.87338540581083e-15,0.0127084306243954,1.45551804932311e-15,0.0107147271698817,1.44542157755321e-15,0.00912018291402522,2.45132575155113e-15,0.00782872289570955,1.57480099884191e-15,0.00676680499174283,4.51120025497145e-16,0.00588093532738243,3.37091375312331e-16,0.00513253301695051,1.25523617187218e-15,0.00449355303701803,3.38788008776744e-16,0.00394330678302314,8.71647531563436e-16,0.00346626084610038,9.80670764445702e-16,0.0030505310042284,3.76353035101572e-16,0.00268684934302576,4.37285282211667e-16,0.00236784991152982,6.12459925529772e-16,0.00208756938246631,1.74502070730224e-16,0.0018410940383097,1.58878767203454e-16,0.00162430738509668,1.78249592860076e-15,,
doe_0071,doe,M041,1400,0,230,400,0.0015,0.0002,0.15,0.1,1,0.25,0,0,0,0,0,300,1,0.3,1,0.632266469248495,6.0869870740921,0.0384859782569744,6.08710918611556,7.8159700933611e-16,1400.00279070641,3.44409334406904,0.00279070640704049,3.44409334406904,28,8.61192132354617,0,1.086567911814e-13,-0.281575406204869,0.110161422492614,True,True,True,data/doe_002.npz,False,6.0869870740921,3.62849115959512e-15,0.0208370682726961,2.06658599120848e-15,0.0175567725703133,7.57589766436023e-15,0.0145812165687039,6.35518814664851e-15,0.01212647418159,1.66647893618219e-15,0.0101610405383592,1.19262698182813e-15,0.0085851294844974,2.28826685552701e-15,0.00730631018499766,1.85366543989773e-15,0.00625374457922911,5.51229143052823e-16,0.00537585804370407,3.08206969189186e-16,0.0046353982075139,1.13818072386893e-15,0.00400521283505188,1.27625766655548e-16,0.00346518312219906,6.70773574610659e-16,0.00300010358878677,6.59448694277772e-16,0.00259823555728953,2.35440220869129e-16,0.00225031914899903,3.40881213734914e-16,0.00194889367358889,5.60010258630013e-16,0.00168782561052195,2.36207687589228e-16,0.00146197714795055,6.11153122776077e-17,0.00126697060608285,2.08803198151405e-15,,
doe_0072,doe,M042,1400,700,230,400,0.0015,0.0002,0.15,0.1,1,0.25,0,0,0,0,0,300,1,0.3,1,0.594315718316099,6.80545844459867,0.0404459092397202,6.80557935944848,2.8421709430404e-15,1398.28074696098,703.445486299798,-1.71925303901594,3.44548629979829,31.3049516849971,9.62806027417548,0,1.08062405318488e-13,-0.281575406204869,0.11590906329656,True,True,True,data/doe_002.npz,False,6.80545844459867,2.09276746015321e-15,0.0215829131291344,3.76895477598379e-15,0.0182283123927652,6.85355194807934e-15,0.0151952894147564,5.82333774498254e-15,0.0126998255655418,1.97695336722717e-15,0.0107073213295851,1.07111276590948e-15,0.00911372905479555,1.97495041559122e-15,0.00782303711020086,1.23752871181733e-15,0.00676175158612717,5.87317618038211e-16,0.00587641349150487,4.30235079404358e-16,0.00512846687802782,1.12601977673524e-15,0.00448988457491198,3.23755389600403e-16,0.00393999082791031,8.59236880089856e-16,0.00346326152863478,8.34628671306431e-16,0.00304781921206345,2.8521564122899e-16,0.00268440087979379,3.43654068617125e-16,0.00236564415253176,5.8870683402267e-16,0.0020855882866897,2.71783803500277e-16,0.00183932141949434,2.65528389345744e-16,0.00162272837345141,1.89263501986713e-15,,
doe_0073,doe,M030,350,-700,230,400,0.0015,0.0002,0.15,0.1,1,0.25,0,0,0,0,0,300,1,0.6,1,3.19285854789285,3.40272923776388,0.108644331329593,3.40446370735149,-2.8066438062524e-15,351.722746029145,-699.140376013588,1.72274602914479,0.859623986411975,20,4.83898174131011,0,1.06977855613307e-13,-0.281575406204869,0.310455480265535,True,True,True,data/doe_002.npz,False,3.40272923776388,3.62279774979318e-15,0.0591658897436907,6.88329909075778e-16,0.054786333896529,7.44612281516768e-15,0.047251434029381,5.8054313259373e-15,0.0380599203491295,1.15990578936209e-15,0.0288490662593602,9.77582884939318e-16,0.0206556145752829,2.30521508091828e-15,0.0139703723136935,1.621235198508e-15,0.00892929148611059,3.56632509357688e-16,0.00549525641874496,5.6778471164195e-16,0.00357447672743809,1.25518103840299e-15,0.00288362796578183,4.48329962830407e-16,0.0027634368671735,5.96923547537746e-16,0.00268934826150509,7.43432612812738e-16,0.00250736414232577,4.71004648661366e-16,0.00222944526746073,4.12427795890504e-16,0.00190578242326103,7.65727259623564e-16,0.00158358824895814,2.15803324304075e-16,0.00129625150915856,1.73501389820974e-16,0.00106167583799919,2.01731991227481e-15,,
doe_0074,doe,M031,350,0,230,400,0.0015,0.0002,0.15,0.1,1,0.25,0,0,0,0,0,300,1,0.6,1,9.92320732833387,1.52174671615819,0.15100608165649,1.52922069513858,-6.21724893790088e-17,350.000685637546,0.86102134711279,0.000685637546098405,0.86102134711279,20,2.25051401252603,0,9.43742817001402e-14,-0.281575406204869,0.431446227660271,False,True,False,data/doe_002.npz,False,1.52174671615819,2.41613238640627e-15,0.123212386789638,3.69554611913962e-15,0.0802650628368566,4.28783726664885e-15,0.0314961544602552,4.31778467928002e-15,0.00548833460864827,2.18810527429081e-15,0.008241087198644,1.54520226632533e-15,0.00747509648923804,2.32171734462354e-15,0.00427013438168518,9.57405340091861e-16,0.00228929393115113,7.29298047699443e-16,0.00196574912651397,6.11618413285403e-16,0.00166296660734225,1.26031245364307e-15,0.00117391305228921,5.48669270270686e-16,0.000809405779085669,8.29984389619044e-17,0.000634182310114271,3.12832551421933e-16,0.000512050821945138,3.83569720346886e-16,0.000390213667888335,3.71168348853606e-16,0.000291632290357405,7.30527715061616e-16,0.000226057200588528,4.45705780300727e-16,0.000178870929954419,6.61650037793374e-16,0.000139394594883505,1.44655390862688e-15,,
doe_0075,doe,M032,350,700,230,400,0.0015,0.0002,0.15,0.1,1,0.25,0,0,0,0,0,300,1,0.6,1,3.18594970470963,3.40272923190238,0.108409241915862,3.40445620263264,3.80140363631654e-15,348.27866074768,700.862417172098,-1.72133925231958,0.862417172098162,20,4.83896421514638,0,1.07230428798745e-13,-0.281575406204869,0.309783466191103,True,True,True,data/doe_002.npz,False,3.40272923190238,1.67751992410366e-15,0.0590548925876399,2.51936084260654e-15,0.054678645175362,5.70145928504604e-15,0.0471518785544182,7.01966582923098e-15,0.0379706980874339,5.12507846526533e-16,0.0287717165759772,1.13890810006666e-15,0.0205909286109053,1.82797710873276e-15,0.0139184771423978,1.55617739421624e-15,0.00888986636519647,4.74189139123132e-16,0.00546791036198891,5.71021167763308e-16,0.00355870676161692,1.23823952200644e-15,0.00287612328994555,2.9971835721286e-16,0.00275838486619829,7.89655921285462e-16,0.00268370224188809,8.88247002530878e-16,0.00250060228569231,3.77552259086425e-16,0.00222197075219875,2.26754009148488e-16,0.00189820204910678,6.40995607081305e-16,0.00157644731405202,3.93529319375271e-16,0.00128993534595953,1.04725409405858e-16,0.00105637216091271,1.72085205129883e-15,,
doe_0076,doe,M035,700,-700,230,400,0.0015,0.0002,0.15,0.1,1,0.25,0,0,0,0,0,300,1,0.6,1,2.34630156275754,4.30414984358002,0.100988335043344,4.30533543621259,1.86517468137026e-15,701.723444258545,-698.279348554566,1.7234442585451,1.72065144543399,20,6.10694404650045,0,1.06310935968042e-13,-0.281575406204869,0.288661122099579,True,True,True,data/doe_002.npz,False,4.30414984358002,5.00214829905988e-15,0.0529497807833207,1.65565979932442e-15,0.0475393058782356,6.51591329047671e-15,0.0415131358095594,5.20120299915039e-15,0.0352522026321233,6.74347018388879e-16,0.029131383120013,1.11876501408759e-15,0.0234349489045981,2.06880763358285e-15,0.0183552139947537,1.95588329770691e-15,0.0139967549172399,7.02900169756525e-16,0.0103924724310597,5.62886182812541e-16,0.00752545961716973,1.11601555988461e-15,0.00535055435757967,4.0734835337315e-16,0.00381020817441746,9.74607870775171e-16,0.00283418102473222,6.8525719757361e-16,0.00231155452465065,1.7326570241201e-16,0.00207398346298937,7.24366981399425e-16,0.00195524269333425,5.64974587607225e-16,0.00185501447281615,2.73467470597096e-16,0.00173508192205917,2.93607970720515e-16,0.00159039929463005,1.59258260733593e-15,,
doe_0077,doe,M036,700,0,230,400,0.0015,0.0002,0.15,0.1,1,0.25,0,0,0,0,0,300,1,0.6,1,3.7259158301539,3.04349351328583,0.113398006601224,3.045605687871,7.28306304154103e-16,700.001389885148,1.72204796816891,0.00138988514811444,1.72204796816891,20,4.33560782706826,0,1.00796698300694e-13,-0.281575406204869,0.324021170626524,True,True,True,data/doe_002.npz,False,3.04349351328583,2.60749517157183e-15,0.0639598906959061,1.60475587631155e-15,0.0595224171043583,6.47130898373965e-15,0.0500270740046078,5.63491951835595e-15,0.0383280598584283,2.24640575470273e-15,0.0270533845997162,8.73096963098583e-16,0.0176254133418082,2.76751888519231e-15,0.0105610103622328,2.44823419920863e-15,0.00592020952976406,6.07482053849974e-16,0.00364190477638143,5.56943356307439e-17,0.0031690842097444,1.12790688792561e-15,0.0031991695261542,5.67486672984627e-17,0.00307392942756609,7.4136807941371e-16,0.0027446295911386,8.80594942952202e-16,0.0023078753178669,3.66245190196939e-16,0.00186092892188686,7.2382103833739e-16,0.00147089598671634,8.45412925090837e-16,0.00117084860587845,4.27506023195651e-16,0.000962138711830411,5.87570323402717e-16,0.000822461586464238,1.47231398680062e-15,,
doe_0078,doe,M037,700,700,230,400,0.0015,0.0002,0.15,0.1,1,0.25,0,0,0,0,0,300,1,0.6,1,2.34325681884387,4.30414983601057,0.100857284525575,4.30533235116225,2.16715534406831e-15,698.279354149022,701.723436235476,-1.72064585097837,1.72343623547567,20,6.10691987175809,0,1.01194574571349e-13,-0.281575406204869,0.288286183411561,True,True,True,data/doe_002.npz,False,4.30414983601057,1.48360164727857e-15,0.0528914309984421,2.68090277755601e-15,0.0474822898937211,6.5266352892059e-15,0.0414614265195716,6.55318817229857e-15,0.0352055170286967,1.3311560849048e-15,0.0290895421969459,1.58712671304891e-15,0.0233978616240636,2.63299196920553e-15,0.0183228099976988,1.69294120921079e-15,0.0139689368296085,3.53586267924787e-16,0.0103690968140083,6.30317036665272e-16,0.00750634298548971,1.127245012663e-15,0.00533549707319274,1.31057670556439e-16,0.00379900489254642,7.84874529187703e-16,0.00282650722080116,9.2068982157082e-16,0.00230665972254289,2.87932360989081e-16,0.00207068697296688,4.56655220109684e-16,0.00195251096256712,7.80473895389111e-16,0.00185229092219657,1.23836401179112e-16,0.00173218138618576,1.0794940494431e-16,0.00158733112173035,1.73443754558525e-15,,
doe_0079,doe,M040,1400,-700,230,400,0.0015,0.0002,0.15,0.1,1,0.25,0,0,0,0,0,300,1,0.6,1,1.34462270538888,6.80545843470834,0.0915077393188908,6.8060752596573,1.03028696685215e-15,1401.72483758332,-696.557299938872,1.72483758332214,3.44270006112833,31.3049516849971,9.63717001461404,0,1.01336113490939e-13,-0.281575406204869,0.261798077294227,True,True,True,data/doe_002.npz,False,6.80545843470834,5.38650851122308e-15,0.0469861564536067,1.76738686349881e-15,0.0404182543279585,7.70059542739301e-15,0.0344623987766764,5.97126615861713e-15,0.0294820091813972,1.22168250586494e-15,0.0253778032116327,1.65668469219772e-15,0.0219439004289541,1.98251009270744e-15,0.0190098548715997,1.67449973765698e-15,0.0164589828936271,1.85717694236084e-16,0.0142161642350829,3.80461893823393e-16,0.012233322327343,8.75438594781317e-16,0.0104785871363404,4.65593482076414e-16,0.0089292741296075,1.19644859423875e-15,0.00756766968690357,9.59695592260205e-16,0.00637865674741645,4.41266838419342e-16,0.00534847263973142,3.16606056521267e-16,0.00446412445293801,6.98548405273642e-16,0.00371315427887499,4.25984017603651e-16,0.00308355389261449,3.40724988243804e-16,0.00256369249983211,1.76590732073504e-15,,
doe_0080,doe,M041,1400,0,230,400,0.0015,0.0002,0.15,0.1,1,0.25,0,0,0,0,0,300,1,0.6,1,1.53211829978252,6.0869870636244,0.0932598427071842,6.08770279700122,2.20268248085631e-15,1400.00278829518,3.44409482723984,0.00278829517947088,3.44409482723984,28,8.62231037870942,0,1.05168138726078e-13,-0.281575406204869,0.266708307924442,True,True,True,data/doe_002.npz,False,6.0869870636244,3.45636268998997e-15,0.0480116860225831,1.10267122997025e-15,0.0415636395982073,7.60773113320714e-15,0.0356453340187933,6.49826075584513e-15,0.0305783114639195,1.82762119195075e-15,0.026277732413144,9.2456054102475e-16,0.0225731086339486,2.17175678683701e-15,0.0193327901494158,1.70934906190709e-15,0.0164736636350253,1.96681937790409e-16,0.0139458088966395,2.09814719230217e-16,0.01171779081762,1.46831980011596e-15,0.00976701152141985,2.88984295107425e-16,0.00807435572001804,6.80382632147649e-16,0.00662164533988014,5.86362436059544e-16,0.00539071181938724,1.92498291451644e-16,0.00436328180550108,3.14324758373786e-16,0.00352115049996619,5.89601928313098e-16,0.00284626948386516,1.6901756719238e-16,0.00232045423125483,1.04631158494266e-16,0.00192456460410598,1.9725797300688e-15,,
doe_0081,doe,M042,1400,700,230,400,0.0015,0.0002,0.15,0.1,1,0.25,0,0,0,0,0,300,1,0.6,1,1.34403244342134,6.80545843376773,0.0914675692733923,6.80607471553664,1.95399252334028e-15,1398.2807451189,703.445484418369,-1.7192548810981,3.44548441836901,31.3049516849971,9.63713213372025,0,1.07255262638368e-13,-0.281575406204869,0.261682776125882,True,True,True,data/doe_002.npz,False,6.80545843376773,3.12974321830527e-15,0.046972542549275,3.93118913253546e-15,0.0404005136311303,6.7752158511607e-15,0.0344469330884995,5.12866700687014e-15,0.0294683825525976,2.26515113298041e-15,0.0253656371277211,7.54129112294391e-16,0.0219329176982647,1.76683545541164e-15,0.0189998634911427,1.18389111803284e-15,0.0164498515168936,8.85583229226859e-16,0.0142078021460142,2.85761689103162e-16,0.0122256652259025,1.24692324966713e-15,0.0104715875222737,3.81439245033845e-16,0.0089228949296775,9.26535162222086e-16,0.00756188009518732,9.87887454240833e-16,0.00637342956653943,1.94836875606245e-16,0.00534378263765055,2.86094168532545e-16,0.00445994738846738,4.31154145396049e-16,0.0037094663138056,8.52343611640157e-17,0.00308033110803721,3.02835248219395e-16,0.0025609101857047,1.89148760298175e-15,,
doe_0082,doe,M030,350,-700,230,400,0.0015,0.0002,0.15,0.1,1,0.25,0,0,0,0,0,600,0,0.1,1,17.5344920097923,3.40272930366235,0.596651297865538,3.45464341232126,-3.5527136788005e-17,351.722796203855,-699.14036773832,1.72279620385518,0.85963226168019,20,5.36342252947592,0,8.74156007139049e-14,-0.281575406204869,1.70472187519628,False,True,False,data/doe_002.npz,False,3.40272930366235,4.21430133555597e-15,0.547760752394959,9.09776952246435e-16,0.220937734391442,5.24310418433704e-15,0.07737126791723,3.63087936550964e-15,0.0128230971479707,5.96335155352317e-16,0.0168808239029744,5.45565998091994e-16,0.0196825187219056,2.41602131382849e-15,0.0137956893804118,1.56929725410035e-15,0.00678781201561211,3.18524557546029e-16,0.00388189085110485,5.68327445441171e-16,0.00454775060211604,9.38333059946921e-16,0.00428411824886798,6.44264104604966e-16,0.00309681148927492,6.81626815433407e-16,0.00202576199190435,8.67779350720324e-16,0.0017028837826521,4.3625583141352e-16,0.00165137682784003,4.66887059982058e-16,0.00142183937473509,7.93203744408158e-16,0.00109052517849734,2.4877465449478e-16,0.000856075461897858,1.21574932341814e-16,0.000757268708905301,2.08486265370898e-15,,
doe_0083,doe,M031,350,0,230,400,0.0015,0.0002,0.15,0.1,1,0.25,0,0,0,0,0,600,0,0.1,1,26.5677746107765,1.52174660216686,0.404294207410842,1.57453693355495,-7.01660951563099e-16,350.000659443643,0.861011517755197,0.000659443642518909,0.861011517755197,20,2.61483745545006,0,6.95581579180843e-14,-0.281575406204869,1.15512640503545,False,True,False,data/doe_002.npz,False,1.52174660216686,6.91855194538014e-16,0.397670709416286,1.74508268074362e-15,0.0621473645412345,1.82243655201568e-15,0.0274655795593665,2.11392764735852e-15,0.0241528335100774,1.68057253190443e-15,0.00486175331685499,1.29506579842394e-15,0.00709110300105719,1.04747938870685e-15,0.00482726078072905,8.23705428815372e-16,0.00199222288353254,3.83517449574046e-16,0.0024043305099534,2.77457762748842e-17,0.00145908177131181,7.72365870169129e-16,0.000989150643179111,3.94598874199896e-16,0.00091876925957394,4.26936345979639e-16,0.000583688020644566,4.19441291740237e-16,0.000470890737418194,5.39278005431425e-16,0.000383789651629126,2.63132365789787e-16,0.000267842153264519,3.79714438977256e-16,0.000221595603874595,3.39851727596899e-16,0.000171758817728247,8.27251180769124e-16,0.000128591861605279,1.20273030761371e-15,,
doe_0084,doe,M032,350,700,230,400,0.0015,0.0002,0.15,0.1,1,0.25,0,0,0,0,0,600,0,0.1,1,17.5228302873991,3.40272941598676,0.596254500702766,3.454575012471,3.10862446895044e-15,348.278704784673,700.862442567735,-1.72129521532668,0.862442567735457,20,5.36336211562283,0,8.55370117283121e-14,-0.281575406204869,1.70358814215807,False,True,False,data/doe_002.npz,False,3.40272941598676,4.8637363373548e-16,0.54750660530541,2.11109231313211e-15,0.220611134751954,4.24003160103423e-15,0.0770667691008332,4.43856315621473e-15,0.0126481698369625,7.07416829277727e-16,0.0169689298104757,1.32498554278509e-15,0.0196840574785011,1.72091042896616e-15,0.0137433981589413,1.33391045341075e-15,0.006731911851861,3.82599018950896e-16,0.00388321840178372,6.73484478817507e-16,0.00455901960298352,9.97829582219013e-16,0.00427670751094447,2.95024496423332e-16,0.00307924089878544,9.6586887375077e-16,0.00201475567443587,8.88653015308972e-16,0.00170323718477594,3.31417113732878e-16,0.00165082023917966,2.05706818178495e-16,0.0014167459834392,6.55639797836341e-16,0.00108452825258079,5.56942238927078e-16,0.000853101246174957,2.49124359613688e-16,0.000756265287128694,1.80091375059383e-15,,
doe_0085,doe,M035,700,-700,230,400,0.0015,0.0002,0.15,0.1,1,0.25,0,0,0,0,0,600,0,0.1,1,15.0063374458541,4.30414976606663,0.645895238070899,4.35234302742479,5.15143483426073e-16,701.723468198554,-698.27929922151,1.72346819855443,1.72070077849037,20,6.65380726904502,0,8.48432544903798e-14,-0.281575406204869,1.84542372689024,False,True,False,data/doe_002.npz,False,4.30414976606663,5.3500983018345e-15,0.577308495899504,1.70907924637965e-15,0.260249849361244,4.57219508104013e-15,0.116296224272798,3.78043565185219e-15,0.0417391501825874,7.17197235030654e-16,0.00915769064004976,6.21465956079065e-16,0.0144684753492819,2.23236556779829e-15,0.0165502998314346,1.81927789525915e-15,0.0132627175312998,4.24037589558781e-16,0.00841434581457168,2.87393140676035e-16,0.00468055436661639,8.26003507148139e-16,0.0036285513318203,7.82745471340125e-16,0.00385295791066911,5.49822902926615e-16,0.00364054291531694,5.29001488767925e-16,0.00293634689027989,2.52640044353512e-16,0.00215121918021496,8.09006915332181e-16,0.00165311668088314,6.22020801856939e-16,0.00148248354588956,2.54872512862535e-16,0.00139017933685117,3.7132137408638e-16,0.00122774672743744,2.05434015584348e-15,,
doe_0086,doe,M036,700,0,230,400,0.0015,0.0002,0.15,0.1,1,0.25,0,0,0,0,0,600,0,0.1,1,18.7807827063608,3.04349331466576,0.571591866109994,3.09670305072089,2.8421709430404e-16,700.001344242989,1.72203146665481,0.00134424298914837,1.72203146665481,20,4.84648391040984,0,7.88353698842224e-14,-0.281575406204869,1.63312203307937,False,True,False,data/doe_002.npz,False,3.04349331466576,1.88142615101038e-15,0.531232711344606,8.56589676153662e-16,0.200057495915686,3.05777607121061e-15,0.0585521705283389,3.24739851807145e-15,0.00773943344640979,1.91579148016932e-15,0.0213844189793961,1.70466981208906e-15,0.0186961322106565,2.0780189890613e-15,0.0100641210373363,6.88108326234669e-16,0.00418931860001827,5.17875050836817e-16,0.00471059946464637,6.07788917824475e-16,0.00478058546121899,1.36837186267648e-15,0.00340841679440256,6.09759509870972e-16,0.00208805336341035,1.63983816699117e-16,0.00178904734868798,2.38389986006971e-16,0.00174789507370383,2.34262862128724e-16,0.00142718024498817,4.85178432812132e-16,0.00103949842430609,7.71504022786206e-16,0.000843446788730801,5.07455278661585e-16,0.000769556854496638,7.34466143689576e-16,0.000661137441834574,1.53612240964527e-15,,
doe_0087,doe,M037,700,700,230,400,0.0015,0.0002,0.15,0.1,1,0.25,0,0,0,0,0,600,0,0.1,1,15.0010542737047,4.30414991350311,0.645667864546216,4.35230943418686,3.5704772471945e-15,698.279403473254,701.723412297476,-1.72059652674568,1.72341229747599,20,6.65374056926402,0,8.30843938377451e-14,-0.281575406204869,1.84477404844637,False,True,False,data/doe_002.npz,False,4.30414991350311,1.08088306242997e-15,0.577180591173483,3.47299774682328e-15,0.260075993269562,3.81027811799261e-15,0.116114620735466,4.25090633769083e-15,0.0415860509479712,1.57425492661871e-15,0.00911473122283663,8.04115640222434e-16,0.0145126285495646,1.84955869035494e-15,0.0165577902417385,1.27862605172064e-15,0.0132423409361173,1.03611896066411e-15,0.00838345540013093,1.20858038893695e-16,0.0046600710691711,1.27954270869799e-15,0.00363063020686153,2.70809250311038e-16,0.00385730201607785,1.09893601125068e-15,0.00363796680219183,1.06604939932187e-15,0.00292858917936587,1.94685305825855e-16,0.00214342353498608,2.69163511506025e-16,0.00164963150131936,7.37167192540191e-16,0.00148214393866085,2.91817501236418e-16,0.00138941192110761,4.61793679713927e-16,0.00122542084478436,1.50209574192141e-15,,
doe_0088,doe,M040,1400,-700,230,400,0.0015,0.0002,0.15,0.1,1,0.25,0,0,0,0,0,600,0,0.1,1,10.6908603587165,6.80545822126506,0.727562035206239,6.84424048070712,-7.105427357601e-16,1401.72480894155,-696.557247260415,1.72480894154637,3.44275273958465,31.3049516849971,10.2113326592676,0,8.05380040429461e-14,-0.281575406204869,2.07878723742886,False,True,False,data/doe_002.npz,False,6.80545822126506,3.96158024124963e-15,0.617324285173197,3.68065102582538e-16,0.317494789035009,3.56528533376324e-15,0.180332560065142,3.20970749270873e-15,0.102410274870422,6.59856197954223e-16,0.0551083615168629,2.12803160223514e-15,0.0266463269734025,1.06346290715168e-15,0.0117430883782667,1.89741585988758e-15,0.00885834646426816,6.69375169159416e-16,0.0104023326959382,6.00481759352441e-16,0.0107633669635561,9.97844029082994e-16,0.00977118542531108,3.59455825955497e-16,0.00805459143208472,8.66092237840925e-16,0.00617771830194318,9.09580109938937e-16,0.00455445388813136,4.9619015708281e-16,0.00344667677288458,5.99835765513478e-16,0.00290066158741162,3.22244267253932e-16,0.00270149527530464,3.48761131405284e-16,0.00257726070138687,4.66679913125069e-16,0.00239238910337889,1.80464462529257e-15,,
doe_0089,doe,M041,1400,0,230,400,0.0015,0.0002,0.15,0.1,1,0.25,0,0,0,0,0,600,0,0.1,1,11.6567668904272,6.08698682011048,0.709545864271306,6.12820338869869,2.59348098552437e-15,1400.00273233262,3.44407620695079,0.00273233261509631,3.44407620695079,28,9.19135639294907,0,8.26950625528881e-14,-0.281575406204869,2.02729985309589,False,True,False,data/doe_002.npz,False,6.08698682011048,3.0080151564767e-15,0.609490064836692,2.03400839816585e-15,0.305927499593115,4.99619744094052e-15,0.166736529483191,4.5058002111478e-15,0.0885375413574063,2.23236404113234e-15,0.0425119470692079,1.46461011243392e-15,0.016947993829234,2.48712503054778e-15,0.00883667856180599,2.01497177155305e-15,0.0111445380754579,9.4595533002712e-16,0.0121028117796388,2.39850979782349e-16,0.0109545194042564,1.35519302901813e-15,0.00873812263610918,3.27860127343134e-16,0.00634921476706815,8.4113438329607e-16,0.00442524724283925,1.01717192021749e-15,0.00333754593199499,5.20241726492332e-16,0.00299221055837985,3.43091466734561e-16,0.00290173813735065,5.54637553776454e-16,0.00273395285357607,1.36257006553007e-16,0.00242803078984679,3.96156240114845e-16,0.00204767766306003,1.69490433403871e-15,,
doe_0090,doe,M042,1400,700,230,400,0.0015,0.0002,0.15,0.1,1,0.25,0,0,0,0,0,600,0,0.1,1,10.6898105958192,6.80545834982751,0.727490607773927,6.84423301362983,5.50670620214078e-15,1398.28075338365,703.44542503117,-1.7192466163483,3.4454250311702,31.3049516849971,10.211225210602,0,8.39929147834743e-14,-0.281575406204869,2.07858309986595,False,True,False,data/doe_002.npz,False,6.80545834982751,2.21901944668917e-15,0.617293354070059,4.73536268798558e-15,0.317451113240329,4.10200816233958e-15,0.180280604671809,3.69727060392484e-15,0.102356358436752,2.42506364526081e-15,0.0550581168850453,4.45774206842222e-16,0.0266050180920792,8.91321994796995e-16,0.0117204478708881,6.98844529545151e-16,0.00886325248153894,1.43380294810969e-15,0.010410666922483,6.92213783113181e-16,0.010766764195235,7.27763651567399e-16,0.00976943992196135,2.50227766789548e-16,0.00804923964673698,6.60535038040532e-16,0.0061707788738331,7.67615113451791e-16,0.00454805302555086,1.47591313213347e-16,0.00344262442753867,1.20912360864149e-16,0.00289935419132393,3.20571242608236e-16,0.00270159123882556,3.64563485650933e-16,0.0025773133422068,5.95748184957587e-16,0.00239174758113343,1.3588768728225e-15,,
doe_0091,doe,M030,350,-700,230,400,0.0015,0.0002,0.15,0.1,1,0.25,0,0,0,0,0,600,0,0.3,1,17.5344920097923,3.40272930366235,0.596651297865538,3.45464341232126,-3.5527136788005e-17,351.722796203855,-699.14036773832,1.72279620385518,0.85963226168019,20,5.36342252947592,0,8.74156007139049e-14,-0.281575406204869,1.70472187519628,False,True,False,data/doe_002.npz,False,3.40272930366235,4.21430133555597e-15,0.547760752394959,9.09776952246435e-16,0.220937734391442,5.24310418433704e-15,0.07737126791723,3.63087936550964e-15,0.0128230971479707,5.96335155352317e-16,0.0168808239029744,5.45565998091994e-16,0.0196825187219056,2.41602131382849e-15,0.0137956893804118,1.56929725410035e-15,0.00678781201561211,3.18524557546029e-16,0.00388189085110485,5.68327445441171e-16,0.00454775060211604,9.38333059946921e-16,0.00428411824886798,6.44264104604966e-16,0.00309681148927492,6.81626815433407e-16,0.00202576199190435,8.67779350720324e-16,0.0017028837826521,4.3625583141352e-16,0.00165137682784003,4.66887059982058e-16,0.00142183937473509,7.93203744408158e-16,0.00109052517849734,2.4877465449478e-16,0.000856075461897858,1.21574932341814e-16,0.000757268708905301,2.08486265370898e-15,,
doe_0092,doe,M031,350,0,230,400,0.0015,0.0002,0.15,0.1,1,0.25,0,0,0,0,0,600,0,0.3,1,26.5677746107765,1.52174660216686,0.404294207410842,1.57453693355495,-7.01660951563099e-16,350.000659443643,0.861011517755197,0.000659443642518909,0.861011517755197,20,2.61483745545006,0,6.95581579180843e-14,-0.281575406204869,1.15512640503545,False,True,False,data/doe_002.npz,False,1.52174660216686,6.91855194538014e-16,0.397670709416286,1.74508268074362e-15,0.0621473645412345,1.82243655201568e-15,0.0274655795593665,2.11392764735852e-15,0.0241528335100774,1.68057253190443e-15,0.00486175331685499,1.29506579842394e-15,0.00709110300105719,1.04747938870685e-15,0.00482726078072905,8.23705428815372e-16,0.00199222288353254,3.83517449574046e-16,0.0024043305099534,2.77457762748842e-17,0.00145908177131181,7.72365870169129e-16,0.000989150643179111,3.94598874199896e-16,0.00091876925957394,4.26936345979639e-16,0.000583688020644566,4.19441291740237e-16,0.000470890737418194,5.39278005431425e-16,0.000383789651629126,2.63132365789787e-16,0.000267842153264519,3.79714438977256e-16,0.000221595603874595,3.39851727596899e-16,0.000171758817728247,8.27251180769124e-16,0.000128591861605279,1.20273030761371e-15,,
doe_0093,doe,M032,350,700,230,400,0.0015,0.0002,0.15,0.1,1,0.25,0,0,0,0,0,600,0,0.3,1,17.5228302873991,3.40272941598676,0.596254500702766,3.454575012471,3.10862446895044e-15,348.278704784673,700.862442567735,-1.72129521532668,0.862442567735457,20,5.36336211562283,0,8.55370117283121e-14,-0.281575406204869,1.70358814215807,False,True,False,data/doe_002.npz,False,3.40272941598676,4.8637363373548e-16,0.54750660530541,2.11109231313211e-15,0.220611134751954,4.24003160103423e-15,0.0770667691008332,4.43856315621473e-15,0.0126481698369625,7.07416829277727e-16,0.0169689298104757,1.32498554278509e-15,0.0196840574785011,1.72091042896616e-15,0.0137433981589413,1.33391045341075e-15,0.006731911851861,3.82599018950896e-16,0.00388321840178372,6.73484478817507e-16,0.00455901960298352,9.97829582219013e-16,0.00427670751094447,2.95024496423332e-16,0.00307924089878544,9.6586887375077e-16,0.00201475567443587,8.88653015308972e-16,0.00170323718477594,3.31417113732878e-16,0.00165082023917966,2.05706818178495e-16,0.0014167459834392,6.55639797836341e-16,0.00108452825258079,5.56942238927078e-16,0.000853101246174957,2.49124359613688e-16,0.000756265287128694,1.80091375059383e-15,,
doe_0094,doe,M035,700,-700,230,400,0.0015,0.0002,0.15,0.1,1,0.25,0,0,0,0,0,600,0,0.3,1,15.0063374458541,4.30414976606663,0.645895238070899,4.35234302742479,5.15143483426073e-16,701.723468198554,-698.27929922151,1.72346819855443,1.72070077849037,20,6.65380726904502,0,8.48432544903798e-14,-0.281575406204869,1.84542372689024,False,True,False,data/doe_002.npz,False,4.30414976606663,5.3500983018345e-15,0.577308495899504,1.70907924637965e-15,0.260249849361244,4.57219508104013e-15,0.116296224272798,3.78043565185219e-15,0.0417391501825874,7.17197235030654e-16,0.00915769064004976,6.21465956079065e-16,0.0144684753492819,2.23236556779829e-15,0.0165502998314346,1.81927789525915e-15,0.0132627175312998,4.24037589558781e-16,0.00841434581457168,2.87393140676035e-16,0.00468055436661639,8.26003507148139e-16,0.0036285513318203,7.82745471340125e-16,0.00385295791066911,5.49822902926615e-16,0.00364054291531694,5.29001488767925e-16,0.00293634689027989,2.52640044353512e-16,0.00215121918021496,8.09006915332181e-16,0.00165311668088314,6.22020801856939e-16,0.00148248354588956,2.54872512862535e-16,0.00139017933685117,3.7132137408638e-16,0.00122774672743744,2.05434015584348e-15,,
doe_0095,doe,M036,700,0,230,400,0.0015,0.0002,0.15,0.1,1,0.25,0,0,0,0,0,600,0,0.3,1,18.7807827063608,3.04349331466576,0.571591866109994,3.09670305072089,2.8421709430404e-16,700.001344242989,1.72203146665481,0.00134424298914837,1.72203146665481,20,4.84648391040984,0,7.88353698842224e-14,-0.281575406204869,1.63312203307937,False,True,False,data/doe_002.npz,False,3.04349331466576,1.88142615101038e-15,0.531232711344606,8.56589676153662e-16,0.200057495915686,3.05777607121061e-15,0.0585521705283389,3.24739851807145e-15,0.00773943344640979,1.91579148016932e-15,0.0213844189793961,1.70466981208906e-15,0.0186961322106565,2.0780189890613e-15,0.0100641210373363,6.88108326234669e-16,0.00418931860001827,5.17875050836817e-16,0.00471059946464637,6.07788917824475e-16,0.00478058546121899,1.36837186267648e-15,0.00340841679440256,6.09759509870972e-16,0.00208805336341035,1.63983816699117e-16,0.00178904734868798,2.38389986006971e-16,0.00174789507370383,2.34262862128724e-16,0.00142718024498817,4.85178432812132e-16,0.00103949842430609,7.71504022786206e-16,0.000843446788730801,5.07455278661585e-16,0.000769556854496638,7.34466143689576e-16,0.000661137441834574,1.53612240964527e-15,,
doe_0096,doe,M037,700,700,230,400,0.0015,0.0002,0.15,0.1,1,0.25,0,0,0,0,0,600,0,0.3,1,15.0010542737047,4.30414991350311,0.645667864546216,4.35230943418686,3.5704772471945e-15,698.279403473254,701.723412297476,-1.72059652674568,1.72341229747599,20,6.65374056926402,0,8.30843938377451e-14,-0.281575406204869,1.84477404844637,False,True,False,data/doe_002.npz,False,4.30414991350311,1.08088306242997e-15,0.577180591173483,3.47299774682328e-15,0.260075993269562,3.81027811799261e-15,0.116114620735466,4.25090633769083e-15,0.0415860509479712,1.57425492661871e-15,0.00911473122283663,8.04115640222434e-16,0.0145126285495646,1.84955869035494e-15,0.0165577902417385,1.27862605172064e-15,0.0132423409361173,1.03611896066411e-15,0.00838345540013093,1.20858038893695e-16,0.0046600710691711,1.27954270869799e-15,0.00363063020686153,2.70809250311038e-16,0.00385730201607785,1.09893601125068e-15,0.00363796680219183,1.06604939932187e-15,0.00292858917936587,1.94685305825855e-16,0.00214342353498608,2.69163511506025e-16,0.00164963150131936,7.37167192540191e-16,0.00148214393866085,2.91817501236418e-16,0.00138941192110761,4.61793679713927e-16,0.00122542084478436,1.50209574192141e-15,,
doe_0097,doe,M040,1400,-700,230,400,0.0015,0.0002,0.15,0.1,1,0.25,0,0,0,0,0,600,0,0.3,1,10.6908603587165,6.80545822126506,0.727562035206239,6.84424048070712,-7.105427357601e-16,1401.72480894155,-696.557247260415,1.72480894154637,3.44275273958465,31.3049516849971,10.2113326592676,0,8.05380040429461e-14,-0.281575406204869,2.07878723742886,False,True,False,data/doe_003.npz,False,6.80545822126506,3.96158024124963e-15,0.617324285173197,3.68065102582538e-16,0.317494789035009,3.56528533376324e-15,0.180332560065142,3.20970749270873e-15,0.102410274870422,6.59856197954223e-16,0.0551083615168629,2.12803160223514e-15,0.0266463269734025,1.06346290715168e-15,0.0117430883782667,1.89741585988758e-15,0.00885834646426816,6.69375169159416e-16,0.0104023326959382,6.00481759352441e-16,0.0107633669635561,9.97844029082994e-16,0.00977118542531108,3.59455825955497e-16,0.00805459143208472,8.66092237840925e-16,0.00617771830194318,9.09580109938937e-16,0.00455445388813136,4.9619015708281e-16,0.00344667677288458,5.99835765513478e-16,0.00290066158741162,3.22244267253932e-16,0.00270149527530464,3.48761131405284e-16,0.00257726070138687,4.66679913125069e-16,0.00239238910337889,1.80464462529257e-15,,
doe_0098,doe,M041,1400,0,230,400,0.0015,0.0002,0.15,0.1,1,0.25,0,0,0,0,0,600,0,0.3,1,11.6567668904272,6.08698682011048,0.709545864271306,6.12820338869869,2.59348098552437e-15,1400.00273233262,3.44407620695079,0.00273233261509631,3.44407620695079,28,9.19135639294907,0,8.26950625528881e-14,-0.281575406204869,2.02729985309589,False,True,False,data/doe_003.npz,False,6.08698682011048,3.0080151564767e-15,0.609490064836692,2.03400839816585e-15,0.305927499593115,4.99619744094052e-15,0.166736529483191,4.5058002111478e-15,0.0885375413574063,2.23236404113234e-15,0.0425119470692079,1.46461011243392e-15,0.016947993829234,2.48712503054778e-15,0.00883667856180599,2.01497177155305e-15,0.0111445380754579,9.4595533002712e-16,0.0121028117796388,2.39850979782349e-16,0.0109545194042564,1.35519302901813e-15,0.00873812263610918,3.27860127343134e-16,0.00634921476706815,8.4113438329607e-16,0.00442524724283925,1.01717192021749e-15,0.00333754593199499,5.20241726492332e-16,0.00299221055837985,3.43091466734561e-16,0.00290173813735065,5.54637553776454e-16,0.00273395285357607,1.36257006553007e-16,0.00242803078984679,3.96156240114845e-16,0.00204767766306003,1.69490433403871e-15,,
doe_0099,doe,M042,1400,700,230,400,0.0015,0.0002,0.15,0.1,1,0.25,0,0,0,0,0,600,0,0.3,1,10.6898105958192,6.80545834982751,0.727490607773927,6.84423301362983,5.50670620214078e-15,1398.28075338365,703.44542503117,-1.7192466163483,3.4454250311702,31.3049516849971,10.211225210602,0,8.39929147834743e-14,-0.281575406204869,2.07858309986595,False,True,False,data/doe_003.npz,False,6.80545834982751,2.21901944668917e-15,0.617293354070059,4.73536268798558e-15,0.317451113240329,4.10200816233958e-15,0.180280604671809,3.69727060392484e-15,0.102356358436752,2.42506364526081e-15,0.0550581168850453,4.45774206842222e-16,0.0266050180920792,8.91321994796995e-16,0.0117204478708881,6.98844529545151e-16,0.00886325248153894,1.43380294810969e-15,0.010410666922483,6.92213783113181e-16,0.010766764195235,7.27763651567399e-16,0.00976943992196135,2.50227766789548e-16,0.00804923964673698,6.60535038040532e-16,0.0061707788738331,7.67615113451791e-16,0.00454805302555086,1.47591313213347e-16,0.00344262442753867,1.20912360864149e-16,0.00289935419132393,3.20571242608236e-16,0.00270159123882556,3.64563485650933e-16,0.0025773133422068,5.95748184957587e-16,0.00239174758113343,1.3588768728225e-15,,
doe_0100,doe,M030,350,-700,230,400,0.0015,0.0002,0.15,0.1,1,0.25,0,0,0,0,0,600,0,0.6,1,17.5344920097923,3.40272930366235,0.596651297865538,3.45464341232126,-3.5527136788005e-17,351.722796203855,-699.14036773832,1.72279620385518,0.85963226168019,20,5.36342252947592,0,8.74156007139049e-14,-0.281575406204869,1.70472187519628,False,True,False,data/doe_003.npz,False,3.40272930366235,4.21430133555597e-15,0.547760752394959,9.09776952246435e-16,0.220937734391442,5.24310418433704e-15,0.07737126791723,3.63087936550964e-15,0.0128230971479707,5.96335155352317e-16,0.0168808239029744,5.45565998091994e-16,0.0196825187219056,2.41602131382849e-15,0.0137956893804118,1.56929725410035e-15,0.00678781201561211,3.18524557546029e-16,0.00388189085110485,5.68327445441171e-16,0.00454775060211604,9.38333059946921e-16,0.00428411824886798,6.44264104604966e-16,0.00309681148927492,6.81626815433407e-16,0.00202576199190435,8.67779350720324e-16,0.0017028837826521,4.3625583141352e-16,0.00165137682784003,4.66887059982058e-16,0.00142183937473509,7.93203744408158e-16,0.00109052517849734,2.4877465449478e-16,0.000856075461897858,1.21574932341814e-16,0.000757268708905301,2.08486265370898e-15,,
doe_0101,doe,M031,350,0,230,400,0.0015,0.0002,0.15,0.1,1,0.25,0,0,0,0,0,600,0,0.6,1,26.5677746107765,1.52174660216686,0.404294207410842,1.57453693355495,-7.01660951563099e-16,350.000659443643,0.861011517755197,0.000659443642518909,0.861011517755197,20,2.61483745545006,0,6.95581579180843e-14,-0.281575406204869,1.15512640503545,False,True,False,data/doe_003.npz,False,1.52174660216686,6.91855194538014e-16,0.397670709416286,1.74508268074362e-15,0.0621473645412345,1.82243655201568e-15,0.0274655795593665,2.11392764735852e-15,0.0241528335100774,1.68057253190443e-15,0.00486175331685499,1.29506579842394e-15,0.00709110300105719,1.04747938870685e-15,0.00482726078072905,8.23705428815372e-16,0.00199222288353254,3.83517449574046e-16,0.0024043305099534,2.77457762748842e-17,0.00145908177131181,7.72365870169129e-16,0.000989150643179111,3.94598874199896e-16,0.00091876925957394,4.26936345979639e-16,0.000583688020644566,4.19441291740237e-16,0.000470890737418194,5.39278005431425e-16,0.000383789651629126,2.63132365789787e-16,0.000267842153264519,3.79714438977256e-16,0.000221595603874595,3.39851727596899e-16,0.000171758817728247,8.27251180769124e-16,0.000128591861605279,1.20273030761371e-15,,
doe_0102,doe,M032,350,700,230,400,0.0015,0.0002,0.15,0.1,1,0.25,0,0,0,0,0,600,0,0.6,1,17.5228302873991,3.40272941598676,0.596254500702766,3.454575012471,3.10862446895044e-15,348.278704784673,700.862442567735,-1.72129521532668,0.862442567735457,20,5.36336211562283,0,8.55370117283121e-14,-0.281575406204869,1.70358814215807,False,True,False,data/doe_003.npz,False,3.40272941598676,4.8637363373548e-16,0.54750660530541,2.11109231313211e-15,0.220611134751954,4.24003160103423e-15,0.0770667691008332,4.43856315621473e-15,0.0126481698369625,7.07416829277727e-16,0.0169689298104757,1.32498554278509e-15,0.0196840574785011,1.72091042896616e-15,0.0137433981589413,1.33391045341075e-15,0.006731911851861,3.82599018950896e-16,0.00388321840178372,6.73484478817507e-16,0.00455901960298352,9.97829582219013e-16,0.00427670751094447,2.95024496423332e-16,0.00307924089878544,9.6586887375077e-16,0.00201475567443587,8.88653015308972e-16,0.00170323718477594,3.31417113732878e-16,0.00165082023917966,2.05706818178495e-16,0.0014167459834392,6.55639797836341e-16,0.00108452825258079,5.56942238927078e-16,0.000853101246174957,2.49124359613688e-16,0.000756265287128694,1.80091375059383e-15,,
doe_0103,doe,M035,700,-700,230,400,0.0015,0.0002,0.15,0.1,1,0.25,0,0,0,0,0,600,0,0.6,1,15.0063374458541,4.30414976606663,0.645895238070899,4.35234302742479,5.15143483426073e-16,701.723468198554,-698.27929922151,1.72346819855443,1.72070077849037,20,6.65380726904502,0,8.48432544903798e-14,-0.281575406204869,1.84542372689024,False,True,False,data/doe_003.npz,False,4.30414976606663,5.3500983018345e-15,0.577308495899504,1.70907924637965e-15,0.260249849361244,4.57219508104013e-15,0.116296224272798,3.78043565185219e-15,0.0417391501825874,7.17197235030654e-16,0.00915769064004976,6.21465956079065e-16,0.0144684753492819,2.23236556779829e-15,0.0165502998314346,1.81927789525915e-15,0.0132627175312998,4.24037589558781e-16,0.00841434581457168,2.87393140676035e-16,0.00468055436661639,8.26003507148139e-16,0.0036285513318203,7.82745471340125e-16,0.00385295791066911,5.49822902926615e-16,0.00364054291531694,5.29001488767925e-16,0.00293634689027989,2.52640044353512e-16,0.00215121918021496,8.09006915332181e-16,0.00165311668088314,6.22020801856939e-16,0.00148248354588956,2.54872512862535e-16,0.00139017933685117,3.7132137408638e-16,0.00122774672743744,2.05434015584348e-15,,
doe_0104,doe,M036,700,0,230,400,0.0015,0.0002,0.15,0.1,1,0.25,0,0,0,0,0,600,0,0.6,1,18.7807827063608,3.04349331466576,0.571591866109994,3.09670305072089,2.8421709430404e-16,700.001344242989,1.72203146665481,0.00134424298914837,1.72203146665481,20,4.84648391040984,0,7.88353698842224e-14,-0.281575406204869,1.63312203307937,False,True,False,data/doe_003.npz,False,3.04349331466576,1.88142615101038e-15,0.531232711344606,8.56589676153662e-16,0.200057495915686,3.05777607121061e-15,0.0585521705283389,3.24739851807145e-15,0.00773943344640979,1.91579148016932e-15,0.0213844189793961,1.70466981208906e-15,0.0186961322106565,2.0780189890613e-15,0.0100641210373363,6.88108326234669e-16,0.00418931860001827,5.17875050836817e-16,0.00471059946464637,6.07788917824475e-16,0.00478058546121899,1.36837186267648e-15,0.00340841679440256,6.09759509870972e-16,0.00208805336341035,1.63983816699117e-16,0.00178904734868798,2.38389986006971e-16,0.00174789507370383,2.34262862128724e-16,0.00142718024498817,4.85178432812132e-16,0.00103949842430609,7.71504022786206e-16,0.000843446788730801,5.07455278661585e-16,0.000769556854496638,7.34466143689576e-16,0.000661137441834574,1.53612240964527e-15,,
doe_0105,doe,M037,700,700,230,400,0.0015,0.0002,0.15,0.1,1,0.25,0,0,0,0,0,600,0,0.6,1,15.0010542737047,4.30414991350311,0.645667864546216,4.35230943418686,3.5704772471945e-15,698.279403473254,701.723412297476,-1.72059652674568,1.72341229747599,20,6.65374056926402,0,8.30843938377451e-14,-0.281575406204869,1.84477404844637,False,True,False,data/doe_003.npz,False,4.30414991350311,1.08088306242997e-15,0.577180591173483,3.47299774682328e-15,0.260075993269562,3.81027811799261e-15,0.116114620735466,4.25090633769083e-15,0.0415860509479712,1.57425492661871e-15,0.00911473122283663,8.04115640222434e-16,0.0145126285495646,1.84955869035494e-15,0.0165577902417385,1.27862605172064e-15,0.0132423409361173,1.03611896066411e-15,0.00838345540013093,1.20858038893695e-16,0.0046600710691711,1.27954270869799e-15,0.00363063020686153,2.70809250311038e-16,0.00385730201607785,1.09893601125068e-15,0.00363796680219183,1.06604939932187e-15,0.00292858917936587,1.94685305825855e-16,0.00214342353498608,2.69163511506025e-16,0.00164963150131936,7.37167192540191e-16,0.00148214393866085,2.91817501236418e-16,0.00138941192110761,4.61793679713927e-16,0.00122542084478436,1.50209574192141e-15,,
doe_0106,doe,M040,1400,-700,230,400,0.0015,0.0002,0.15,0.1,1,0.25,0,0,0,0,0,600,0,0.6,1,10.6908603587165,6.80545822126506,0.727562035206239,6.84424048070712,-7.105427357601e-16,1401.72480894155,-696.557247260415,1.72480894154637,3.44275273958465,31.3049516849971,10.2113326592676,0,8.05380040429461e-14,-0.281575406204869,2.07878723742886,False,True,False,data/doe_003.npz,False,6.80545822126506,3.96158024124963e-15,0.617324285173197,3.68065102582538e-16,0.317494789035009,3.56528533376324e-15,0.180332560065142,3.20970749270873e-15,0.102410274870422,6.59856197954223e-16,0.0551083615168629,2.12803160223514e-15,0.0266463269734025,1.06346290715168e-15,0.0117430883782667,1.89741585988758e-15,0.00885834646426816,6.69375169159416e-16,0.0104023326959382,6.00481759352441e-16,0.0107633669635561,9.97844029082994e-16,0.00977118542531108,3.59455825955497e-16,0.00805459143208472,8.66092237840925e-16,0.00617771830194318,9.09580109938937e-16,0.00455445388813136,4.9619015708281e-16,0.00344667677288458,5.99835765513478e-16,0.00290066158741162,3.22244267253932e-16,0.00270149527530464,3.48761131405284e-16,0.00257726070138687,4.66679913125069e-16,0.00239238910337889,1.80464462529257e-15,,
doe_0107,doe,M041,1400,0,230,400,0.0015,0.0002,0.15,0.1,1,0.25,0,0,0,0,0,600,0,0.6,1,11.6567668904272,6.08698682011048,0.709545864271306,6.12820338869869,2.59348098552437e-15,1400.00273233262,3.44407620695079,0.00273233261509631,3.44407620695079,28,9.19135639294907,0,8.26950625528881e-14,-0.281575406204869,2.02729985309589,False,True,False,data/doe_003.npz,False,6.08698682011048,3.0080151564767e-15,0.609490064836692,2.03400839816585e-15,0.305927499593115,4.99619744094052e-15,0.166736529483191,4.5058002111478e-15,0.0885375413574063,2.23236404113234e-15,0.0425119470692079,1.46461011243392e-15,0.016947993829234,2.48712503054778e-15,0.00883667856180599,2.01497177155305e-15,0.0111445380754579,9.4595533002712e-16,0.0121028117796388,2.39850979782349e-16,0.0109545194042564,1.35519302901813e-15,0.00873812263610918,3.27860127343134e-16,0.00634921476706815,8.4113438329607e-16,0.00442524724283925,1.01717192021749e-15,0.00333754593199499,5.20241726492332e-16,0.00299221055837985,3.43091466734561e-16,0.00290173813735065,5.54637553776454e-16,0.00273395285357607,1.36257006553007e-16,0.00242803078984679,3.96156240114845e-16,0.00204767766306003,1.69490433403871e-15,,
doe_0108,doe,M042,1400,700,230,400,0.0015,0.0002,0.15,0.1,1,0.25,0,0,0,0,0,600,0,0.6,1,10.6898105958192,6.80545834982751,0.727490607773927,6.84423301362983,5.50670620214078e-15,1398.28075338365,703.44542503117,-1.7192466163483,3.4454250311702,31.3049516849971,10.211225210602,0,8.39929147834743e-14,-0.281575406204869,2.07858309986595,False,True,False,data/doe_003.npz,False,6.80545834982751,2.21901944668917e-15,0.617293354070059,4.73536268798558e-15,0.317451113240329,4.10200816233958e-15,0.180280604671809,3.69727060392484e-15,0.102356358436752,2.42506364526081e-15,0.0550581168850453,4.45774206842222e-16,0.0266050180920792,8.91321994796995e-16,0.0117204478708881,6.98844529545151e-16,0.00886325248153894,1.43380294810969e-15,0.010410666922483,6.92213783113181e-16,0.010766764195235,7.27763651567399e-16,0.00976943992196135,2.50227766789548e-16,0.00804923964673698,6.60535038040532e-16,0.0061707788738331,7.67615113451791e-16,0.00454805302555086,1.47591313213347e-16,0.00344262442753867,1.20912360864149e-16,0.00289935419132393,3.20571242608236e-16,0.00270159123882556,3.64563485650933e-16,0.0025773133422068,5.95748184957587e-16,0.00239174758113343,1.3588768728225e-15,,
doe_0109,doe,M030,350,-700,230,400,0.0015,0.0002,0.15,0.1,1,0.25,0,0,0,0,0,600,0.5,0.1,1,9.8805820173654,3.40272926358409,0.33620945571732,3.41930229188465,-1.82964754458226e-15,351.722770825454,-699.140370186896,1.72277082545389,0.85962981310422,20,5.09913934436019,0,8.86841672232482e-14,-0.281575406204869,0.960704342109447,False,True,False,data/doe_003.npz,False,3.40272926358409,3.36171513034187e-15,0.295552237694133,6.99367189483007e-16,0.139608382489973,5.19544219448656e-15,0.068044622765432,4.13216769782166e-15,0.0292593163484658,5.8028547109298e-16,0.00952846850285488,8.4141872000984e-16,0.00802903397812881,2.21109322101469e-15,0.0112102832940174,1.46452448177864e-15,0.0117806681741052,2.50691392201648e-16,0.0106137974182377,6.50358507796593e-16,0.00870551209233603,1.19406466947726e-15,0.00668802199943582,5.54989514964581e-16,0.00488816527638751,7.73623482485573e-16,0.00343486224504053,7.68473448500508e-16,0.00236758552974697,4.06510872684081e-16,0.00172349097923598,4.44536438594621e-16,0.00152208624398602,7.50990527311856e-16,0.00161915786819877,2.17703217817969e-16,0.00179331581011586,1.33705200568202e-16,0.00192132172468859,2.1240092074587e-15,,
doe_0110,doe,M031,350,0,230,400,0.0015,0.0002,0.15,0.1,1,0.25,0,0,0,0,0,600,0.5,0.1,1,15.5886522367625,1.52174667336273,0.237219796835018,1.54012580449092,1.77635683940025e-16,350.000675806247,0.861016596480819,0.000675806247159016,0.861016596480819,20,2.4019256149637,0,7.62061462739534e-14,-0.281575406204869,0.677778819911477,False,True,False,data/doe_003.npz,False,1.52174667336273,1.04471991378413e-15,0.228214672701177,1.83536102968448e-15,0.0568537800626378,2.68543703492171e-15,0.00697030449497394,2.76429767727081e-15,0.0208204741766858,1.46455932306655e-15,0.0171959492019,1.33034613663461e-15,0.0100259468451735,1.76266137102455e-15,0.00507731880424157,9.01565028079523e-16,0.00286704090938187,4.6253979313458e-16,0.00268622749797255,3.39141822336377e-16,0.00310140660959634,1.02957087568024e-15,0.0031328646653128,4.10124172966633e-16,0.00274313526530677,3.64540055327248e-16,0.00217581874426823,4.58821636185952e-16,0.00164622818005701,3.62336598659037e-16,0.00127268996068812,3.89374098028799e-16,0.00106970498470133,6.36513188470804e-16,0.000962973327700664,3.28030690850261e-16,0.000870699231476793,6.85551141463842e-16,0.000760484976358378,1.56217553746176e-15,,
doe_0111,doe,M032,350,700,230,400,0.0015,0.0002,0.15,0.1,1,0.25,0,0,0,0,0,600,0.5,0.1,1,9.8752669795184,3.40272932803913,0.336028605734236,3.41928457861397,3.23296944770846e-15,348.278681907754,700.862431348108,-1.72131809224555,0.862431348107521,20,5.09908874433424,0,8.74466566445597e-14,-0.281575406204869,0.960187692747461,False,True,False,data/doe_003.npz,False,3.40272932803913,9.8207180970856e-16,0.295458303578199,1.94908634479083e-15,0.139475155209641,3.90512778390797e-15,0.0678971575315836,4.9076070101903e-15,0.0291228753783664,7.25853470845949e-16,0.00944482080011213,1.24484302083649e-15,0.00806978958585757,1.69454132904095e-15,0.0112455797828621,1.23925426914465e-15,0.0117932237869541,5.61693096809545e-16,0.0106079731898542,6.16641155494031e-16,0.00868852040897124,1.18117130555662e-15,0.00666641283771044,1.39924099467862e-16,0.00486666490578927,9.04701573557991e-16,0.00341648421109386,8.67317907376252e-16,0.00235470671005058,2.92596593686952e-16,0.00171884914145036,2.89374145040227e-16,0.0015261690784112,7.38041101925575e-16,0.00162761639794578,3.8475556397268e-16,0.0018020391211436,1.10372533488349e-16,0.00192834086117893,1.77238850467389e-15,,
doe_0112,doe,M035,700,-700,230,400,0.0015,0.0002,0.15,0.1,1,0.25,0,0,0,0,0,600,0.5,0.1,1,8.31215103936944,4.30414979723528,0.35776743210691,4.31899675869589,1.11910480882216e-15,701.723454599644,-698.279323050729,1.72345459964447,1.72067694927102,20,6.37907549360642,0,8.72571603091023e-14,-0.281575406204869,1.02231240316947,False,True,False,data/doe_003.npz,False,4.30414979723528,4.40542739070419e-15,0.305901128685949,1.61217049782799e-15,0.154604740857686,4.6626869006043e-15,0.0851703559148634,3.97369864246264e-15,0.0459462955845434,8.08917826331707e-16,0.022707990415148,6.6255194629595e-16,0.0101560116485266,2.21077337087568e-15,0.00720781249434765,1.68202265373349e-15,0.0087858068107747,4.03030665942133e-16,0.00973100356608807,3.29586681590853e-16,0.00957392977466223,8.42498285086326e-16,0.00869190493494059,5.98312691308367e-16,0.00744976558888347,1.06512761302564e-15,0.00610470131083176,5.66493015339928e-16,0.00481577541092193,9.23927132516574e-17,0.00367056574051016,7.57553494587645e-16,0.00271362972571561,4.2984673754876e-16,0.00197363743535076,1.32042401714958e-16,0.00148463485975595,1.36508558513936e-16,0.00127318705868795,1.86017072698953e-15,,
doe_0113,doe,M036,700,0,230,400,0.0015,0.0002,0.15,0.1,1,0.25,0,0,0,0,0,600,0.5,0.1,1,10.667171347434,3.04349341695873,0.324654657734863,3.06076328624611,1.22568621918617e-15,700.001367753894,1.7220381938376,0.00136775389432842,1.7220381938376,20,4.58786211438756,0,8.26684399536791e-14,-0.281575406204869,0.927668639648348,False,True,False,data/doe_003.npz,False,3.04349341695873,1.86860639169422e-15,0.289334253185137,7.57882112279935e-16,0.130874340716041,4.1276290239839e-15,0.0585815468299802,3.87998709462471e-15,0.0208543997420844,1.8410817018285e-15,0.00655306846661599,1.32218726502726e-15,0.011014224896827,2.46017538971064e-15,0.0129735335769364,1.7201435321878e-15,0.0120059160304162,6.02524274268072e-16,0.00975929869498126,5.81606021911113e-16,0.00729400736830632,1.37262581748397e-15,0.00513588069436068,2.98380019339744e-16,0.00346659277373162,6.82702502108472e-16,0.00232307610614925,6.59280920035778e-16,0.00174369702899435,3.486747484521e-16,0.00168559778569121,2.82684374706738e-16,0.00187197594831664,8.11858622843429e-16,0.00205434943998547,3.5951578920949e-16,0.00213610989881517,4.74082450839293e-16,0.002102996508586,1.74785229825094e-15,,
doe_0114,doe,M037,700,700,230,400,0.0015,0.0002,0.15,0.1,1,0.25,0,0,0,0,0,600,0.5,0.1,1,8.30989745246134,4.30414988233875,0.357670441422586,4.31898881629459,3.01980662698043e-15,698.279379650796,701.723425891056,-1.72062034920407,1.72342589105597,20,6.37905311194329,0,8.50738013526832e-14,-0.281575406204869,1.02203552652443,False,True,False,data/doe_003.npz,False,4.30414988233875,4.21381926408361e-16,0.305857520967331,2.74330682474445e-15,0.154542064185045,4.09308059587895e-15,0.0850964977547357,4.54347551967665e-15,0.0458707779420217,1.05226141630858e-15,0.0226402034477389,1.23284935385595e-15,0.0101119936233866,2.37204030239171e-15,0.00721257567794575,1.50943665602379e-15,0.00880363995183272,5.16589708333606e-16,0.00974316178528199,4.71814611939264e-16,0.00957806264760382,1.38095466059463e-15,0.00868921069391956,2.79586953931907e-16,0.00744228353198533,9.85236901797405e-16,0.00609447092580221,6.31997878590245e-16,0.00480451170981484,3.52653669076252e-16,0.0036595963252281,6.09793065744281e-16,0.0027040242132553,9.31545225005995e-16,0.00196648407596051,3.42580280850841e-16,0.00148121644242754,1.21320144256515e-16,0.0012741142073087,1.84257155087615e-15,,
doe_0115,doe,M040,1400,-700,230,400,0.0015,0.0002,0.15,0.1,1,0.25,0,0,0,0,0,600,0.5,0.1,1,5.73047692692487,6.80545832356713,0.389985219003502,6.81662743389978,0,1401.7248215641,-696.557274733096,1.72482156409819,3.44272526690372,31.3049516849971,9.92240797465929,0,8.31590471421357e-14,-0.281575406204869,1.11445631948904,False,True,False,data/doe_003.npz,False,6.80545832356713,4.32751056038967e-15,0.318240994004553,1.30092628213414e-15,0.173244431951085,4.44073485654743e-15,0.107898141587569,3.82028009714802e-15,0.0703858165467323,4.03709322942151e-16,0.0465686810397708,1.65820920258179e-15,0.0307898685326895,1.54010934004132e-15,0.0202662994289257,1.78494700192172e-15,0.0134776376599287,5.70847187084253e-16,0.00953497754330102,4.62351952408324e-16,0.00772232249805777,1.00580633324187e-15,0.00716528632709482,2.62472118226949e-16,0.00706052709879057,1.00991612171039e-15,0.00697599385995811,1.03347614747899e-15,0.00676601244074447,5.37283733059711e-16,0.00641284052896829,5.05461861840094e-16,0.00594290126620716,2.93994747006789e-16,0.00539321004562035,1.84346611074605e-16,0.00479914679856775,3.26407437651457e-16,0.00419056162216042,1.85164349049512e-15,,
doe_0116,doe,M041,1400,0,230,400,0.0015,0.0002,0.15,0.1,1,0.25,0,0,0,0,0,600,0.5,0.1,1,6.29650568906831,6.08698694504526,0.38326747928762,6.0990446506361,2.94875235340442e-15,1400.00276104935,3.44408366678317,0.00276104935028343,3.44408366678317,28,8.90533187499932,0,8.51766025446746e-14,-0.281575406204869,1.09520506439342,False,True,False,data/doe_003.npz,False,6.08698694504526,2.99287266755004e-15,0.315984582497831,2.13835944290672e-15,0.169772457740857,5.36974904794586e-15,0.103548957282222,4.81381586566382e-15,0.0655292066360679,1.95172170299752e-15,0.0415609564368316,9.94595247540802e-16,0.0259674641638703,2.03828608119765e-15,0.0159853839521176,1.93397589453992e-15,0.010196399130337,7.54038409633022e-16,0.00772218061180139,1.51705052926006e-16,0.00727798295504737,9.27299636649414e-16,0.00743324191316365,2.24330332501683e-16,0.00749358840801418,8.88036792016596e-16,0.00729821623035017,1.0238274772207e-15,0.00687053419063878,3.47181754283007e-16,0.00627775971089198,6.59153561747751e-16,0.00558742115325105,9.6780880317399e-16,0.00485549275307314,4.92873980095293e-16,0.00412467537339155,4.98652504010524e-16,0.0034260046431742,1.70447023163755e-15,,
doe_0117,doe,M042,1400,700,230,400,0.0015,0.0002,0.15,0.1,1,0.25,0,0,0,0,0,600,0.5,0.1,1,5.73007719259493,6.80545840042048,0.389958019654029,6.81662594925158,5.08038056068472e-15,1398.28075123903,703.445455186584,-1.71924876096682,3.44545518658413,31.3049516849971,9.92253067280083,0,8.66473775832582e-14,-0.281575406204869,1.114378355696,False,True,False,data/doe_003.npz,False,6.80545840042048,1.95699748510564e-15,0.318231102516212,4.17472179773379e-15,0.173231518862203,4.30166112665007e-15,0.107881844856387,3.92787795958234e-15,0.0703674442830763,1.99613480782692e-15,0.0465494858215306,6.86174859925394e-16,0.0307710168596643,1.56690211833154e-15,0.0202489593315529,1.01610948023964e-15,0.0134631856628663,9.46363395606846e-16,0.00952502781984645,3.2255341844145e-16,0.00771760796511707,1.09574686567582e-15,0.00716441273598808,2.30302601444072e-16,0.00706137074433542,9.12216207728835e-16,0.00697712494931035,9.55504315331856e-16,0.00676672264722646,2.44475305482393e-16,0.00641284870455381,3.14679161237842e-16,0.00594215254067442,5.37856716747089e-16,0.00539176639293848,2.833835383509e-16,0.00479712772778461,2.71352783933213e-16,0.00418811103843995,1.91321665158139e-15,,
doe_0118,doe,M030,350,-700,230,400,0.0015,0.0002,0.15,0.1,1,0.25,0,0,0,0,0,600,0.5,0.3,1,9.92684706614848,3.4027292642365,0.337783730135837,3.41945395343262,-1.22568621918617e-15,351.722770923359,-699.140370305616,1.72277092335941,0.859629694384239,20,5.09950542219531,0,8.8158894593976e-14,-0.281575406204869,0.965100793951417,False,True,False,data/doe_003.npz,False,3.4027292642365,3.71980482929838e-15,0.296421433708978,6.02840286444559e-16,0.14099032724848,5.19000251623268e-15,0.0698655433864247,4.02962645436407e-15,0.0314165565854121,6.97631794598579e-16,0.011503281643678,8.73626970354989e-16,0.00704664150555768,2.05937896818549e-15,0.00907960889922299,1.38140007649777e-15,0.00933989598319802,3.12378858516406e-16,0.00806872142185947,6.41724861583432e-16,0.00617768369052275,1.21129819274867e-15,0.00428953190925915,5.59494514476388e-16,0.00273280731890619,6.73655685246792e-16,0.00162310079779326,6.96483348432475e-16,0.000944688472481273,4.86836682229681e-16,0.000611159819551335,3.88783294806383e-16,0.000497931092721028,8.1320644181319e-16,0.000487574129341602,1.94429754709029e-16,0.000510150007121179,1.44920564970737e-17,0.000528334929947507,2.1499215924108e-15,,
doe_0119,doe,M031,350,0,230,400,0.0015,0.0002,0.15,0.1,1,0.25,0,0,0,0,0,600,0.5,0.3,1,15.8604528883788,1.52174667147573,0.241355913909882,1.54076786443205,-8.88178419700125e-18,350.00067537215,0.861016631998538,0.000675372149714804,0.861016631998538,20,2.40403866127264,0,7.57442997179766e-14,-0.281575406204869,0.689588341673247,False,True,False,data/doe_003.npz,False,1.52174667147573,1.15161320100776e-15,0.232253387877911,1.86123704654607e-15,0.0623273795622238,2.6415679108876e-15,0.00499488472660141,2.89380400852865e-15,0.015168704089998,1.55176582464784e-15,0.0117525793675978,1.32894982776656e-15,0.00511187710288223,1.61002990826479e-15,0.00168854087133451,8.58130904431149e-16,0.00143549413039836,3.9773404319e-16,0.000918408155451052,3.0272612201511e-16,0.000636487119330039,1.04729398738878e-15,0.000652008441828341,4.43052185576232e-16,0.000512737928694899,2.96558211969613e-16,0.000321748073957116,3.84779946057267e-16,0.000211287183775774,4.49723309620596e-16,0.000156120234974752,3.52281846709312e-16,0.000110412548346285,5.69325087087845e-16,8.01248170023409e-05,3.49614148695503e-16,6.31488389441221e-05,6.63962549942729e-16,4.83149003743856e-05,1.51440966622032e-15,,
doe_0120,doe,M032,350,700,230,400,0.0015,0.0002,0.15,0.1,1,0.25,0,0,0,0,0,600,0.5,0.3,1,9.92134732681983,3.4027293279994,0.337596595222383,3.4194355356401,3.5704772471945e-15,348.278682040852,700.862431271765,-1.721317959148,0.862431271764535,20,5.09946524806188,0,8.73370089803866e-14,-0.281575406204869,0.964566108528868,False,True,False,data/doe_003.npz,False,3.4027293279994,7.4863177441663e-16,0.29632581595098,1.94995966114989e-15,0.140854592897282,4.02389915785729e-15,0.0697151908423551,4.89443601546032e-15,0.0312771821424425,6.18231659176808e-16,0.0114084814404954,1.19460481266553e-15,0.0070652037468694,1.7036158061308e-15,0.00911124839468306,1.2535484789995e-15,0.0093520209050442,5.51008473481414e-16,0.00806340471428518,7.19001600051421e-16,0.00616185237385276,1.24188240122124e-15,0.00426996116093325,1.71149616944119e-16,0.00271447722446878,8.42639361117924e-16,0.00160871374981413,8.70872313092296e-16,0.000934879284549887,3.99042135921854e-16,0.000605259640565194,2.45913358137545e-16,0.000495037991185271,6.46644748120679e-16,0.000486992610787126,4.234895203933e-16,0.000510983710399969,1.79599961466171e-16,0.000529539466237572,1.77166648122372e-15,,
doe_0121,doe,M035,700,-700,230,400,0.0015,0.0002,0.15,0.1,1,0.25,0,0,0,0,0,600,0.5,0.3,1,8.34465010019304,4.30414979770736,0.359166240406846,4.31910960036186,5.86197757002083e-16,701.723454742909,-698.279323060689,1.72345474290876,1.72067693931137,20,6.37931368020993,0,8.67039786347794e-14,-0.281575406204869,1.02619669846904,False,True,False,data/doe_003.npz,False,4.30414979770736,4.54949833157391e-15,0.306531382304074,1.7042455327574e-15,0.155615451741559,4.60912043891377e-15,0.0865173136061354,3.82739384791096e-15,0.0475732732817662,7.57240601668421e-16,0.0245158813870649,6.29813330209302e-16,0.0117366724542131,2.1922793695368e-15,0.00719077916647933,1.71295399426005e-15,0.00747603586334422,5.97863769770781e-16,0.00794870652966899,3.88215715690568e-16,0.00759709076604372,7.42077180685117e-16,0.0066454265446647,6.22069184496615e-16,0.00541738336577548,9.37325891232716e-16,0.00415648584352302,6.4822248107896e-16,0.00301372685244672,1.41701722615282e-16,0.00206534953511193,6.9926983198341e-16,0.00133556318295537,5.55083033856958e-16,0.000819471095652659,1.87299184778142e-16,0.000506358761727303,2.49169922779389e-16,0.000386204508130912,1.85667232832958e-15,,
doe_0122,doe,M036,700,0,230,400,0.0015,0.0002,0.15,0.1,1,0.25,0,0,0,0,0,600,0.5,0.3,1,10.7238143555304,3.04349341637001,0.326378583894309,3.06094359967403,9.59232693276135e-16,700.001367618251,1.72203829032766,0.00136761825092435,1.72203829032766,20,4.58833419738763,0,8.25806196499113e-14,-0.281575406204869,0.932512712165108,False,True,False,data/doe_003.npz,False,3.04349341637001,1.83223286572944e-15,0.290383077831093,9.40781618324636e-16,0.132527937879137,4.29483736561364e-15,0.060735447871368,3.86476906638828e-15,0.0233375309099793,1.79109808542916e-15,0.00729758940254511,1.41605312659034e-15,0.00883227630657302,2.41595121120976e-15,0.0102947760671113,1.78625768919071e-15,0.00917972477540631,5.43793945753953e-16,0.0069382736814915,4.18520014217308e-16,0.00461682755071361,1.39720768419774e-15,0.00275530009089838,3.91191136598703e-16,0.00153028682501152,6.01099328654662e-16,0.000889620574736492,7.63311102455169e-16,0.000632516258695232,3.8023176020257e-16,0.000544764839959402,2.94409665939758e-16,0.000532572326314345,6.92430006214347e-16,0.00055022403011377,2.84370572123765e-16,0.000554516139583895,4.30103874839756e-16,0.000524240995686787,1.64889857617022e-15,,
doe_0123,doe,M037,700,700,230,400,0.0015,0.0002,0.15,0.1,1,0.25,0,0,0,0,0,600,0.5,0.3,1,8.34230732116369,4.30414988186782,0.359065410708918,4.31910130062841,3.07309733216243e-15,698.279379640899,701.723425748102,-1.72062035910142,1.72342574810204,20,6.37929094674775,0,8.47120559127849e-14,-0.281575406204869,1.02590861472802,False,True,False,data/doe_003.npz,False,4.30414988186782,5.92184685388735e-16,0.306486748335277,2.5966004268955e-15,0.155551182638183,3.94066399841337e-15,0.0864415452921827,4.70007460823205e-15,0.0474957690148062,1.1675284932494e-15,0.0244460529537043,1.27705307355831e-15,0.0116873590523164,2.24136137949473e-15,0.00718242166587996,1.47946578168909e-15,0.00748879982923057,4.83460139200502e-16,0.00795947413541922,4.30909005190373e-16,0.00760106383035281,1.36131219843577e-15,0.00664311104846919,2.70144800181893e-16,0.00541063986169566,9.36629347317717e-16,0.00414733981102525,7.66380408995186e-16,0.0030038964686707,3.43865767681038e-16,0.00205606145001308,5.1614649338464e-16,0.00132754240939943,9.26038099144519e-16,0.000813092993792119,3.79973371425371e-16,0.000502026085042708,1.06242661502914e-16,0.000384405462574588,1.88678916431176e-15,,
doe_0124,doe,M040,1400,-700,230,400,0.0015,0.0002,0.15,0.1,1,0.25,0,0,0,0,0,600,0.5,0.3,1,5.75286252582164,6.80545832382097,0.391508661621506,6.81671174270242,1.4210854715202e-16,1401.72482168305,-696.557274624924,1.72482168304623,3.44272537507584,31.3049516849971,9.92256729673007,0,8.30500749943949e-14,-0.281575406204869,1.11865803654131,False,True,False,data/doe_003.npz,False,6.80545832382097,4.25885990378692e-15,0.318723627536273,1.4303482344712e-15,0.174012194351595,4.10782268239786e-15,0.108909197246191,3.85030265418643e-15,0.0715911532627737,5.06161784638084e-16,0.047914623873313,1.5764073602518e-15,0.0322125792754211,1.42299578613987e-15,0.0216755206086241,1.76402599413701e-15,0.0147262045488517,5.59714170168571e-16,0.0103967995047356,4.64933628399412e-16,0.00798272476784734,9.2076961355773e-16,0.00681214959641509,2.52067697115746e-16,0.00625637838935118,1.02379969953513e-15,0.0058923938314579,1.04501716133983e-15,0.00552421655975669,5.20871897258687e-16,0.00509252274644533,5.04721708316867e-16,0.004598291697912,4.5139638549599e-16,0.00406349420831841,3.34595896200751e-16,0.003514049856802,2.79616227750614e-16,0.00297313232405208,1.84309700874821e-15,,
doe_0125,doe,M041,1400,0,230,400,0.0015,0.0002,0.15,0.1,1,0.25,0,0,0,0,0,600,0.5,0.3,1,6.32016619919605,6.08698694468032,0.384707691427162,6.09913253495082,2.62900812231237e-15,1400.0027609651,3.44408379502071,0.00276096509855961,3.44408379502071,28,8.90549050026508,0,8.51792326871373e-14,-0.281575406204869,1.09919307764147,False,True,False,data/doe_003.npz,False,6.08698694468032,3.14874553324413e-15,0.316477226062925,1.94038099924816e-15,0.170559012672518,5.24447702127258e-15,0.104590299813489,4.69680028500593e-15,0.0667786626272453,1.64216059815485e-15,0.042964416303847,8.68361170708583e-16,0.027450518355168,2.0358576267801e-15,0.0174142234983818,1.9997964019246e-15,0.0112991338281345,7.26369237776386e-16,0.00811737874448345,3.14797527509553e-16,0.00687735372846889,1.04845554671837e-15,0.00648898532632149,1.86053232581296e-16,0.00624549450689969,9.18404641063955e-16,0.00589164896727553,1.03474417895661e-15,0.00539290799601473,3.35202218970204e-16,0.00478717651634232,6.51266882384089e-16,0.00412649800731506,9.45243262382884e-16,0.00345743304770741,4.17774320270251e-16,0.00281564804120902,5.17536182045504e-16,0.00222564228116872,1.69260061075746e-15,,
doe_0126,doe,M042,1400,700,230,400,0.0015,0.0002,0.15,0.1,1,0.25,0,0,0,0,0,600,0.5,0.3,1,5.75243506891605,6.80545839972473,0.391479575586258,6.81671014489226,3.69482222595252e-15,1398.28075108974,703.445455127265,-1.71924891025583,3.4454551272654,31.3049516849971,9.92268460889652,0,8.72461228945583e-14,-0.281575406204869,1.11857478230927,False,True,False,data/doe_003.npz,False,6.80545839972473,2.0432220156611e-15,0.318713269484605,3.94296927970581e-15,0.173998496580172,4.19177943288081e-15,0.108891928961912,4.05600190894085e-15,0.0715717186575147,2.17076724907912e-15,0.0478943690805531,6.01612779923538e-16,0.0321927438162836,1.41836535434412e-15,0.0216572792777994,1.02391124183852e-15,0.0147107668488478,1.14973480115424e-15,0.0103853957599664,2.54320651352155e-16,0.00797606080622217,9.42285212444795e-16,0.00680956052387235,2.03518240761593e-16,0.00625619484883028,9.01767077697269e-16,0.00589310209683242,1.14898037817425e-15,0.00552489721099957,1.55085127777889e-16,0.00509273268729801,3.22831949145449e-16,0.00459787567376581,5.52958477613476e-16,0.00406245547682434,2.27140492311972e-16,0.00351247323777746,1.61414471494738e-16,0.00297113900749283,1.93903531653714e-15,,
doe_0127,doe,M030,350,-700,230,400,0.0015,0.0002,0.15,0.1,1,0.25,0,0,0,0,0,600,0.5,0.6,1,10.218062928197,3.40272926664429,0.347693017741888,3.42044700631248,-9.2370555648813e-16,351.722771496752,-699.140370637075,1.72277149675165,0.85962936292492,20,5.10221081501413,0,8.76608356890499e-14,-0.281575406204869,0.99341201725973,False,True,False,data/doe_003.npz,False,3.40272926664429,3.37213690513189e-15,0.3018371942604,9.87443463545824e-16,0.148211306689956,5.36717853688126e-15,0.077210703112066,4.03704217447982e-15,0.037585070734321,7.93374628933644e-16,0.0152774958220232,7.83502222393371e-16,0.00566230765977558,2.22320279340476e-15,0.00635671419756945,1.37091174043549e-15,0.00716746575382064,3.22701269989474e-16,0.00636067682809704,6.58880525798809e-16,0.00479758762201774,1.10468334138502e-15,0.00321292509179719,4.83460824115936e-16,0.00206779749802257,6.83774089603874e-16,0.0015371222765628,7.78701690178599e-16,0.00138832995504555,4.63581491632533e-16,0.00127843798615553,3.98244396306551e-16,0.00109979854195871,8.24722377044799e-16,0.000885042507469694,1.98853823776634e-16,0.000691717072497149,6.87857522156636e-17,0.000554475564350667,2.03775574789509e-15,,
doe_0128,doe,M031,350,0,230,400,0.0015,0.0002,0.15,0.1,1,0.25,0,0,0,0,0,600,0.5,0.6,1,17.5357782082419,1.52174666171752,0.266850119490109,1.54496663254913,-2.48689957516035e-16,350.000673128716,0.861016240600427,0.000673128715561688,0.861016240600427,20,2.42136373976473,0,7.47608701825095e-14,-0.281575406204869,0.76242895014207,False,True,False,data/doe_003.npz,False,1.52174666171752,1.21134592107145e-15,0.254682541853772,1.8346267377615e-15,0.0771877717044417,2.51801834222391e-15,0.0072540604726568,2.6354754531722e-15,0.0137681880421555,1.59381816259397e-15,0.0107614746126671,1.30311897024178e-15,0.0036566374787175,1.46230493346738e-15,0.00242083654772002,7.98989295757572e-16,0.00256176812435383,4.8641843821104e-16,0.00143325652334426,2.25099634302097e-16,0.000832001160226993,9.42299565975568e-16,0.000802394165794371,4.06921106166567e-16,0.000575045951589952,3.55121598317429e-16,0.000361273826701919,3.8389976177903e-16,0.00029564922187962,4.97596101077638e-16,0.000233523534993255,3.6124328026936e-16,0.00016193570075171,4.78019581612684e-16,0.00012212242602397,3.55023108352679e-16,9.72597394478146e-05,7.30385642002144e-16,7.20440766418774e-05,1.42524828417984e-15,,
doe_0129,doe,M032,350,700,230,400,0.0015,0.0002,0.15,0.1,1,0.25,0,0,0,0,0,600,0.5,0.6,1,10.2117423116751,3.40272932884087,0.347477950625022,3.42042521189541,3.71258579434652e-15,348.278682692775,700.862431163922,-1.72131730722481,0.862431163922338,20,5.10220764916421,0,8.7760533208174e-14,-0.281575406204869,0.992797510299365,False,True,False,data/doe_004.npz,False,3.40272932884087,8.538065947109e-16,0.301730708728379,2.07638147503539e-15,0.1480609754939,4.08362825729952e-15,0.0770456604811486,4.87259185133058e-15,0.0374329567534308,6.07568111085142e-16,0.0151624501037559,1.2508276601077e-15,0.00563595648699079,1.65833647641007e-15,0.00638499047566316,1.36821699402438e-15,0.00717733715491518,5.90782926685256e-16,0.00635184106384629,6.87416189110237e-16,0.00477857076938411,1.15535978075631e-15,0.00319272450046749,2.69532251674432e-16,0.00205407246418751,9.13632808593193e-16,0.00153251294293198,8.04103683116857e-16,0.00138721446059468,3.70023261777636e-16,0.00127609609851988,3.45912548757292e-16,0.00109560934390455,5.8575827928099e-16,0.00088017586481867,5.19530993633457e-16,0.000687560026258161,1.49557951963884e-16,0.000551705932192865,1.74110382248146e-15,,
doe_0130,doe,M035,700,-700,230,400,0.0015,0.0002,0.15,0.1,1,0.25,0,0,0,0,0,600,0.5,0.6,1,8.53004292192885,4.30414979891758,0.367145825271784,4.31978055627636,1.04805053524615e-15,701.723455262758,-698.279322932895,1.72345526275751,1.72067706710493,20,6.38105093760296,0,8.68265375011409e-14,-0.281575406204869,1.04899782245673,False,True,False,data/doe_004.npz,False,4.30414979891758,4.74938685348504e-15,0.310249368670711,1.70823888528585e-15,0.160907141017343,4.54220058887112e-15,0.0924273324668749,3.69982418447073e-15,0.0532230329646368,7.19419656574275e-16,0.0291906538819052,7.84536630167987e-16,0.0146411015717175,2.19327891266129e-15,0.007039369100351,1.71333883234395e-15,0.00524034107857533,4.05035802651031e-16,0.00567491721196725,3.12501098091385e-16,0.0056937338910553,8.53378084841432e-16,0.00509491792144091,6.57960339156183e-16,0.00416302061043323,8.76088922848429e-16,0.00317083637415259,6.76975363513379e-16,0.00231041318382711,1.02907109463466e-16,0.00169165155451226,7.40060096629038e-16,0.00133439399739769,6.36108969641884e-16,0.00116006739597269,1.84047681483598e-16,0.00105441841263161,1.61165382761453e-16,0.000949156433340417,1.93484305794304e-15,,
doe_0131,doe,M036,700,0,230,400,0.0015,0.0002,0.15,0.1,1,0.25,0,0,0,0,0,600,0.5,0.6,1,11.0905253481285,3.04349341316667,0.33753940845587,3.06215373567119,1.29674049276218e-15,700.001366881011,1.72203848050425,0.00136688101088112,1.72203848050425,20,4.59181987562067,0,8.20855872354093e-14,-0.281575406204869,0.964400394857491,False,True,False,data/doe_004.npz,False,3.04349341316667,1.79955551200796e-15,0.296971048156631,6.96751060567553e-16,0.140923646538562,3.96270644553112e-15,0.0687451166163079,4.02467955819484e-15,0.029434725448935,1.81883812191852e-15,0.00916337475444413,1.27353706545589e-15,0.00583503480107736,2.43803349610546e-15,0.00786504636352679,1.68199001023438e-15,0.0073454451148952,5.2500084341864e-16,0.00546571681532476,5.01707461901524e-16,0.00345222569850331,1.43843216703379e-15,0.00207130885538088,4.2362062370832e-16,0.00158540816428887,5.72208622414723e-16,0.00150293924448878,7.02350297538522e-16,0.00135279514855249,3.73718564773415e-16,0.00109453640415473,2.33758685209366e-16,0.00082658460941209,6.50188780161591e-16,0.000632204440721782,2.07883539279798e-16,0.000524565309268463,4.58609867373857e-16,0.00045848697093265,1.66049682104365e-15,,
doe_0132,doe,M037,700,700,230,400,0.0015,0.0002,0.15,0.1,1,0.25,0,0,0,0,0,600,0.5,0.6,1,8.52735060433764,4.30414988066014,0.36702995086007,4.31977078917462,2.70006239588838e-15,698.279379768631,701.723425229137,-1.72062023136925,1.72342522913686,20,6.38102599198956,0,8.43673612757289e-14,-0.281575406204869,1.0486666979674,False,True,False,data/doe_004.npz,False,4.30414988066014,3.93108634285541e-16,0.310199645992644,2.59222119426809e-15,0.160835573733831,4.05983622717315e-15,0.0923435813654553,4.73503486065455e-15,0.0531380368518251,1.14844480804491e-15,0.0291138975950479,1.07429979564494e-15,0.0145811750961767,2.33500037825403e-15,0.00700937181706765,1.52932975877084e-15,0.00524538126604742,5.85242271734539e-16,0.00568484337079846,4.11342019737905e-16,0.00569712756680663,1.51439061747226e-15,0.00509161825767845,2.4372892460444e-16,0.00415531535006561,1.02003026910132e-15,0.0031613985550926,6.73906831914909e-16,0.00230167177804404,3.33751162854639e-16,0.00168539570520687,5.45752976982988e-16,0.00133107201532038,8.9938459502006e-16,0.00115852301719619,2.89438013359262e-16,0.00105320479099477,6.38597651329725e-17,0.000947569556585516,1.91153379968891e-15,,
doe_0133,doe,M040,1400,-700,230,400,0.0015,0.0002,0.15,0.1,1,0.25,0,0,0,0,0,600,0.5,0.6,1,5.84138655742844,6.80545832419503,0.397533127720923,6.81706027976133,-5.6843418860808e-16,1401.72482195564,-696.557274269704,1.72482195563612,3.44272573029582,31.3049516849971,9.92342648663356,0,8.21463699070296e-14,-0.281575406204869,1.13586380163812,False,True,False,data/doe_004.npz,False,6.80545832419503,4.28973744289681e-15,0.320827988669593,1.1854859655203e-15,0.177194245920756,4.25146618414238e-15,0.112794282168731,3.9467705411949e-15,0.075780547360108,1.67284444992971e-16,0.0520430067274491,1.63296190702623e-15,0.0359686985478238,1.32027816043644e-15,0.0247967448609591,2.03819108891457e-15,0.0169811151159752,5.36586068799503e-16,0.0115855027989053,6.16791537066846e-16,0.00801319148135109,8.62388597247625e-16,0.00584637635972149,2.98605133960201e-16,0.00470328264388655,1.1385988306337e-15,0.00416664869691496,1.10755086500806e-15,0.00387801534754175,5.20106665207455e-16,0.00363336518472275,4.28046837882896e-16,0.00335639591556572,4.44406416536528e-16,0.00303632588670967,3.7717278353753e-16,0.00268792686249348,2.91980301214685e-16,0.00233268349291076,1.84777410202349e-15,,
doe_0134,doe,M041,1400,0,230,400,0.0015,0.0002,0.15,0.1,1,0.25,0,0,0,0,0,600,0.5,0.6,1,6.42439561900182,6.08698694326518,0.391052122512341,6.09953611472738,3.5527136788005e-15,1400.00276063882,3.44408411745993,0.00276063882301969,3.44408411745993,28,8.90644097459389,0,8.48681130659205e-14,-0.281575406204869,1.11732467421728,False,True,False,data/doe_004.npz,False,6.08698694326518,3.15240538404473e-15,0.318845041313943,2.13971601081711e-15,0.174105560167632,5.32070370543994e-15,0.108859431859269,4.77363934191339e-15,0.071294118221812,2.01995770656457e-15,0.0472986230901984,7.70892989772067e-16,0.0312407375345124,2.33783674027709e-15,0.0203367668434593,1.83282860487854e-15,0.0130288571129945,6.96208291599315e-16,0.00839170532354008,1.63835503664155e-16,0.00582775493847895,1.11651242288312e-15,0.00474143754517056,1.09177046422853e-16,0.00438438026060957,8.41437747118193e-16,0.00418952879803776,9.97050950888427e-16,0.00392962225074551,4.17136002596892e-16,0.00356842860274119,6.17026794798627e-16,0.00313618584556256,1.04429146935194e-15,0.00267724802567488,4.34450240175166e-16,0.00223183139731308,4.95064907536309e-16,0.00183046966735295,1.52490420302752e-15,,
doe_0135,doe,M042,1400,700,230,400,0.0015,0.0002,0.15,0.1,1,0.25,0,0,0,0,0,600,0.5,0.6,1,5.84089187310893,6.80545839778723,0.397499466484163,6.81705838789219,4.15667500419659e-15,1398.28075070983,703.44545489087,-1.71924929016905,3.44545489087,31.3049516849971,9.92350822061785,0,8.60990685598136e-14,-0.281575406204869,1.13576750969126,False,True,False,data/doe_004.npz,False,6.80545839778723,1.95362888374e-15,0.320816480471891,4.03976958846462e-15,0.177178658764425,4.29690623662334e-15,0.112774757797447,3.72327843635469e-15,0.0757587390181805,2.20310345381153e-15,0.0520204463474673,5.86711049543618e-16,0.0359467001274767,1.32754942457774e-15,0.0247763924473343,8.43979630020352e-16,0.0169633090398797,1.29889996614869e-15,0.0115710351076919,3.84442230168679e-16,0.00800277361977933,1.17191130458787e-15,0.00584038713333422,2.7999325127527e-16,0.00470113164203617,9.74716201035593e-16,0.00416673913480583,1.21576156695836e-15,0.00387877687613288,2.77989024565622e-16,0.00363388054179186,2.41244721783746e-16,0.0033563010322156,5.44262106643895e-16,0.00303557005969122,1.01560760121078e-16,0.002686612176736,3.9307095245209e-16,0.00233097685946956,1.88485937006738e-15,,
doe_0136,doe,M030,350,-700,230,400,0.0015,0.0002,0.15,0.1,1,0.25,0,0,0,0,0,600,1,0.1,1,0.821587060453142,3.40272921576258,0.027956382938964,3.40285413295583,-1.45661260830821e-15,351.722740794797,-699.140372982307,1.72274079479712,0.859627017692787,20,4.81062698678067,0,8.94778560651448e-14,-0.281575406204869,0.0833058966156794,True,True,True,data/doe_004.npz,False,3.40272921576258,3.12391426496191e-15,0.0038364522574836,5.10213870345853e-16,0.0052377060274123,4.88043889872996e-15,0.00643771466955452,4.20188526819683e-15,0.00731707846340444,1.06103133967205e-15,0.00787362493480373,1.01379850450699e-15,0.00814850084767112,1.97866062572834e-15,0.00819573429650448,1.5768325819748e-15,0.0080684440389937,3.04069150344728e-16,0.00781333827472542,8.14869003498996e-16,0.00746921562088752,1.32305276784532e-15,0.00706721053242513,2.29086215763821e-16,0.00663168768746516,8.58917276625032e-16,0.00618129713383002,7.61750070798853e-16,0.00572999069295879,1.41168498935111e-16,0.00528792784647046,6.14467140206095e-16,0.00486225285483244,4.687521234424e-16,0.00445774630339768,2.32328116146324e-16,0.0040773624076979,2.67046401795338e-16,0.00372266608778653,2.13407845591414e-15,,
doe_0137,doe,M031,350,0,230,400,0.0015,0.0002,0.15,0.1,1,0.25,0,0,0,0,0,600,1,0.1,1,2.92349183892307,1.52174677429224,0.0444881427555087,1.52239752475244,4.61852778244065e-16,350.000699003123,0.861023499583533,0.000699003122690556,0.861023499583533,20,2.14617220394176,0,8.34798828854364e-14,-0.281575406204869,0.127166235523662,True,True,True,data/doe_004.npz,False,1.52174677429224,1.38743990805483e-15,0.0115366602650037,1.27359151416458e-15,0.016286264399601,3.94122726749653e-15,0.0184000678204851,3.90295030699563e-15,0.0182779173983724,1.31401765250202e-15,0.016720603050707,1.18855314852134e-15,0.014486066283799,2.24943615851596e-15,0.0121092322369849,1.65921521852192e-15,0.00989342996408896,5.57114210356283e-16,0.00797155056601256,4.27383406363585e-16,0.00637398948545748,1.22722143045195e-15,0.00507939065182035,2.52299687971084e-16,0.00404574744622437,7.55000834740652e-16,0.00322695068559982,7.64004581611576e-16,0.00258044992800546,2.31451860252369e-16,0.0020700891339098,5.38346387952441e-16,0.00166653961167849,7.61346782080847e-16,0.00134665201498234,3.58124375840597e-16,0.00109242109751203,3.31829509321518e-16,0.000889915348650131,1.90947770144054e-15,,
doe_0138,doe,M032,350,700,230,400,0.0015,0.0002,0.15,0.1,1,0.25,0,0,0,0,0,600,1,0.1,1,0.823168618399051,3.4027292242387,0.0280101991430264,3.40285459126257,2.70006239588838e-15,348.278654790749,700.862418163984,-1.72134520925147,0.862418163983762,20,4.810661157371,0,8.91379501694331e-14,-0.281575406204869,0.0834557582241127,True,True,True,data/doe_004.npz,False,3.4027292242387,1.03299389440387e-15,0.00383996543930001,1.68614007496446e-15,0.00524672831588191,3.90523944321605e-15,0.006452552077988,4.7736268294456e-15,0.00733541252965125,7.28780333219426e-16,0.00789362329148964,1.17658863263808e-15,0.00816877431576558,1.87141025895017e-15,0.00821529062764071,1.22806756887556e-15,0.00808662755663706,6.19794830350973e-16,0.00782976369655996,5.55619425242181e-16,0.0074837044173612,1.2943492640794e-15,0.00707973461540107,6.8269178486273e-17,0.00664232237883864,9.33901481119519e-16,0.00619018363956518,9.30007396963449e-16,0.00573730736835127,1.68066102059386e-16,0.00529386908210654,4.86517836548915e-16,0.00486701425256865,8.85329821973039e-16,0.0044615148320624,1.46525868171251e-16,0.00408031035357396,2.1360545976035e-16,0.00372494779152368,2.00630313007586e-15,,
doe_0139,doe,M035,700,-700,230,400,0.0015,0.0002,0.15,0.1,1,0.25,0,0,0,0,0,600,1,0.1,1,0.563472752005812,4.30414983292249,0.0242527115140219,4.30423046245311,-8.88178419700125e-17,701.72343925436,-698.279350108308,1.72343925436007,1.72064989169189,20,6.08590616976359,0,8.97398540289258e-14,-0.281575406204869,0.0752730898954269,True,True,True,data/doe_004.npz,False,4.30414983292249,3.59830848329986e-15,0.00385158978306984,9.11555018755762e-16,0.00455678246714842,4.48607805253362e-15,0.00525016828980324,4.15673208519695e-15,0.00581495412099577,7.87948590837856e-16,0.0062191984967785,7.08095220132766e-16,0.00646938576186502,2.16027779797112e-15,0.00658647213907209,1.67136313525632e-15,0.00659463901759223,6.98786381540436e-16,0.0065166222638096,6.06670121349741e-16,0.00637216373046362,8.20547584800774e-16,0.00617779834690005,4.20159663572346e-16,0.00594713448112474,1.11435726726065e-15,0.00569126541806844,6.49280808921912e-16,0.0054191731557308,8.57396230572338e-18,0.00513808148465532,8.27569398336701e-16,0.00485375253871624,7.1559757115929e-16,0.00457073321676181,2.53485732271686e-16,0.00429256028823419,2.62398763544341e-16,0.00402193210116144,1.87456565420769e-15,,
doe_0140,doe,M036,700,0,230,400,0.0015,0.0002,0.15,0.1,1,0.25,0,0,0,0,0,600,1,0.1,1,0.991503856444594,3.04349354092526,0.0301763558289161,3.04365155427539,1.29674049276218e-15,700.001396246633,1.72204618086606,0.00139624663279392,1.72204618086606,20,4.30233501664179,0,8.6475148682526e-14,-0.281575406204869,0.0886105991384248,True,True,True,data/doe_004.npz,False,3.04349354092526,2.01700956101345e-15,0.00430666348309038,1.31952305035374e-15,0.0060359732478846,4.50067704953252e-15,0.00745160169075222,4.51604876211139e-15,0.00843487512618888,1.17372099744089e-15,0.00899960593199735,1.14429471444103e-15,0.00920931986003804,2.29646736047466e-15,0.00914115349054335,1.61897064081752e-15,0.00886882052092234,6.54195903437036e-16,0.00845571613695803,5.02821386911229e-16,0.0079531654396103,9.81349722876295e-16,0.00740101927520352,2.34841298714872e-16,0.00682916311720617,8.62198794664396e-16,0.00625925511523801,8.30480193886299e-16,0.00570638802526646,1.32719653195531e-16,0.0051805523656514,5.9812282309234e-16,0.00468786488895486,8.58016935876896e-16,0.00423156726657128,3.55540870636269e-16,0.00381281822804269,2.50133394839237e-16,0.00343130928121689,2.01624286939506e-15,,
doe_0141,doe,M037,700,700,230,400,0.0015,0.0002,0.15,0.1,1,0.25,0,0,0,0,0,600,1,0.1,1,0.56405838777888,4.3041498466555,0.0242779182326321,4.30423062697931,2.57571741713036e-15,698.279352596433,701.723441234422,-1.72064740356689,1.72344123442235,20,6.08590238581385,0,8.65733765837184e-14,-0.281575406204869,0.0753434455875352,True,True,True,data/doe_004.npz,False,4.3041498466555,4.15697247337331e-16,0.00385367263694122,2.41056966092583e-15,0.00455634493101132,4.37249609292683e-15,0.00525324350897878,4.92432128412401e-15,0.00582056037042405,7.88214323476057e-16,0.0062264684201281,1.28620182970588e-15,0.00647762441688456,2.26005167262399e-15,0.00659514692746845,1.26156957125463e-15,0.00660335457242376,6.24533965798811e-16,0.00652509444340091,4.92945834946742e-16,0.00638019664274003,1.18427889238942e-15,0.00618526513940065,3.82493485911174e-16,0.00595396161390484,1.02019743621046e-15,0.00569741989070706,7.23573315696155e-16,0.00542465217665286,2.45130745906366e-16,0.00514290415500532,5.5952089253513e-16,0.00485795320568225,8.91410148593248e-16,0.0045743562159178,3.10957779378588e-16,0.00429565584152956,1.20813142320328e-16,0.00402455317223053,1.7842522432276e-15,,
doe_0142,doe,M040,1400,-700,230,400,0.0015,0.0002,0.15,0.1,1,0.25,0,0,0,0,0,600,1,0.1,1,0.311481043939373,6.80545843426843,0.0211977129759194,6.80550263893003,1.52766688188422e-15,1401.72483558092,-696.557303741056,1.72483558092267,3.44269625894447,31.3049516849971,9.62383203539301,0,8.61032662278355e-14,-0.281575406204869,0.0700826292664881,True,True,True,data/doe_004.npz,False,6.80545843426843,4.80908358321714e-15,0.00577185663966323,2.03804036695405e-15,0.00569936095845519,5.76758012263314e-15,0.00561773759839707,4.46017157519716e-15,0.00552434521588617,1.26320928527467e-15,0.00542347741109207,1.43279541135146e-15,0.00531794548334446,1.92196449922717e-15,0.00520903427632388,1.60385880203179e-15,0.00509716242868815,3.75061970944003e-16,0.00498238219739348,7.7875493481304e-16,0.00486466387827157,1.26740188245182e-15,0.00474402969225401,3.05831850802376e-16,0.00462060164310748,7.10271643272521e-16,0.00449460613240018,8.68258677897147e-16,0.00436635958090339,3.47661819876958e-16,0.0042362475615539,6.57289896123738e-16,0.00410470339418535,6.86655935301102e-16,0.00397218875404144,8.90023240287454e-17,0.00383917717937761,4.35432070151227e-17,0.00370614059218749,1.98190419589861e-15,,
doe_0143,doe,M041,1400,0,230,400,0.0015,0.0002,0.15,0.1,1,0.25,0,0,0,0,0,600,1,0.1,1,0.349212845066922,6.08698707933124,0.0212565407585886,6.0870361207537,2.77111666946439e-15,1400.00279191428,3.4440921795638,0.00279191427807746,3.4440921795638,28,8.60764880151901,0,8.7864028350345e-14,-0.281575406204869,0.0698120751377124,True,True,True,data/doe_004.npz,False,6.08698707933124,3.59215721732329e-15,0.00515161627207643,2.35366547321036e-15,0.00519556316918418,4.94458537685743e-15,0.0052557481012606,4.61526765651349e-15,0.00530305711157156,1.23133952116902e-15,0.00532737409070323,1.45342832233224e-15,0.00532524636853903,2.19812681954573e-15,0.00529701152700421,1.7068083307392e-15,0.00524486423725316,6.54600054022251e-16,0.00517169493417205,3.71420288182878e-16,0.00508049568483287,1.13141302452587e-15,0.00497409943500207,1.22258526335088e-16,0.00485508880399535,7.28976415389331e-16,0.00472578145920969,7.72352009879525e-16,0.0045882453625484,1.68591005877588e-16,0.0044443225804679,3.47227251168539e-16,0.00429565298779331,7.9995473379688e-16,0.00414369501832192,2.69964965009137e-16,0.00398974306894833,1.66644501085267e-16,0.00383494204887333,2.08527529912615e-15,,
doe_0144,doe,M042,1400,700,230,400,0.0015,0.0002,0.15,0.1,1,0.25,0,0,0,0,0,600,1,0.1,1,0.311518826106623,6.8054584518148,0.0212002842802674,6.8055026701068,4.44089209850063e-15,1398.28074833018,703.445487271237,-1.71925166982237,3.4454872712372,31.3049516849971,9.62376052054442,0,8.85138505518992e-14,-0.281575406204869,0.0700934334624389,True,True,True,data/doe_004.npz,False,6.8054584518148,1.5263502120625e-15,0.00577819361473995,2.90697309693368e-15,0.0056971170800052,4.63413126671021e-15,0.00561605042195387,4.5466646280039e-15,0.00552322942655206,1.18201723646857e-15,0.00542288905816483,8.50919838563024e-16,0.00531781047324955,1.97351528922657e-15,0.00520926916529528,1.25722068071278e-15,0.00509768647174334,8.05313249162376e-16,0.00498312302324267,6.88959187223281e-16,0.00486555937917449,1.08816563107986e-15,0.00474502797207974,1.07258218572694e-16,0.0046216601143298,7.6110470803048e-16,0.00449569033583607,8.18182004055591e-16,0.00436744200008392,5.13989729540731e-16,0.00423730654359031,4.81622906234898e-16,0.00410572221071113,8.27140510098404e-16,0.00397315480068994,3.29651083853154e-16,0.00384008129885956,2.5109008187513e-16,0.00370697650260639,2.10959765452647e-15,,
doe_0145,doe,M030,350,-700,230,400,0.0015,0.0002,0.15,0.1,1,0.25,0,0,0,0,0,600,1,0.3,1,0.686846710295857,3.40272922008049,0.0233715337083987,3.40280951294515,-1.59872115546023e-15,351.722741412813,-699.140373783109,1.72274141281264,0.859626216891343,20,4.81293525879782,0,8.92971812672596e-14,-0.281575406204869,0.0667884995834287,True,True,True,data/doe_004.npz,False,3.40272922008049,3.1593903682101e-15,0.0113443617855663,5.8312125416237e-16,0.0105136772493137,4.92858964453496e-15,0.00946613197122528,4.14891099471789e-15,0.00829777381325714,8.6441805709822e-16,0.00710584353076472,1.01067826293416e-15,0.00595936532337395,2.00122645023547e-15,0.0049013446187592,1.53976739996042e-15,0.00395520692675086,4.36356994420405e-16,0.00313072935636939,6.76729732237845e-16,0.00242852027400682,1.22925866655189e-15,0.00184323648771526,4.15132667398243e-16,0.00136592217543382,9.08365820029134e-16,0.000985780582470928,7.43005117426209e-16,0.000691605908274365,3.87896852422706e-16,0.000473058348393218,5.56029748661292e-16,0.00032178396354866,7.2591890212874e-16,0.000231128256146437,2.97750788686783e-16,0.000190634035877335,1.68913733549103e-16,0.000180075762970948,2.15836773734283e-15,,
doe_0146,doe,M031,350,0,230,400,0.0015,0.0002,0.15,0.1,1,0.25,0,0,0,0,0,600,1,0.3,1,1.43918264120395,1.52174676537862,0.0219007152904116,1.5219043530799,6.12843109593086e-16,350.000696952223,0.861023808535734,0.000696952223279368,0.861023808535734,20,2.15583268449121,0,8.18552918582162e-14,-0.281575406204869,0.0625735148552822,True,True,True,data/doe_004.npz,False,1.52174676537862,1.54795905252975e-15,0.0135709098101004,1.29641854071339e-15,0.0120624164773866,3.79494376208922e-15,0.00947553631731636,3.84119638051784e-15,0.00647108649698027,1.4821222655779e-15,0.00377978243045459,1.0281073617962e-15,0.0017894236652828,2.26015166072852e-15,0.00055262962951496,1.72368956731839e-15,0.000170375862842242,3.96046817194583e-16,0.000378875123946463,3.45172670538731e-16,0.00039747971694103,1.22265730157662e-15,0.000320555878635952,2.88377737818012e-16,0.000221148246516831,5.50011942512512e-16,0.000136537139245275,6.73643766105448e-16,8.07069050198867e-05,3.63872471664357e-16,5.34266533200889e-05,4.38590809087005e-16,4.30938569429994e-05,6.65664343829648e-16,3.6833586521275e-05,2.21478594349254e-16,3.01663516011591e-05,4.62081726498233e-16,2.33218013492923e-05,1.67781012008676e-15,,
doe_0147,doe,M032,350,700,230,400,0.0015,0.0002,0.15,0.1,1,0.25,0,0,0,0,0,600,1,0.3,1,0.684312283064026,3.4027292238336,0.0232852940381025,3.4028089250134,3.33955085807247e-15,348.278655649857,700.862417633026,-1.72134435014345,0.862417633025643,20,4.81290363085788,0,8.9107333582206e-14,-0.281575406204869,0.0665419566654283,True,True,True,data/doe_004.npz,False,3.4027292238336,1.05118796323192e-15,0.0113188386093684,1.64703529643312e-15,0.0104830663213916,3.761302265719e-15,0.0094347415455671,4.90240544388054e-15,0.00826604870871474,5.47464762694834e-16,0.00707446514772077,1.1521950994263e-15,0.00592909066057108,1.82818609542723e-15,0.00487287551333903,1.2734251676013e-15,0.00392910631484058,5.35320371619781e-16,0.00310738298985809,5.0723949199369e-16,0.00240813335223929,1.32685297140131e-15,0.00182585308011472,1.68186805668771e-16,0.00135145733783089,7.97535707336219e-16,0.000974058472152481,8.88103530662961e-16,0.000682401072564408,2.35746100828747e-16,0.000466140432480317,3.05730580096176e-16,0.00031695691856645,8.04954046808267e-16,0.000228183621494922,2.79798043736978e-16,0.000189095261602995,1.5348012036812e-16,0.000179194314344983,1.95440067189686e-15,,
doe_0148,doe,M035,700,-700,230,400,0.0015,0.0002,0.15,0.1,1,0.25,0,0,0,0,0,600,1,0.3,1,0.589927505582544,4.30414983586961,0.0253913637632808,4.30422478887065,1.95399252334028e-16,701.723440157131,-698.27935016206,1.72344015713088,1.7206498379395,20,6.08747636529056,0,8.88493241601559e-14,-0.281575406204869,0.0725750005993216,True,True,True,data/doe_004.npz,False,4.30414983586961,3.87728063016798e-15,0.0116126080806879,1.24986120247743e-15,0.0108576644977973,4.39404335678855e-15,0.00991233883650268,3.77143453229554e-15,0.00886122115800838,6.5309584822898e-16,0.00778940848078561,8.63033851471951e-16,0.00675454720527418,2.09481771416453e-15,0.00579015301685536,1.76552748442029e-15,0.00491283153831155,6.34059400313304e-16,0.00412853680888012,6.78298191175427e-16,0.00343692683020838,8.68322151179261e-16,0.00283410266939686,5.1471289444201e-16,0.00231425121292642,1.06602359544257e-15,0.00187061941464341,5.84927281887395e-16,0.00149610333677403,1.28421086237986e-16,0.00118362085931182,7.94245965729753e-16,0.000926362382316278,4.66995853710441e-16,0.000717967995687409,3.33196215645641e-16,0.000552646589155121,3.92303003943371e-16,0.000425213267779485,1.7200682671894e-15,,
doe_0149,doe,M036,700,0,230,400,0.0015,0.0002,0.15,0.1,1,0.25,0,0,0,0,0,600,1,0.3,1,0.762656514122029,3.04349353725306,0.0232114017187435,3.04358207193211,1.11910480882216e-15,700.001395400373,1.72204685273122,0.00139540037253028,1.72204685273122,20,4.30507212386975,0,8.49796774828222e-14,-0.281575406204869,0.0663274059392676,True,True,True,data/doe_004.npz,False,3.04349353725306,2.11586485400665e-15,0.011655167882992,1.26704971486583e-15,0.0107338675703738,4.50031027429461e-15,0.00957130861045328,4.36529047779827e-15,0.00827206389355063,1.35954199691829e-15,0.00694823270231902,1.01775196594499e-15,0.00568240507958295,2.12533215742177e-15,0.0045278446617583,1.70122258385519e-15,0.00351394214979718,3.86568535152578e-16,0.00265219711063855,3.62451733342883e-16,0.00194150164670503,1.22301910151043e-15,0.00137255104144779,1.82357854807857e-16,0.000931505024173011,7.56187661504331e-16,0.000603191090106723,8.89618438429844e-16,0.000374435555461211,3.57026954854996e-16,0.000237597064078883,5.5129487847764e-16,0.000184756087702176,7.82822341410465e-16,0.000182628242537258,2.92422636703835e-16,0.000190684388882996,2.97751058798364e-16,0.000192297929115501,1.861296578885e-15,,
doe_0150,doe,M037,700,700,230,400,0.0015,0.0002,0.15,0.1,1,0.25,0,0,0,0,0,600,1,0.3,1,0.588830666388046,4.30414984371144,0.0253441542070661,4.3042245179987,2.54019028034236e-15,698.279352542827,701.723440332501,-1.7206474571725,1.72344033250147,20,6.08747151333979,0,8.60056054379348e-14,-0.281575406204869,0.0724399382437298,True,True,True,data/doe_004.npz,False,4.30414984371144,3.90590234901003e-16,0.0116018698957103,2.06137115681584e-15,0.0108404525580468,4.42072650226094e-15,0.00989542027454394,4.64736270830471e-15,0.00884469662267336,8.95687253396e-16,0.00777339005605303,1.13517998037813e-15,0.0067391545155724,2.10386241919832e-15,0.00577550668729298,1.54654253897791e-15,0.00489904469631705,6.19707800268957e-16,0.00411570697742281,5.29849202587176e-16,0.00342512981286921,1.16972306030773e-15,0.0028233890852181,2.72369008328019e-16,0.00230464565523166,9.86663590485889e-16,0.00186212182933054,8.82231510420487e-16,0.0014886920703704,1.77090630837627e-16,0.00117725682373072,5.22388812095087e-16,0.000920993828854873,8.52037897191407e-16,0.000713535361767728,3.81969747643232e-16,0.000549086548372693,1.06143353005815e-16,0.000422460072964814,1.83152060468573e-15,,
doe_0151,doe,M040,1400,-700,230,400,0.0015,0.0002,0.15,0.1,1,0.25,0,0,0,0,0,600,1,0.3,1,0.450862430117343,6.80545843529697,0.0306832552820056,6.80552839326003,1.88293824976427e-15,1401.72483609559,-696.557303236956,1.72483609558776,3.44269676304407,31.3049516849971,9.62461047479959,0,8.56210555730613e-14,-0.281575406204869,0.0881648230904015,True,True,True,data/doe_004.npz,False,6.80545843529697,4.79836715104388e-15,0.012626172732218,2.3113049979725e-15,0.0119510205196316,5.32840595939438e-15,0.0111152276211794,4.39419609025903e-15,0.0101882848310474,1.14339355282848e-15,0.00924369680241986,1.45334216644672e-15,0.00832965688214464,1.92919689991638e-15,0.0074724467067835,1.53640831721534e-15,0.00668349782757008,7.11440257658594e-16,0.0059654026524817,6.01296656377362e-16,0.00531601696714699,1.10806408318058e-15,0.00473095568439244,5.82078623941815e-16,0.00420499702087259,7.98759348345518e-16,0.00373281915127634,9.2345231637461e-16,0.00330935423468977,1.04758427000349e-16,0.00292993381598715,4.24179648600462e-16,0.00259032620225744,9.41428888587335e-16,0.002286721791455,3.01556982623163e-16,0.00201569643882638,2.77280301069017e-16,0.00177416836136487,1.95990368230517e-15,,
doe_0152,doe,M041,1400,0,230,400,0.0015,0.0002,0.15,0.1,1,0.25,0,0,0,0,0,600,1,0.3,1,0.481302792382894,6.08698707740669,0.0292968387755443,6.08705804346084,3.23296944770846e-15,1400.0027914701,3.44409280321386,0.00279147009541703,3.44409280321386,28,8.6085885754393,0,8.7837828629936e-14,-0.281575406204869,0.0839797811074294,True,True,True,data/doe_004.npz,False,6.08698707740669,3.35454299256568e-15,0.0123407659252174,2.2964536743766e-15,0.011649403742724,5.08291902571436e-15,0.0107974887374355,4.57481572726185e-15,0.00985170265608719,1.2962327825578e-15,0.0088871069104055,1.22054263412766e-15,0.00795322512690515,2.10074757864534e-15,0.00707742774341329,1.78069530214366e-15,0.00627199565567595,4.46486609956336e-16,0.00554015134409623,3.70635079186498e-16,0.00488018723588346,1.17242062501083e-15,0.00428798717358548,1.77454770655661e-16,0.00375845454743675,6.98831898747261e-16,0.00328627110733754,6.78295456428118e-16,0.00286627168588695,1.97034259755953e-16,0.00249360908584153,2.23573572948774e-16,0.0021638097912314,7.03238244795352e-16,0.00187277637396698,2.57383075494879e-16,0.00161676647058545,1.0138535347661e-16,0.00139236356425327,1.97792800005041e-15,,
doe_0153,doe,M042,1400,700,230,400,0.0015,0.0002,0.15,0.1,1,0.25,0,0,0,0,0,600,1,0.3,1,0.450651935825795,6.80545844868815,0.0306689302408332,6.80552834035186,3.69482222595252e-15,1398.28074767135,703.445486980675,-1.71925232865124,3.44548698067479,31.3049516849971,9.62458594176297,0,8.89103768677299e-14,-0.281575406204869,0.0881230360422344,True,True,True,data/doe_004.npz,False,6.80545844868815,1.68350559300048e-15,0.0126283070654332,3.43210045736431e-15,0.0119448057036052,4.57515300696994e-15,0.0111093285278167,4.42075564612104e-15,0.0101827339299784,1.66525470205712e-15,0.00923849935582789,8.0259437048044e-16,0.00832480144537609,1.82125637485208e-15,0.00746791389155896,1.04516863321173e-15,0.00667926596089984,7.06350849404302e-16,0.00596145087239294,5.0021891596902e-16,0.00531232661654468,1.11593568098838e-15,0.00472751070919763,1.93644932408629e-16,0.00420178384522938,7.24676653458401e-16,0.00372982631517627,8.97926240668786e-16,0.0033065719546325,3.37775919102514e-16,0.00292735355326691,3.8307201525925e-16,0.00258794027937373,7.38104136213791e-16,0.0022845230724541,3.05743076266383e-16,0.00201367807579169,1.93096361788374e-16,0.0017723236022305,2.06189709792959e-15,,
doe_0154,doe,M030,350,-700,230,400,0.0015,0.0002,0.15,0.1,1,0.25,0,0,0,0,0,600,1,0.6,1,2.31693033566531,3.40272922788898,0.0788388657215097,3.40364282008347,-1.86517468137026e-15,351.722743485161,-699.140374750969,1.72274348516061,0.859625249030614,20,4.82270822758607,0,8.78292914217813e-14,-0.281575406204869,0.225302488293208,True,True,True,data/doe_004.npz,False,3.40272922788898,3.0414893279522e-15,0.0315034748389395,5.77571287473999e-16,0.0348804663864064,5.07807252063693e-15,0.0352207238189798,4.15880613335705e-15,0.0323923788118512,8.989013852418e-16,0.0274912205465222,9.89283033084378e-16,0.0217620823036527,2.03745080083453e-15,0.0161542189233924,1.63926905323414e-15,0.0112383543128907,2.69858910140834e-16,0.00728031980989254,6.08751003626068e-16,0.00436000225789317,1.0683682966083e-15,0.00250434140235151,4.8604132147507e-16,0.00175605291619893,6.3367209875547e-16,0.00176458632643302,7.95008906131152e-16,0.00188846236415381,3.96091680432915e-16,0.00189031082975736,3.71101651952274e-16,0.00176534759488361,8.26160993781154e-16,0.00155908379124805,1.77186550283904e-16,0.00131813058383567,4.94317172731359e-17,0.0010790495610031,2.0815482359304e-15,,
doe_0155,doe,M031,350,0,230,400,0.0015,0.0002,0.15,0.1,1,0.25,0,0,0,0,0,600,1,0.6,1,7.31132505987072,1.52174673506868,0.111259850388841,1.52580860389329,5.06261699229071e-16,350.000689984473,0.861022362881309,0.000689984472558081,0.861022362881309,20,2.20559849748557,0,7.99220587073687e-14,-0.281575406204869,0.317885488592941,False,True,False,data/doe_004.npz,False,1.52174673506868,1.4279196737785e-15,0.0794185057607096,1.56099928402852e-15,0.0665759553233946,3.23505070553719e-15,0.0374611812670211,3.54215805786228e-15,0.0130288822267713,1.68259233888994e-15,0.00194274970790028,1.23289097552618e-15,0.0053015499905666,2.04533739921643e-15,0.0047329682214924,1.20840803149587e-15,0.0027014782271624,5.14737363455962e-16,0.00118857150662223,5.01552941796176e-16,0.000980720538868025,1.30918768931285e-15,0.000982860959133083,3.64942847735585e-16,0.00075075023315377,1.42581378967163e-16,0.000479007313615045,3.92734852703496e-16,0.000327195761509551,4.05259569600776e-16,0.000276310269832533,3.50988694359651e-16,0.000231081087116227,7.1808707842002e-16,0.000174184081395212,3.81868705462936e-16,0.000125830607424886,6.07576116407465e-16,9.63722540310441e-05,1.5444065690436e-15,,
doe_0156,doe,M032,350,700,230,400,0.0015,0.0002,0.15,0.1,1,0.25,0,0,0,0,0,600,1,0.6,1,2.31213068241402,3.4027292275571,0.0786755465098174,3.4036390362615,3.41060513164848e-15,348.278657928226,700.862417457156,-1.72134207177385,0.862417457156084,20,4.82272561010829,0,8.8577219693967e-14,-0.281575406204869,0.224835415391169,True,True,True,data/doe_004.npz,False,3.4027292275571,1.20400642244104e-15,0.0314542090387824,1.93423648559497e-15,0.034821202221934,3.66875514689819e-15,0.0351562921707986,5.16065734380627e-15,0.0323262901338984,5.98247873538256e-16,0.0274270978459882,1.09127071229565e-15,0.0217029276875113,1.76654083241117e-15,0.016102154704456,1.29569235632402e-15,0.0111946266127537,5.02494531737509e-16,0.00724546458664313,4.76608987447933e-16,0.00433421198634722,1.21240174338233e-15,0.00248826144350393,3.09986858706045e-16,0.00174999210739596,8.30725195114519e-16,0.00176281722964076,8.86673322091362e-16,0.00188611026865563,3.32920961181905e-16,0.00188635153244054,2.75129622031229e-16,0.00176007435774034,7.03298924553152e-16,0.00155308776593154,4.03730432914577e-16,0.00131199732406143,1.14152861520103e-16,0.00107326166531479,1.79611873078445e-15,,
doe_0157,doe,M035,700,-700,230,400,0.0015,0.0002,0.15,0.1,1,0.25,0,0,0,0,0,600,1,0.6,1,1.69274192391901,4.30414983922818,0.072858148796908,4.30476736587468,4.79616346638068e-16,701.723441834733,-698.279349571321,1.72344183473297,1.72065042867871,20,6.09370786476366,0,8.8403279334589e-14,-0.281575406204869,0.208321489610721,True,True,True,data/doe_004.npz,False,4.30414983922818,4.25757812009504e-15,0.0276460059400587,1.74246262983596e-15,0.0289649532196646,4.46853164926936e-15,0.0292659569602837,3.57124708181547e-15,0.0280961179409192,3.54719872326023e-16,0.0256580568480422,8.3732615361424e-16,0.0224061020765477,1.94669738690472e-15,0.0188056201746621,1.80997114974404e-15,0.0152256001269224,5.59773173905293e-16,0.0119142806451187,4.83720503153167e-16,0.00901384819773933,9.89741134627957e-16,0.00658795167287671,4.98469797469466e-16,0.00464992565273696,8.98196107097959e-16,0.00318789130179307,6.83752989556065e-16,0.0021847417408147,2.18017176811349e-16,0.00161738633595205,8.21303586098528e-16,0.00140191214257171,4.24600961106949e-16,0.00136839469293624,3.58205460040558e-16,0.00137160860617186,4.36474442983123e-16,0.00134861015762048,1.66864709073677e-15,,
doe_0158,doe,M036,700,0,230,400,0.0015,0.0002,0.15,0.1,1,0.25,0,0,0,0,0,600,1,0.6,1,2.71000066383402,3.04349352595753,0.0824786947571944,3.04461115363618,1.79412040779425e-15,700.001392801273,1.7220473073268,0.00139280127268648,1.7220473073268,20,4.31725505036735,0,8.33554214850327e-14,-0.281575406204869,0.235679379241111,True,True,True,data/doe_004.npz,False,3.04349352595753,2.07692327481743e-15,0.0347363653622433,1.34115855639204e-15,0.0389721052309756,4.29356777389608e-15,0.0385355936808917,4.40218640205204e-15,0.0339726221854917,1.6709504878517e-15,0.0271946722380047,7.97294886876616e-16,0.0199714402929606,2.21264749553504e-15,0.0134588220500166,2.04972579358645e-15,0.00822746655716891,4.4868446565515e-16,0.00447133747660311,5.17929401827824e-17,0.00230093368444413,1.21310792997783e-15,0.00183253988301183,1.59569174870284e-16,0.00209652343938662,6.96407680227745e-16,0.00222096963901265,8.57550674507032e-16,0.00211057332841759,3.81049380825704e-16,0.00184683387149066,6.61132051160704e-16,0.00151881212217552,7.67433050417447e-16,0.00119447621944215,4.64424342914991e-16,0.000918305427888757,4.85545576395929e-16,0.00071318004961789,1.5763516479788e-15,,
doe_0159,doe,M037,700,700,230,400,0.0015,0.0002,0.15,0.1,1,0.25,0,0,0,0,0,600,1,0.6,1,1.69064637474255,4.30414984035559,0.072767953239459,4.30476583672418,2.87769807982841e-15,698.27935313341,701.723438655937,-1.72064686658962,1.72343865593677,20,6.09370017257458,0,8.58808200653516e-14,-0.281575406204869,0.208063192807346,True,True,True,data/doe_004.npz,False,4.30414984035559,3.69211424971801e-16,0.027622789473578,2.20716185215356e-15,0.0289347717393349,4.2988581944511e-15,0.0292341802430806,4.85669583329624e-15,0.0280635600896348,1.02879806946547e-15,0.0256257106229509,1.2036929262699e-15,0.0223749068753368,2.28247888440714e-15,0.0187763534098695,1.47746363969618e-15,0.0151988423764972,5.56225814355014e-16,0.0118904193069726,5.09019952080317e-16,0.0089931006417363,1.28687705207746e-15,0.00657040056305896,3.60948268893162e-17,0.00463556805860286,8.94627898402908e-16,0.00317670989523172,9.12921556791226e-16,0.00217677784829878,2.24187290343143e-16,0.00161257840708229,4.97907746370748e-16,0.00139944894750269,8.01373902510084e-16,0.00136689941979322,3.73233607035639e-16,0.00137015554492222,1.3767969383996e-16,0.00134685050520571,1.88894059733476e-15,,
doe_0160,doe,M040,1400,-700,230,400,0.0015,0.0002,0.15,0.1,1,0.25,0,0,0,0,0,600,1,0.6,1,0.962226668418443,6.80545843589945,0.0654839359783572,6.80577513066883,1.56319401867222e-15,1401.72483677652,-696.557302178051,1.72483677652372,3.44269782194931,31.3049516849971,9.62731139318101,0,8.48753081387119e-14,-0.281575406204869,0.187586311570672,True,True,True,data/doe_004.npz,False,6.80545843589945,4.55508366160839e-15,0.0245570070461939,2.10090381562377e-15,0.0238797194273495,5.29389033674026e-15,0.0229783506069032,4.18075390495336e-15,0.0218264718043531,1.03523944503732e-15,0.0204677999443526,1.15243149716613e-15,0.0189579467761286,1.52100535095906e-15,0.0173545881684467,1.94460579899012e-15,0.0157118272691443,7.14939170891493e-16,0.0140767772493442,6.52856847758124e-16,0.0124879376545586,1.00888093941043e-15,0.0109748810986607,8.5622773910159e-16,0.00955878891521241,1.00727943910676e-15,0.00825346411241652,9.96211408193801e-16,0.00706655212345734,3.02340946028318e-16,0.00600079040671787,3.96805787956794e-16,0.00505517933343511,8.93303725710377e-16,0.00422601825271103,4.13464672815612e-16,0.00350778395905997,4.26738942702492e-16,0.00289384602762721,1.90586867660819e-15,,
doe_0161,doe,M041,1400,0,230,400,0.0015,0.0002,0.15,0.1,1,0.25,0,0,0,0,0,600,1,0.6,1,1.09827969605643,6.08698707287362,0.0668521431229503,6.08735531925326,2.55795384873636e-15,1400.00279042537,3.44409366477324,0.00279042536590168,3.44409366477324,28,8.61191797848905,0,8.66807006316853e-14,-0.281575406204869,0.19130395753062,True,True,True,data/doe_005.npz,False,6.08698707287362,3.21686838290159e-15,0.0250459465699329,2.27309247671718e-15,0.0246230897408637,5.0403814920774e-15,0.0239475091023086,4.75202311286939e-15,0.0229052452507429,1.23950559640486e-15,0.0215152479236208,1.1151591824307e-15,0.0198506397119798,1.91470378877724e-15,0.0180066150969118,1.70238713370595e-15,0.0160781569298524,4.36044099356978e-16,0.0141476852572254,3.54028619772227e-16,0.012280136324237,1.34947114808026e-15,0.0105225399151905,1.55449400131193e-16,0.00890590305765477,7.91750060973438e-16,0.00744802654920949,7.72258842541658e-16,0.00615648304523385,2.939971959153e-16,0.0050313705234851,2.77737144210243e-16,0.00406768123805198,6.65422830075495e-16,0.00325724353834228,2.22421476195241e-16,0.00259022773149088,7.23613933623854e-17,0.00205615473871564,2.09032048514478e-15,,
doe_0162,doe,M042,1400,700,230,400,0.0015,0.0002,0.15,0.1,1,0.25,0,0,0,0,0,600,1,0.6,1,0.961831894133367,6.80545844329784,0.0654570698496307,6.80577487591272,3.30402372128447e-15,1398.2807466615,703.445486229363,-1.71925333850027,3.44548622936293,31.3049516849971,9.62736596304829,0,8.79750339173673e-14,-0.281575406204869,0.187508653427323,True,True,True,data/doe_005.npz,False,6.80545844329784,1.6822907114452e-15,0.024555569660668,3.77329050964464e-15,0.0238705354778494,4.38621011250553e-15,0.0229692844919666,3.83349977838714e-15,0.0218175697816064,2.01652900298296e-15,0.0204591095966484,6.05369264981354e-16,0.0189495135976409,1.68406981956774e-15,0.0173464537295921,1.0157422621214e-15,0.015704028176208,1.01421002155958e-15,0.0140693446213754,3.6521532855482e-16,0.0124808969287657,1.09959835458341e-15,0.0109682520466548,2.28143844092805e-16,0.00955258580513096,9.63137138768402e-16,0.00824769598408273,8.66607919660513e-16,0.00706122316126733,3.13801798917909e-16,0.00599590040422377,2.82452191927012e-16,0.00505072424831782,6.27234415075195e-16,0.00422199085186763,2.30217174751686e-16,0.00350417454670509,3.50026807502243e-16,0.00289064322329321,2.00420316353071e-15,,
doe_0163,doe,M030,350,-700,230,400,0.0015,0.0002,0.15,0.1,1,0.25,0,0,0,0,0,900,0,0.1,1,13.1719651115518,3.40272928437925,0.448206314178991,3.43212125592709,-4.9737991503207e-16,351.722780983824,-699.140370430466,1.72278098382407,0.859629569534377,20,5.19593147010563,0,7.90447460928943e-14,-0.281575406204869,1.28059212265572,False,True,False,data/doe_005.npz,False,3.40272928437925,3.50215446461532e-15,0.395634456599854,1.03820859987659e-15,0.186326310825607,3.90423165333014e-15,0.0892262537283653,2.88203559886004e-15,0.0361338476795688,5.1350114823784e-16,0.00801900954785005,6.82505593233357e-16,0.00691577306891607,1.90452577842696e-15,0.0105345090641171,1.31285726568344e-15,0.00936207919569887,1.39071333621612e-16,0.00621284830879454,5.59085050158912e-16,0.00311828477018561,9.8690710211149e-16,0.00169354058730566,6.16881599997329e-16,0.00204712790935418,6.13833415301914e-16,0.00217687087250272,7.6151471904549e-16,0.00181179928307801,4.95004478080018e-16,0.00125187486986961,3.44071783915153e-16,0.000825121118898277,7.03680525083742e-16,0.000701721857216735,2.10123974004546e-16,0.000700893440565476,7.70504432720892e-17,0.000641492404016738,2.16766759552788e-15,,
doe_0164,doe,M031,350,0,230,400,0.0015,0.0002,0.15,0.1,1,0.25,0,0,0,0,0,900,0,0.1,1,20.9736953960678,1.52174663864885,0.319166504690111,1.55485693751101,4.44089209850063e-17,350.000667825633,0.861015132366558,0.000667825633115626,0.861015132366558,20,2.48791099244067,0,6.77235416791221e-14,-0.281575406204869,0.911904326735312,False,True,False,data/doe_005.npz,False,1.52174663864885,6.85016022167888e-16,0.308205903265126,1.05820939506532e-15,0.0802717391100704,1.83038330856622e-15,0.00112921312096883,1.93125194972939e-15,0.017390476967068,1.41603338867596e-15,0.0102645899672561,1.07798560995648e-15,0.00154470730724706,1.05312117667802e-15,0.00344945556348185,7.23995058215913e-16,0.00258623847177652,3.0102085202834e-16,0.000808334480388557,2.36451427621146e-16,0.000993571672669425,7.79232912118668e-16,0.000837177261717554,3.99638716763517e-16,0.000384313675958351,4.14605883110511e-16,0.000352812007758188,3.98045770191899e-16,0.000309928427069524,4.71898066070131e-16,0.000178095826695157,2.70723241157925e-16,0.000142493612444607,4.14380983966908e-16,0.000124363154149718,3.14566313343161e-16,8.1812829982795e-05,7.77325160315151e-16,6.18900883000253e-05,1.3470748911806e-15,,
doe_0165,doe,M032,350,700,230,400,0.0015,0.0002,0.15,0.1,1,0.25,0,0,0,0,0,900,0,0.1,1,13.1645926078539,3.40272935962676,0.447955457742699,3.4320885784445,2.96651592179842e-15,348.278691497818,700.862434695264,-1.7213085021815,0.862434695264255,20,5.19586644813858,0,7.81726792618294e-14,-0.281575406204869,1.2798753619908,False,True,False,data/doe_005.npz,False,3.40272935962676,7.55821568101874e-16,0.395502447237116,1.90129519790461e-15,0.186139850997129,3.07651394813745e-15,0.0890233196505126,3.41071809745679e-15,0.0359517709486488,6.80080977446765e-16,0.00789408468165391,1.13306728157671e-15,0.00698233201528332,1.45830809887381e-15,0.0105558637458089,1.13411872822022e-15,0.00934533272783189,4.64147800233588e-16,0.00617672854048645,6.25269996168196e-16,0.00308411369249115,9.66968244914851e-16,0.0016911848102119,2.46878153093585e-16,0.00205632896722949,8.83653136504502e-16,0.00217693550636156,8.01509006406032e-16,0.00180367903593859,3.62400733212577e-16,0.00124136309185289,2.57386504918083e-16,0.000819187447096308,6.27572751467148e-16,0.000701810443907456,4.55895896764127e-16,0.000701174911431485,1.29917580192408e-16,0.000639562950909444,1.98959456394515e-15,,
doe_0166,doe,M035,700,-700,230,400,0.0015,0.0002,0.15,0.1,1,0.25,0,0,0,0,0,900,0,0.1,1,11.1252477145226,4.30414979064537,0.478847326213404,4.33070461477323,3.5527136788005e-16,701.723460945751,-698.279314524533,1.7234609457513,1.72068547546723,20,6.47807807472056,0,7.75676421504438e-14,-0.281575406204869,1.36814201466454,False,True,False,data/doe_005.npz,False,4.30414979064537,4.40487850015587e-15,0.410546039159779,1.87622239512811e-15,0.207937729554895,3.49573248846818e-15,0.113689125997237,2.92554762308385e-15,0.0594866118150784,6.86787064788872e-16,0.0267523188842492,6.13765496453621e-16,0.0080847526637775,1.99919062364787e-15,0.00486155680312666,1.45501987426145e-15,0.00818305174283258,2.60241081912131e-16,0.00856120491174348,2.83009924575995e-16,0.00708596837846657,6.42831365700653e-16,0.00492917235716023,5.68853067320872e-16,0.00294258347460476,8.10078402291027e-16,0.00178549847246961,4.4973787638265e-16,0.00167573266461893,1.52404701677153e-16,0.00182328976161291,8.07817815108003e-16,0.00175779174620334,6.96795025198531e-16,0.00148775771163327,1.85498686355213e-16,0.0011392285332917,2.2314318724153e-16,0.000841831765501896,2.05722152315622e-15,,
doe_0167,doe,M036,700,0,230,400,0.0015,0.0002,0.15,0.1,1,0.25,0,0,0,0,0,900,0,0.1,1,14.2024499226338,3.04349337441166,0.432250622399494,3.07403528963528,1.66977542903624e-15,700.001357971903,1.72203662263842,0.00135797190273479,1.72203662263842,20,4.68348505899087,0,7.35210844442084e-14,-0.281575406204869,1.23500323666558,False,True,False,data/doe_005.npz,False,3.04349337441166,1.4698830318343e-15,0.386938980945092,6.84512138946923e-16,0.174177659365091,2.96412586839966e-15,0.0762991800280079,3.09747354459874e-15,0.0249465398669874,1.52772809475833e-15,0.00312077361307058,1.11831858995567e-15,0.0105244167679371,1.95286388629318e-15,0.0110538293647102,1.076021887648e-15,0.00772807498221832,4.71202573533059e-16,0.00380210901148959,5.76288207322936e-16,0.00170186824752155,1.29395488003065e-15,0.00219246314264003,3.26708569127081e-16,0.0023492589272189,2.83610971901514e-16,0.00184748217092936,5.27706291956642e-16,0.00116001729688422,3.12808923281243e-16,0.00076036844745905,3.14609931709509e-16,0.000740772274286602,7.63335434372586e-16,0.00073004681071091,4.16971711014188e-16,0.000606450566386551,6.12704119449744e-16,0.000442939561383525,1.58306686176693e-15,,
doe_0168,doe,M037,700,700,230,400,0.0015,0.0002,0.15,0.1,1,0.25,0,0,0,0,0,900,0,0.1,1,11.1220056388344,4.30414988892984,0.478707793350663,4.33068928544099,3.65929508916452e-15,698.279388175709,701.723419546604,-1.7206118242907,1.7234195466043,20,6.47804667565793,0,7.62187474473986e-14,-0.281575406204869,1.36774332434677,False,True,False,data/doe_005.npz,False,4.30414988892984,4.90022816823875e-16,0.41048297451412,2.55439022429712e-15,0.207845644550614,2.81226635975467e-15,0.113581037879018,3.62113013710644e-15,0.0593777349724846,1.1164142220547e-15,0.0266563635704895,8.68585910607651e-16,0.00801747688877845,1.84465810636154e-15,0.00489161502850256,1.24356498858791e-15,0.00820367808919479,5.95829164436274e-16,0.00856295839180469,4.27940842602073e-16,0.00707405769858613,1.25320309440377e-15,0.00491067067003235,2.08587552510424e-16,0.00292527220537571,8.84275069882363e-16,0.00177871497272622,8.01272579969049e-16,0.00167871512436755,3.27278739727558e-16,0.00182570709441303,5.17975532628914e-16,0.00175665932227416,8.52159310045386e-16,0.00148375495984697,3.75529745056533e-16,0.00113423146138349,2.25400362950766e-16,0.000837971021241357,1.852926351853e-15,,
doe_0169,doe,M040,1400,-700,230,400,0.0015,0.0002,0.15,0.1,1,0.25,0,0,0,0,0,900,0,0.1,1,7.75436360908622,6.80545828958843,0.527719981039387,6.82588923888886,-4.9737991503207e-16,1401.724818197,-696.557263947366,1.72481819699715,3.44273605263436,31.3049516849971,10.0242863120906,0,7.44027083359925e-14,-0.281575406204869,1.50780654378359,False,True,False,data/doe_005.npz,False,6.80545828958843,3.84692900492695e-15,0.429323084234124,1.1169025338386e-15,0.236560584924306,2.62651559162044e-15,0.14880886529721,2.70208946992845e-15,0.0972548623295339,2.96521744830276e-16,0.0634298915679369,1.68091702691823e-15,0.0401804952855067,7.82300012908925e-16,0.0240524121830732,2.06085472239296e-15,0.0131293805596712,8.44664176616612e-16,0.00643811782217071,6.69539330502173e-16,0.00410209430173257,8.21520508024862e-16,0.00477911380717628,3.76266292599465e-16,0.00549636665979146,1.05469556738666e-15,0.00558916061092833,1.19650512351683e-15,0.00517579919198282,5.35534427234121e-16,0.00446227997168767,5.85873288276336e-16,0.00363087500702131,3.36223744115706e-16,0.0028244089421862,5.74577157581207e-16,0.00214898605730962,5.1290623871147e-16,0.00167436333373643,1.81459053211805e-15,,
doe_0170,doe,M041,1400,0,230,400,0.0015,0.0002,0.15,0.1,1,0.25,0,0,0,0,0,900,0,0.1,1,8.4956288178734,6.08698689689034,0.517127812952393,6.1089148580817,2.91322521661641e-15,1400.0027499772,3.44408223858012,0.00274997719861858,3.44408223858012,28,9.00655437244046,0,7.53130231086005e-14,-0.281575406204869,1.47753589790766,False,True,False,data/doe_005.npz,False,6.08698689689034,2.94908352218679e-15,0.425785902967454,2.79306975670396e-15,0.231046190377289,3.95394605002739e-15,0.141811687118611,3.75073472565338e-15,0.0893701325815071,1.64949751895174e-15,0.0552756918994938,7.72053222441952e-16,0.0323378895840882,1.6213128866607e-15,0.0170482700792537,1.8002960568466e-15,0.00759382303333563,7.28749493345268e-16,0.00409128514453843,1.11921243187757e-16,0.0052156322681146,1.14320297742311e-15,0.00618136136053552,1.47567827057336e-16,0.00619877782388014,7.0617172649847e-16,0.00554556308200939,9.760807309087e-16,0.00454978214103804,4.49191636059225e-16,0.00347765193280819,4.76319131919728e-16,0.00252936270357543,7.26373734155215e-16,0.0018494904217385,5.55236461948701e-16,0.00150264250251041,6.36741618209463e-16,0.00140428318256518,1.52306868334397e-15,,
doe_0171,doe,M042,1400,700,230,400,0.0015,0.0002,0.15,0.1,1,0.25,0,0,0,0,0,900,0,0.1,1,7.75374711934713,6.80545837587533,0.527678032777801,6.8258860808947,4.36983782492462e-15,1398.28075059433,703.445443906394,-1.71924940566532,3.44544390639362,31.3049516849971,10.0241962230341,0,7.7048917837934e-14,-0.281575406204869,1.50768665499028,False,True,False,data/doe_005.npz,False,6.80545837587533,1.82295652634246e-15,0.429308857921856,3.91935186042186e-15,0.236540007067224,3.26304042329304e-15,0.148782536941413,3.03215243585152e-15,0.0972248776888489,1.79628004751259e-15,0.0633984430493639,4.80727770481277e-16,0.0401496766850028,1.30762034571135e-15,0.0240241187979781,5.14334646628321e-16,0.0131055128304135,1.04014304099079e-15,0.00642219821969435,5.19637646156416e-16,0.00410131362137413,9.71119428982706e-16,0.00478485060688907,1.2650118469059e-16,0.00550068603478795,8.98555823088589e-16,0.00559072004070112,1.20563189120725e-15,0.00517481886394802,2.94366676235178e-16,0.00445940854758193,2.64975153973145e-16,0.00362689877757863,4.43131419842552e-16,0.00282015065940685,1.65832007854297e-16,0.00214525857214198,4.33159251850586e-16,0.0016718501663352,1.6807775959182e-15,,
doe_0172,doe,M030,350,-700,230,400,0.0015,0.0002,0.15,0.1,1,0.25,0,0,0,0,0,900,0,0.3,1,13.1719651115518,3.40272928437925,0.448206314178991,3.43212125592709,-4.9737991503207e-16,351.722780983824,-699.140370430466,1.72278098382407,0.859629569534377,20,5.19593147010563,0,7.90447460928943e-14,-0.281575406204869,1.28059212265572,False,True,False,data/doe_005.npz,False,3.40272928437925,3.50215446461532e-15,0.395634456599854,1.03820859987659e-15,0.186326310825607,3.90423165333014e-15,0.0892262537283653,2.88203559886004e-15,0.0361338476795688,5.1350114823784e-16,0.00801900954785005,6.82505593233357e-16,0.00691577306891607,1.90452577842696e-15,0.0105345090641171,1.31285726568344e-15,0.00936207919569887,1.39071333621612e-16,0.00621284830879454,5.59085050158912e-16,0.00311828477018561,9.8690710211149e-16,0.00169354058730566,6.16881599997329e-16,0.00204712790935418,6.13833415301914e-16,0.00217687087250272,7.6151471904549e-16,0.00181179928307801,4.95004478080018e-16,0.00125187486986961,3.44071783915153e-16,0.000825121118898277,7.03680525083742e-16,0.000701721857216735,2.10123974004546e-16,0.000700893440565476,7.70504432720892e-17,0.000641492404016738,2.16766759552788e-15,,
doe_0173,doe,M031,350,0,230,400,0.0015,0.0002,0.15,0.1,1,0.25,0,0,0,0,0,900,0,0.3,1,20.9736953960678,1.52174663864885,0.319166504690111,1.55485693751101,4.44089209850063e-17,350.000667825633,0.861015132366558,0.000667825633115626,0.861015132366558,20,2.48791099244067,0,6.77235416791221e-14,-0.281575406204869,0.911904326735312,False,True,False,data/doe_005.npz,False,1.52174663864885,6.85016022167888e-16,0.308205903265126,1.05820939506532e-15,0.0802717391100704,1.83038330856622e-15,0.00112921312096883,1.93125194972939e-15,0.017390476967068,1.41603338867596e-15,0.0102645899672561,1.07798560995648e-15,0.00154470730724706,1.05312117667802e-15,0.00344945556348185,7.23995058215913e-16,0.00258623847177652,3.0102085202834e-16,0.000808334480388557,2.36451427621146e-16,0.000993571672669425,7.79232912118668e-16,0.000837177261717554,3.99638716763517e-16,0.000384313675958351,4.14605883110511e-16,0.000352812007758188,3.98045770191899e-16,0.000309928427069524,4.71898066070131e-16,0.000178095826695157,2.70723241157925e-16,0.000142493612444607,4.14380983966908e-16,0.000124363154149718,3.14566313343161e-16,8.1812829982795e-05,7.77325160315151e-16,6.18900883000253e-05,1.3470748911806e-15,,
doe_0174,doe,M032,350,700,230,400,0.0015,0.0002,0.15,0.1,1,0.25,0,0,0,0,0,900,0,0.3,1,13.1645926078539,3.40272935962676,0.447955457742699,3.4320885784445,2.96651592179842e-15,348.278691497818,700.862434695264,-1.7213085021815,0.862434695264255,20,5.19586644813858,0,7.81726792618294e-14,-0.281575406204869,1.2798753619908,False,True,False,data/doe_005.npz,False,3.40272935962676,7.55821568101874e-16,0.395502447237116,1.90129519790461e-15,0.186139850997129,3.07651394813745e-15,0.0890233196505126,3.41071809745679e-15,0.0359517709486488,6.80080977446765e-16,0.00789408468165391,1.13306728157671e-15,0.00698233201528332,1.45830809887381e-15,0.0105558637458089,1.13411872822022e-15,0.00934533272783189,4.64147800233588e-16,0.00617672854048645,6.25269996168196e-16,0.00308411369249115,9.66968244914851e-16,0.0016911848102119,2.46878153093585e-16,0.00205632896722949,8.83653136504502e-16,0.00217693550636156,8.01509006406032e-16,0.00180367903593859,3.62400733212577e-16,0.00124136309185289,2.57386504918083e-16,0.000819187447096308,6.27572751467148e-16,0.000701810443907456,4.55895896764127e-16,0.000701174911431485,1.29917580192408e-16,0.000639562950909444,1.98959456394515e-15,,
doe_0175,doe,M035,700,-700,230,400,0.0015,0.0002,0.15,0.1,1,0.25,0,0,0,0,0,900,0,0.3,1,11.1252477145226,4.30414979064537,0.478847326213404,4.33070461477323,3.5527136788005e-16,701.723460945751,-698.279314524533,1.7234609457513,1.72068547546723,20,6.47807807472056,0,7.75676421504438e-14,-0.281575406204869,1.36814201466454,False,True,False,data/doe_005.npz,False,4.30414979064537,4.40487850015587e-15,0.410546039159779,1.87622239512811e-15,0.207937729554895,3.49573248846818e-15,0.113689125997237,2.92554762308385e-15,0.0594866118150784,6.86787064788872e-16,0.0267523188842492,6.13765496453621e-16,0.0080847526637775,1.99919062364787e-15,0.00486155680312666,1.45501987426145e-15,0.00818305174283258,2.60241081912131e-16,0.00856120491174348,2.83009924575995e-16,0.00708596837846657,6.42831365700653e-16,0.00492917235716023,5.68853067320872e-16,0.00294258347460476,8.10078402291027e-16,0.00178549847246961,4.4973787638265e-16,0.00167573266461893,1.52404701677153e-16,0.00182328976161291,8.07817815108003e-16,0.00175779174620334,6.96795025198531e-16,0.00148775771163327,1.85498686355213e-16,0.0011392285332917,2.2314318724153e-16,0.000841831765501896,2.05722152315622e-15,,
doe_0176,doe,M036,700,0,230,400,0.0015,0.0002,0.15,0.1,1,0.25,0,0,0,0,0,900,0,0.3,1,14.2024499226338,3.04349337441166,0.432250622399494,3.07403528963528,1.66977542903624e-15,700.001357971903,1.72203662263842,0.00135797190273479,1.72203662263842,20,4.68348505899087,0,7.35210844442084e-14,-0.281575406204869,1.23500323666558,False,True,False,data/doe_005.npz,False,3.04349337441166,1.4698830318343e-15,0.386938980945092,6.84512138946923e-16,0.174177659365091,2.96412586839966e-15,0.0762991800280079,3.09747354459874e-15,0.0249465398669874,1.52772809475833e-15,0.00312077361307058,1.11831858995567e-15,0.0105244167679371,1.95286388629318e-15,0.0110538293647102,1.076021887648e-15,0.00772807498221832,4.71202573533059e-16,0.00380210901148959,5.76288207322936e-16,0.00170186824752155,1.29395488003065e-15,0.00219246314264003,3.26708569127081e-16,0.0023492589272189,2.83610971901514e-16,0.00184748217092936,5.27706291956642e-16,0.00116001729688422,3.12808923281243e-16,0.00076036844745905,3.14609931709509e-16,0.000740772274286602,7.63335434372586e-16,0.00073004681071091,4.16971711014188e-16,0.000606450566386551,6.12704119449744e-16,0.000442939561383525,1.58306686176693e-15,,
doe_0177,doe,M037,700,700,230,400,0.0015,0.0002,0.15,0.1,1,0.25,0,0,0,0,0,900,0,0.3,1,11.1220056388344,4.30414988892984,0.478707793350663,4.33068928544099,3.65929508916452e-15,698.279388175709,701.723419546604,-1.7206118242907,1.7234195466043,20,6.47804667565793,0,7.62187474473986e-14,-0.281575406204869,1.36774332434677,False,True,False,data/doe_005.npz,False,4.30414988892984,4.90022816823875e-16,0.41048297451412,2.55439022429712e-15,0.207845644550614,2.81226635975467e-15,0.113581037879018,3.62113013710644e-15,0.0593777349724846,1.1164142220547e-15,0.0266563635704895,8.68585910607651e-16,0.00801747688877845,1.84465810636154e-15,0.00489161502850256,1.24356498858791e-15,0.00820367808919479,5.95829164436274e-16,0.00856295839180469,4.27940842602073e-16,0.00707405769858613,1.25320309440377e-15,0.00491067067003235,2.08587552510424e-16,0.00292527220537571,8.84275069882363e-16,0.00177871497272622,8.01272579969049e-16,0.00167871512436755,3.27278739727558e-16,0.00182570709441303,5.17975532628914e-16,0.00175665932227416,8.52159310045386e-16,0.00148375495984697,3.75529745056533e-16,0.00113423146138349,2.25400362950766e-16,0.000837971021241357,1.852926351853e-15,,
doe_0178,doe,M040,1400,-700,230,400,0.0015,0.0002,0.15,0.1,1,0.25,0,0,0,0,0,900,0,0.3,1,7.75436360908622,6.80545828958843,0.527719981039387,6.82588923888886,-4.9737991503207e-16,1401.724818197,-696.557263947366,1.72481819699715,3.44273605263436,31.3049516849971,10.0242863120906,0,7.44027083359925e-14,-0.281575406204869,1.50780654378359,False,True,False,data/doe_005.npz,False,6.80545828958843,3.84692900492695e-15,0.429323084234124,1.1169025338386e-15,0.236560584924306,2.62651559162044e-15,0.14880886529721,2.70208946992845e-15,0.0972548623295339,2.96521744830276e-16,0.0634298915679369,1.68091702691823e-15,0.0401804952855067,7.82300012908925e-16,0.0240524121830732,2.06085472239296e-15,0.0131293805596712,8.44664176616612e-16,0.00643811782217071,6.69539330502173e-16,0.00410209430173257,8.21520508024862e-16,0.00477911380717628,3.76266292599465e-16,0.00549636665979146,1.05469556738666e-15,0.00558916061092833,1.19650512351683e-15,0.00517579919198282,5.35534427234121e-16,0.00446227997168767,5.85873288276336e-16,0.00363087500702131,3.36223744115706e-16,0.0028244089421862,5.74577157581207e-16,0.00214898605730962,5.1290623871147e-16,0.00167436333373643,1.81459053211805e-15,,
doe_0179,doe,M041,1400,0,230,400,0.0015,0.0002,0.15,0.1,1,0.25,0,0,0,0,0,900,0,0.3,1,8.4956288178734,6.08698689689034,0.517127812952393,6.1089148580817,2.91322521661641e-15,1400.0027499772,3.44408223858012,0.00274997719861858,3.44408223858012,28,9.00655437244046,0,7.53130231086005e-14,-0.281575406204869,1.47753589790766,False,True,False,data/doe_005.npz,False,6.08698689689034,2.94908352218679e-15,0.425785902967454,2.79306975670396e-15,0.231046190377289,3.95394605002739e-15,0.141811687118611,3.75073472565338e-15,0.0893701325815071,1.64949751895174e-15,0.0552756918994938,7.72053222441952e-16,0.0323378895840882,1.6213128866607e-15,0.0170482700792537,1.8002960568466e-15,0.00759382303333563,7.28749493345268e-16,0.00409128514453843,1.11921243187757e-16,0.0052156322681146,1.14320297742311e-15,0.00618136136053552,1.47567827057336e-16,0.00619877782388014,7.0617172649847e-16,0.00554556308200939,9.760807309087e-16,0.00454978214103804,4.49191636059225e-16,0.00347765193280819,4.76319131919728e-16,0.00252936270357543,7.26373734155215e-16,0.0018494904217385,5.55236461948701e-16,0.00150264250251041,6.36741618209463e-16,0.00140428318256518,1.52306868334397e-15,,
doe_0180,doe,M042,1400,700,230,400,0.0015,0.0002,0.15,0.1,1,0.25,0,0,0,0,0,900,0,0.3,1,7.75374711934713,6.80545837587533,0.527678032777801,6.8258860808947,4.36983782492462e-15,1398.28075059433,703.445443906394,-1.71924940566532,3.44544390639362,31.3049516849971,10.0241962230341,0,7.7048917837934e-14,-0.281575406204869,1.50768665499028,False,True,False,data/doe_005.npz,False,6.80545837587533,1.82295652634246e-15,0.429308857921856,3.91935186042186e-15,0.236540007067224,3.26304042329304e-15,0.148782536941413,3.03215243585152e-15,0.0972248776888489,1.79628004751259e-15,0.0633984430493639,4.80727770481277e-16,0.0401496766850028,1.30762034571135e-15,0.0240241187979781,5.14334646628321e-16,0.0131055128304135,1.04014304099079e-15,0.00642219821969435,5.19637646156416e-16,0.00410131362137413,9.71119428982706e-16,0.00478485060688907,1.2650118469059e-16,0.00550068603478795,8.98555823088589e-16,0.00559072004070112,1.20563189120725e-15,0.00517481886394802,2.94366676235178e-16,0.00445940854758193,2.64975153973145e-16,0.00362689877757863,4.43131419842552e-16,0.00282015065940685,1.65832007854297e-16,0.00214525857214198,4.33159251850586e-16,0.0016718501663352,1.6807775959182e-15,,
doe_0181,doe,M030,350,-700,230,400,0.0015,0.0002,0.15,0.1,1,0.25,0,0,0,0,0,900,0,0.6,1,13.1719651115518,3.40272928437925,0.448206314178991,3.43212125592709,-4.9737991503207e-16,351.722780983824,-699.140370430466,1.72278098382407,0.859629569534377,20,5.19593147010563,0,7.90447460928943e-14,-0.281575406204869,1.28059212265572,False,True,False,data/doe_005.npz,False,3.40272928437925,3.50215446461532e-15,0.395634456599854,1.03820859987659e-15,0.186326310825607,3.90423165333014e-15,0.0892262537283653,2.88203559886004e-15,0.0361338476795688,5.1350114823784e-16,0.00801900954785005,6.82505593233357e-16,0.00691577306891607,1.90452577842696e-15,0.0105345090641171,1.31285726568344e-15,0.00936207919569887,1.39071333621612e-16,0.00621284830879454,5.59085050158912e-16,0.00311828477018561,9.8690710211149e-16,0.00169354058730566,6.16881599997329e-16,0.00204712790935418,6.13833415301914e-16,0.00217687087250272,7.6151471904549e-16,0.00181179928307801,4.95004478080018e-16,0.00125187486986961,3.44071783915153e-16,0.000825121118898277,7.03680525083742e-16,0.000701721857216735,2.10123974004546e-16,0.000700893440565476,7.70504432720892e-17,0.000641492404016738,2.16766759552788e-15,,
doe_0182,doe,M031,350,0,230,400,0.0015,0.0002,0.15,0.1,1,0.25,0,0,0,0,0,900,0,0.6,1,20.9736953960678,1.52174663864885,0.319166504690111,1.55485693751101,4.44089209850063e-17,350.000667825633,0.861015132366558,0.000667825633115626,0.861015132366558,20,2.48791099244067,0,6.77235416791221e-14,-0.281575406204869,0.911904326735312,False,True,False,data/doe_005.npz,False,1.52174663864885,6.85016022167888e-16,0.308205903265126,1.05820939506532e-15,0.0802717391100704,1.83038330856622e-15,0.00112921312096883,1.93125194972939e-15,0.017390476967068,1.41603338867596e-15,0.0102645899672561,1.07798560995648e-15,0.00154470730724706,1.05312117667802e-15,0.00344945556348185,7.23995058215913e-16,0.00258623847177652,3.0102085202834e-16,0.000808334480388557,2.36451427621146e-16,0.000993571672669425,7.79232912118668e-16,0.000837177261717554,3.99638716763517e-16,0.000384313675958351,4.14605883110511e-16,0.000352812007758188,3.98045770191899e-16,0.000309928427069524,4.71898066070131e-16,0.000178095826695157,2.70723241157925e-16,0.000142493612444607,4.14380983966908e-16,0.000124363154149718,3.14566313343161e-16,8.1812829982795e-05,7.77325160315151e-16,6.18900883000253e-05,1.3470748911806e-15,,
doe_0183,doe,M032,350,700,230,400,0.0015,0.0002,0.15,0.1,1,0.25,0,0,0,0,0,900,0,0.6,1,13.1645926078539,3.40272935962676,0.447955457742699,3.4320885784445,2.96651592179842e-15,348.278691497818,700.862434695264,-1.7213085021815,0.862434695264255,20,5.19586644813858,0,7.81726792618294e-14,-0.281575406204869,1.2798753619908,False,True,False,data/doe_005.npz,False,3.40272935962676,7.55821568101874e-16,0.395502447237116,1.90129519790461e-15,0.186139850997129,3.07651394813745e-15,0.0890233196505126,3.41071809745679e-15,0.0359517709486488,6.80080977446765e-16,0.00789408468165391,1.13306728157671e-15,0.00698233201528332,1.45830809887381e-15,0.0105558637458089,1.13411872822022e-15,0.00934533272783189,4.64147800233588e-16,0.00617672854048645,6.25269996168196e-16,0.00308411369249115,9.66968244914851e-16,0.0016911848102119,2.46878153093585e-16,0.00205632896722949,8.83653136504502e-16,0.00217693550636156,8.01509006406032e-16,0.00180367903593859,3.62400733212577e-16,0.00124136309185289,2.57386504918083e-16,0.000819187447096308,6.27572751467148e-16,0.000701810443907456,4.55895896764127e-16,0.000701174911431485,1.29917580192408e-16,0.000639562950909444,1.98959456394515e-15,,
doe_0184,doe,M035,700,-700,230,400,0.0015,0.0002,0.15,0.1,1,0.25,0,0,0,0,0,900,0,0.6,1,11.1252477145226,4.30414979064537,0.478847326213404,4.33070461477323,3.5527136788005e-16,701.723460945751,-698.279314524533,1.7234609457513,1.72068547546723,20,6.47807807472056,0,7.75676421504438e-14,-0.281575406204869,1.36814201466454,False,True,False,data/doe_005.npz,False,4.30414979064537,4.40487850015587e-15,0.410546039159779,1.87622239512811e-15,0.207937729554895,3.49573248846818e-15,0.113689125997237,2.92554762308385e-15,0.0594866118150784,6.86787064788872e-16,0.0267523188842492,6.13765496453621e-16,0.0080847526637775,1.99919062364787e-15,0.00486155680312666,1.45501987426145e-15,0.00818305174283258,2.60241081912131e-16,0.00856120491174348,2.83009924575995e-16,0.00708596837846657,6.42831365700653e-16,0.00492917235716023,5.68853067320872e-16,0.00294258347460476,8.10078402291027e-16,0.00178549847246961,4.4973787638265e-16,0.00167573266461893,1.52404701677153e-16,0.00182328976161291,8.07817815108003e-16,0.00175779174620334,6.96795025198531e-16,0.00148775771163327,1.85498686355213e-16,0.0011392285332917,2.2314318724153e-16,0.000841831765501896,2.05722152315622e-15,,
doe_0185,doe,M036,700,0,230,400,0.0015,0.0002,0.15,0.1,1,0.25,0,0,0,0,0,900,0,0.6,1,14.2024499226338,3.04349337441166,0.432250622399494,3.07403528963528,1.66977542903624e-15,700.001357971903,1.72203662263842,0.00135797190273479,1.72203662263842,20,4.68348505899087,0,7.35210844442084e-14,-0.281575406204869,1.23500323666558,False,True,False,data/doe_005.npz,False,3.04349337441166,1.4698830318343e-15,0.386938980945092,6.84512138946923e-16,0.174177659365091,2.96412586839966e-15,0.0762991800280079,3.09747354459874e-15,0.0249465398669874,1.52772809475833e-15,0.00312077361307058,1.11831858995567e-15,0.0105244167679371,1.95286388629318e-15,0.0110538293647102,1.076021887648e-15,0.00772807498221832,4.71202573533059e-16,0.00380210901148959,5.76288207322936e-16,0.00170186824752155,1.29395488003065e-15,0.00219246314264003,3.26708569127081e-16,0.0023492589272189,2.83610971901514e-16,0.00184748217092936,5.27706291956642e-16,0.00116001729688422,3.12808923281243e-16,0.00076036844745905,3.14609931709509e-16,0.000740772274286602,7.63335434372586e-16,0.00073004681071091,4.16971711014188e-16,0.000606450566386551,6.12704119449744e-16,0.000442939561383525,1.58306686176693e-15,,
doe_0186,doe,M037,700,700,230,400,0.0015,0.0002,0.15,0.1,1,0.25,0,0,0,0,0,900,0,0.6,1,11.1220056388344,4.30414988892984,0.478707793350663,4.33068928544099,3.65929508916452e-15,698.279388175709,701.723419546604,-1.7206118242907,1.7234195466043,20,6.47804667565793,0,7.62187474473986e-14,-0.281575406204869,1.36774332434677,False,True,False,data/doe_005.npz,False,4.30414988892984,4.90022816823875e-16,0.41048297451412,2.55439022429712e-15,0.207845644550614,2.81226635975467e-15,0.113581037879018,3.62113013710644e-15,0.0593777349724846,1.1164142220547e-15,0.0266563635704895,8.68585910607651e-16,0.00801747688877845,1.84465810636154e-15,0.00489161502850256,1.24356498858791e-15,0.00820367808919479,5.95829164436274e-16,0.00856295839180469,4.27940842602073e-16,0.00707405769858613,1.25320309440377e-15,0.00491067067003235,2.08587552510424e-16,0.00292527220537571,8.84275069882363e-16,0.00177871497272622,8.01272579969049e-16,0.00167871512436755,3.27278739727558e-16,0.00182570709441303,5.17975532628914e-16,0.00175665932227416,8.52159310045386e-16,0.00148375495984697,3.75529745056533e-16,0.00113423146138349,2.25400362950766e-16,0.000837971021241357,1.852926351853e-15,,
doe_0187,doe,M040,1400,-700,230,400,0.0015,0.0002,0.15,0.1,1,0.25,0,0,0,0,0,900,0,0.6,1,7.75436360908622,6.80545828958843,0.527719981039387,6.82588923888886,-4.9737991503207e-16,1401.724818197,-696.557263947366,1.72481819699715,3.44273605263436,31.3049516849971,10.0242863120906,0,7.44027083359925e-14,-0.281575406204869,1.50780654378359,False,True,False,data/doe_005.npz,False,6.80545828958843,3.84692900492695e-15,0.429323084234124,1.1169025338386e-15,0.236560584924306,2.62651559162044e-15,0.14880886529721,2.70208946992845e-15,0.0972548623295339,2.96521744830276e-16,0.0634298915679369,1.68091702691823e-15,0.0401804952855067,7.82300012908925e-16,0.0240524121830732,2.06085472239296e-15,0.0131293805596712,8.44664176616612e-16,0.00643811782217071,6.69539330502173e-16,0.00410209430173257,8.21520508024862e-16,0.00477911380717628,3.76266292599465e-16,0.00549636665979146,1.05469556738666e-15,0.00558916061092833,1.19650512351683e-15,0.00517579919198282,5.35534427234121e-16,0.00446227997168767,5.85873288276336e-16,0.00363087500702131,3.36223744115706e-16,0.0028244089421862,5.74577157581207e-16,0.00214898605730962,5.1290623871147e-16,0.00167436333373643,1.81459053211805e-15,,
doe_0188,doe,M041,1400,0,230,400,0.0015,0.0002,0.15,0.1,1,0.25,0,0,0,0,0,900,0,0.6,1,8.4956288178734,6.08698689689034,0.517127812952393,6.1089148580817,2.91322521661641e-15,1400.0027499772,3.44408223858012,0.00274997719861858,3.44408223858012,28,9.00655437244046,0,7.53130231086005e-14,-0.281575406204869,1.47753589790766,False,True,False,data/doe_005.npz,False,6.08698689689034,2.94908352218679e-15,0.425785902967454,2.79306975670396e-15,0.231046190377289,3.95394605002739e-15,0.141811687118611,3.75073472565338e-15,0.0893701325815071,1.64949751895174e-15,0.0552756918994938,7.72053222441952e-16,0.0323378895840882,1.6213128866607e-15,0.0170482700792537,1.8002960568466e-15,0.00759382303333563,7.28749493345268e-16,0.00409128514453843,1.11921243187757e-16,0.0052156322681146,1.14320297742311e-15,0.00618136136053552,1.47567827057336e-16,0.00619877782388014,7.0617172649847e-16,0.00554556308200939,9.760807309087e-16,0.00454978214103804,4.49191636059225e-16,0.00347765193280819,4.76319131919728e-16,0.00252936270357543,7.26373734155215e-16,0.0018494904217385,5.55236461948701e-16,0.00150264250251041,6.36741618209463e-16,0.00140428318256518,1.52306868334397e-15,,
doe_0189,doe,M042,1400,700,230,400,0.0015,0.0002,0.15,0.1,1,0.25,0,0,0,0,0,900,0,0.6,1,7.75374711934713,6.80545837587533,0.527678032777801,6.8258860808947,4.36983782492462e-15,1398.28075059433,703.445443906394,-1.71924940566532,3.44544390639362,31.3049516849971,10.0241962230341,0,7.7048917837934e-14,-0.281575406204869,1.50768665499028,False,True,False,data/doe_005.npz,False,6.80545837587533,1.82295652634246e-15,0.429308857921856,3.91935186042186e-15,0.236540007067224,3.26304042329304e-15,0.148782536941413,3.03215243585152e-15,0.0972248776888489,1.79628004751259e-15,0.0633984430493639,4.80727770481277e-16,0.0401496766850028,1.30762034571135e-15,0.0240241187979781,5.14334646628321e-16,0.0131055128304135,1.04014304099079e-15,0.00642219821969435,5.19637646156416e-16,0.00410131362137413,9.71119428982706e-16,0.00478485060688907,1.2650118469059e-16,0.00550068603478795,8.98555823088589e-16,0.00559072004070112,1.20563189120725e-15,0.00517481886394802,2.94366676235178e-16,0.00445940854758193,2.64975153973145e-16,0.00362689877757863,4.43131419842552e-16,0.00282015065940685,1.65832007854297e-16,0.00214525857214198,4.33159251850586e-16,0.0016718501663352,1.6807775959182e-15,,
doe_0190,doe,M030,350,-700,230,400,0.0015,0.0002,0.15,0.1,1,0.25,0,0,0,0,0,900,0.5,0.1,1,7.16042755662823,3.40272925240383,0.243649963066574,3.41144411421334,-8.88178419700125e-16,351.722761957584,-699.140371769606,1.72276195758445,0.859628230393582,20,5.00841635793143,0,7.90004905556013e-14,-0.281575406204869,0.696255754300442,False,True,False,data/doe_005.npz,False,3.40272925240383,3.26712850926529e-15,0.206987607867201,8.18646209962357e-16,0.106466955837751,3.85343086945547e-15,0.0596741550059726,2.99211638942485e-15,0.03241987841682,7.59629856471557e-16,0.0155141442628819,7.20727526886736e-16,0.00565428222354067,1.69202234667975e-15,0.00400972280308411,1.39963363880013e-15,0.00629140424725397,1.90543559780198e-16,0.00738562828009581,6.5127248299117e-16,0.00737634802325122,1.16271776033951e-15,0.00671161645627442,4.78111053562702e-16,0.00574701233152801,6.83794632068177e-16,0.00472054032923482,7.95423997065674e-16,0.00377166538384036,4.64332666335998e-16,0.0029687784114205,5.36919874721341e-16,0.00233645077214827,7.64706750955703e-16,0.00187683973668102,1.78017962006324e-16,0.00157975696236213,1.24175370548523e-16,0.00142047914073902,2.13942610899267e-15,,
doe_0191,doe,M031,350,0,230,400,0.0015,0.0002,0.15,0.1,1,0.25,0,0,0,0,0,900,0.5,0.1,1,11.7417597939768,1.52174669787352,0.178679841937082,1.5322012830597,4.79616346638068e-16,350.000681437927,0.861018961727688,0.000681437927482875,0.861018961727688,20,2.32820738951534,0,7.18416453526376e-14,-0.281575406204869,0.510524015072732,False,True,False,data/doe_005.npz,False,1.52174669787352,1.00605403021333e-15,0.168381488175384,8.94118750303538e-16,0.0547964937126884,2.24899367858175e-15,0.00795136758217037,2.46797045208227e-15,0.0104204559237624,1.26399424590839e-15,0.0134823516782189,1.15848304133327e-15,0.0106994364235645,1.55091668958305e-15,0.00695528738256165,9.58338413682552e-16,0.00426216693300984,4.23341682768201e-16,0.00288077590160383,3.85210132293377e-16,0.00241146113904419,1.03302881640606e-15,0.00232409485791654,2.86531233453944e-16,0.00223568560456361,3.15532182963979e-16,0.00202554726228583,3.95714502067516e-16,0.0017288396736501,3.01775572727761e-16,0.00141840410961673,3.96216429003339e-16,0.00114784651629062,6.58386108782293e-16,0.000939255522228554,4.17704207946244e-16,0.000788970304694028,6.1885320100538e-16,0.000679043603825978,1.60325318558661e-15,,
doe_0192,doe,M032,350,700,230,400,0.0015,0.0002,0.15,0.1,1,0.25,0,0,0,0,0,900,0.5,0.1,1,7.15707728606008,3.40272929515017,0.243535965489305,3.41143602320785,2.8421709430404e-15,348.278674168806,700.862426746854,-1.72132583119389,0.862426746853771,20,5.00841508083724,0,7.90956904650572e-14,-0.281575406204869,0.695930352878252,False,True,False,data/doe_005.npz,False,3.40272929515017,9.18918258099554e-16,0.206938495618363,1.87332794629447e-15,0.106393183178753,2.85405792180214e-15,0.0595852938449352,3.75698187020381e-15,0.0323268430677046,6.82444654602803e-16,0.0154278150691628,9.24850831208071e-16,0.00559368442233263,1.48967685214907e-15,0.00403479505710324,9.97507431713313e-16,0.00632262342837749,5.05542289714532e-16,0.00740409483483975,5.53552755328177e-16,0.00738231490599654,1.1978605988076e-15,0.00670813726910751,7.97886639614107e-17,0.0057376285226624,8.51989229380055e-16,0.00470842853451604,8.71745180523407e-16,0.00375927752379902,3.18643915072681e-16,0.00295780524803743,2.69256016986607e-16,0.00232798962620858,6.93901001853832e-16,0.00187157768270629,3.64159752987728e-16,0.00157793798195556,9.76026383154835e-17,0.00142167449689263,1.86486085222797e-15,,
doe_0193,doe,M035,700,-700,230,400,0.0015,0.0002,0.15,0.1,1,0.25,0,0,0,0,0,900,0.5,0.1,1,5.97345104858893,4.3041498112593,0.257106282033507,4.31182496590368,4.61852778244065e-16,701.723450568984,-698.279331674112,1.72345056898394,1.7206683258878,20,6.28567969757807,0,7.8852936448574e-14,-0.281575406204869,0.734729931373312,False,True,False,data/doe_006.npz,False,4.3041498112593,3.93441616663702e-15,0.212283534578595,1.58559751422285e-15,0.114556547726035,3.37760936813247e-15,0.0696370494022235,3.04338222355947e-15,0.0431885822992845,7.24089332477021e-16,0.0260072652304524,5.26517815725459e-16,0.0145463918419242,1.76292650349003e-15,0.00724418224061014,1.43667231111311e-15,0.00398075246179609,3.88647971747036e-16,0.00447391186736473,3.30382665709243e-16,0.00557041457086405,7.72813766319805e-16,0.00611972611592488,6.0597168527262e-16,0.00613654926504114,9.38960343220348e-16,0.00578580598883254,7.04705369812445e-16,0.00522095954981337,1.94325554470146e-16,0.00455953377019367,7.25069753502305e-16,0.00388349705223424,5.5525893464512e-16,0.00324553535819825,2.16506055213081e-16,0.0026766154165115,3.44182854736789e-16,0.00219317946833928,1.89409973048975e-15,,
doe_0194,doe,M036,700,0,230,400,0.0015,0.0002,0.15,0.1,1,0.25,0,0,0,0,0,900,0.5,0.1,1,7.76587187205554,3.04349345244773,0.236353801951491,3.05265989023668,1.91846538655227e-15,700.001375908858,1.72204125488804,0.00137590885833561,1.72204125488804,20,4.49877233581293,0,7.51708758445892e-14,-0.281575406204869,0.675398660007211,False,True,False,data/doe_006.npz,False,3.04349345244773,1.64256019103305e-15,0.203717718695275,1.15590648616957e-15,0.101582305409227,3.28271976942024e-15,0.0538827850973724,3.35200734306658e-15,0.0264971208879419,1.35610046856843e-15,0.0102515948409353,8.78946241547258e-16,0.00342292635527444,1.95750570192423e-15,0.006175844918673,1.50719886947443e-15,0.00797053014739013,5.48797518700237e-16,0.00812612556418531,2.29631527190585e-16,0.00733315390933558,1.13638197146637e-15,0.00613755260878235,2.28019713329335e-16,0.00489024350690804,5.77143451388382e-16,0.00378214164914545,8.19144954288806e-16,0.00289357953676417,2.44753382588525e-16,0.00224219257864294,4.44399926751106e-16,0.00181652691992577,7.1965432580674e-16,0.00158535849611171,3.52762143922309e-16,0.00149342430825707,4.1719066699957e-16,0.00147331812798526,1.7138105069804e-15,,
doe_0195,doe,M037,700,700,230,400,0.0015,0.0002,0.15,0.1,1,0.25,0,0,0,0,0,900,0.5,0.1,1,5.9720516518158,4.30414986831644,0.25704605330742,4.31182143199645,3.21520587931445e-15,698.279371029204,701.723429920488,-1.72062897079581,1.72342992048777,20,6.28566837242894,0,7.71874777484866e-14,-0.281575406204869,0.734557884497427,False,True,False,data/doe_006.npz,False,4.30414986831644,3.48787824789507e-16,0.212261395427297,2.26312981934289e-15,0.114523438696463,3.05012632098398e-15,0.0695953164351661,3.71823994336171e-15,0.0431419987594078,8.33214798365319e-16,0.0259597474868549,8.99926917137066e-16,0.0145019373145421,1.88756689081336e-15,0.00720873935285879,1.21156804709867e-15,0.00397114545650322,5.82341657796799e-16,0.00448624807246195,2.8157139892092e-16,0.0055834957722688,1.18074916881352e-15,0.00612858961294337,1.34555157251638e-16,0.00614070149445797,8.870117618058e-16,0.00578590450735454,7.32284603920248e-16,0.00521800677054894,2.39905376592532e-16,0.00455457247060241,4.14341212018238e-16,0.00387746744648646,8.94878776434396e-16,0.00323921568402916,3.70506935123661e-16,0.00267061733188578,1.45029056373226e-16,0.00218797682971406,1.89442963700195e-15,,
doe_0196,doe,M040,1400,-700,230,400,0.0015,0.0002,0.15,0.1,1,0.25,0,0,0,0,0,900,0.5,0.1,1,4.06888622036444,6.8054583603082,0.27690635745522,6.81109554822795,6.03961325396085e-16,1401.72482662242,-696.557283543179,1.72482662242373,3.44271645682056,31.3049516849971,9.82577259633449,0,7.67208180278922e-14,-0.281575406204869,0.791583652685368,True,True,True,data/doe_006.npz,False,6.8054583603082,4.27935360105872e-15,0.21832715834986,1.7846202958896e-15,0.124074231993981,3.21102620651414e-15,0.0819257936443012,2.80122067463387e-15,0.0573772717963521,1.90495666339225e-16,0.0411592281114979,1.0165107463166e-15,0.0297099902514013,9.83839190847678e-16,0.0213528529293437,1.87693699438642e-15,0.0151850251657947,8.0005021074019e-16,0.0106790424757618,5.74744431005389e-16,0.00752126366510531,1.08986941882654e-15,0.00552739291483362,4.26114776901707e-16,0.00452999550988335,9.12216613067779e-16,0.00423223596434912,1.06417643206026e-15,0.0042597004440569,4.13871335172644e-16,0.00435110171258691,4.38123542762236e-16,0.0043902782739012,5.85645500586775e-16,0.00434379926032546,2.26187550603093e-16,0.00421359348192745,2.15494528405283e-16,0.00401435591227089,2.03191834912702e-15,,
doe_0197,doe,M041,1400,0,230,400,0.0015,0.0002,0.15,0.1,1,0.25,0,0,0,0,0,900,0.5,0.1,1,4.48156708527409,6.08698698620309,0.272792405258595,6.09310176738797,3.16191517413245e-15,1400.0027705074,3.44408703145387,0.00277050740328377,3.44408703145387,28,8.80929404049428,0,7.71715500937932e-14,-0.281575406204869,0.779736101566628,True,True,True,data/doe_006.npz,False,6.08698698620309,2.85721427837277e-15,0.217247392222599,2.572049325462e-15,0.122348209557641,3.96532343148624e-15,0.0796528875369106,3.83960245118804e-15,0.054681903295727,1.43316846216754e-15,0.0381794373968836,8.81214182681498e-16,0.0265883902136927,1.50194225806427e-15,0.018232750387437,1.57191636537507e-15,0.0122161768432272,6.77767939965203e-16,0.00804175796212348,1.9857633310277e-16,0.00546989218933665,9.44766278784242e-16,0.00434502965474252,8.19565209951639e-17,0.00421867896313343,9.07397992036473e-16,0.00444645553833987,8.92909538419769e-16,0.00465474408079136,2.59716296117971e-16,0.00472799637786535,5.43669082640884e-16,0.00465761351337794,8.53377110827872e-16,0.0044685753448532,4.31094883944705e-16,0.00419301750849728,4.03713406413541e-16,0.00386119257555565,1.86592198547032e-15,,
doe_0198,doe,M042,1400,700,230,400,0.0015,0.0002,0.15,0.1,1,0.25,0,0,0,0,0,900,0.5,0.1,1,4.06864048696863,6.80545841366731,0.276889636342281,6.81109491675207,4.29878355134861e-15,1398.28074960561,703.445465212883,-1.7192503943852,3.44546521288282,31.3049516849971,9.82589001234128,0,7.84629729898941e-14,-0.281575406204869,0.791535551566592,True,True,True,data/doe_006.npz,False,6.80545841366731,1.30873213096481e-15,0.218322211894934,3.74567505669877e-15,0.124067841519516,3.00686559939797e-15,0.0819173281224581,3.08368430938014e-15,0.0573671648648682,1.61435599700949e-15,0.0411479565826788,5.90754480740206e-16,0.029698047850845,1.50351189328962e-15,0.0213407337977186,7.99825728613646e-16,0.0151732313959884,9.8289231763337e-16,0.0106681329523404,2.70492739943128e-16,0.00751195803339808,1.02999116524964e-15,0.0055206215382267,1.21356229972054e-16,0.00452641858660542,7.84294367574995e-16,0.00423137553974493,1.04701518259228e-15,0.00426033857672958,3.0271879721895e-16,0.0043522407335498,2.53863213674034e-16,0.00439135092993624,6.03815630720148e-16,0.00434453253106901,3.02255680164359e-16,0.00421388101143031,3.07199320767432e-16,0.00401418304137304,2.14534928846069e-15,,
doe_0199,doe,M030,350,-700,230,400,0.0015,0.0002,0.15,0.1,1,0.25,0,0,0,0,0,900,0.5,0.3,1,7.21293517979375,3.40272925292167,0.24543665535712,3.41156940695603,-8.5265128291212e-16,351.722762042785,-699.14037186007,1.72276204278461,0.859628139930351,20,5.00873959656612,0,7.90629257301217e-14,-0.281575406204869,0.701249321230415,False,True,False,data/doe_006.npz,False,3.40272925292167,3.09806689837312e-15,0.207792168636907,9.99975487271019e-16,0.107753557250646,3.86829194525175e-15,0.061374574611084,2.98737157734173e-15,0.0344474733087055,7.97499092259652e-16,0.0177519807574053,8.58998615501403e-16,0.00772126745690753,1.62276746100646e-15,0.00350998178194935,1.36207392966937e-15,0.00424101382395049,1.43334424719904e-16,0.00504659002605554,6.03592745334845e-16,0.00497637463187801,1.141501394401e-15,0.00433297013422488,4.17323059598222e-16,0.00344029360887027,7.20473747539695e-16,0.00252710141960574,7.90617310872871e-16,0.00172879357610941,4.01624810666415e-16,0.00110799365113579,4.18612995814034e-16,0.000677271841903911,9.1571518603994e-16,0.000417620568502947,2.15940083541464e-16,0.00028717934137746,7.37309955128012e-17,0.000229645503768978,2.14644156742342e-15,,
doe_0200,doe,M031,350,0,230,400,0.0015,0.0002,0.15,0.1,1,0.25,0,0,0,0,0,900,0.5,0.3,1,12.0422524935245,1.52174669614935,0.183252579462172,1.53274085085298,5.95079541199084e-16,350.000681041362,0.861018963606105,0.00068104136181546,0.861018963606105,20,2.33016334852684,0,7.13513271110932e-14,-0.281575406204869,0.523578804329768,False,True,False,data/doe_006.npz,False,1.52174669614935,8.71163136869614e-16,0.172195357740718,9.18756033818506e-16,0.0600675657005629,2.17316078515507e-15,0.0136027523735774,2.52907175711243e-15,0.004969163387841,1.22880689436739e-15,0.00825704237418124,1.08703698114355e-15,0.00594514701266848,1.50553827953031e-15,0.00273242509867019,9.61402248713202e-16,0.000777554196894904,3.80649573658643e-16,0.000604428856144761,3.28343240840797e-16,0.000502138010771829,1.11890804699532e-15,0.000264814247259338,2.85634440784962e-16,0.000216664558813789,2.59267955860535e-16,0.000223737986470036,3.7807318997914e-16,0.00017000877703788,3.78301249411939e-16,0.000102661811868048,3.76528699564679e-16,6.41420940021316e-05,6.86572110131376e-16,4.91114382813949e-05,3.49630033163421e-16,3.62138391873026e-05,6.55747977172758e-16,2.45177317053038e-05,1.55970325649046e-15,,
doe_0201,doe,M032,350,700,230,400,0.0015,0.0002,0.15,0.1,1,0.25,0,0,0,0,0,900,0.5,0.3,1,7.20939318897834,3.40272929515366,0.245316134044179,3.41156078038872,2.8421709430404e-15,348.278674280153,700.862426692419,-1.72132571984656,0.86242669241858,20,5.00874623850727,0,7.91050240719416e-14,-0.281575406204869,0.700904967150541,False,True,False,data/doe_006.npz,False,3.40272929515366,8.54843813547929e-16,0.207741771260933,1.78768030651248e-15,0.107677775129894,2.86806890659277e-15,0.0612832257343411,3.75063269840462e-15,0.034351733485459,5.64404259042444e-16,0.0176627420991781,9.49809824307413e-16,0.00765136840441118,1.49612651325105e-15,0.00349781560029773,9.72259994424164e-16,0.00426564563074378,3.81286866938874e-16,0.00506419139359685,4.89417553346976e-16,0.00498262763023005,1.13596974493758e-15,0.00433008576199507,1.68294543859977e-16,0.00343166740670168,8.67088880668605e-16,0.00251595666486067,7.70636247353157e-16,0.00171764163750571,3.88625052586137e-16,0.00109844837174881,2.18425073880501e-16,0.000670066719339191,6.90535312852952e-16,0.000412716234412197,3.5214187245941e-16,0.000283933367796771,1.88843353953513e-16,0.000227348054832852,1.88450522300955e-15,,
doe_0202,doe,M035,700,-700,230,400,0.0015,0.0002,0.15,0.1,1,0.25,0,0,0,0,0,900,0.5,0.3,1,6.00879973420516,4.30414981161709,0.25862774244024,4.31191311457496,9.05941988094128e-16,701.723450680459,-698.279331678754,1.72345068045934,1.72066832124642,20,6.28587349934409,0,7.85252528465491e-14,-0.281575406204869,0.73894081285208,False,True,False,data/doe_006.npz,False,4.30414981161709,3.98036318854323e-15,0.212838990133466,1.65278675640474e-15,0.115455082773667,3.57738307109654e-15,0.0708441970660776,3.00376080859269e-15,0.0446588383776991,6.72714057944504e-16,0.0276843354888069,5.82740165839429e-16,0.0163475196132603,1.84560468342633e-15,0.00896229701348281,1.42524545582191e-15,0.00479861423704435,4.3035950737983e-16,0.00363529712271047,4.97980513810494e-16,0.00398789011538097,7.63166082583122e-16,0.00428864110981974,6.13016781478329e-16,0.00421962026780026,8.83299208800527e-16,0.0038552013328053,7.03093849961048e-16,0.0033200173666946,1.53888151341965e-16,0.00272002633302861,7.27795062830768e-16,0.00213102100178996,5.57861735540804e-16,0.00160061492379581,3.02725572107138e-16,0.0011537070979498,2.54547278993252e-16,0.000798571734783006,1.84197228026268e-15,,
doe_0203,doe,M036,700,0,230,400,0.0015,0.0002,0.15,0.1,1,0.25,0,0,0,0,0,900,0.5,0.3,1,7.830910643261,3.04349345193676,0.238333252654668,3.05281105742616,1.50990331349021e-15,700.001375791162,1.7220413253666,0.0013757911618768,1.7220413253666,20,4.49919518789097,0,7.5105672751272e-14,-0.281575406204869,0.680953475359235,False,True,False,data/doe_006.npz,False,3.04349345193676,1.72839111559956e-15,0.204700130040001,1.11122189672903e-15,0.103139910459064,3.26063549639397e-15,0.055916441867103,3.23239963471025e-15,0.0288825846402256,1.40656608824499e-15,0.01278518105004,9.59595717701733e-16,0.00436319811114101,1.89717782402526e-15,0.00399573753251422,1.60866539447423e-15,0.00535670851305253,4.49942878487312e-16,0.00544867400028259,1.86407485977338e-16,0.00469351093851719,1.1353394917758e-15,0.0035941911016243,2.5573073471063e-16,0.00249199502775226,6.2827230789045e-16,0.0015755441354646,8.22988431047717e-16,0.000920266959985656,3.54883449360111e-16,0.000528025702741574,4.39533445489223e-16,0.000345839096449569,7.28544370763299e-16,0.000272865981614277,2.90118812612846e-16,0.000232059073780704,4.18573010385707e-16,0.000207108309354284,1.67485684293993e-15,,
doe_0204,doe,M037,700,700,230,400,0.0015,0.0002,0.15,0.1,1,0.25,0,0,0,0,0,900,0.5,0.3,1,6.00731342606754,4.3041498679595,0.258563772895999,4.31190933343997,3.65929508916452e-15,698.279371024621,701.72342980923,-1.72062897537933,1.7234298092302,20,6.28586200595461,0,7.70492173121862e-14,-0.281575406204869,0.738757997717484,False,True,False,data/doe_006.npz,False,4.3041498679595,4.73451869601523e-16,0.212816175914112,2.16928655081655e-15,0.115420861320761,2.82255823624174e-15,0.0708010432103764,3.74298943307824e-15,0.0446106437349122,7.91534718756575e-16,0.0276351308592737,9.3208288733094e-16,0.0163012661027121,1.91785763748775e-15,0.00892352269593261,1.15581404762752e-15,0.00477575758652329,5.57485358435642e-16,0.00363609215200416,3.17251279006506e-16,0.00399736639286379,1.26782018180884e-15,0.00429657895886122,2.32069692473221e-16,0.00422373636152422,8.48822905907192e-16,0.00385560464688717,7.66542215505936e-16,0.00331752902703846,3.14549076507374e-16,0.00271563361131618,4.16226629477304e-16,0.00212564706069562,8.21228051955873e-16,0.0015950116970012,3.70791157035102e-16,0.00114841377115754,9.74769142661333e-17,0.000793915406346982,1.95295403013823e-15,,
doe_0205,doe,M040,1400,-700,230,400,0.0015,0.0002,0.15,0.1,1,0.25,0,0,0,0,0,900,0.5,0.3,1,4.09000557340299,6.80545836050731,0.278343626240369,6.81114993762612,4.61852778244065e-16,1401.72482671008,-696.557283469696,1.72482671007742,3.44271653030444,31.3049516849971,9.82585173982351,0,7.57823133906983e-14,-0.281575406204869,0.795394786974867,True,True,True,data/doe_006.npz,False,6.80545836050731,4.16727710431892e-15,0.218671341331528,1.61475313803688e-15,0.124634737528139,3.24254621607938e-15,0.0826860615662634,2.93908369888912e-15,0.0583149103162591,3.60633931837519e-16,0.0422473981418799,1.22829735276286e-15,0.0309174753134434,7.67787822552694e-16,0.0226424395758399,1.85941836582897e-15,0.0165088381907031,7.20990242302438e-16,0.0119683660605413,7.51299882474598e-16,0.00866844897426232,8.98714356517766e-16,0.006369785552675,4.32284753691319e-16,0.00488993269230188,9.14811035759022e-16,0.00404625046413319,9.43254889707133e-16,0.00362379360333064,4.29098880442438e-16,0.00341381039265205,4.75318356091835e-16,0.00327166149166962,4.95662410152103e-16,0.00312425009556272,1.29952168655946e-16,0.00294532986871886,2.77263659916703e-16,0.00273230056765387,1.93630303233138e-15,,
doe_0206,doe,M041,1400,0,230,400,0.0015,0.0002,0.15,0.1,1,0.25,0,0,0,0,0,900,0.5,0.3,1,4.50483121039748,6.08698698594828,0.274208489515831,6.09316138219469,4.40536496171262e-15,1400.00277044856,3.44408712631613,0.00277044856397879,3.44408712631613,28,8.80939049541051,0,7.67727735366019e-14,-0.281575406204869,0.783529754666773,True,True,True,data/doe_006.npz,False,6.08698698594828,2.62087310893874e-15,0.217620973572279,2.48025252574393e-15,0.122956400332508,4.04677013698719e-15,0.0804775476376721,3.8670957037397e-15,0.0556984456722432,1.50979014239199e-15,0.0393581464657986,8.59819039613473e-16,0.0278937513167255,1.59523563716474e-15,0.0196194274122221,1.44747758987819e-15,0.0136173620411338,6.33154170661382e-16,0.00934040658424976,1.96872420326347e-16,0.00644822534097993,1.18214883654238e-15,0.00470989975162156,5.4178208658146e-17,0.00387665234815959,7.72522597628601e-16,0.00358862695714159,1.02518276080958e-15,0.0034996141089841,2.69748013273538e-16,0.00341552507601102,4.79875737829267e-16,0.0032687224010698,7.22354812589383e-16,0.00305225733591873,4.23195299438929e-16,0.00278144851289872,4.21088759925652e-16,0.00247711838763888,1.8173260156162e-15,,
doe_0207,doe,M042,1400,700,230,400,0.0015,0.0002,0.15,0.1,1,0.25,0,0,0,0,0,900,0.5,0.3,1,4.0897374279874,6.80545841317443,0.278325379869712,6.81114924254343,4.9382720135327e-15,1398.28074949778,703.445465174986,-1.71925050222035,3.44546517498623,31.3049516849971,9.8259722568578,0,7.80788579306619e-14,-0.281575406204869,0.795342517683798,True,True,True,data/doe_006.npz,False,6.80545841317443,1.65547180713907e-15,0.218666162926488,3.77794922867312e-15,0.124627902239915,3.18686111869598e-15,0.0826770118131871,2.992708096963e-15,0.0583041143539692,1.74779285438038e-15,0.0422353723655613,4.74444303427296e-16,0.0309047543860426,1.33248046606991e-15,0.0226295536346659,6.90706944714656e-16,0.0164963057577142,1.03937390200494e-15,0.0119567064185004,2.68238447924647e-16,0.008658211720208,9.43639334676959e-16,0.00636156407354828,8.28846532162151e-17,0.00488424735666215,9.14721495473555e-16,0.00404320183907238,1.0212850301805e-15,0.00362283110905311,2.76122326096825e-16,0.00341405986557738,2.58683056990395e-16,0.00327238062499089,6.66083365140282e-16,0.00312497099403236,1.05272613053611e-16,0.00294580704480712,3.38889129271166e-16,0.00273243112656715,2.09697196094149e-15,,
doe_0208,doe,M030,350,-700,230,400,0.0015,0.0002,0.15,0.1,1,0.25,0,0,0,0,0,900,0.5,0.6,1,7.51177849467741,3.40272925471782,0.25560548438799,3.41231610181483,-3.90798504668055e-16,351.72276252213,-699.140372081367,1.7227625221301,0.859627918632555,20,5.01096318631068,0,7.90689617072224e-14,-0.281575406204869,0.730304928163622,False,True,False,data/doe_006.npz,False,3.40272925471782,3.37961527396585e-15,0.212456685521966,9.24869910893843e-16,0.114295692711976,3.98878075278434e-15,0.0685215735819058,3.07616033826058e-15,0.0411073300847632,5.93761326342618e-16,0.023195831960791,7.8294797256566e-16,0.0114566100964745,1.70961417514912e-15,0.00437425431405948,1.43652190190375e-15,0.00234075066085424,1.71773173479723e-16,0.00344588581128174,6.12857786517548e-16,0.00383705611687021,1.04173527978454e-15,0.00347953167260286,4.19524335672984e-16,0.00274532095475154,6.96640371039088e-16,0.0019349666763834,7.99097197392904e-16,0.00125375285639182,3.60081743162983e-16,0.000831707659023164,3.88570273198896e-16,0.000686826469458615,8.33398029704252e-16,0.00066678963324111,1.63607860121705e-16,0.0006347839081425,4.06602177795829e-17,0.000560887852754232,2.0810280902634e-15,,
doe_0209,doe,M031,350,0,230,400,0.0015,0.0002,0.15,0.1,1,0.25,0,0,0,0,0,900,0.5,0.6,1,13.6328087961381,1.52174668766715,0.207456816291227,1.53582268335457,4.70734562441066e-16,350.000679091367,0.861018590780326,0.000679091367373985,0.861018590780326,20,2.34413149126176,0,7.06434724346417e-14,-0.281575406204869,0.59273377911329,False,True,False,data/doe_006.npz,False,1.52174668766715,8.49546181567659e-16,0.19182068170632,1.03591113237009e-15,0.0754476095242308,2.23222693137641e-15,0.020993590562933,2.34304842077894e-15,0.00268638729649422,1.24632819921534e-15,0.00798471972467298,1.00261258188951e-15,0.00559933774665771,1.41710412906662e-15,0.00191673936096301,8.412666694914e-16,0.000991290971095513,4.46078077315767e-16,0.00135476203668974,3.13813277015353e-16,0.000905974285724077,1.05883192755823e-15,0.000391353141249731,3.91473867967095e-16,0.000328934975192255,3.39249415381912e-16,0.00031935942580023,3.25133362061081e-16,0.000209835045758521,3.89001919521496e-16,0.000122713984240507,3.5220091530592e-16,0.000104609136688672,6.00510543846838e-16,8.76827096380899e-05,3.66654071441236e-16,5.98551169485733e-05,7.24943724891904e-16,4.1137040546394e-05,1.50517635972224e-15,,
doe_0210,doe,M032,350,700,230,400,0.0015,0.0002,0.15,0.1,1,0.25,0,0,0,0,0,900,0.5,0.6,1,7.50751433659673,3.40272929602247,0.255460389734464,3.41230527623631,3.14415160573844e-15,348.278674805802,700.862426654348,-1.7213251941983,0.862426654348155,20,5.01099415489203,0,7.86416588361157e-14,-0.281575406204869,0.729890325675765,False,True,False,data/doe_006.npz,False,3.40272929602247,9.85127167189535e-16,0.212399049375333,1.81805863960796e-15,0.114209373093044,2.84824289465926e-15,0.0684182795868526,3.73876041792787e-15,0.0409999827136698,6.92580166853482e-16,0.0230962105460827,9.11008534996505e-16,0.0113742650109204,1.65453339320673e-15,0.00432073545181762,9.61174036495393e-16,0.00235177774697034,4.7204010184453e-16,0.00346198119006483,5.14106066451986e-16,0.00384048768067188,1.06985111361012e-15,0.00347279006097712,1.89056919508025e-16,0.00273283929499934,9.0382097333167e-16,0.00192105093968711,8.11753868333837e-16,0.00124218983062693,4.55530898581628e-16,0.000825522147640183,2.72558079440133e-16,0.000685532022196702,5.95602161124489e-16,0.000666500463849691,4.18982395947795e-16,0.00063347739382701,2.19143160022509e-16,0.00055843639157377,1.80851067364764e-15,,
doe_0211,doe,M035,700,-700,230,400,0.0015,0.0002,0.15,0.1,1,0.25,0,0,0,0,0,900,0.5,0.6,1,6.19660252296637,4.30414981241004,0.266711055868053,4.31240561300259,8.70414851306123e-16,701.723451061303,-698.279331554591,1.72345106130297,1.72066844540916,20,6.28724743752772,0,7.84681171746036e-14,-0.281575406204869,0.762041101183456,False,True,False,data/doe_006.npz,False,4.30414981241004,4.01051667743779e-15,0.21592373092496,1.64925870208949e-15,0.12003338914591,3.50574365071816e-15,0.0762629108119739,2.84327756519464e-15,0.050251711198184,6.96649032946051e-16,0.0328917835325742,6.60860631193903e-16,0.0207559081103957,1.87079234611367e-15,0.0122466907958989,1.47571018428392e-15,0.00650538657452031,3.73109812669504e-16,0.00316607984163952,3.14927961908106e-16,0.00234395943106953,7.80336791757837e-16,0.00277598093322459,4.77045456386944e-16,0.00303035081130287,9.18458876074426e-16,0.00292795133320609,6.38679175863814e-16,0.00257940392291238,1.37467324113938e-16,0.00211290705981386,7.08732263661315e-16,0.00163100494349381,5.29852466150211e-16,0.00120647721293097,1.85744323337178e-16,0.000885716117564828,2.99354608321787e-16,0.00068731053088231,1.8736015916759e-15,,
doe_0212,doe,M036,700,0,230,400,0.0015,0.0002,0.15,0.1,1,0.25,0,0,0,0,0,900,0.5,0.6,1,8.20650896928535,3.04349344926438,0.249764562893493,3.0537247769729,1.4033219031262e-15,700.00137517626,1.72204142713343,0.00137517626046701,1.72204142713343,20,4.50207554480694,0,7.46937450300985e-14,-0.281575406204869,0.713614757917966,False,True,False,data/doe_006.npz,False,3.04349344926438,1.8129255580508e-15,0.210430454167298,1.12540519797021e-15,0.110872289804285,3.29887831350324e-15,0.0639226896513938,3.23433301401026e-15,0.035847387432072,1.36124922334666e-15,0.017957372357243,9.15217687532252e-16,0.00695498140680104,1.86137797715365e-15,0.00220244896609089,1.55665650130787e-15,0.00360732649911131,5.94401860538212e-16,0.00428325826936698,1.84044753337395e-16,0.00385086871756566,1.18592118545261e-15,0.00290013005692785,1.46586568280429e-16,0.00188641233664201,6.57227771732002e-16,0.00111133280133976,7.42972003733754e-16,0.000758224136198752,2.99410978105844e-16,0.000727118387343668,3.70285872842582e-16,0.000722358623073739,6.77248116801014e-16,0.000646186208942003,1.41680078156223e-16,0.000521344382574614,4.2956621261058e-16,0.000391862677934132,1.65396455197013e-15,,
doe_0213,doe,M037,700,700,230,400,0.0015,0.0002,0.15,0.1,1,0.25,0,0,0,0,0,900,0.5,0.6,1,6.19481667899564,4.30414986716808,0.266634193860297,4.31240091363432,3.26849658449646e-15,698.279371148751,701.723429428916,-1.7206288512491,1.72342942891601,20,6.2872348261783,0,7.69220369928942e-14,-0.281575406204869,0.761821452493114,False,True,False,data/doe_006.npz,False,4.30414986716808,3.9919417739949e-16,0.215897756862138,2.2842731239014e-15,0.119994297690792,3.03183326673374e-15,0.0762139129269876,3.69204855105672e-15,0.0501973720569714,8.16428734720619e-16,0.032836663016317,1.01649073248703e-15,0.0207040902311966,1.88054727884093e-15,0.012201598968554,1.0675118275631e-15,0.00647031161238742,6.35817790298227e-16,0.00314744377512066,3.67028368193719e-16,0.00234742405422416,1.29628478385277e-15,0.00278321458751962,1.47503961951368e-16,0.00303374649812185,8.43009351054787e-16,0.00292712597597012,7.63926416647028e-16,0.00257541900395992,2.90174792874375e-16,0.00210709180071838,4.51200954788501e-16,0.0016246322940818,8.98589273619314e-16,0.00120065668085949,2.52371112326568e-16,0.00088132521058181,1.07943193088101e-16,0.000684751506206359,1.91270524242368e-15,,
doe_0214,doe,M040,1400,-700,230,400,0.0015,0.0002,0.15,0.1,1,0.25,0,0,0,0,0,900,0.5,0.6,1,4.17278597981519,6.80545836076423,0.283977212340131,6.81138180293507,-4.61852778244065e-16,1401.72482689564,-696.557283229072,1.7248268956364,3.44271677092831,31.3049516849971,9.82640667856625,0,7.54857547404285e-14,-0.281575406204869,0.811441475044635,True,True,True,data/doe_006.npz,False,6.80545836076423,4.0505029367735e-15,0.220200430509002,1.82811847604333e-15,0.127031928730644,3.2975801027957e-15,0.0857589611135923,2.75068475669244e-15,0.0618327117755649,1.73372466192538e-16,0.0459716939944363,1.20462762150285e-15,0.0346250714691071,8.71229727339296e-16,0.026139211460241,2.10655050132909e-15,0.0196343857555177,7.79923920038999e-16,0.0145928064852196,6.0569727830017e-16,0.0106842073465667,8.87842781233964e-16,0.0076849543026494,5.348764832083e-16,0.00543891511483914,1.02728182418224e-15,0.00383792994544235,9.56794818452877e-16,0.00280483055914058,5.69953515513961e-16,0.00225370993349072,3.76125249263386e-16,0.00203677756999493,6.23123849413024e-16,0.00197429435224027,3.89586506433117e-16,0.00194088342648142,2.73284538464051e-16,0.00188184187524249,1.864752996342e-15,,
doe_0215,doe,M041,1400,0,230,400,0.0015,0.0002,0.15,0.1,1,0.25,0,0,0,0,0,900,0.5,0.6,1,4.60471501239421,6.08698698495378,0.280288403498649,6.0934376468973,2.87769807982841e-15,1400.00277021929,3.44408734565654,0.00277021928809518,3.44408734565654,28,8.81004416067406,0,7.67619004006753e-14,-0.281575406204869,0.800876059246507,True,True,True,data/doe_006.npz,False,6.08698698495378,2.96227554369356e-15,0.219408228907271,2.61241261743782e-15,0.125733385665006,4.00964198118828e-15,0.0839908222659865,3.61649961707876e-15,0.0596515674577539,1.43299977140826e-15,0.0434544771449816,8.21970505273427e-16,0.0318659758581223,1.53668756058558e-15,0.0232440973178252,1.51103628784302e-15,0.0167142387598929,5.51460981830077e-16,0.0117583733468415,2.224258952309e-16,0.00804436493546653,1.10356208999585e-15,0.00535232742976157,1.05512569771436e-16,0.00354552235608762,8.20002972563458e-16,0.00253895174173127,1.02707109889212e-15,0.00217562182530594,2.44634689180554e-16,0.0021385402619052,6.2171527971946e-16,0.00215751713024308,7.56770496726423e-16,0.00212252190227753,3.91994201032025e-16,0.00201497334554554,3.62905070727603e-16,0.00184879489840516,1.82241928802053e-15,,
doe_0216,doe,M042,1400,700,230,400,0.0015,0.0002,0.15,0.1,1,0.25,0,0,0,0,0,900,0.5,0.6,1,4.17246465789492,6.80545841185916,0.28395534704256,6.81138094074849,5.29354338141275e-15,1398.28074923956,703.445465015148,-1.71925076044477,3.44546501514822,31.3049516849971,9.82650422081455,0,7.81743174732388e-14,-0.281575406204869,0.811378894088478,True,True,True,data/doe_006.npz,False,6.80545841185916,1.665420377931e-15,0.220194665838924,3.85140898346689e-15,0.127024004240911,3.07800922731505e-15,0.0857485240513842,2.74576953384379e-15,0.0618203367750589,1.7924466878636e-15,0.0459579990588412,3.63054891094027e-16,0.0346106724791436,1.26063768111373e-15,0.0261246851174466,5.00775755669323e-16,0.0196202466601012,1.15581182694354e-15,0.0145794982960314,3.05724369425894e-16,0.0106721077818733,9.74276864803772e-16,0.00767439525133164,1.93288406742849e-16,0.00543021951866104,9.38226310223e-16,0.00383145020110751,1.1050360336908e-15,0.00280088328704686,2.93875218039592e-16,0.00225219834499686,1.56097860765658e-16,0.00203687308125278,5.61285751909131e-16,0.00197497025611074,2.31059779917221e-16,0.0019414844262971,3.32992655233767e-16,0.0018820850979438,1.98069018553537e-15,,
doe_0217,doe,M030,350,-700,230,400,0.0015,0.0002,0.15,0.1,1,0.25,0,0,0,0,0,900,1,0.1,1,0.745173981047021,3.40272921616187,0.0253562527643235,3.40283365100466,-1.13686837721616e-15,351.722740878147,-699.14037304318,1.72274087814657,0.859626956820193,20,4.81099152074264,0,7.99944655909246e-14,-0.281575406204869,0.076170479476776,True,True,True,data/doe_006.npz,False,3.40272921616187,2.75128181280794e-15,0.00386879825840434,7.31544260919138e-16,0.00458917741731729,3.68136692723748e-15,0.00535787815079659,3.18592281956994e-15,0.00604253629222355,8.32690081469701e-16,0.00657999317904489,9.19391431574838e-16,0.00694714458462398,1.61604559530879e-15,0.00714515425266461,1.33990612304645e-15,0.00718945888791664,3.2211516501717e-16,0.00710293479723184,7.64057956261508e-16,0.00691120810517222,1.1424715600762e-15,0.00663958521735065,3.18629876977363e-16,0.00631121445329926,9.11982179712855e-16,0.00594614479111802,8.4157051185826e-16,0.00556100014262292,2.53465134729699e-16,0.00516904581372509,6.62724733365541e-16,0.00478048089046972,5.84932453494654e-16,0.00440284008008001,2.90317663989567e-16,0.00404142837010791,2.55369941994667e-16,0.00369974170308046,2.15289674615334e-15,,
doe_0218,doe,M031,350,0,230,400,0.0015,0.0002,0.15,0.1,1,0.25,0,0,0,0,0,900,1,0.1,1,2.53307369734071,1.52174677307614,0.0385469672489227,1.52223540343162,7.28306304154103e-16,350.000698723371,0.861023519133223,0.00069872337058996,0.861023519133223,20,2.14756051844887,0,7.55387877675542e-14,-0.281575406204869,0.11019026561672,True,True,True,data/doe_006.npz,False,1.52174677307614,1.20950720547891e-15,0.00936774896026371,9.12796355312153e-16,0.0130062211209037,2.9188472752835e-15,0.0150268018441445,2.91522692152059e-15,0.0154277549144204,9.48388488625487e-16,0.0146087181480632,9.40319912504517e-16,0.0130648819035384,1.89424804240137e-15,0.0112215322798664,1.45348270765874e-15,0.0093724853710891,4.0933336707257e-16,0.00768413641796391,3.25435864842888e-16,0.00622765022221486,1.07358430827741e-15,0.00501476908458918,2.11130421682017e-16,0.00402616887743514,6.88190264776682e-16,0.00323004596802072,7.31115063204851e-16,0.00259260467852359,2.25698102117042e-16,0.00208308037091198,5.14920463948184e-16,0.00167555190495874,8.46634854276337e-16,0.00134908697941986,2.73109484678898e-16,0.00108715191999522,3.94389175608606e-16,0.000876796970231568,1.92874124948016e-15,,
doe_0219,doe,M032,350,700,230,400,0.0015,0.0002,0.15,0.1,1,0.25,0,0,0,0,0,900,1,0.1,1,0.746455338285456,3.40272922432335,0.025399853942361,3.4028339912388,3.28626015289046e-15,348.278654890764,700.862418136025,-1.72134510923627,0.86241813602544,20,4.81102113191991,0,7.96004088936671e-14,-0.281575406204869,0.0762914853875372,True,True,True,data/doe_006.npz,False,3.40272922432335,9.85362494203293e-16,0.00387124552015148,1.64035754527929e-15,0.00459319905448191,2.75070132814662e-15,0.00536675656918511,3.62664232377139e-15,0.00605504585110211,5.77023211794401e-16,0.00659485387675524,1.02198110781486e-15,0.00696319637037644,1.60360108202739e-15,0.00716142885491125,9.91398063624183e-16,0.0072052064834751,6.19187546968346e-16,0.00711762210771793,4.89346453012201e-16,0.00692449754712158,1.22788780545229e-15,0.00665130330060745,3.14911388585975e-17,0.00632131617461093,8.54259224967682e-16,0.00595467890538476,9.55521027227712e-16,0.00556807832645834,2.07632247737692e-16,0.00517481718087366,4.3673937228064e-16,0.00478511219459025,8.41246968353999e-16,0.00440650123045564,1.05092151147974e-16,0.00404428251080757,1.96382128129071e-16,0.00370193896986965,2.12695646866772e-15,,
doe_0220,doe,M035,700,-700,230,400,0.0015,0.0002,0.15,0.1,1,0.25,0,0,0,0,0,900,1,0.1,1,0.521373035570212,4.30414983297139,0.0224406766396532,4.30422070771176,1.77635683940025e-17,701.723439297783,-698.279350080618,1.72343929778276,1.72064991938248,20,6.08612397356042,0,7.97553102762598e-14,-0.281575406204869,0.0705729338805561,True,True,True,data/doe_006.npz,False,4.30414983297139,3.5615890676898e-15,0.00388096382530704,1.25668366460714e-15,0.00421129839909672,3.42758540518802e-15,0.00460718515429106,3.04306049291948e-15,0.00499976307859261,7.54318938694842e-16,0.0053445448988749,5.3158461511688e-16,0.0056167794007461,1.80004952216945e-15,0.00580617301386147,1.5314115721509e-15,0.00591217008810608,4.86209965366249e-16,0.00594026390604256,4.844346395778e-16,0.00589931669228658,8.00764006858896e-16,0.00579971019127001,5.58446067027229e-16,0.00565213070941453,1.11704513912759e-15,0.00546681600459874,7.53276066374472e-16,0.00525312563670702,2.80239842721277e-17,0.00501933011645264,8.01968969386812e-16,0.00477254290051615,6.05880034480372e-16,0.0045187417773278,1.655213018086e-16,0.0042628429126441,3.27441939754693e-16,0.00400880284534375,1.88672562999013e-15,,
doe_0221,doe,M036,700,0,230,400,0.0015,0.0002,0.15,0.1,1,0.25,0,0,0,0,0,900,1,0.1,1,0.892950182584428,3.04349354044678,0.0271768811263648,3.04362312625164,1.35003119794419e-15,700.001396136457,1.72204623155395,0.00139613645728787,1.72204623155395,20,4.30277021199276,0,7.76212469961262e-14,-0.281575406204869,0.0802447232681611,True,True,True,data/doe_006.npz,False,3.04349354044678,1.84291581405498e-15,0.00422666585644314,1.23368343406653e-15,0.00516802547564246,3.24882341488821e-15,0.00612192329135927,3.26218097353081e-15,0.00692624228008829,9.67836979512102e-16,0.0075129427306603,1.08122208130886e-15,0.00786526682361797,1.89258928105274e-15,0.00799648773398822,1.4530735113574e-15,0.00793649173493026,6.73768264406685e-16,0.00772251932270348,3.91251514753824e-16,0.00739290582559324,9.26168420505408e-16,0.00698319626247816,2.08830555174257e-16,0.00652407665128222,7.4097176715529e-16,0.0060405937680833,8.62523993153719e-16,0.00555220726601859,1.59820734807758e-16,0.00507331785521261,5.48843002986224e-16,0.00461401736505174,8.56673142223168e-16,0.00418089468705732,3.55756977340713e-16,0.00377779964881741,2.6340054762268e-16,0.0034065150155426,2.07746851791214e-15,,
doe_0222,doe,M037,700,700,230,400,0.0015,0.0002,0.15,0.1,1,0.25,0,0,0,0,0,900,1,0.1,1,0.521852257018512,4.30414984660528,0.0224613031199685,4.30422083726395,3.00204305858642e-15,698.279352624135,701.723441190562,-1.72064737586481,1.72344119056152,20,6.08612130205586,0,7.84176621249211e-14,-0.281575406204869,0.0706306232316827,True,True,True,data/doe_006.npz,False,4.30414984660528,5.37108083230596e-16,0.00388487708060172,2.05130355274542e-15,0.00421028668352387,3.07575657310493e-15,0.00460833852277009,3.74194800240239e-15,0.00500286244828368,5.62381108509476e-16,0.00534921099843233,1.01566160931986e-15,0.00562259220176841,1.7557616892271e-15,0.00581273183245658,9.99524316411647e-16,0.00591912190233842,7.03934861902699e-16,0.00594731485772089,2.78219051038384e-16,0.00590623422074309,1.16930958148374e-15,0.0058063198077967,2.61154947418761e-16,0.00565830982791253,1.04923721455097e-15,0.00547248639217308,6.81283790078259e-16,0.00525824551231688,2.55910348923611e-16,0.00502388655361509,5.5337496789898e-16,0.00477654492265474,9.5665484007472e-16,0.00452221434391118,4.1912380387176e-16,0.00426582186239123,2.18129019879896e-16,0.00401133077609449,1.90052620686221e-15,,
doe_0223,doe,M040,1400,-700,230,400,0.0015,0.0002,0.15,0.1,1,0.25,0,0,0,0,0,900,1,0.1,1,0.290712400224982,6.80545843404743,0.0197843115599328,6.80549892194659,1.49213974509621e-15,1401.72483549774,-696.557303794223,1.72483549774324,3.442696205777,31.3049516849971,9.62382175589864,0,7.75517762212496e-14,-0.281575406204869,0.0670716381470085,True,True,True,data/doe_006.npz,False,6.80545843404743,4.43628831816529e-15,0.00482047816770362,2.57688320246849e-15,0.00482562828157446,4.22338169576754e-15,0.0048357615375966,3.3242455921534e-15,0.0048429808451365,1.19219119984692e-15,0.00484357878426936,1.15601418715388e-15,0.00483483011237457,1.7158773295982e-15,0.00481483608482128,1.42243605111191e-15,0.00478253535889873,6.62248538495758e-16,0.00473760299504068,7.17879963005684e-16,0.00468029197392593,1.19076088942857e-15,0.00461126910348312,2.66609273282684e-16,0.00453147242818418,6.34009317160195e-16,0.00444199906428217,7.97940356555797e-16,0.00434402252657392,2.14231781964161e-16,0.00423873458589507,5.19180801544665e-16,0.00412730589759261,6.07421213757141e-16,0.00401086028332339,1.10096519250328e-16,0.00389045863359656,1.10296175765007e-16,0.00376708946086866,2.12324263196908e-15,,
doe_0224,doe,M041,1400,0,230,400,0.0015,0.0002,0.15,0.1,1,0.25,0,0,0,0,0,900,1,0.1,1,0.327912949936264,6.0869870793974,0.0199600188942913,6.08703216233736,3.16191517413245e-15,1400.00279192965,3.44409211658217,0.00279192965035691,3.44409211658217,28,8.60768853700573,0,7.88823715874978e-14,-0.281575406204869,0.0669352765989346,True,True,True,data/doe_006.npz,False,6.0869870793974,3.15588569190474e-15,0.00451583278938256,2.60931499245244e-15,0.00456226328186926,3.66433905670842e-15,0.00463195752244224,3.33757208368437e-15,0.00470590796959321,1.18272513272764e-15,0.00477387351637272,1.27774439992535e-15,0.00482808508344815,1.78952951556013e-15,0.00486332565445258,1.50257386091645e-15,0.00487675334554406,7.56019247949721e-16,0.00486744638474437,2.91899205361886e-16,0.00483587832176972,1.0583862481097e-15,0.00478344642679936,6.89322450827005e-17,0.00471209902684563,7.15925115221575e-16,0.00462406399784419,7.72601968551273e-16,0.00452166228923695,1.27121222659274e-16,0.00440718607237481,2.77391308052851e-16,0.00428282308532767,7.45377924886761e-16,0.00415061268837186,3.39238661232795e-16,0.00401242307000893,2.31886382505868e-16,0.00386994225011634,2.1704141661766e-15,,
doe_0225,doe,M042,1400,700,230,400,0.0015,0.0002,0.15,0.1,1,0.25,0,0,0,0,0,900,1,0.1,1,0.290760376739474,6.80545845222915,0.0197875766345498,6.80549895277221,3.97903932025656e-15,1398.2807484266,703.445487291626,-1.71925157339956,3.44548729162568,31.3049516849971,9.62374435817159,0,7.94862402562381e-14,-0.281575406204869,0.0670821102958454,True,True,True,data/doe_007.npz,False,6.80545845222915,1.4375975364083e-15,0.00482833641540495,2.70644854191951e-15,0.00482465916669248,3.32353193264667e-15,0.00483500765077237,3.52795875391829e-15,0.00484247343573636,1.1090081143332e-15,0.00484332651638979,8.21167348371661e-16,0.0048348231163844,1.74591320999696e-15,0.0048150512612727,1.13505747321445e-15,0.00478294153911349,7.17643450156083e-16,0.00473816522243674,3.90319211356184e-16,0.00468097467994874,1.06988879814347e-15,0.00461203825118416,8.62770324745365e-17,0.00453229682213366,7.47103536014114e-16,0.00444285104591093,8.28115897373923e-16,0.00434487824560828,3.68554911824457e-16,0.00423957399540004,5.37556602027028e-16,0.0041281125790223,7.9330460802307e-16,0.00401162117465228,3.626871395591e-16,0.00389116370902611,3.51171058020059e-16,0.00376773139328578,2.17586996971872e-15,,
doe_0226,doe,M030,350,-700,230,400,0.0015,0.0002,0.15,0.1,1,0.25,0,0,0,0,0,900,1,0.3,1,0.581806879126296,3.40272921884151,0.0197973126732604,3.40278682955258,-1.26121335597418e-15,351.722741259165,-699.140373541411,1.72274125916522,0.859626458589219,20,4.81235835557066,0,8.01451900499866e-14,-0.281575406204869,0.0565736376716289,True,True,True,data/doe_007.npz,False,3.40272921884151,2.78101276971822e-15,0.0086260142102355,6.27828211238825e-16,0.00824653438774857,3.65566668243986e-15,0.00772621668479587,2.96916363400562e-15,0.00708430021735926,8.21263330474157e-16,0.00635795807791752,9.59743439689011e-16,0.00558631352654118,1.58103932779362e-15,0.00480611324719831,1.53558571365936e-15,0.00404889666900992,2.36146261700937e-16,0.00333932392639919,5.82246593564089e-16,0.00269462875639663,1.04192593170796e-15,0.00212498497956512,3.68595768022126e-16,0.00163448176662691,7.4294750135776e-16,0.00122240982722694,8.03119668981051e-16,0.000884629628062258,3.97290669860287e-16,0.000614893493470971,6.13711407023631e-16,0.000406132536720184,6.98451420984479e-16,0.00025200133210759,2.23333180673479e-16,0.000149667189802602,1.99750791469813e-16,0.000102897970265152,2.24020587896194e-15,,
doe_0227,doe,M031,350,0,230,400,0.0015,0.0002,0.15,0.1,1,0.25,0,0,0,0,0,900,1,0.3,1,1.2037277074671,1.5217467666259,0.0183176874673606,1.52185701031577,8.08242361927114e-16,350.000697239456,0.861023663704095,0.000697239456030729,0.861023663704095,20,2.1544511102041,0,7.45599083890537e-14,-0.281575406204869,0.0523362839655266,True,True,True,data/doe_007.npz,False,1.5217467666259,1.2204400289393e-15,0.0105089101151693,9.06919863546169e-16,0.00981863787931772,2.85067143001384e-15,0.0082556815728518,2.96024389276106e-15,0.00615139678972161,1.11192317904295e-15,0.00402818296420478,8.52483501609976e-16,0.00226394133606749,1.79912912774255e-15,0.00100969781513578,1.5242043395651e-15,0.000243067647081433,2.89596433407282e-16,0.000145741517887128,2.38580294316203e-16,0.000285038707423631,1.16901603369494e-15,0.0002852266232385,2.84509150226023e-16,0.000224579380142545,5.64853448768204e-16,0.000150657188284835,6.1891581245994e-16,8.76190544608153e-05,3.42154990936498e-16,4.50049518894938e-05,3.97211548218649e-16,2.53400204358838e-05,7.0869371308498e-16,2.21609099689644e-05,2.65510544011977e-16,2.13659129959387e-05,4.66904106688658e-16,1.85547553572831e-05,1.72687170650534e-15,,
doe_0228,doe,M032,350,700,230,400,0.0015,0.0002,0.15,0.1,1,0.25,0,0,0,0,0,900,1,0.3,1,0.579861885553909,3.40272922406053,0.0197311298389313,3.40278645009104,2.75335310107039e-15,348.278655422051,700.862417804512,-1.72134457794891,0.862417804511892,20,4.81234948315052,0,7.95705410645397e-14,-0.281575406204869,0.0563844418846488,True,True,True,data/doe_007.npz,False,3.40272922406053,1.00846739159188e-15,0.00861302625569554,1.51820254595672e-15,0.00822765057539195,2.75185436533348e-15,0.00770548753082604,3.77276358709942e-15,0.00706182428882231,5.23988430808111e-16,0.00633417919786055,9.49243196891913e-16,0.00556190126187373,1.63925027932623e-15,0.00478182814330158,1.06010392014407e-15,0.00402547279074677,5.61964575142045e-16,0.00331738592259645,4.21610376975405e-16,0.00267464651132802,1.27639568617783e-15,0.00210726025681875,2.00437508426012e-16,0.00161915781033612,7.53293626193932e-16,0.00120949493922667,8.59104955379428e-16,0.000874027659805749,2.67087269710983e-16,0.000606437185768873,3.466045538931e-16,0.000399620657050228,7.14239253749683e-16,0.000247253798813984,2.19142082912633e-16,0.00014664409944693,5.06998719754738e-17,0.000101688694692443,2.03596703683364e-15,,
doe_0229,doe,M035,700,-700,230,400,0.0015,0.0002,0.15,0.1,1,0.25,0,0,0,0,0,900,1,0.3,1,0.501087903331591,4.30414983485894,0.0215675741637448,4.30420391999171,4.79616346638068e-16,701.723439856569,-698.279350134551,1.72343985656869,1.72064986544865,20,6.08696461722319,0,7.95233848192785e-14,-0.281575406204869,0.061649698730304,True,True,True,data/doe_007.npz,False,4.30414983485894,3.48570770495376e-15,0.00874298963729998,1.4645060754252e-15,0.00842188419713655,3.55079308403764e-15,0.0079851410143749,2.7174338170686e-15,0.00744746299737756,6.78647987646258e-16,0.00683831557917975,6.41011267252608e-16,0.00618722767574481,1.7124680418255e-15,0.00552079911488343,1.60009826999901e-15,0.00486137228999365,4.32965128573759e-16,0.00422655873106209,5.88163475592507e-16,0.00362933765514315,8.87494621454463e-16,0.0030784965759139,4.63680259000942e-16,0.00257923961442405,9.31254519000974e-16,0.00213384697917578,6.58092847189451e-16,0.00174231571856786,8.97568134271131e-17,0.00140294450523731,7.91056836384347e-16,0.00111284658219686,4.72829616102965e-16,0.000868389008190733,3.03543357502863e-16,0.000665566515062377,4.22203325535689e-16,0.000500327447773004,1.71589571953756e-15,,
doe_0230,doe,M036,700,0,230,400,0.0015,0.0002,0.15,0.1,1,0.25,0,0,0,0,0,900,1,0.3,1,0.645697984581266,3.04349353812879,0.0196517764365587,3.04355700233566,1.27897692436818e-15,700.001395602299,1.72204664594601,0.00139560229933977,1.72204664594601,20,4.30445508958012,0,7.64431746157136e-14,-0.281575406204869,0.0561564748794098,True,True,True,data/doe_007.npz,False,3.04349353812879,1.8547829117434e-15,0.00891488953481838,1.31906351055537e-15,0.00847670090911199,3.30410562219171e-15,0.00787667334657151,3.2641690660483e-15,0.00713469611834083,1.05382827980259e-15,0.00629660142466398,9.19454518584816e-16,0.00541245915890528,1.74362605007162e-15,0.00452996576355031,1.44226851169534e-15,0.00368950383530158,3.96131610220826e-16,0.00292121349929007,3.83689587493661e-16,0.00224418849989537,1.17567849035364e-15,0.00166735334470678,1.53185538503245e-16,0.00119135868762139,7.80703248153146e-16,0.000810897169061179,8.65392651805486e-16,0.000517076816464704,3.76491005938685e-16,0.000299947416070261,5.65782537934575e-16,0.000152958132269219,7.40419516853051e-16,8.68508346767378e-05,3.19262752599616e-16,0.000101278716453121,3.03285502472187e-16,0.000128214246924581,1.92615763517346e-15,,
doe_0231,doe,M037,700,700,230,400,0.0015,0.0002,0.15,0.1,1,0.25,0,0,0,0,0,900,1,0.3,1,0.500263115262171,4.3041498447198,0.0215320740987472,4.30420375151772,2.87769807982841e-15,698.279352570339,701.72344063231,-1.72064742966131,1.72344063231026,20,6.08696151248213,0,7.79577282300323e-14,-0.281575406204869,0.0615479754930832,True,True,True,data/doe_007.npz,False,4.3041498447198,2.49217028174381e-16,0.0087397257436328,2.00587036648547e-15,0.00841143998628085,3.1263710209473e-15,0.00797429301329832,3.71334594988847e-15,0.0074362018174909,8.38039778590058e-16,0.00682670475369884,9.05237385451339e-16,0.00617539095520082,1.9356227141429e-15,0.00550890163173046,1.01338852441031e-15,0.00484959963646487,5.19142077402735e-16,0.00421509759960163,2.29614811014749e-16,0.00361836028490924,1.16016976981856e-15,0.0030681499102681,1.58580234287207e-16,0.00256963909753041,1.00356837192411e-15,0.0021250743460877,8.13985891151421e-16,0.00173441989066548,1.87332713461539e-16,0.00139594468963617,4.43920338886317e-16,0.0011067368007963,9.39245084007616e-16,0.000863143489648444,3.73963859079084e-16,0.000661145646024576,1.40121119292277e-16,0.000496684290776301,1.88519014905599e-15,,
doe_0232,doe,M040,1400,-700,230,400,0.0015,0.0002,0.15,0.1,1,0.25,0,0,0,0,0,900,1,0.3,1,0.381500046155028,6.80545843484315,0.0259628270699878,6.80550890898093,2.1316282072803e-15,1401.72483585046,-696.557303495681,1.72483585046257,3.44269650431875,31.3049516849971,9.62413657713233,0,7.77489423508996e-14,-0.281575406204869,0.0748877713318249,True,True,True,data/doe_007.npz,False,6.80545843484315,4.62137993031921e-15,0.00922006933964354,2.29872742439333e-15,0.0089813415417862,4.26196524106065e-15,0.00866082235044482,3.16322850197794e-15,0.0082637789259174,8.45230354235956e-16,0.00780978581393311,1.00305843311383e-15,0.0073184393251238,1.32900071900664e-15,0.00680714378239992,1.629900780894e-15,0.00629035865829745,7.92384995945247e-16,0.00577946169294002,7.45724980315475e-16,0.00528297539508446,1.12634647286476e-15,0.00480697211714669,5.04001082481294e-16,0.00435552952077249,7.43265370015668e-16,0.0039311617448698,7.52082482765651e-16,0.0035351916662897,1.03732105533579e-16,0.00316805473927186,4.41754466471904e-16,0.0028295382114469,8.99041314361537e-16,0.0025189651461114,2.4574386790078e-16,0.00223533397268591,3.1437499930017e-16,0.0019774234701232,1.93882541545383e-15,,
doe_0233,doe,M041,1400,0,230,400,0.0015,0.0002,0.15,0.1,1,0.25,0,0,0,0,0,900,1,0.3,1,0.408248415361493,6.0869870782922,0.0248500282903868,6.08703836119439,2.73558953267639e-15,1400.00279167443,3.44409253097289,0.00279167443454753,3.44409253097289,28,8.60810382418076,0,7.86270676128265e-14,-0.281575406204869,0.0713896668785628,True,True,True,data/doe_007.npz,False,6.0869870782922,3.21535771193895e-15,0.00909193974208871,2.52007951649565e-15,0.00883290161110451,3.67149248312139e-15,0.0084904109882953,3.30034679262922e-15,0.00806656513900439,1.05600978830136e-15,0.00758263220147744,1.26697986809134e-15,0.00705988688256824,1.78971412830762e-15,0.00651727937924752,1.37186964187291e-15,0.00597060324288765,7.65793912139412e-16,0.00543232076803763,2.88954340611122e-16,0.00491178255372281,9.84044699769342e-16,0.00441564521113252,1.25628133238428e-16,0.00394835031515349,7.93042886111529e-16,0.00351258406929856,7.64170360408397e-16,0.00310967953928355,7.33929300782709e-17,0.00273994995651225,3.17893858520682e-16,0.00240295583022276,5.49042084503909e-16,0.0020977147485005,4.00183666093508e-16,0.00182286430978447,1.03784835295512e-16,0.00157678795606142,2.10703113044397e-15,,
doe_0234,doe,M042,1400,700,230,400,0.0015,0.0002,0.15,0.1,1,0.25,0,0,0,0,0,900,1,0.3,1,0.38135073100632,6.80545845023639,0.0259526655483078,6.80550888336868,4.08562073062058e-15,1398.28074799162,703.445487136407,-1.71925200837927,3.44548713640688,31.3049516849971,9.62408867828699,0,7.93607289494423e-14,-0.281575406204869,0.0748573454868303,True,True,True,data/doe_007.npz,False,6.80545845023639,1.45079886814522e-15,0.00922504908198414,3.1944522648318e-15,0.00897756927634978,3.37982920560036e-15,0.00865708867522605,3.35783439545642e-15,0.00826009530119174,1.40221742353538e-15,0.00780616271117424,7.24760579927363e-16,0.00731488626584044,1.47415809010047e-15,0.00680366959489466,1.02409578862577e-15,0.00628697170018357,9.25602810467696e-16,0.00577616998956477,3.62328682657559e-16,0.00527978668442191,1.02201143907698e-15,0.00480389381290008,3.31935187319313e-16,0.00435256861643645,9.17816921399517e-16,0.00392832468451818,8.8155383044988e-16,0.00353248420567098,3.40346779362121e-16,0.00316548181592803,3.88211685144867e-16,0.00282710383694229,6.01032172085528e-16,0.00251667232825488,4.27100433624101e-16,0.0022331846710954,2.62520739401574e-16,0.00197541858509322,2.08232637148987e-15,,
doe_0235,doe,M030,350,-700,230,400,0.0015,0.0002,0.15,0.1,1,0.25,0,0,0,0,0,900,1,0.6,1,1.87805735817983,3.40272922388045,0.0639052065680222,3.40332960689353,-1.63424829224823e-15,351.722742682748,-699.140374122589,1.72274268274754,0.859625877410622,20,4.81893146747406,0,7.93683009062105e-14,-0.281575406204869,0.182639202891426,True,True,True,data/doe_007.npz,False,3.40272922388045,2.94976999281318e-15,0.0214320064036565,8.06975431617131e-16,0.025338128142588,3.80474782206909e-15,0.0272128906823524,3.09534749520461e-15,0.0266294907519695,7.93312657090752e-16,0.0240848878621291,8.69061119412268e-16,0.0203614457920933,1.53789324428935e-15,0.0161952466800894,1.57578583046925e-15,0.0121384949507749,2.56881658880219e-16,0.00853784394651874,5.4548735830963e-16,0.00556906342563713,1.03066419545406e-15,0.00329398476518748,5.03058568638345e-16,0.00173965513663693,6.39907717970865e-16,0.00103786434327365,8.28906895649304e-16,0.00112307382801654,4.93636917233574e-16,0.0013372294398135,4.16031661728568e-16,0.00142299993773055,8.28095234959734e-16,0.00137989288615583,1.5332390216323e-16,0.00124939662607447,1.6081621009345e-16,0.00107264776496662,2.13138904922786e-15,,
doe_0236,doe,M031,350,0,230,400,0.0015,0.0002,0.15,0.1,1,0.25,0,0,0,0,0,900,1,0.6,1,5.93687480834335,1.5217467437012,0.0903441990735819,1.52442619815278,8.17124146124115e-16,350.000691969329,0.861022619381268,0.000691969328613595,0.861022619381268,20,2.19004932725782,0,7.32100987203179e-14,-0.281575406204869,0.258126399179926,False,True,False,data/doe_007.npz,False,1.5217467437012,1.18363120422632e-15,0.0596671036605235,8.32871827896719e-16,0.0548221140780832,2.57326369719628e-15,0.0356469775531315,2.84113742583275e-15,0.0166711782223197,1.26105702044082e-15,0.00402935358488534,8.1144008624803e-16,0.00226919915108925,1.72922571266604e-15,0.00372063989768023,1.22271739707224e-15,0.00294928807896229,3.88421432370795e-16,0.00158432638426068,3.47676639296191e-16,0.000597764033873463,1.15788073278544e-15,0.000522910377241297,2.68021577242039e-16,0.000590812943405725,3.00710206231563e-16,0.000473210509503726,4.58229175605025e-16,0.000295613853107726,3.80562357381259e-16,0.000174011090408632,3.10709917555179e-16,0.000141838219363193,7.20218872427725e-16,0.000130638538504436,3.8934108466138e-16,0.000105058911142047,5.25021920076929e-16,7.43094817637288e-05,1.65691755173466e-15,,
doe_0237,doe,M032,350,700,230,400,0.0015,0.0002,0.15,0.1,1,0.25,0,0,0,0,0,900,1,0.6,1,1.87428303663611,3.40272922686648,0.0637767766818176,3.4033271964462,2.89546164822241e-15,348.278656957904,700.862417761963,-1.72134304209561,0.862417761962661,20,4.81887489032213,0,7.92248210001391e-14,-0.281575406204869,0.182271712381979,True,True,True,data/doe_007.npz,False,3.40272922686648,1.13784282904307e-15,0.0214037267365253,1.75528062797419e-15,0.0252996206876289,2.49428980236262e-15,0.0271679535214083,3.8601756632128e-15,0.02658028439334,5.32246767325468e-16,0.0240340510325141,8.04250048384577e-16,0.0203115742575551,1.71452314781645e-15,0.0161485763953136,1.09665486817466e-15,0.0120967319674641,4.49595256355173e-16,0.00850211095644864,3.36670341564296e-16,0.00553994790997072,1.23270266288592e-15,0.00327173246549399,2.43746378058227e-16,0.00172488569709713,7.47890774544694e-16,0.00103298279102709,8.96246302032627e-16,0.00112354294475366,3.67780396111905e-16,0.0013368816194525,2.82695058320388e-16,0.00142081073806156,6.73475562455989e-16,0.00137617831160429,4.46925175062222e-16,0.00124471787020974,1.10033598339711e-16,0.00106755579209081,1.96435996351385e-15,,
doe_0238,doe,M035,700,-700,230,400,0.0015,0.0002,0.15,0.1,1,0.25,0,0,0,0,0,900,1,0.6,1,1.37012617335507,4.3041498368366,0.0589722834549177,4.30455456643905,8.5265128291212e-16,701.723440916791,-698.279349713961,1.72344091679054,1.72065028603913,20,6.09098811919274,0,7.9494657544594e-14,-0.281575406204869,0.168648832368736,True,True,True,data/doe_007.npz,False,4.3041498368366,3.70958381916203e-15,0.0185003950973109,1.60086012811813e-15,0.0204607217096493,3.50488339732933e-15,0.0218887444657374,2.63754526028346e-15,0.022250127068076,2.81547820029078e-16,0.021488530233234,8.00554343263529e-16,0.019807570979939,1.55729021636187e-15,0.0175126312456565,1.69293166853685e-15,0.0149098302388886,3.26299597836349e-16,0.0122539078897848,5.38875572197934e-16,0.00973052887514599,9.99876784532501e-16,0.00745879084368879,5.24941592876319e-16,0.00550332040741911,7.96397533370924e-16,0.00388962922909843,6.30365369315453e-16,0.00262028520201318,2.43391622395662e-16,0.00169302346317046,8.07857919975463e-16,0.00112069604533528,4.2835226469181e-16,0.000906883304417749,3.41548797562663e-16,0.000925222686867626,4.48478725473592e-16,0.000994819175260989,1.688660330258e-15,,
doe_0239,doe,M036,700,0,230,400,0.0015,0.0002,0.15,0.1,1,0.25,0,0,0,0,0,900,1,0.6,1,2.19762896755615,3.04349353030424,0.0668846954476631,3.04422855080898,1.68753899743024e-15,700.00139380208,1.72204687634948,0.00139380207951945,1.72204687634948,20,4.31269877843915,0,7.57821472290475e-14,-0.281575406204869,0.191121300445331,True,True,True,data/doe_007.npz,False,3.04349353030424,1.87262900928151e-15,0.0239628443417141,1.1997929930978e-15,0.0287635899567404,3.26383226460184e-15,0.0303010875113667,3.3392883141528e-15,0.0285379426517938,1.30361663111462e-15,0.0245208166721311,7.39761979361519e-16,0.0194557673043324,1.73889237512595e-15,0.0143090587317148,1.60783242176531e-15,0.00970142758869551,4.26102527252347e-16,0.00594853144718205,1.98970513941007e-16,0.00316125385251526,1.099517837624e-15,0.00141767558263692,1.68432087962532e-16,0.00106075340370578,6.92138718372663e-16,0.00142313744334428,8.86708040497601e-16,0.00162719151709113,3.40489963835813e-16,0.00161095847274193,5.85832001789639e-16,0.00144714774403313,8.27914542944662e-16,0.00120913205751991,3.95179124386534e-16,0.000953637406728201,4.9592234822267e-16,0.000720227820370311,1.76661954521261e-15,,
doe_0240,doe,M037,700,700,230,400,0.0015,0.0002,0.15,0.1,1,0.25,0,0,0,0,0,900,1,0.6,1,1.36848320135277,4.30414984274373,0.0589015675589996,4.30455360072086,3.10862446895044e-15,698.279352990849,701.723439572683,-1.72064700915132,1.72343957268299,20,6.09098347882754,0,7.75095444050058e-14,-0.281575406204869,0.168446265594342,True,True,True,data/doe_007.npz,False,4.30414984274373,2.48257663492519e-16,0.0184891887754027,1.94170251260704e-15,0.0204418236947318,2.94702564472576e-15,0.0218674550458015,3.64676541802309e-15,0.0222268711481285,7.48186332389017e-16,0.0214640019688236,9.16309868421657e-16,0.0197825631405329,1.85704791562108e-15,0.0174879225529761,1.14073460707006e-15,0.0148861147262437,5.19889678327376e-16,0.0122317554241969,3.80039667478193e-16,0.00971036883338292,1.09471870318144e-15,0.00744091296709868,1.36784598627446e-16,0.00548788924062,9.38651926862175e-16,0.00387671289146555,8.40924725490527e-16,0.00260991005158642,1.52134912683571e-16,0.00168529026552079,5.2935668201439e-16,0.00111592769231603,9.08623909358528e-16,0.000904990933799236,3.41239041405137e-16,0.000924683421156893,1.07308536437229e-16,0.000994325596474141,1.96532089161014e-15,,
doe_0241,doe,M040,1400,-700,230,400,0.0015,0.0002,0.15,0.1,1,0.25,0,0,0,0,0,900,1,0.6,1,0.777107605998237,6.80545843527372,0.0528857351235607,6.80566570390192,1.4210854715202e-15,1401.72483628006,-696.557302853704,1.72483628006466,3.4426971462957,31.3049516849971,9.62566871804244,0,7.64988251161462e-14,-0.281575406204869,0.15175595415275,True,True,True,data/doe_007.npz,False,6.80545843527372,4.66640432542922e-15,0.0163916685426086,2.19635302416239e-15,0.016493158052232,4.00275720806563e-15,0.0165661277477726,3.13285196912965e-15,0.0164964100464482,8.32118456187327e-16,0.016224528199458,1.21185254578757e-15,0.0157286456379203,1.2784088258625e-15,0.0150191055645059,1.70180058564263e-15,0.0141286006786175,8.37588160364626e-16,0.0131017267750411,7.68753079067157e-16,0.0119864165316782,9.81484763546277e-16,0.0108280438779957,7.59220280581376e-16,0.00966601678007633,1.01645388860125e-15,0.00853228948704152,8.27553115632455e-16,0.00745117317342749,2.25324126436397e-16,0.00643992132076704,2.56661907877723e-16,0.00550970565012095,9.60594037912054e-16,0.00466672855464157,5.987924222907e-16,0.00391332038128723,4.5115989534748e-16,0.00324894255728619,1.95180867891541e-15,,
doe_0242,doe,M041,1400,0,230,400,0.0015,0.0002,0.15,0.1,1,0.25,0,0,0,0,0,900,1,0.6,1,0.887746726730429,6.08698707550884,0.0540370285193339,6.08722796812526,3.05533376376843e-15,1400.00279103295,3.44409306386474,0.00279103294656124,3.44409306386474,28,8.61006675620972,0,7.7912467451345e-14,-0.281575406204869,0.154726315710986,True,True,True,data/doe_007.npz,False,6.08698707550884,3.01790007938712e-15,0.0167038092359728,2.50320759554327e-15,0.0170431057745759,3.74688050250696e-15,0.0173549476623973,3.55977633143889e-15,0.0174462618457094,1.10885313943862e-15,0.017221892537859,9.53010394406439e-16,0.0166584340420682,1.58873178032789e-15,0.0157866043132366,1.21189197985318e-15,0.0146693362974218,4.33938475809867e-16,0.0133825490088491,3.52552690606377e-16,0.0120014444307846,1.22299532154103e-15,0.0105923660239306,2.01769347185164e-16,0.009209053235462,8.29681425861586e-16,0.00789187617342257,8.0498374756754e-16,0.00666882667144747,2.68398384371401e-16,0.00555737195791108,2.89197168011861e-16,0.0045665946748368,5.85270230862095e-16,0.00369929255890574,2.65614943812217e-16,0.00295388556940745,1.23826313070187e-16,0.00232608739232729,2.11910266047537e-15,,
doe_0243,doe,M042,1400,700,230,400,0.0015,0.0002,0.15,0.1,1,0.25,0,0,0,0,0,900,1,0.6,1,0.776804092913668,6.80545844691894,0.0528650797572053,6.80566555073217,4.2277292777726e-15,1398.28074736368,703.445486686805,-1.71925263632033,3.44548668680534,31.3049516849971,9.62566732219929,0,7.96081242588323e-14,-0.281575406204869,0.151695605041695,True,True,True,data/doe_007.npz,False,6.80545844691894,1.45008301520571e-15,0.0163944154025754,3.55614999281717e-15,0.0164875741240168,3.15897073560283e-15,0.0165603337554483,2.82261938282541e-15,0.0164904049739186,1.59739172440942e-15,0.0162183420705129,4.50830800054635e-16,0.015722329822168,1.19510169062541e-15,0.0150127234567562,8.66099953891875e-16,0.0141222201225339,1.05380472654094e-15,0.0130954145789335,2.00013332489988e-16,0.011980234854401,9.68872231751695e-16,0.0108220480760135,5.46338252734147e-17,0.00966025431088856,8.19224218694049e-16,0.00852679953890494,9.76686493750308e-16,0.00744598677786914,2.10271921289192e-16,0.00643506177981404,2.99081653139958e-16,0.00550518916896672,7.32670105313362e-16,0.00466256501480313,3.45480451187796e-16,0.00390951422313866,4.76794803929429e-16,0.00324549376871663,2.16287340735982e-15,,
improved_0001,improved,M001,0,-1400,207,400,0.0015,0.0002,0.15,0.1,1,0.25,0,0,0,0,0,900,1,0.3,1,0.374230377423031,6.76331897486227,0.0253103941259505,6.76336723223453,-3.49942297361849e-15,3.44408534550163,-1400.00279148139,3.44408534550163,-0.00279148139225072,28,9.56454215217743,0,7.26230253319258e-14,-0.281575406204865,0.0729977540520638,True,True,True,data/improved_000.npz,False,6.76331897486227,4.04942601016752e-15,0.00899664962801375,1.39567439774255e-15,0.00876052368123804,3.38935111829555e-15,0.00844735620142026,2.49977516799071e-15,0.00805941916809019,6.59320859412476e-16,0.00761583963811933,9.73799088811339e-16,0.00713576656042639,1.03545876477282e-15,0.00663620900127161,1.66381281225683e-15,0.00613130033021628,2.76165512901909e-16,0.00563216398077596,9.56620824350014e-16,0.00514713416227947,1.04214102974114e-15,0.00468215104958053,4.48130281485138e-16,0.0042412052729592,5.59996574691215e-16,0.00382675877235579,7.78571578203996e-16,0.00344010821744825,3.79841175561414e-16,0.00308168169981131,7.84828118726783e-16,0.00275127239945282,5.03444701969979e-16,0.00244821842393681,1.88731418432643e-16,0.00217153927731122,1.79315685422161e-16,0.00192003861606449,1.82648547765327e-15,,
improved_0002,improved,M002,0,-700,207,400,0.0015,0.0002,0.15,0.1,1,0.25,0,0,0,0,0,900,1,0.3,1,0.573354944475019,3.38165948831278,0.01938891188155,3.38171509133122,-1.99840144432528e-15,1.72204236017207,-700.001395923968,1.72204236017207,-0.00139592396772059,20,4.78258593026225,0,7.22609019616041e-14,-0.281575406204865,0.0554067734350433,True,True,True,data/improved_000.npz,False,3.38165948831278,2.07034178296319e-15,0.00843718322307131,5.64149247382269e-16,0.00806813246379245,3.09848893772002e-15,0.00756400550059015,2.7833578383316e-15,0.00694036162199844,6.66445373096772e-16,0.00623271847496158,9.13832727931974e-16,0.00547898479337337,1.18342329856592e-15,0.00471519225189495,1.35524798367624e-15,0.00397257918630428,1.95581709083841e-16,0.0032757832346904,7.10042766479819e-16,0.00264216747848535,1.0580138687339e-15,0.00208209488717397,4.11134738979557e-16,0.00159984951517452,6.6016760939264e-16,0.0011948988201191,7.87114671186623e-16,0.000863258351644244,2.90147354609731e-16,0.000598824055444675,5.97935944747367e-16,0.000394684076786093,6.02196214359686e-16,0.000244717230294156,1.51272582044783e-16,0.000146437454745029,1.48711815449931e-16,0.000103290920607529,1.88685712719206e-15,,
improved_0003,improved,M003,0,700,207,400,0.0015,0.0002,0.15,0.1,1,0.25,0,0,0,0,0,900,1,0.3,1,0.571251438886315,3.38165948830629,0.0193177784851853,3.38171468394348,1.82076576038526e-15,-1.72204236140171,700.001395922621,-1.72204236140171,0.0013959226211,20,4.78258211551225,0,7.19804741358004e-14,-0.281575406204865,0.0552034269101028,True,True,True,data/improved_000.npz,False,3.38165948830629,1.41687628100978e-15,0.00841879278211639,1.65894504342628e-15,0.00804807868400003,2.54090383103461e-15,0.00754210157034164,3.18688168056928e-15,0.00691673368782423,5.29855895611212e-16,0.00620784617525031,7.69170764862104e-16,0.00545357313426219,1.74457556782517e-15,0.00469003009295401,9.38606473409697e-16,0.00394841809487939,5.64817239432476e-16,0.00325325382318473,3.91225370571313e-16,0.00262173542323948,1.07167810457044e-15,0.00206405003088758,1.04745839170543e-16,0.00158431821446112,7.84263502488361e-16,0.00118187005042581,6.49510493968227e-16,0.000852616274583635,3.67613845590961e-16,0.000590382974965221,3.06678646815608e-16,0.000388226979877067,6.71771628084516e-16,0.000240052595035638,1.27966555385787e-16,0.000143515099193866,1.67536695200903e-16,0.000102133181569464,1.94298037469714e-15,,
improved_0004,improved,M004,0,1400,207,400,0.0015,0.0002,0.15,0.1,1,0.25,0,0,0,0,0,900,1,0.3,1,0.373775760585014,6.76331897486064,0.0252796469390759,6.76336711265595,3.65929508916452e-15,-3.44408534625637,1400.00279148105,-3.44408534625637,0.00279148105391869,28,9.56454247715082,0,7.24216834114323e-14,-0.281575406204865,0.0729072570569351,True,True,True,data/improved_000.npz,False,6.76331897486064,3.02662796891656e-15,0.00898759974185917,3.02142018512186e-15,0.0087515000306473,2.27648748115491e-15,0.00843846415929589,3.49995184653627e-15,0.00805069426641849,7.10803423915015e-16,0.00760731255035691,8.17787540553229e-16,0.00712746286263069,1.9109251440056e-15,0.0066281500036973,7.76696834162097e-16,0.00612350398790206,7.28731124562559e-16,0.00562464566294087,5.62960595157131e-16,0.00513990719999097,1.11258821124371e-15,0.004675227056017,1.05614218213628e-16,0.00423459427400268,8.48854452511235e-16,0.00382046920321514,5.17968280128646e-16,0.00343414684205528,2.76309179927037e-16,0.00307605350146408,1.90728513442972e-16,0.00274598047891655,8.84456817581667e-16,0.00244326392925227,6.11131410574156e-17,0.00216692137869683,2.66351945077087e-16,0.00191575453080954,2.02886572742514e-15,,
improved_0005,improved,M005,350,-1400,207,400,0.0015,0.0002,0.15,0.1,1,0.25,0,0,0,0,0,900,1,0.3,1,0.36998666186517,6.97146962361499,0.0257935077433574,6.97151836919172,-3.83693077310454e-15,353.44478370928,-1399.14176902538,3.4447837092797,0.858230974623893,28.8617393793236,9.8589043777107,0,7.294917567347e-14,-0.281575406204865,0.0744864864357692,True,True,True,data/improved_000.npz,False,6.97146962361499,5.03224533314274e-15,0.00910030175140835,1.81028596711109e-15,0.00886853204521949,3.63147817084549e-15,0.00855786033497441,2.67004034906116e-15,0.00817294988746454,6.51275824635727e-16,0.00773271387066352,9.54751632355671e-16,0.00725608970929244,1.44402468683072e-15,0.00675988441680914,1.49549623695315e-15,0.00625804964247908,3.53398888881736e-16,0.00576155434078074,7.92115694810787e-16,0.00527860878376607,7.62979860674718e-16,0.00481506042123577,5.14562001974673e-16,0.004374837273583,5.48848746637654e-16,0.00396036656377802,8.34001375265959e-16,0.00357293523588923,4.34903308693782e-16,0.0032129833684455,5.41513926489088e-16,0.00288033439227572,5.03515245759463e-16,0.00257437145887937,2.3091367727492e-16,0.00229417052671651,3.60370081563306e-16,0.00203859990701844,1.90155338941579e-15,,
improved_0006,improved,M006,350,-700,207,400,0.0015,0.0002,0.15,0.1,1,0.25,0,0,0,0,0,900,1,0.3,1,0.539762004142736,3.78081024271706,0.0204073771389234,3.78086534078677,-8.5265128291212e-16,351.722741220713,-699.140373458758,1.72274122071309,0.859626541242164,20,5.34693934302271,0,7.22266676271265e-14,-0.281575406204865,0.0583188791095047,True,True,True,data/improved_000.npz,False,3.78081024271706,3.04849681592194e-15,0.0086043147461052,1.02665177504942e-15,0.00825485990403796,3.28877820483293e-15,0.00777818490629005,2.90287780599775e-15,0.00719145104312051,6.56750904445721e-16,0.00652778446542351,7.99780370798642e-16,0.00582095368186424,1.41310462701861e-15,0.00510191387390179,1.30096794469665e-15,0.00439696255050919,3.18939927166539e-16,0.00372683696838871,6.70847998620313e-16,0.00310655347292977,9.67786163928152e-16,0.00254577964035171,4.19627895081431e-16,0.00204953718042772,7.27318212412427e-16,0.00161906689538682,6.17840529510703e-16,0.00125273109696239,3.14921964705692e-16,0.000946873944575164,5.3627728416505e-16,0.000696603232017025,6.44160181305298e-16,0.000496502813460812,2.17219701549486e-16,0.000341349351831131,1.68924237418006e-16,0.000227010473926845,2.00270539290521e-15,,
improved_0007,improved,M007,350,0,207,400,0.0015,0.0002,0.15,0.1,1,0.25,0,0,0,0,0,900,1,0.3,1,1.0748566572327,1.69082974145526,0.0181739960385024,1.69092741117521,8.70414851306123e-16,350.000697396899,0.861023598253635,0.000697396898885927,0.861023598253635,20,2.39303119485736,0,6.7458399278543e-14,-0.281575406204865,0.0519257927365247,True,True,True,data/improved_000.npz,False,1.69082974145526,1.39048517355701e-15,0.00996648970320069,8.05248542149044e-16,0.00937800294342487,2.63872779878177e-15,0.00816762706796766,2.70105376442475e-15,0.00648051423890618,1.0619229412075e-15,0.00465463024809896,8.02737176752443e-16,0.00299582725067758,1.6465999380067e-15,0.00168072965173391,1.43779932033018e-15,0.000756199920233446,2.63680305285921e-16,0.000182194657933584,1.37310200724472e-16,0.000124568997636411,1.06293493666037e-15,0.000246653347583908,1.90176378194312e-16,0.000260807533673867,5.28514255201449e-16,0.00022135719017578,6.31144432035767e-16,0.000163860479067926,3.51169099623539e-16,0.000108574922564567,4.70543898842496e-16,6.51389453463845e-05,5.62350865057928e-16,3.69703271290077e-05,2.86629095558715e-16,2.39873067287729e-05,3.73070944690728e-16,2.07630506833998e-05,1.49714578438245e-15,,
improved_0008,improved,M008,350,700,207,400,0.0015,0.0002,0.15,0.1,1,0.25,0,0,0,0,0,900,1,0.3,1,0.538417273200278,3.78081024909272,0.0203565354480417,3.78086507280743,2.87769807982841e-15,348.278655357542,700.862417868137,-1.72134464245835,0.862417868136959,20,5.34693820521473,0,7.16567012000188e-14,-0.281575406204865,0.0581735005679378,True,True,True,data/improved_000.npz,False,3.78081024909272,9.44861336960937e-16,0.00859542260608146,1.56334783475581e-15,0.00824032046397563,2.47827270862841e-15,0.00776268246508718,3.17917806773484e-15,0.00717499604888481,6.81392459448371e-16,0.0065105646729752,1.02943599973141e-15,0.00580328883572684,1.56039281738583e-15,0.00508419760599085,8.20485693065012e-16,0.00437960527312279,5.95451066690291e-16,0.00371021939454443,2.63479593563571e-16,0.00309099494934547,1.19565671560546e-15,0.00253152128263313,1.67907021363849e-16,0.00203673738591585,6.47860581919989e-16,0.00160780590508484,7.93738410007838e-16,0.00124302137477877,2.62270394481708e-16,0.000938673801623849,3.61151738610238e-16,0.000689832117922558,6.50761117328318e-16,0.000491058124065776,1.76657684009208e-16,0.000337127072035945,1.43043141603739e-16,0.000223935628111151,1.8716491618804e-15,,
improved_0009,improved,M009,350,1400,207,400,0.0015,0.0002,0.15,0.1,1,0.25,0,0,0,0,0,900,1,0.3,1,0.369614494501368,6.97146963302483,0.0257675622434211,6.97151827802403,5.29354338141275e-15,346.556612631754,1400.86381380411,-3.44338736824619,0.863813804108077,28.8617393793236,9.85889386581151,0,7.20952145172586e-14,-0.281575406204865,0.0744096019589108,True,True,True,data/improved_000.npz,False,6.97146963302483,2.53480045698244e-15,0.00909748999754338,2.83997642933365e-15,0.00886040984576461,2.43393397124281e-15,0.00854985662877717,3.09384365618391e-15,0.00816509629055128,1.01603548993511e-15,0.00772503717392181,1.0760023673693e-15,0.00724861180322009,1.88562891141472e-15,0.0067526231258832,5.60454197717751e-16,0.00625101964449814,6.11639108520994e-16,0.0057547679640982,4.6825759923194e-16,0.00527207659914057,8.84796680897591e-16,0.00480879161543789,2.55423935294557e-16,0.00436883983407662,1.00874380303344e-15,0.00395464732268317,6.2940733185919e-16,0.00356749982434093,4.51554379466931e-16,0.00320783612642232,3.02360618434849e-16,0.00287547826887538,6.15348315366182e-16,0.0025698079277349,2.08571203109106e-16,0.00228989953167103,2.09901918318992e-16,0.00203461984559866,1.81902858231774e-15,,
improved_0010,improved,M010,700,-1400,207,400,0.0015,0.0002,0.15,0.1,1,0.25,0,0,0,0,0,900,1,0.3,1,0.355160326332734,7.56162048198098,0.0268558759798465,7.56166959378083,-1.98951966012828e-15,703.445482226647,-1398.28074622541,3.44548222664741,1.71925377458888,31.3049516849971,10.6934203510869,0,7.28645065557788e-14,-0.281575406204865,0.0778660280802811,True,True,True,data/improved_000.npz,False,7.56162048198098,5.60385117003088e-15,0.00929857556871781,2.2717599722605e-15,0.0090749695306261,3.90798642822372e-15,0.00877334379631956,2.89382547288505e-15,0.00839951793423122,8.20582590531016e-16,0.00797172487182746,1.18657250925085e-15,0.00750822692105428,1.57171025522272e-15,0.00702519430918895,1.76404631057023e-15,0.00653601223937999,2.18805459245652e-16,0.00605117121847865,7.801213631762e-16,0.00557849718578194,1.02260033204242e-15,0.00512354583257806,4.41746525777325e-16,0.00469003993837066,7.96156734262039e-16,0.00428027958944124,8.16156749565452e-16,0.0038954932687126,3.889919718228e-16,0.00353612160015799,5.5327894834611e-16,0.00320203808444786,3.96752132810939e-16,0.00289271640436096,1.70289507002644e-16,0.00260735499895261,2.0757884085663e-16,0.00234496872968528,1.74914473762874e-15,,
improved_0011,improved,M011,700,-700,207,400,0.0015,0.0002,0.15,0.1,1,0.25,0,0,0,0,0,900,1,0.3,1,0.467464136803438,4.78238870502978,0.0223559520785525,4.78244107271147,1.4210854715202e-16,701.723439773107,-698.279350110124,1.7234397731072,1.72064988987563,20,6.76323266911768,0,7.14942489500686e-14,-0.281575406204865,0.063944361095911,True,True,True,data/improved_000.npz,False,4.78238870502978,3.94532287801838e-15,0.00876755187434896,1.65477536081622e-15,0.0084728818218017,3.06265681879045e-15,0.00807263265019935,2.58958587055734e-15,0.00757902133646995,4.68642455543604e-16,0.00701827030979149,5.54999575002407e-16,0.00641658693672123,1.50005550003063e-15,0.00579746058589204,1.53199370077223e-15,0.00518056366233099,4.07141091495487e-16,0.00458143026123384,3.63631175928604e-16,0.00401162700188744,7.62524537490478e-16,0.00347919386585483,5.16118942374491e-16,0.00298919518558755,9.29023787660883e-16,0.00254428196197334,6.0323769093441e-16,0.00214521326229896,3.39475890528485e-17,0.00179131448589199,7.7352463471855e-16,0.00148086734006647,3.89715610544764e-16,0.00121143502434374,3.0374316750592e-16,0.000980130050930718,3.82654965954717e-16,0.000783833731371027,1.5261130657945e-15,,
improved_0012,improved,M012,700,0,207,400,0.0015,0.0002,0.15,0.1,1,0.25,0,0,0,0,0,900,1,0.3,1,0.594684922179766,3.38165948710555,0.0201102190892783,3.38171930313514,1.91846538655227e-15,700.001395663725,1.72204656516155,0.00139566372536137,1.72204656516155,20,4.78257119388286,0,6.92068144273982e-14,-0.281575406204865,0.0574675394311851,True,True,True,data/improved_000.npz,False,3.38165948710555,1.98422576666842e-15,0.00881717436768813,1.30096986402699e-15,0.00841697337850234,3.13906199694712e-15,0.00787417341077261,2.91015154872472e-15,0.00720612364602629,9.44705841810312e-16,0.00645233813832908,9.25755861216618e-16,0.00565402587117561,1.44650813354664e-15,0.0048495425044638,1.34882881097143e-15,0.00407148004606521,4.63154805139756e-16,0.00334501849580936,2.25149608809164e-16,0.00268746724385076,9.57254752603234e-16,0.00210874864564083,1.75130153262813e-16,0.00161249184224245,7.90551164121603e-16,0.00119742289062789,7.69268458516628e-16,0.000858816573208164,2.89537281738787e-16,0.00058988664014238,4.71246839903704e-16,0.000383151549138376,6.97824758456557e-16,0.000232177318629564,2.52133195745338e-16,0.000135081759289885,2.15814572083256e-16,9.74782537116693e-05,1.79396034249167e-15,,
improved_0013,improved,M013,700,700,207,400,0.0015,0.0002,0.15,0.1,1,0.25,0,0,0,0,0,900,1,0.3,1,0.466901544120123,4.78238871672335,0.0223290467642078,4.78244095765714,4.10338429901458e-15,698.279352594797,701.723440715443,-1.72064740520329,1.72344071544262,20,6.76323016545002,0,7.02940714926898e-14,-0.281575406204865,0.0638669301332767,True,True,True,data/improved_000.npz,False,4.78238871672335,2.63096476292534e-16,0.00876714934722843,2.06482210695772e-15,0.00846467348266886,2.81983328123499e-15,0.00806425528352781,3.22534693552232e-15,0.0075704724338143,8.77456423836851e-16,0.00700958010291882,1.01245876310075e-15,0.00640781408186994,1.76432021336599e-15,0.00578868516461106,8.94694043817114e-16,0.00517187873164013,5.95876335690055e-16,0.00457293340065723,5.71681317324141e-17,0.00400341288772621,1.0032331168094e-15,0.00347134843981781,2.19132701557394e-16,0.00298179160543051,9.4600748138418e-16,0.00253737825972843,7.10895703749096e-16,0.00213885148300084,2.40330170479664e-16,0.00178552101286798,4.11711403256679e-16,0.00147565410605487,8.12889277588432e-16,0.00120680133834332,3.14566685961559e-16,0.000976064823018915,1.7807572612728e-16,0.000780317938953105,1.71633837838343e-15,,
improved_0014,improved,M014,700,1400,207,400,0.0015,0.0002,0.15,0.1,1,0.25,0,0,0,0,0,900,1,0.3,1,0.354905344265865,7.56162049970447,0.0268365952665543,7.56166953835401,6.71462885293295e-15,696.55731027229,1401.72483630743,-3.44268972770965,1.724836307435,31.3049516849971,10.6934763458728,0,7.22095607565074e-14,-0.281575406204865,0.0778080170078664,True,True,True,data/improved_000.npz,False,7.56162049970447,1.65753128710489e-15,0.00930174855320465,2.9414252587954e-15,0.00906834879289697,2.45552660895905e-15,0.00876683084237741,3.33230282740484e-15,0.00839314026141673,1.04548236371306e-15,0.00796550453373069,6.94710062299799e-16,0.00750218061910781,2.06441036979803e-15,0.00701933427066568,8.165536022014e-16,0.00653034723225001,7.04672848381158e-16,0.00604570749491411,2.61630301363095e-16,0.00557323925349547,1.17385980674187e-15,0.00511849702143274,2.36657059575178e-17,0.00468520277346765,8.49125206064878e-16,0.00427565600443274,7.91962220203645e-16,0.00389108470008749,2.45662588174867e-16,0.00353192900152182,3.31948234735165e-16,0.00319806189340887,6.54821240966535e-16,0.00288895648739156,1.58546552292882e-16,0.00260381059225147,1.90139370482336e-16,0.0023416383880484,1.95526348328273e-15,,
improved_0015,improved,M015,1400,-1400,207,400,0.0015,0.0002,0.15,0.1,1,0.25,0,0,0,0,0,900,1,0.3,1,0.314117164369957,9.56477740699251,0.0300446075691431,9.56482752134863,-8.5265128291212e-16,1403.44687890122,-1396.55869996836,3.44687890121531,3.44130003164037,39.5979797464467,13.5263098268615,0,7.12319257018927e-14,-0.281575406204865,0.0884638901904947,True,True,True,data/improved_000.npz,False,9.56477740699251,7.38390919797573e-15,0.00994573304313321,3.55414089169176e-15,0.0097348496453554,3.59904829794947e-15,0.00944981654908993,2.6482354126618e-15,0.00909654133747083,3.83966946093439e-16,0.00869212520360326,1.00622020654754e-15,0.00825370587313409,1.62999589075795e-15,0.007796360942762,1.77794601940014e-15,0.00733246782075442,5.25709825903299e-16,0.00687162784863142,5.10311376157028e-16,0.00642091267844868,7.89633774327349e-16,0.00598526251353213,4.0526767418779e-16,0.00556791956323487,1.09646432254276e-15,0.00517082983761903,9.48357910204786e-16,0.00479498340457678,1.65927940719764e-16,0.00444068620000498,6.87582390484728e-16,0.00410776849388784,4.32721974489647e-16,0.00379574003163566,2.47834963222548e-16,0.0035039028069252,3.53265170286338e-16,0.00323143144913253,1.64796521019549e-15,,
improved_0016,improved,M016,1400,-700,207,400,0.0015,0.0002,0.15,0.1,1,0.25,0,0,0,0,0,900,1,0.3,1,0.358475722648589,7.56162048296286,0.0271065736702449,7.56167050816725,2.62900812231237e-15,1401.7248357845,-696.557303537155,1.72483578450283,3.44269646284476,31.3049516849971,10.6934837948298,0,6.94382308076741e-14,-0.281575406204865,0.0785867892988892,True,True,True,data/improved_000.npz,False,7.56162048296286,5.41131656762547e-15,0.00938955035536651,2.60512565291626e-15,0.00916212565679079,3.72095611895642e-15,0.00885733458188171,3.15142394062407e-15,0.00847958819231008,7.14524831621244e-16,0.00804731322417759,8.98738917893895e-16,0.00757896590348922,1.40510510483647e-15,0.00709088870173925,1.63308437655025e-15,0.00659660992388508,8.67345381140644e-16,0.00610673264933043,7.06255723186136e-16,0.00562916707757687,1.1363972067052e-15,0.00516952884378383,6.33087200434067e-16,0.004731580861657,8.35888644875609e-16,0.0043176478180298,6.10026706076865e-16,0.0039289709622287,2.00047777192811e-16,0.00356599487605087,4.94629242257486e-16,0.00322859059554251,8.19126787673544e-16,0.00291622475440031,3.27561315946958e-16,0.00262808555263034,3.89217394706569e-16,0.00236317547112061,1.85638852054214e-15,,
improved_0017,improved,M017,1400,0,207,400,0.0015,0.0002,0.15,0.1,1,0.25,0,0,0,0,0,900,1,0.3,1,0.382851883143212,6.76331897603182,0.02589349406272,6.76336946659935,3.41060513164848e-15,1400.002791706,3.44409245641841,0.00279170599765166,3.44409245641841,28,9.56454723984725,0,7.13708343109743e-14,-0.281575406204865,0.0746677088530295,True,True,True,data/improved_000.npz,False,6.76331897603182,3.45851779386964e-15,0.00921451879130753,2.61694651070364e-15,0.00897011554708432,3.4507428410707e-15,0.00864854016720142,2.81751378612394e-15,0.00825020596465218,1.19824316760312e-15,0.00779476762180558,1.03905979448326e-15,0.00730190096545698,1.83370875299018e-15,0.00678908402168965,1.30979843642602e-15,0.00627084041869367,8.25482372263123e-16,0.00575860067570909,2.48788888595894e-16,0.00526092830412154,9.50319041002184e-16,0.0047839253925713,1.50333585357973e-16,0.00433168908711749,6.08523670078405e-16,0.00390674400678239,6.63692129331443e-16,0.00351041582123766,1.08046809153645e-16,0.00314313638660665,2.5886780143548e-16,0.00280468419083523,6.20086010683905e-16,0.002494369515855,4.1350748109617e-16,0.00221117502788042,5.34302788748547e-17,0.00195386169585463,1.93333229264646e-15,,
improved_0018,improved,M018,1400,700,207,400,0.0015,0.0002,0.15,0.1,1,0.25,0,0,0,0,0,900,1,0.3,1,0.358383423594272,7.56162050062538,0.0270995944293476,7.56167049852254,5.15143483426073e-15,1398.28074806785,703.445487151951,-1.71925193214793,3.4454871519506,31.3049516849971,10.6934252814554,0,7.15550753346843e-14,-0.281575406204865,0.0785653373257507,True,True,True,data/improved_000.npz,False,7.56162050062538,1.76269041169123e-15,0.00939633712440393,2.94256849970108e-15,0.00915915640416865,2.98058577262115e-15,0.00885440673305073,2.7143546274253e-15,0.00847671263363073,1.45401667863306e-15,0.00804449879849168,7.92823885187865e-16,0.00757621952506146,1.55627269097841e-15,0.00708821571862661,7.82263147747144e-16,0.00659401451317448,9.15643831309473e-16,0.00610421817018968,2.01779438588936e-16,0.00562673634658948,8.94980006379849e-16,0.00516718432342765,3.2601723074955e-16,0.00472932476956694,6.63667896049545e-16,0.00431548217300404,7.96005166445982e-16,0.00392689758515832,2.68404724549435e-16,0.00356401536259328,4.09676749036362e-16,0.00322670627440547,5.50157453974116e-16,0.00291443664176521,4.74126206273526e-16,0.00262639431001874,3.17406859300729e-16,0.00236158137134704,1.92421755260154e-15,,
improved_0019,improved,M019,1400,1400,207,400,0.0015,0.0002,0.15,0.1,1,0.25,0,0,0,0,0,900,1,0.3,1,0.314034661356516,9.56477743650943,0.0300367164322468,9.56482752188168,7.42517158869305e-15,1396.55870544143,1403.44688207467,-3.44129455856569,3.44688207467084,39.5979797464467,13.5263075719619,0,7.08576388738478e-14,-0.281575406204865,0.0884383048136948,True,True,True,data/improved_000.npz,False,9.56477743650943,8.90114533055054e-16,0.00995740940556717,3.69007881143891e-15,0.00973101993551111,2.95628409650934e-15,0.00944606223592988,3.55038624954045e-15,0.00909288077808721,9.39122352951125e-16,0.0086885720690531,1.46831465376889e-15,0.00825026934715336,1.74961852023466e-15,0.00779304638625581,6.37295132462233e-16,0.0073292775767328,1.17442367960208e-15,0.00686856203624574,2.49503916738503e-16,0.00641796989033657,9.35428243355543e-16,0.00598244037931665,3.53899987682807e-16,0.00556521517512196,1.07204136160344e-15,0.00516824005260371,7.36781300802442e-16,0.00479250504536031,3.36722800924674e-16,0.00443831617772436,2.34613916647612e-16,0.00410550387352325,8.52183897451285e-16,0.00379357805718676,5.70694925380207e-16,0.00350184089982324,1.06894218167116e-16,0.00322946718997809,1.61471859893452e-15,,
improved_0020,improved,M020,2800,-1400,207,400,0.0015,0.0002,0.15,0.1,1,0.25,0,0,0,0,0,900,1,0.3,1,0.251288740824483,15.1232409642611,0.0380030017909442,15.1232955924661,2.27373675443232e-15,2803.44967103067,-1393.11460738333,3.44967103066983,6.88539261666779,62.6099033699941,21.3870920560612,0,7.14689977587999e-14,-0.281575406204865,0.116139043983613,True,True,True,data/improved_000.npz,False,15.1232409642611,1.03429899891374e-14,0.0119586152193878,5.69575851191082e-15,0.0117360526114577,4.39663242351843e-15,0.0114387611852411,3.5913162510387e-15,0.011070805197549,1.56298820497959e-15,0.0106502058234123,1.48933010241443e-15,0.0101950333681473,1.33560407979071e-15,0.00972106459204109,2.10173781108335e-15,0.00924111430194046,1.16823474284205e-15,0.00876498177932078,1.10440530950248e-15,0.00829974174048639,1.08614379540943e-15,0.00785019412426104,1.04959591738282e-15,0.00741934652979465,7.50503543291699e-16,0.00700885758747799,6.17130258769589e-16,0.00661940982978386,1.0292435572336e-16,0.00625100550145009,6.08267829268426e-16,0.00590319163951696,9.88536492376664e-16,0.00557522591960609,2.166531851505e-16,0.00526619562539699,4.18473847859788e-16,0.00497510091396809,1.58157262081547e-15,,
improved_0021,improved,M021,2800,-700,207,400,0.0015,0.0002,0.15,0.1,1,0.25,0,0,0,0,0,900,1,0.3,1,0.261140908020954,13.9429392491086,0.0364107181599322,13.9429929323342,6.75015598972095e-15,2801.72762744287,-693.113211329241,1.72762744286956,6.8867886707593,57.7234787586473,19.7178733821658,0,7.28747554985602e-14,-0.281575406204865,0.110546205610733,True,True,True,data/improved_000.npz,False,13.9429392491086,8.38273404312354e-15,0.0115320546817211,5.31769498231643e-15,0.0113093518538867,4.07360595078684e-15,0.0110178054768619,3.0004663688102e-15,0.0106568676069833,1.86067854896291e-15,0.010244168522778,1.69569832552074e-15,0.00979738485908094,1.89990505906497e-15,0.00933196331568751,1.23738492268343e-15,0.00886046628511293,9.69075566658005e-16,0.00839251670751445,4.1967124193986e-16,0.00793507943146593,1.08886733710185e-15,0.00749289806722127,2.46783878613825e-16,0.00706896423869162,9.26435873011003e-16,0.00666494920349362,7.59171464230198e-16,0.00628156708186695,2.61668414011405e-16,0.00591886319781794,3.31536935497979e-16,0.00557643362390269,6.9637578703772e-16,0.00525358707798075,6.91033083005864e-16,0.00494946117697796,4.77652948435145e-16,0.00466310391199569,1.54238416036284e-15,,
improved_0022,improved,M022,2800,0,207,400,0.0015,0.0002,0.15,0.1,1,0.25,0,0,0,0,0,900,1,0.3,1,0.265004029436689,13.526637953128,0.0358461356231018,13.5266913184933,6.82121026329696e-15,2800.0055836338,6.88818431139551,0.00558363380014271,6.88818431139551,56,19.1291587268508,0,7.31825702273737e-14,-0.281575406204865,0.108560555813579,True,True,True,data/improved_000.npz,False,13.526637953128,6.82655877594701e-15,0.0113872143151211,4.91750645599918e-15,0.0111604760774195,3.99801278062117e-15,0.010870654493938,3.11387242577015e-15,0.0105118163055652,1.64290948855661e-15,0.0101014715303944,1.61020387098427e-15,0.00965717561304827,1.96611590981039e-15,0.00919427511616794,1.19900453081762e-15,0.00872525759773656,1.47211595547818e-15,0.00825969567423352,2.93714126259298e-16,0.00780452506079255,1.09877944637194e-15,0.00736447709024815,2.48231484002105e-16,0.00694254360425253,5.75965905727993e-16,0.00654040471940236,7.27441372138108e-16,0.00615878891601826,2.38682292410295e-16,0.00579775896437211,7.93731831870382e-17,0.00545692969522951,6.02457978699126e-16,0.0051356286452048,4.84958237986557e-16,0.00483301146445949,2.84051233158728e-16,0.00454814284882365,1.76677515233906e-15,,
improved_0023,improved,M023,2800,700,207,400,0.0015,0.0002,0.15,0.1,1,0.25,0,0,0,0,0,900,1,0.3,1,0.261145763256459,13.9429392705212,0.0364113951783872,13.9429929542503,9.66338120633736e-15,2798.28353998116,706.889579461883,-1.71646001883528,6.88957946188305,57.7234787586473,19.7179009514341,0,7.21449042874003e-14,-0.281575406204865,0.110546724140201,True,True,True,data/improved_000.npz,False,13.9429392705212,4.44276604418417e-15,0.0115419196046923,5.36090218704599e-15,0.0113085583593164,3.99934900146713e-15,0.0110170286030628,3.52631220592928e-15,0.0106561114276077,1.89636604648578e-15,0.0102434359561838,1.94815221065299e-15,0.00979667776719119,2.17515540806271e-15,0.00933128265731889,1.04098610576149e-15,0.00885981229837345,1.44996978867691e-15,0.00839188909177349,3.33769239320552e-16,0.0079344775098123,1.01732545771186e-15,0.00749232092059792,1.98559110985613e-16,0.00706841081019978,7.14659487620424e-16,0.00666441837559671,1.2169912739929e-15,0.00628105773095603,3.01968892811455e-16,0.00591837423094982,6.81731664489249e-16,0.00557596400207002,5.04969813024375e-16,0.00525313582956785,4.73919537497601e-16,0.00494902740424757,4.32496543004833e-16,0.00466268679278163,1.63516681874517e-15,,
improved_0024,improved,M024,2800,1400,207,400,0.0015,0.0002,0.15,0.1,1,0.25,0,0,0,0,0,900,1,0.3,1,0.251314393663243,15.1232410041088,0.0380068814317071,15.1232956397708,1.4281908988778e-14,2796.56149674789,1406.89097440345,-3.43850325210724,6.8909744034479,62.6099033699941,21.3869318711258,0,7.31210753358317e-14,-0.281575406204865,0.116146970661771,True,True,True,data/improved_000.npz,False,15.1232410041088,2.67107752026898e-15,0.0119776675748243,5.40660231783582e-15,0.0117354163965429,3.53313738094352e-15,0.0114381349125904,3.09940093677949e-15,0.0110701914087673,2.0008014958433e-15,0.0106496061550434,1.28980936920454e-15,0.0101944487344437,1.67609774647615e-15,0.00972049530598986,8.06087914072976e-16,0.00924056020547215,1.44261215142928e-15,0.00876444237007972,3.48626829699493e-16,0.00829921628351851,1.37136076796983e-15,0.00784968174317752,3.35993096383096e-16,0.00741884627673323,6.74519291561418e-16,0.00700836849402365,9.77292640697358e-16,0.00661893094213238,6.57338744248123e-16,0.00625053590329925,2.68852867364277e-16,0.00590273046574027,9.46558575343144e-16,0.00557477236332754,2.04384340632035e-16,0.00526574894044347,3.34449324636076e-16,0.0049746604142062,1.6903440612708e-15,,
improved_0025,improved,M025,0,-1400,230,400,0.0015,0.0002,0.15,0.1,1,0.25,0,0,0,0,0,900,1,0.3,1,0.397206125969393,6.08698707750527,0.0241778855588163,6.08703563829523,-3.99680288865056e-15,3.44408527728182,-1400.00279151128,3.44408527728182,-0.00279151128370358,28,8.60810276359487,0,7.93613593010313e-14,-0.281575406204869,0.0694691333630101,True,True,True,data/improved_000.npz,False,6.08698707750527,3.76510113774584e-15,0.00883124815905298,1.1669779238364e-15,0.0085825046284187,4.13624920491269e-15,0.00825122978464232,2.8116473540776e-15,0.00784121601320423,1.06523563214698e-15,0.00737300164112387,1.07104312042776e-15,0.00686713539460926,1.26952489441906e-15,0.00634192173027927,1.70113967804593e-15,0.00581261816499876,1.67062152087011e-16,0.0052912677085288,9.02543416979951e-16,0.00478691157797555,1.17973714989395e-15,0.0043059927861639,5.10385351911945e-16,0.00385281842497894,6.60447256825844e-16,0.00343000297647941,8.71981533426112e-16,0.00303885594514228,4.09719656499829e-16,0.00267970283279005,6.01083563620106e-16,0.00235214220451294,5.82606096412945e-16,0.00205524749440457,2.01976380919605e-16,0.00178772367822928,3.86923348560182e-17,0.00154802826707237,2.10201393748226e-15,,
improved_0026,improved,M026,0,-700,230,400,0.0015,0.0002,0.15,0.1,1,0.25,0,0,0,0,0,900,1,0.3,1,0.618736496418699,3.04349353973507,0.0188312052964862,3.04355181584878,-1.35003119794419e-15,1.72204229176617,-700.001395982455,1.72204229176617,-0.0013959824552785,20,4.30447674484909,0,8.01327066202877e-14,-0.281575406204869,0.0538121712437697,True,True,True,data/improved_000.npz,False,3.04349353973507,2.10992877579881e-15,0.00845152477988942,2.77531711356315e-16,0.0080592697183629,3.71135931051309e-15,0.00751600547232275,3.10391319968832e-15,0.00683704066843574,8.24143643698581e-16,0.00606185934873586,1.01405588975788e-15,0.00523582943853884,1.46027633795356e-15,0.00440381906901708,1.38206696834568e-15,0.00360500759031753,1.99917075397691e-16,0.00286952561371922,6.76922842381203e-16,0.00221721420462633,1.08275273563394e-15,0.00165814404247766,4.01725578438269e-16,0.00119425469841949,8.44233199507238e-16,0.000821507630654109,7.71514679762122e-16,0.000532166408537734,3.95767669005438e-16,0.000317238326920542,5.98774946383632e-16,0.000170393889408454,7.14693909578367e-16,9.78930201546427e-05,1.36215528287335e-16,0.000101150581953494,1.73999351935679e-16,0.000124549780549127,2.08232108170669e-15,,
improved_0027,improved,M027,0,700,230,400,0.0015,0.0002,0.15,0.1,1,0.25,0,0,0,0,0,900,1,0.3,1,0.615717085204232,3.04349353972587,0.0187393097111792,3.04355124820378,1.4388490399142e-15,-1.72204229335957,700.001395980337,-1.72204229335957,0.00139598033683797,20,4.30447054627919,0,8.04267888126682e-14,-0.281575406204869,0.0535494499408833,True,True,True,data/improved_000.npz,False,3.04349353972587,1.25473474852447e-15,0.00842820142604458,1.5960924745286e-15,0.00803283671670512,2.6988947325472e-15,0.00748618454985015,3.71353412970295e-15,0.00680427399225846,6.56429731675796e-16,0.00602722953292548,7.01814680403273e-16,0.00520074284963843,1.81053716348414e-15,0.00436970506257991,1.12809307784052e-15,0.00357309913836869,5.32903015426189e-16,0.00284073867560865,4.46225015401044e-16,0.00219211219917168,1.26764099565235e-15,0.00163696157516255,1.91527516152171e-16,0.00117695476461416,8.01459442788901e-16,0.000807852506352673,7.69056955919589e-16,0.000521791314776217,2.89566575161818e-16,0.000309733965594713,4.20552895342087e-16,0.00016547641471653,8.13556452289146e-16,9.58178486843245e-05,1.04041945948964e-16,0.000100854918818657,2.41539690923574e-16,0.000124168970936141,2.15934082260934e-15,,
improved_0028,improved,M028,0,1400,230,400,0.0015,0.0002,0.15,0.1,1,0.25,0,0,0,0,0,900,1,0.3,1,0.396578937404393,6.08698707750309,0.0241397086719045,6.08703548267489,3.48165940522449e-15,-3.44408527829201,1400.00279151078,-3.44408527829201,0.00279151077938877,28,8.60810288112417,0,8.04384490566626e-14,-0.281575406204869,0.0693577330328641,True,True,True,data/improved_000.npz,False,6.08698707750309,2.89609031759318e-15,0.00882017177522286,2.59059911601428e-15,0.008571422782323,2.30334673553547e-15,0.0082402522321518,4.05486143421417e-15,0.00783037779568731,4.3145825960865e-16,0.00736233858469981,7.94385340128507e-16,0.00685668338717047,1.95434812141647e-15,0.00633171670156352,8.87918788031545e-16,0.00580269582559453,7.60411847793148e-16,0.00528166301556109,4.74861561222249e-16,0.00477765800436013,1.18361189346278e-15,0.00429712149709147,1.71058170855335e-16,0.00384435746409545,1.041620365656e-15,0.00342197654641731,6.47714954533231e-16,0.0030312838418454,2.8805687358802e-16,0.00267260006697222,3.11768558823991e-16,0.00234551882032415,8.95696736098467e-16,0.00204910857773198,2.18223453860333e-17,0.00178206953431392,1.60812538980101e-16,0.00154285473943723,2.22144107410726e-15,,
improved_0029,improved,M029,350,-1400,230,400,0.0015,0.0002,0.15,0.1,1,0.25,0,0,0,0,0,900,1,0.3,1,0.393020847148205,6.27432266150883,0.0246593960770738,6.27437175806226,-2.68229882749438e-15,353.444783677629,-1399.14176909394,3.44478367762872,0.858230906055269,28.8617393793236,8.87302497151825,0,8.06141636876424e-14,-0.281575406204869,0.0709180410023197,True,True,True,data/improved_000.npz,False,6.27432266150883,4.58852813109205e-15,0.00893522373339824,1.40775822805832e-15,0.00869100319255731,4.2633855593938e-15,0.00836278787857797,2.95149222567661e-15,0.00795645197283078,8.96374176539415e-16,0.00749225210596779,9.61378348229448e-16,0.00699045841690595,1.69238529721126e-15,0.00646911276692004,1.80424514140505e-15,0.00594324088277083,3.53447090116291e-16,0.00542469394335665,8.3716090799783e-16,0.00492236544878752,8.51314191999727e-16,0.00444259527940072,5.11613163677617e-16,0.00398962991267475,7.12231577967808e-16,0.00356606199634998,1.08548310600812e-15,0.00317321319536427,4.72302630977319e-16,0.00281144978689689,5.81354465241256e-16,0.00248043409124751,4.82390840149099e-16,0.00217932064997276,2.40168681047849e-16,0.00190690748317602,4.11317249338717e-16,0.00166175203538762,2.07550055571615e-15,,
improved_0030,improved,M030,350,-700,230,400,0.0015,0.0002,0.15,0.1,1,0.25,0,0,0,0,0,900,1,0.3,1,0.581806879126296,3.40272921884151,0.0197973126732604,3.40278682955258,-1.26121335597418e-15,351.722741259165,-699.140373541411,1.72274125916522,0.859626458589219,20,4.81235835557066,0,8.01451900499866e-14,-0.281575406204869,0.0565736376716289,True,True,True,data/improved_000.npz,False,3.40272921884151,2.78101276971822e-15,0.0086260142102355,6.27828211238825e-16,0.00824653438774857,3.65566668243986e-15,0.00772621668479587,2.96916363400562e-15,0.00708430021735926,8.21263330474157e-16,0.00635795807791752,9.59743439689011e-16,0.00558631352654118,1.58103932779362e-15,0.00480611324719831,1.53558571365936e-15,0.00404889666900992,2.36146261700937e-16,0.00333932392639919,5.82246593564089e-16,0.00269462875639663,1.04192593170796e-15,0.00212498497956512,3.68595768022126e-16,0.00163448176662691,7.4294750135776e-16,0.00122240982722694,8.03119668981051e-16,0.000884629628062258,3.97290669860287e-16,0.000614893493470971,6.13711407023631e-16,0.000406132536720184,6.98451420984479e-16,0.00025200133210759,2.23333180673479e-16,0.000149667189802602,1.99750791469813e-16,0.000102897970265152,2.24020587896194e-15,,
improved_0031,improved,M031,350,0,230,400,0.0015,0.0002,0.15,0.1,1,0.25,0,0,0,0,0,900,1,0.3,1,1.2037277074671,1.5217467666259,0.0183176874673606,1.52185701031577,8.08242361927114e-16,350.000697239456,0.861023663704095,0.000697239456030729,0.861023663704095,20,2.1544511102041,0,7.45599083890537e-14,-0.281575406204869,0.0523362839655266,True,True,True,data/improved_000.npz,False,1.5217467666259,1.2204400289393e-15,0.0105089101151693,9.06919863546169e-16,0.00981863787931772,2.85067143001384e-15,0.0082556815728518,2.96024389276106e-15,0.00615139678972161,1.11192317904295e-15,0.00402818296420478,8.52483501609976e-16,0.00226394133606749,1.79912912774255e-15,0.00100969781513578,1.5242043395651e-15,0.000243067647081433,2.89596433407282e-16,0.000145741517887128,2.38580294316203e-16,0.000285038707423631,1.16901603369494e-15,0.0002852266232385,2.84509150226023e-16,0.000224579380142545,5.64853448768204e-16,0.000150657188284835,6.1891581245994e-16,8.76190544608153e-05,3.42154990936498e-16,4.50049518894938e-05,3.97211548218649e-16,2.53400204358838e-05,7.0869371308498e-16,2.21609099689644e-05,2.65510544011977e-16,2.13659129959387e-05,4.66904106688658e-16,1.85547553572831e-05,1.72687170650534e-15,,
improved_0032,improved,M032,350,700,230,400,0.0015,0.0002,0.15,0.1,1,0.25,0,0,0,0,0,900,1,0.3,1,0.579861885553909,3.40272922406053,0.0197311298389313,3.40278645009104,2.75335310107039e-15,348.278655422051,700.862417804512,-1.72134457794891,0.862417804511892,20,4.81234948315052,0,7.95705410645397e-14,-0.281575406204869,0.0563844418846488,True,True,True,data/improved_000.npz,False,3.40272922406053,1.00846739159188e-15,0.00861302625569554,1.51820254595672e-15,0.00822765057539195,2.75185436533348e-15,0.00770548753082604,3.77276358709942e-15,0.00706182428882231,5.23988430808111e-16,0.00633417919786055,9.49243196891913e-16,0.00556190126187373,1.63925027932623e-15,0.00478182814330158,1.06010392014407e-15,0.00402547279074677,5.61964575142045e-16,0.00331738592259645,4.21610376975405e-16,0.00267464651132802,1.27639568617783e-15,0.00210726025681875,2.00437508426012e-16,0.00161915781033612,7.53293626193932e-16,0.00120949493922667,8.59104955379428e-16,0.000874027659805749,2.67087269710983e-16,0.000606437185768873,3.466045538931e-16,0.000399620657050228,7.14239253749683e-16,0.000247253798813984,2.19142082912633e-16,0.00014664409944693,5.06998719754738e-17,0.000101688694692443,2.03596703683364e-15,,
improved_0033,improved,M033,350,1400,230,400,0.0015,0.0002,0.15,0.1,1,0.25,0,0,0,0,0,900,1,0.3,1,0.392494449801089,6.27432266969307,0.0246263682411568,6.27437163227801,3.80140363631654e-15,346.556612702884,1400.86381377957,-3.44338729711558,0.863813779572638,28.8617393793236,8.87301633913585,0,8.01436249969791e-14,-0.281575406204869,0.0708212184693423,True,True,True,data/improved_001.npz,False,6.27432266969307,2.27481895267627e-15,0.00892997507452116,2.75137976087695e-15,0.0086809615593819,2.67842043625444e-15,0.00835284503994701,3.81392932086365e-15,0.00794663958550651,8.40527159409033e-16,0.00748260139209826,1.01728490300457e-15,0.00698099973465965,1.86060080314926e-15,0.00645987583703105,9.49256386995473e-16,0.00593425484381221,7.1506725211163e-16,0.00541598716501761,4.99494267948835e-16,0.00491396513854115,1.03561865381854e-15,0.00443452695487787,2.27584556544443e-16,0.00398191682235967,9.77014768579185e-16,0.00355872456389715,6.84871499174573e-16,0.00316626854595368,3.88117510977292e-16,0.00280491139401684,2.64809900789686e-16,0.00247431156295154,8.05698534329525e-16,0.00217361965803385,2.02792661222734e-16,0.00190162982645431,1.47707930404633e-16,0.00165689582073275,2.15092058105651e-15,,
improved_0034,improved,M034,700,-1400,230,400,0.0015,0.0002,0.15,0.1,1,0.25,0,0,0,0,0,900,1,0.3,1,0.377249736540939,6.80545843409911,0.025673574013042,6.80550779758547,-2.0961010704923e-15,703.445482242031,-1398.28074629909,3.44548224203083,1.71925370091003,31.3049516849971,9.62408578154127,0,7.97220030142333e-14,-0.281575406204869,0.0740592562496641,True,True,True,data/improved_001.npz,False,6.80545843409911,5.05578167353698e-15,0.0091118247948506,1.74389381820514e-15,0.00887760918268608,4.25293881350715e-15,0.00856122827423057,2.94975907205124e-15,0.00816930285579289,1.14356250920569e-15,0.00772114823379545,1.30666200885919e-15,0.00723610180105071,1.68142938990485e-15,0.00673133743170853,1.8233567297661e-15,0.00622112281598447,3.29753286514918e-16,0.00571668475687875,7.35590480686216e-16,0.00522643300837972,1.12278608972036e-15,0.00475636023382567,3.25452678624571e-16,0.0043104915776301,9.03169304171193e-16,0.00389131015584636,8.47389643971751e-16,0.00350012433341088,1.84678503524276e-16,0.00313736742491461,6.07262489410043e-16,0.00280283359120793,5.97349433702049e-16,0.00249585925760141,1.8301271396455e-16,0.0022154606499036,4.02537078674383e-16,0.00196043723319848,2.05426463130655e-15,,
improved_0035,improved,M035,700,-700,230,400,0.0015,0.0002,0.15,0.1,1,0.25,0,0,0,0,0,900,1,0.3,1,0.501087903331591,4.30414983485894,0.0215675741637448,4.30420391999171,4.79616346638068e-16,701.723439856569,-698.279350134551,1.72343985656869,1.72064986544865,20,6.08696461722319,0,7.95233848192785e-14,-0.281575406204869,0.061649698730304,True,True,True,data/improved_001.npz,False,4.30414983485894,3.48570770495376e-15,0.00874298963729998,1.4645060754252e-15,0.00842188419713655,3.55079308403764e-15,0.0079851410143749,2.7174338170686e-15,0.00744746299737756,6.78647987646258e-16,0.00683831557917975,6.41011267252608e-16,0.00618722767574481,1.7124680418255e-15,0.00552079911488343,1.60009826999901e-15,0.00486137228999365,4.32965128573759e-16,0.00422655873106209,5.88163475592507e-16,0.00362933765514315,8.87494621454463e-16,0.0030784965759139,4.63680259000942e-16,0.00257923961442405,9.31254519000974e-16,0.00213384697917578,6.58092847189451e-16,0.00174231571856786,8.97568134271131e-17,0.00140294450523731,7.91056836384347e-16,0.00111284658219686,4.72829616102965e-16,0.000868389008190733,3.03543357502863e-16,0.000665566515062377,4.22203325535689e-16,0.000500327447773004,1.71589571953756e-15,,
improved_0036,improved,M036,700,0,230,400,0.0015,0.0002,0.15,0.1,1,0.25,0,0,0,0,0,900,1,0.3,1,0.645697984581266,3.04349353812879,0.0196517764365587,3.04355700233566,1.27897692436818e-15,700.001395602299,1.72204664594601,0.00139560229933977,1.72204664594601,20,4.30445508958012,0,7.64431746157136e-14,-0.281575406204869,0.0561564748794098,True,True,True,data/improved_001.npz,False,3.04349353812879,1.8547829117434e-15,0.00891488953481838,1.31906351055537e-15,0.00847670090911199,3.30410562219171e-15,0.00787667334657151,3.2641690660483e-15,0.00713469611834083,1.05382827980259e-15,0.00629660142466398,9.19454518584816e-16,0.00541245915890528,1.74362605007162e-15,0.00452996576355031,1.44226851169534e-15,0.00368950383530158,3.96131610220826e-16,0.00292121349929007,3.83689587493661e-16,0.00224418849989537,1.17567849035364e-15,0.00166735334470678,1.53185538503245e-16,0.00119135868762139,7.80703248153146e-16,0.000810897169061179,8.65392651805486e-16,0.000517076816464704,3.76491005938685e-16,0.000299947416070261,5.65782537934575e-16,0.000152958132269219,7.40419516853051e-16,8.68508346767378e-05,3.19262752599616e-16,0.000101278716453121,3.03285502472187e-16,0.000128214246924581,1.92615763517346e-15,,
improved_0037,improved,M037,700,700,230,400,0.0015,0.0002,0.15,0.1,1,0.25,0,0,0,0,0,900,1,0.3,1,0.500263115262171,4.3041498447198,0.0215320740987472,4.30420375151772,2.87769807982841e-15,698.279352570339,701.72344063231,-1.72064742966131,1.72344063231026,20,6.08696151248213,0,7.79577282300323e-14,-0.281575406204869,0.0615479754930832,True,True,True,data/improved_001.npz,False,4.3041498447198,2.49217028174381e-16,0.0087397257436328,2.00587036648547e-15,0.00841143998628085,3.1263710209473e-15,0.00797429301329832,3.71334594988847e-15,0.0074362018174909,8.38039778590058e-16,0.00682670475369884,9.05237385451339e-16,0.00617539095520082,1.9356227141429e-15,0.00550890163173046,1.01338852441031e-15,0.00484959963646487,5.19142077402735e-16,0.00421509759960163,2.29614811014749e-16,0.00361836028490924,1.16016976981856e-15,0.0030681499102681,1.58580234287207e-16,0.00256963909753041,1.00356837192411e-15,0.0021250743460877,8.13985891151421e-16,0.00173441989066548,1.87332713461539e-16,0.00139594468963617,4.43920338886317e-16,0.0011067368007963,9.39245084007616e-16,0.000863143489648444,3.73963859079084e-16,0.000661145646024576,1.40121119292277e-16,0.000496684290776301,1.88519014905599e-15,,
improved_0038,improved,M038,700,1400,230,400,0.0015,0.0002,0.15,0.1,1,0.25,0,0,0,0,0,900,1,0.3,1,0.376877442563486,6.805458449565,0.0256482377594412,6.8055077129681,4.76063632959267e-15,696.557310312464,1401.72483624406,-3.44268968753579,1.72483624406141,31.3049516849971,9.62413111908165,0,7.95719309462884e-14,-0.281575406204869,0.0739841413031877,True,True,True,data/improved_001.npz,False,6.805458449565,1.99232856924317e-15,0.00911239199989998,2.7436025052057e-15,0.00886937400530056,2.47356025103166e-15,0.00855309793785488,3.85780052591168e-15,0.0081613066018401,6.06876801852789e-16,0.00771331176957323,8.61292172300633e-16,0.00722844724080571,1.86562900323196e-15,0.00672388398182295,1.10134976347702e-15,0.00621388747163727,6.64846489087826e-16,0.00570968284713299,4.77449515360125e-16,0.00521967853732769,1.26090768941649e-15,0.00474986602478049,1.06403541486107e-16,0.00430426926061985,1.0251740581387e-15,0.0038853700514515,9.31912329936409e-16,0.00349447528450129,2.85860587481205e-16,0.00313201661939178,3.49628974130589e-16,0.00279778640715627,7.78665118205947e-16,0.00249111915128257,1.78045528024692e-16,0.00221102909710773,2.50746797115173e-16,0.00195631372692199,2.06918213179583e-15,,
improved_0039,improved,M039,1400,-1400,230,400,0.0015,0.0002,0.15,0.1,1,0.25,0,0,0,0,0,900,1,0.3,1,0.332923461211055,8.60829966658794,0.0286590492014243,8.60834957190433,6.75015598972095e-16,1403.44687896657,-1396.55869999877,3.44687896657047,3.44130000123278,39.5979797464467,12.1736711773376,0,8.09016060293874e-14,-0.281575406204869,0.0837490092527851,True,True,True,data/improved_001.npz,False,8.60829966658794,6.77218338031024e-15,0.00966378508099242,2.90923615016814e-15,0.00944814532239762,4.15603341257327e-15,0.00915667447255738,2.72511369452418e-15,0.00879537727613866,8.0611426237341e-16,0.00838176476391144,8.64674022801382e-16,0.00793338217793225,1.68757773249318e-15,0.00746570807030197,1.58634355980431e-15,0.00699149535365707,6.22097209186848e-16,0.00652068272625199,6.45157273390672e-16,0.00606063443079845,1.01685886794119e-15,0.00561653623259248,6.95988651761569e-16,0.00519182942498174,1.23299212658414e-15,0.0047886148562701,9.44878123705075e-16,0.00440799634683138,6.7154085052117e-17,0.00405035611776578,7.68897695580813e-16,0.00371556705599629,6.87691535826856e-16,0.00340315167574567,3.50592651578096e-16,0.00311239864181534,3.1358671269606e-16,0.0028424467842493,1.8291891954367e-15,,
improved_0040,improved,M040,1400,-700,230,400,0.0015,0.0002,0.15,0.1,1,0.25,0,0,0,0,0,900,1,0.3,1,0.381500046155028,6.80545843484315,0.0259628270699878,6.80550890898093,2.1316282072803e-15,1401.72483585046,-696.557303495681,1.72483585046257,3.44269650431875,31.3049516849971,9.62413657713233,0,7.77489423508996e-14,-0.281575406204869,0.0748877713318249,True,True,True,data/improved_001.npz,False,6.80545843484315,4.62137993031921e-15,0.00922006933964354,2.29872742439333e-15,0.0089813415417862,4.26196524106065e-15,0.00866082235044482,3.16322850197794e-15,0.0082637789259174,8.45230354235956e-16,0.00780978581393311,1.00305843311383e-15,0.0073184393251238,1.32900071900664e-15,0.00680714378239992,1.629900780894e-15,0.00629035865829745,7.92384995945247e-16,0.00577946169294002,7.45724980315475e-16,0.00528297539508446,1.12634647286476e-15,0.00480697211714669,5.04001082481294e-16,0.00435552952077249,7.43265370015668e-16,0.0039311617448698,7.52082482765651e-16,0.0035351916662897,1.03732105533579e-16,0.00316805473927186,4.41754466471904e-16,0.0028295382114469,8.99041314361537e-16,0.0025189651461114,2.4574386790078e-16,0.00223533397268591,3.1437499930017e-16,0.0019774234701232,1.93882541545383e-15,,
improved_0041,improved,M041,1400,0,230,400,0.0015,0.0002,0.15,0.1,1,0.25,0,0,0,0,0,900,1,0.3,1,0.408248415361493,6.0869870782922,0.0248500282903868,6.08703836119439,2.73558953267639e-15,1400.00279167443,3.44409253097289,0.00279167443454753,3.44409253097289,28,8.60810382418076,0,7.86270676128265e-14,-0.281575406204869,0.0713896668785628,True,True,True,data/improved_001.npz,False,6.0869870782922,3.21535771193895e-15,0.00909193974208871,2.52007951649565e-15,0.00883290161110451,3.67149248312139e-15,0.0084904109882953,3.30034679262922e-15,0.00806656513900439,1.05600978830136e-15,0.00758263220147744,1.26697986809134e-15,0.00705988688256824,1.78971412830762e-15,0.00651727937924752,1.37186964187291e-15,0.00597060324288765,7.65793912139412e-16,0.00543232076803763,2.88954340611122e-16,0.00491178255372281,9.84044699769342e-16,0.00441564521113252,1.25628133238428e-16,0.00394835031515349,7.93042886111529e-16,0.00351258406929856,7.64170360408397e-16,0.00310967953928355,7.33929300782709e-17,0.00273994995651225,3.17893858520682e-16,0.00240295583022276,5.49042084503909e-16,0.0020977147485005,4.00183666093508e-16,0.00182286430978447,1.03784835295512e-16,0.00157678795606142,2.10703113044397e-15,,
improved_0042,improved,M042,1400,700,230,400,0.0015,0.0002,0.15,0.1,1,0.25,0,0,0,0,0,900,1,0.3,1,0.38135073100632,6.80545845023639,0.0259526655483078,6.80550888336868,4.08562073062058e-15,1398.28074799162,703.445487136407,-1.71925200837927,3.44548713640688,31.3049516849971,9.62408867828699,0,7.93607289494423e-14,-0.281575406204869,0.0748573454868303,True,True,True,data/improved_001.npz,False,6.80545845023639,1.45079886814522e-15,0.00922504908198414,3.1944522648318e-15,0.00897756927634978,3.37982920560036e-15,0.00865708867522605,3.35783439545642e-15,0.00826009530119174,1.40221742353538e-15,0.00780616271117424,7.24760579927363e-16,0.00731488626584044,1.47415809010047e-15,0.00680366959489466,1.02409578862577e-15,0.00628697170018357,9.25602810467696e-16,0.00577616998956477,3.62328682657559e-16,0.00527978668442191,1.02201143907698e-15,0.00480389381290008,3.31935187319313e-16,0.00435256861643645,9.17816921399517e-16,0.00392832468451818,8.8155383044988e-16,0.00353248420567098,3.40346779362121e-16,0.00316548181592803,3.88211685144867e-16,0.00282710383694229,6.01032172085528e-16,0.00251667232825488,4.27100433624101e-16,0.0022331846710954,2.62520739401574e-16,0.00197541858509322,2.08232637148987e-15,,
improved_0043,improved,M043,1400,1400,230,400,0.0015,0.0002,0.15,0.1,1,0.25,0,0,0,0,0,900,1,0.3,1,0.332785724765593,8.60829969256436,0.0286471925218946,8.6083495538887,5.6843418860808e-15,1396.55870541106,1403.44688200946,-3.44129458893963,3.44688200946007,39.5979797464467,12.1736689469437,0,7.87935621268252e-14,-0.281575406204869,0.0837120883255697,True,True,True,data/improved_001.npz,False,8.60829969256436,1.09318762965228e-15,0.00967285959568917,3.66034543727365e-15,0.00944329917505623,2.80429578613571e-15,0.00915191728285063,4.05522296677859e-15,0.00879073095969515,8.07374752906397e-16,0.00837724601516341,1.3828902377879e-15,0.00792900265174037,2.01658175836577e-15,0.00746147515945055,8.35614708896392e-16,0.00698741311791942,1.03217987319061e-15,0.00651675279401723,2.5732285363918e-16,0.00605685677614043,1.31587775425285e-15,0.00561290978828993,1.88191842553325e-16,0.00518835253059174,1.22625803763188e-15,0.00478528556156481,6.92748665963293e-16,0.00440481259915897,1.80771655342481e-16,0.00404731586239056,4.52364719194405e-16,0.00371266827522202,1.17756973179565e-15,0.00340039238766961,4.2782853712898e-16,0.00310977687486152,1.80535729011213e-16,0.00283996053928051,1.85719473607535e-15,,
improved_0044,improved,M044,2800,-1400,230,400,0.0015,0.0002,0.15,0.1,1,0.25,0,0,0,0,0,900,1,0.3,1,0.2641993857519,13.6109168679993,0.0359599587604559,13.6109702966166,1.98951966012828e-15,2803.4496710882,-1393.11460735249,3.44967108819992,6.88539264751444,62.6099033699941,19.2483619892162,0,8.03343228528901e-14,-0.281575406204869,0.108962745595539,True,True,True,data/improved_001.npz,False,13.6109168679993,8.76496563708805e-15,0.0114085118830051,5.62797964926006e-15,0.0111911238342405,4.82723943805152e-15,0.0109009562151962,3.82038714742084e-15,0.0105416969038959,1.17269291594701e-15,0.0101308802053143,1.40837555414682e-15,0.00968608597481607,1.24104724967039e-15,0.00922268088303037,1.99003860889499e-15,0.00875316744611495,1.21941338526228e-15,0.00828712826153559,1.01700206739488e-15,0.00783150473160685,1.39538222625593e-15,0.00739103046933766,6.13980506361848e-16,0.00696869707965271,6.87810309744096e-16,0.00656618271092289,8.76850950001258e-16,0.00618421278281384,3.94856162226787e-16,0.00582284640331028,3.83293982180304e-16,0.00548169449920429,7.64217408888643e-16,0.00516008071470108,4.10274463394201e-16,0.00485715698970048,3.93838379554916e-16,0.00457198460072941,1.98321670705853e-15,,
improved_0045,improved,M045,2800,-700,230,400,0.0015,0.0002,0.15,0.1,1,0.25,0,0,0,0,0,900,1,0.3,1,0.275041286037605,12.5486453242484,0.0345139554801104,12.548697991755,3.76587649952853e-15,2801.72762746989,-693.113211268477,1.72762746989156,6.88678873152298,57.7234787586473,17.7460686739233,0,8.07475506579743e-14,-0.281575406204869,0.103876476724202,True,True,True,data/improved_001.npz,False,12.5486453242484,7.37665860315748e-15,0.0110367044031481,5.13319546863531e-15,0.010817988915401,4.50799581089666e-15,0.0105313601385794,3.6023768351349e-15,0.0101763859094517,1.2377425802096e-15,0.00977034539505259,2.07612201773814e-15,0.00933056090984384,1.67795786862521e-15,0.00887219106832082,1.36042301175959e-15,0.00840758861878596,7.55802107834209e-16,0.00794624198707292,5.03640170169192e-16,0.00749504574345564,1.41692127600244e-15,0.00705872364199306,4.58974014209696e-16,0.00664028414647907,5.67320343005609e-16,0.00624144001916421,1.00801134386325e-15,0.00586296181610478,2.56288919072144e-16,0.00550495879901874,3.51758183560285e-16,0.00516709307246745,6.54483725682727e-16,0.00484873771536795,4.90740294635031e-16,0.0045490905383675,5.97673558302474e-16,0.00426725400851008,1.87554857459277e-15,,
improved_0046,improved,M046,2800,0,230,400,0.0015,0.0002,0.15,0.1,1,0.25,0,0,0,0,0,900,1,0.3,1,0.279299649097533,12.1739741577247,0.0340018671037495,12.1740265799227,7.53175299905706e-15,2800.00558361283,6.88818437506913,0.00558361282901387,6.88818437506913,56,17.216225412474,0,7.98228191727738e-14,-0.281575406204869,0.102075430888026,True,True,True,data/improved_001.npz,False,12.1739741577247,5.99225557174215e-15,0.0109116268948918,5.02967576343567e-15,0.0106887765729726,4.29358564515307e-15,0.0104030141336784,3.78323707353157e-15,0.0100490768364592,1.57724263949195e-15,0.00964417702090959,1.56847423074022e-15,0.00920556938785571,1.833285311888e-15,0.0087483605515267,1.59020935997262e-15,0.00828486904570812,1.22496924592389e-15,0.0078245655957263,2.32109917518318e-16,0.00737434074897135,9.85353377550247e-16,0.00693892454961263,2.31274962003756e-16,0.00652133882331772,9.63892853032258e-16,0.00612331398459227,6.9032997989238e-16,0.00574564032438256,2.60926186824268e-16,0.00538844727198678,7.84170892737168e-17,0.00505141636347669,7.15316004449389e-16,0.00473393859100883,3.70691381963298e-16,0.00443522767405043,1.96710467330357e-16,0.00415439971693276,1.96227813857368e-15,,
improved_0047,improved,M047,2800,700,230,400,0.0015,0.0002,0.15,0.1,1,0.25,0,0,0,0,0,900,1,0.3,1,0.275038560430335,12.548645343261,0.0345136135056134,12.5486980082913,8.10018718766514e-15,2798.28353992346,706.889579494884,-1.71646007653544,6.88957949488383,57.7234787586473,17.7460924910239,0,8.03531743827812e-14,-0.281575406204869,0.103874034747326,True,True,True,data/improved_001.npz,False,12.548645343261,3.49583024657536e-15,0.0110452812723208,5.36214183470312e-15,0.0108169886999699,4.37935307228776e-15,0.0105303806823128,3.78123367162214e-15,0.0101754322583227,1.36593956294668e-15,0.00976942119462209,1.58033971035959e-15,0.00932966849979697,2.11024280595309e-15,0.00887133167086786,1.48032812386187e-15,0.0084067625655043,1.26815920393019e-15,0.00794544894521685,3.42492351423577e-17,0.0074942849176672,1.1974064194672e-15,0.00705799394045691,1.90391389679658e-16,0.00663958430968528,6.98023709125438e-16,0.00624076871476843,1.28027131825713e-15,0.00586231770549598,3.18293572274109e-16,0.00550434058165674,5.64214240660925e-16,0.00516649951346216,7.62546819125993e-16,0.00484816766088521,4.08065900340794e-16,0.00454854292244308,4.50972122890206e-16,0.00426672785398963,1.9373053979834e-15,,
improved_0048,improved,M048,2800,1400,230,400,0.0015,0.0002,0.15,0.1,1,0.25,0,0,0,0,0,900,1,0.3,1,0.264203772805629,13.6109169034302,0.0359605559723017,13.6109703310776,8.24229573481716e-15,2796.56149668328,1406.89097439486,-3.43850331672229,6.89097439485954,62.6099033699941,19.2482218045557,0,8.03105696604294e-14,-0.281575406204869,0.108961756707593,True,True,True,data/improved_001.npz,False,13.6109169034302,2.12516376402473e-15,0.0114247186241883,5.38628262610405e-15,0.0111896438378012,3.43065005565076e-15,0.0108995076926968,3.91966862744917e-15,0.0105402875508134,1.53294628799754e-15,0.0101295155506439,1.31324387093538e-15,0.00968476955444065,2.10925759710122e-15,0.00922141452488324,8.63731515231211e-16,0.00875195161210881,1.19932305742274e-15,0.00828596238922057,1.41585849131651e-16,0.0078303875393728,1.3247487267457e-15,0.00738996020845896,2.88200344494158e-16,0.00696767173031539,3.80783368232209e-16,0.00656520012725985,9.41542192979522e-16,0.00618327079538428,3.33129259118299e-16,0.00582194288805453,4.6220779548103e-16,0.00548082742105097,8.35833315005421e-16,0.00515924815272337,4.55541427875706e-16,0.0048563571491749,2.21864965950693e-16,0.00457121581620387,2.01054068584038e-15,,
improved_0049,improved,M049,0,-1400,253,400,0.0015,0.0002,0.15,0.1,1,0.25,0,0,0,0,0,900,1,0.3,1,0.419692043827553,5.53362461604086,0.0232241822488064,5.5336736671756,-3.14415160573844e-15,3.44408520825275,-1400.00279154358,3.44408520825275,-0.00279154357804146,28,7.82557013616104,0,8.86551063107003e-14,-0.28157540620487,0.0665698061929891,True,True,True,data/improved_001.npz,False,5.53362461604086,3.55025255607572e-15,0.00871035158197162,1.18180119864288e-15,0.00844751810398448,4.16186604965403e-15,0.00809622360159695,3.35226177794328e-15,0.00766191316925316,9.57580426783521e-16,0.00716675682784362,1.19435110550954e-15,0.00663292308045099,1.56982912874907e-15,0.00608020791917153,1.72802208212205e-15,0.00552515140241786,2.2510096220392e-16,0.00498082883875892,1.01763612219082e-15,0.00445705252037754,1.35306504674089e-15,0.00396078471636875,5.9350065476443e-16,0.00349662186932493,6.9317798988097e-16,0.0030672667934826,9.849148276789e-16,0.00267394850301731,4.14569908057424e-16,0.00231677629168882,7.70431128594246e-16,0.00199502920795133,6.14014982360011e-16,0.00170738848023132,2.25764117054862e-16,0.00145212228736391,2.54929959106121e-16,0.00122723188679329,2.34067741002133e-15,,
improved_0050,improved,M050,0,-700,253,400,0.0015,0.0002,0.15,0.1,1,0.25,0,0,0,0,0,900,1,0.3,1,0.665359906520817,2.76681230911146,0.0184092597935105,2.76687356750884,-2.43360886997834e-15,1.72204222484742,-700.001396048755,1.72204222484742,-0.00139604875460009,20,3.91333406530921,0,8.80301557277458e-14,-0.28157540620487,0.0526043940408899,True,True,True,data/improved_001.npz,False,2.76681230911146,1.95944149372499e-15,0.00848934169891727,8.8947467474186e-17,0.00808056752132708,3.87587896029861e-15,0.00750107002556832,3.53158171695992e-15,0.00676357463640468,1.01230308715929e-15,0.00591302036378189,1.18053076189342e-15,0.00500603265335118,1.47827296417771e-15,0.00410017117066818,1.66019284447673e-15,0.00324490389817498,2.36572735765556e-16,0.00247624868931213,8.89339369042991e-16,0.00181535012082806,1.18572435797867e-15,0.00126997791148465,4.39179736865853e-16,0.000837617778570533,8.45233605653462e-16,0.000509156640228384,8.96368984014305e-16,0.000273098943727522,4.11643668542472e-16,0.000124414196140487,6.43554498093191e-16,8.81703982715815e-05,7.6943308429711e-16,0.000121824347705727,1.27585732394569e-16,0.000147135177763039,2.2039829041399e-16,0.000155124751132152,2.36801194919607e-15,,
improved_0051,improved,M051,0,700,253,400,0.0015,0.0002,0.15,0.1,1,0.25,0,0,0,0,0,900,1,0.3,1,0.661149429705303,2.76681230909878,0.0182927638026227,2.76687279430294,1.11910480882216e-15,-1.72204222683433,700.001396045542,-1.72204222683433,0.00139604554158268,20,3.91332460780963,0,8.78612913628687e-14,-0.28157540620487,0.0522713542523401,True,True,True,data/improved_001.npz,False,2.76681230909878,1.16499971669968e-15,0.00846009736042509,1.6611263305777e-15,0.00804597004796878,3.28304958271311e-15,0.00746087593506,3.94569551089656e-15,0.0067189349533608,7.01904739660108e-16,0.00586608895463686,8.88078533958642e-16,0.00495929901386693,1.90986306932436e-15,0.0040559208701954,1.29295067435666e-15,0.00320489489236043,5.77557528656954e-16,0.00244159081304416,4.04571250804455e-16,0.00178653017613069,1.26789611743869e-15,0.00124696715138268,1.9477118363513e-16,0.000820011679602489,9.80722210554189e-16,0.000496317049167825,7.9395359218769e-16,0.000264308565989688,3.91849510741731e-16,0.000119334524541275,5.40118983248657e-16,8.72966474931104e-05,9.0799246230979e-16,0.000121461620747462,1.70748425186699e-16,0.000146053596591825,1.21123073380484e-16,0.000153428158952936,2.35506055335728e-15,,
improved_0052,improved,M052,0,1400,253,400,0.0015,0.0002,0.15,0.1,1,0.25,0,0,0,0,0,900,1,0.3,1,0.418848527142487,5.533624616038,0.0231775052018693,5.53367346804262,3.42836870004248e-15,-3.44408520956902,1400.00279154285,-3.44408520956902,0.00279154285271943,28,7.8255699378479,0,8.8067104738964e-14,-0.28157540620487,0.0664345433361919,True,True,True,data/improved_001.npz,False,5.533624616038,2.58446726154482e-15,0.00869701701034596,2.56749076337593e-15,0.00843411310965454,2.96487758313208e-15,0.00808285368988238,4.26178842234449e-15,0.00764860914661373,6.03815265660698e-16,0.00715356217960774,8.71341883299198e-16,0.00661989199401907,2.05416160806472e-15,0.00606740305422063,1.12089853641124e-15,0.00551264082247588,7.80484032536106e-16,0.00496868254245355,4.95116542668363e-16,0.00444533900655146,1.29370622204264e-15,0.00394956790811407,1.41464171615566e-16,0.00348595860311457,1.03938550472351e-15,0.00305720497389767,8.19502856948326e-16,0.00266452594030036,4.30110949808056e-16,0.00230802018005461,4.15682842708552e-16,0.00198695616487752,9.98576194411044e-16,0.00170000504803531,1.20433064630796e-16,0.00144542579263389,2.48709419562246e-16,0.00122121155702348,2.46248293747554e-15,,
improved_0053,improved,M053,350,-1400,253,400,0.0015,0.0002,0.15,0.1,1,0.25,0,0,0,0,0,900,1,0.3,1,0.415632329511917,5.70392969252337,0.0237073758547568,5.70397934222185,-2.64677169070637e-15,353.444783646702,-1399.14176916507,3.44478364670181,0.858230834932101,28.8617393793236,8.0664043404902,0,8.80183734051952e-14,-0.28157540620487,0.0679975536098172,True,True,True,data/improved_001.npz,False,5.70392969252337,4.18190775606384e-15,0.00881752502656719,1.43359906973776e-15,0.00855924044857901,4.24832647812525e-15,0.00821131392819737,3.42670947391658e-15,0.00778102249001931,7.94617085687309e-16,0.00729020426560217,1.16597532367577e-15,0.00676069740123477,1.61153236988411e-15,0.00621198641217424,1.82771564083631e-15,0.00566033768049782,2.76140849189387e-16,0.00511860302705659,8.96722147472575e-16,0.00459642775046645,1.026837597807e-15,0.00410066506217347,6.30385353708386e-16,0.00363585802199512,7.10535692803272e-16,0.00320470676143032,1.03818258639342e-15,0.00280848146047783,4.69494641084532e-16,0.00244736841780845,6.79772885894819e-16,0.00212075097412828,6.5856606435685e-16,0.00182743335400506,3.01437435498295e-16,0.00156581721713834,3.71486860711836e-16,0.00133404020649809,2.44877423408688e-15,,
improved_0054,improved,M054,350,-700,253,400,0.0015,0.0002,0.15,0.1,1,0.25,0,0,0,0,0,900,1,0.3,1,0.62494668439667,3.09339019932355,0.0193320394861241,3.09345062573305,-2.22044604925031e-15,351.722741304158,-699.140373625469,1.72274130415781,0.859626374531445,20,4.37500305669762,0,8.76237549660614e-14,-0.28157540620487,0.0552433264755276,True,True,True,data/improved_001.npz,False,3.09339019932355,2.63413000466208e-15,0.00867440792277667,5.9271183403089e-16,0.00826729813766928,4.04119937088487e-15,0.00770411043720446,3.41900431941166e-15,0.00700501454205516,7.41666736025276e-16,0.00621162181739741,9.58939803998941e-16,0.00537004370669487,1.78437276776054e-15,0.00452484925008221,1.52703010908097e-15,0.00371442730873564,4.20701382567306e-16,0.00296808858877302,7.28466764517902e-16,0.00230508645967706,1.19637407721238e-15,0.00173521186679668,4.96306544004359e-16,0.00126038687347164,9.38062092464904e-16,0.000876711461880577,7.72597759553312e-16,0.00057660323105493,4.90928035580549e-16,0.000351001953111002,5.72605331367236e-16,0.000192539797640902,8.49305406672055e-16,0.000103898737133834,2.15606009057053e-16,9.50040648913558e-05,1.54596510639826e-16,0.000118698572510635,2.43116049831069e-15,,
improved_0055,improved,M055,350,0,253,400,0.0015,0.0002,0.15,0.1,1,0.25,0,0,0,0,0,900,1,0.3,1,1.33975067029252,1.3834061507586,0.0185341931776563,1.38353030121608,5.32907051820075e-16,350.000697057272,0.861023725680252,0.000697057271963786,0.861023725680252,20,1.95944001032939,0,8.14827894172397e-14,-0.28157540620487,0.052954846096791,True,True,True,data/improved_001.npz,False,1.3834061507586,1.1341053480917e-15,0.0111351085676966,1.07497159087599e-15,0.0102624949109239,3.05043047484681e-15,0.00823963096400294,3.18309819516195e-15,0.00568725341306996,1.2236010844935e-15,0.00332483870180189,9.6121165721637e-16,0.00155486878781639,1.9610254553403e-15,0.00045049228097514,1.53578224988777e-15,0.000114677354375268,3.3369259643919e-16,0.000311946996110206,3.20887842863231e-16,0.000314430777751094,1.24440538959108e-15,0.000236667549540493,2.20189843022608e-16,0.000146287301883803,5.1176456314987e-16,7.48255290831116e-05,6.43895614143034e-16,3.33167260263167e-05,3.7378906103267e-16,2.30246110393937e-05,3.88491283887206e-16,2.36443351477603e-05,7.94577904831361e-16,2.12391206043325e-05,2.6869870892629e-16,1.6437405522388e-05,4.96454686438144e-16,1.14153850349767e-05,1.87957618088529e-15,,
improved_0056,improved,M056,350,700,253,400,0.0015,0.0002,0.15,0.1,1,0.25,0,0,0,0,0,900,1,0.3,1,0.622227315728494,3.09339020359438,0.0192479188288335,3.0934501050383,2.62900812231237e-15,348.278655492961,700.862417741866,-1.72134450703851,0.862417741866125,20,4.37498677731468,0,8.75463763519557e-14,-0.28157540620487,0.0550028324197743,True,True,True,data/improved_001.npz,False,3.09339020359438,9.69977764856724e-16,0.00865682752465518,1.50266137432005e-15,0.00824303697360174,3.00117631796886e-15,0.00767667708439189,4.16278903727658e-15,0.00697475028138909,5.34909820335313e-16,0.00617946282402802,8.29195865376626e-16,0.00533724874973525,1.72600695427901e-15,0.00449273068405179,1.22725589918768e-15,0.00368414655162989,5.19808740800753e-16,0.0029405363670787,5.07404425068857e-16,0.00228083961239682,1.27178848718429e-15,0.00171454581812404,2.88020197432768e-16,0.00124332137975615,6.95892167929071e-16,0.000863071578555356,1.05042885780562e-15,0.000566084630472921,3.48195034147654e-16,0.000343242753858673,3.18611032941121e-16,0.000187252707251078,7.21686254489813e-16,0.000101290446188566,2.92573984060615e-16,9.46710420102121e-05,1.10711887140564e-16,0.000118535940986558,2.23085534355219e-15,,
improved_0057,improved,M057,350,1400,253,400,0.0015,0.0002,0.15,0.1,1,0.25,0,0,0,0,0,900,1,0.3,1,0.414912754681092,5.70392969970035,0.0236663318420997,5.7039791752975,3.21520587931445e-15,346.556612776416,1400.86381375601,-3.44338722358401,0.863813756007175,28.8617393793236,8.06639714132423,0,8.83283035143823e-14,-0.28157540620487,0.0678782285333369,True,True,True,data/improved_001.npz,False,5.70392969970035,2.41938346590158e-15,0.00880973054444263,2.70455643886803e-15,0.00854704551525541,3.23189825742154e-15,0.00819916272590473,4.02034234008331e-15,0.00776894319456914,9.80033663080278e-16,0.00727823412580523,1.20891741213971e-15,0.0067488813931029,2.02148090969256e-15,0.00620037581805107,9.01364630788044e-16,0.00564898800052835,6.55306346982594e-16,0.00510757150822662,5.68141156227252e-16,0.00458577084593016,1.26878911883721e-15,0.00409043607142757,2.94338280830399e-16,0.00362610508549365,9.00641159392439e-16,0.00319547130944505,7.66953160638788e-16,0.00279979715367278,3.99473706987847e-16,0.00243926056937129,3.51012103719567e-16,0.00211323641008327,8.81570418840541e-16,0.00182052064875539,2.56903370469534e-16,0.00155950723179911,3.01896877233154e-16,0.00132832685611149,2.27108200162744e-15,,
improved_0058,improved,M058,700,-1400,253,400,0.0015,0.0002,0.15,0.1,1,0.25,0,0,0,0,0,900,1,0.3,1,0.398956005757371,6.18678039493304,0.024682531948605,6.18683023071769,-1.91846538655227e-15,703.445482259287,-1398.28074637466,3.44548225928725,1.71925362534057,31.3049516849971,8.74918232813358,0,8.74152955129814e-14,-0.28157540620487,0.0709497433223417,True,True,True,data/improved_001.npz,False,6.18678039493304,4.51120022456638e-15,0.00897859282864793,1.79616461226632e-15,0.00873199763827722,4.44146058250583e-15,0.0083984252931388,3.49612889748258e-15,0.0079855213889716,1.09365336302694e-15,0.00751392564612965,1.04804909832211e-15,0.00700428874544717,1.68135795786501e-15,0.00647499788184022,1.91803438883477e-15,0.00594137197817724,3.50589196860267e-16,0.0054154967501,9.86635018336576e-16,0.00490644214644497,1.21503645442331e-15,0.00442067115076029,4.76219729778563e-16,0.00396250673903145,9.81241336953725e-16,0.00353457880427943,9.44952476469371e-16,0.00313821419011328,2.67543952161819e-16,0.00277375893190588,7.33936025037616e-16,0.00244083564722116,6.35437103499421e-16,0.00213854495777519,3.60807218408139e-16,0.00186562129850126,3.48747656397319e-16,0.00162055276734644,2.39806079976115e-15,,
improved_0059,improved,M059,700,-700,253,400,0.0015,0.0002,0.15,0.1,1,0.25,0,0,0,0,0,900,1,0.3,1,0.535149991160519,3.91286348654274,0.0209396886023566,3.91291954169375,-5.86197757002083e-16,701.723439944227,-698.279350156699,1.72343994422681,1.7206498433012,20,5.53367169693129,0,8.75332398779967e-14,-0.28157540620487,0.0598416583719782,True,True,True,data/improved_001.npz,False,3.91286348654274,3.12903681697126e-15,0.00875095111438033,1.31556977077324e-15,0.00840262199053268,3.54689341530814e-15,0.00792803009941139,3.12510480898904e-15,0.00734438304279196,4.77118762646041e-16,0.006684594930228,7.71414172796569e-16,0.00598191569847413,1.82888911943032e-15,0.00526655915690406,1.75500459367687e-15,0.00456401988334244,5.00508743652473e-16,0.00389433361438245,5.65424989040515e-16,0.00327203397093027,9.94264054700997e-16,0.00270657801595965,5.21672444511956e-16,0.00220304341358945,9.43177988971312e-16,0.00176294554306864,6.94892463386126e-16,0.00138506924813772,1.30156489028345e-16,0.00106625046002662,8.79577416478668e-16,0.000802077175975624,5.65300827319357e-16,0.000587510742025596,3.03231712026416e-16,0.000417465552933549,4.86287737158782e-16,0.000287441118055226,1.89539983384189e-15,,
improved_0060,improved,M060,700,0,253,400,0.0015,0.0002,0.15,0.1,1,0.25,0,0,0,0,0,900,1,0.3,1,0.698572891374643,2.76681230711468,0.0193282007327205,2.76687983221919,9.2370555648813e-16,700.001395532488,1.72204672805727,0.00139553248800439,1.72204672805727,20,3.91330461163222,0,8.38997224784258e-14,-0.28157540620487,0.055229623822549,True,True,True,data/improved_001.npz,False,2.76681230711468,1.64960687291969e-15,0.00904384101041645,1.02865259748369e-15,0.00856895633938686,3.50098278935579e-15,0.00790918340262641,3.49369060154153e-15,0.00708607147123077,1.19956844722431e-15,0.00615387027717833,9.98799629097855e-16,0.0051751863731723,1.92059264367835e-15,0.00421039799281388,1.66707231749847e-15,0.00330941613572934,4.07203774182805e-16,0.00250720041555529,3.26920200594531e-16,0.00182305964327356,1.16876340317523e-15,0.00126265820144662,2.39877298891594e-16,0.000821413656315063,8.8471810686242e-16,0.000488325538190297,9.84036275417306e-16,0.000250254345047776,3.88162890432768e-16,0.000102393121030096,6.09702097672873e-16,8.32304061042524e-05,9.23937318792097e-16,0.000125898673972394,2.73597432583973e-16,0.000151955763603991,3.82548267108767e-16,0.000158907319772766,2.09168810763171e-15,,
improved_0061,improved,M061,700,700,253,400,0.0015,0.0002,0.15,0.1,1,0.25,0,0,0,0,0,900,1,0.3,1,0.533991789735435,3.91286349489344,0.020894369806286,3.91291930746706,2.45137243837235e-15,698.279352548118,701.723440545068,-1.72064745188163,1.72344054506812,20,5.53366775814688,0,8.56671655865027e-14,-0.28157540620487,0.0597120354216568,True,True,True,data/improved_001.npz,False,3.91286349489344,3.79935965928905e-16,0.00874471387673227,1.93937069338582e-15,0.00838956536358021,3.57606964957136e-15,0.00791418676067689,4.03552002705064e-15,0.00732974837615885,9.9830637609211e-16,0.00666930622582016,1.03231591665251e-15,0.00596621990150681,2.0805838567435e-15,0.00525076953013605,1.23523003301254e-15,0.00454847171901577,4.481040493538e-16,0.00387934662916341,4.52839044044898e-16,0.0032578851831864,1.17575357717437e-15,0.00269348574245581,2.35597547391025e-16,0.00219116104037387,1.11561880961775e-15,0.00175236282942175,9.23893628520636e-16,0.00137581880052334,2.27816504932603e-16,0.0010583173573302,5.32521631695841e-16,0.000795410341398857,1.05927104340081e-15,0.000582035514381375,3.8292265424931e-16,0.000413098229622444,1.07236872259434e-16,0.000284108307543846,2.17529481848344e-15,,
improved_0062,improved,M062,700,1400,253,400,0.0015,0.0002,0.15,0.1,1,0.25,0,0,0,0,0,900,1,0.3,1,0.398437222638004,6.18678040854216,0.0246504360305075,6.18683011219121,4.33431068813661e-15,696.557310355011,1401.72483617961,-3.4426896449886,1.72483617960961,31.3049516849971,8.74921869893913,0,8.76358232101544e-14,-0.28157540620487,0.0708556218061882,True,True,True,data/improved_001.npz,False,6.18678040854216,1.84539805645549e-15,0.00897656967073037,2.56445190795568e-15,0.0087219676990354,3.0653546650743e-15,0.00838847556665389,4.28966159482586e-15,0.00797568025515405,8.66795512368595e-16,0.00750422279815327,9.10308529363996e-16,0.00699475473976899,2.07406676483046e-15,0.00646566412705366,1.01623203970773e-15,0.00593227045980126,6.46247139746176e-16,0.00540665948411109,6.02997377545228e-16,0.00489790044083788,1.34700116445532e-15,0.00441245477443103,1.17791490556405e-16,0.0039546430939324,1.07899134032596e-15,0.00352709218014163,1.09940031279213e-15,0.00313112515779833,2.52007418742942e-16,0.00276708390801768,3.52089821491365e-16,0.00243458664148355,8.84799685298288e-16,0.00213272949853801,2.24887539613371e-16,0.00186024251980233,2.6464853512564e-16,0.0016156096336369,2.35635265525016e-15,,
improved_0063,improved,M063,1400,-1400,253,400,0.0015,0.0002,0.15,0.1,1,0.25,0,0,0,0,0,900,1,0.3,1,0.351477068800005,7.82572696990101,0.0275056357660995,7.82577693367664,-2.73558953267639e-15,1403.44687903449,-1396.55870002937,3.44687903448994,3.44129997063033,39.5979797464467,11.0669705900066,0,8.84303613849146e-14,-0.28157540620487,0.0798983144255871,True,True,True,data/improved_001.npz,False,7.82572696990101,5.55601020025661e-15,0.00945452068792503,2.6785547957101e-15,0.00923216366392272,4.07762142141285e-15,0.00893149686506606,3.24440538520941e-15,0.00855882996940095,5.75308614351783e-16,0.00813229911847693,6.53214030099196e-16,0.00767007155535717,2.0098754204534e-15,0.00718821782282508,2.13643618207704e-15,0.00670002453428138,6.48881295255737e-16,0.0062158901555388,4.87585578058161e-16,0.00574355929659065,1.11572537525505e-15,0.00528851985049271,7.60631782716694e-16,0.00485444193336611,1.16885053337696e-15,0.00444358868361043,9.68150158776733e-16,0.00405716711829952,6.86260570294082e-17,0.00369561102855676,9.57596751451554e-16,0.00335880042526872,6.31669763793278e-16,0.0030462272614495,3.0537618835997e-16,0.00275711825139618,4.64398208849385e-16,0.00249052470802992,2.00046627500143e-15,,
improved_0064,improved,M064,1400,-700,253,400,0.0015,0.0002,0.15,0.1,1,0.25,0,0,0,0,0,900,1,0.3,1,0.404273374823687,6.18678039547351,0.025011505897711,6.18683156084923,3.19744231092045e-16,1401.72483591803,-696.557303451562,1.72483591802893,3.44269654843822,31.3049516849971,8.74922231915857,0,8.41055702995157e-14,-0.28157540620487,0.0718899672178533,True,True,True,data/improved_001.npz,False,6.18678039547351,3.74799411926438e-15,0.00910580432246056,1.96040516053047e-15,0.00885380338231293,4.14349316606388e-15,0.0085148708204974,3.59003917731687e-15,0.0080953528827365,9.93735046744826e-16,0.00761623576778568,1.21971486482089e-15,0.00709851509777715,1.4719720871175e-15,0.0065608850091213,1.72740214988122e-15,0.00601891943258525,5.88344454193855e-16,0.00548490386679005,6.49815059692854e-16,0.00496805609438253,1.13000308895647e-15,0.00447494168128869,4.44646673518799e-16,0.00400994881573232,8.30859989824535e-16,0.00357574294616625,8.92575938841377e-16,0.00317366368601479,2.65121712453196e-16,0.00280405284482271,5.01113648534112e-16,0.00246651652879484,9.5850756602941e-16,0.00216013030685982,2.87663328334463e-16,0.00188359794907106,3.2155263027649e-16,0.00163537354197847,2.18093597934676e-15,,
improved_0065,improved,M065,1400,0,253,400,0.0015,0.0002,0.15,0.1,1,0.25,0,0,0,0,0,900,1,0.3,1,0.433490153800101,5.53362461649448,0.0239877178607622,5.53367693202869,1.81188397618826e-15,1400.00279164014,3.44409260765366,0.00279164014159505,3.44409260765366,28,7.82556713717004,0,8.63538893033862e-14,-0.28157540620487,0.0687492808305781,True,True,True,data/improved_002.npz,False,5.53362461649448,2.48215510218974e-15,0.00901815560346719,2.14952672796343e-15,0.00874241238506378,3.82431776935088e-15,0.00837631938965846,3.78112832835305e-15,0.00792382853831625,1.17015381413041e-15,0.00740811813525425,1.2668315816763e-15,0.0068523531873939,1.95805694679007e-15,0.0062772117987999,1.51335403232623e-15,0.00569996019406812,6.60113050728633e-16,0.00513423363800808,3.70007533623274e-16,0.00459024774401701,1.13426427129151e-15,0.00407523167759231,1.75337255580324e-16,0.00359393650641968,7.82772121508773e-16,0.00314913134297041,9.18611681843299e-16,0.00274204474017117,1.9664271696445e-16,0.00237273710263781,4.3565927510323e-16,0.00204040515486301,6.17194829951196e-16,0.00174362629905494,2.86504129888268e-16,0.00148055269044171,1.72292678855213e-16,0.00124906450953014,2.35561366813615e-15,,
improved_0066,improved,M066,1400,700,253,400,0.0015,0.0002,0.15,0.1,1,0.25,0,0,0,0,0,900,1,0.3,1,0.404052743010762,6.18678040899715,0.0249978559466054,6.18683151713094,2.70006239588838e-15,1398.28074791298,703.445487118969,-1.71925208702214,3.44548711896903,31.3049516849971,8.74918321450763,0,8.72435943902747e-14,-0.28157540620487,0.0718497419563928,True,True,True,data/improved_002.npz,False,6.18678040899715,1.06731489100005e-15,0.00910908092638247,2.98009819272898e-15,0.00884914528501931,3.50928276125345e-15,0.00851023721524069,3.56252247781016e-15,0.00809075441026892,1.40765622084687e-15,0.0076116846400092,6.2021641793511e-16,0.00709402493983882,1.51313197298664e-15,0.00655647075454583,1.27072863775021e-15,0.00601459704019946,9.72476605280559e-16,0.00548068989125313,2.13306161742852e-16,0.00496396716936966,1.162564241581e-15,0.00447099397482877,1.65019585382414e-16,0.00400615750909929,9.36842305593872e-16,0.00357212177553856,9.76910951943917e-16,0.00317022457269636,3.19027908348595e-16,0.00280080562734568,4.03745295842807e-16,0.00246346879977377,7.29310258708368e-16,0.00215728734966772,4.15685447144596e-16,0.00188096276386032,3.30829692691918e-16,0.00163294694729732,2.4553206620503e-15,,
improved_0067,improved,M067,1400,1400,253,400,0.0015,0.0002,0.15,0.1,1,0.25,0,0,0,0,0,900,1,0.3,1,0.351271139035579,7.82572699296532,0.0274895203460041,7.82577689543623,4.44089209850063e-15,1396.5587053805,1403.44688194172,-3.44129461950183,3.44688194171749,39.5979797464467,11.0669683278222,0,8.639966873498e-14,-0.28157540620487,0.0798492823844732,True,True,True,data/improved_002.npz,False,7.82572699296532,1.39208019377701e-15,0.0094611884372665,3.58312824407019e-15,0.00922620963422612,3.25832677668214e-15,0.00892564079673057,4.35550164283899e-15,0.00855309663925906,7.16734990026432e-16,0.00812670809495212,1.30839147544599e-15,0.00766463734599105,2.08922334683772e-15,0.00718295070708585,9.21296183451038e-16,0.00669493152949884,1.10902552563768e-15,0.00621097592429415,1.47159597045089e-16,0.00573882689902465,1.48354954104946e-15,0.00528397130792862,3.34643722613597e-16,0.00485007861056806,1.31795807722125e-15,0.00443941151857443,8.90145524209666e-16,0.00405317673573194,2.92970585218239e-16,0.0036918077721122,5.29872826198433e-16,0.00335518433865411,1.13022315322215e-15,0.00304279804186642,5.19654266866371e-16,0.00275387519271136,2.4280813594565e-16,0.00248746664557969,2.04382853962544e-15,,
improved_0068,improved,M068,2800,-1400,253,400,0.0015,0.0002,0.15,0.1,1,0.25,0,0,0,0,0,900,1,0.3,1,0.277004787460901,12.3735607892421,0.0342753557655856,12.3736133430499,-1.70530256582424e-15,2803.44967114695,-1393.11460732058,3.44967114695464,6.88539267942338,62.6099033699941,17.4984930464595,0,8.63107516923003e-14,-0.28157540620487,0.103037866346938,True,True,True,data/improved_002.npz,False,12.3735607892421,7.50968726057304e-15,0.0109726522951932,4.64009261302298e-15,0.0107581545999068,5.16805702667196e-15,0.0104719433844226,3.89476189888728e-15,0.0101174695231152,1.19314517493444e-15,0.0097119802309134,1.27670022833099e-15,0.00927276545397512,1.55028895753864e-15,0.00881495873743842,1.99225619510119e-15,0.00835089611330698,1.08275861419838e-15,0.00789005707404339,9.80428962540522e-16,0.00743933372652478,1.35463350607404e-15,0.00700345226361466,2.41242067355138e-16,0.00658542697503189,7.52717915706647e-16,0.00618697853297373,6.76165129605491e-16,0.00580888645094521,9.79639927562324e-17,0.00545126921908136,6.28630661461078e-16,0.00511379788943359,8.8749759058719e-16,0.00479585383625091,2.1068492393611e-16,0.00449664228057892,4.92500014871368e-16,0.00421527208469155,2.14661650596311e-15,,
improved_0069,improved,M069,2800,-700,253,400,0.0015,0.0002,0.15,0.1,1,0.25,0,0,0,0,0,900,1,0.3,1,0.288862061205561,11.407859385726,0.0329529777610402,11.4079113642125,5.6843418860808e-16,2801.72762749732,-693.113211205745,1.7276274973201,6.88678879425538,57.7234787586473,16.1327753289542,0,8.82783871922517e-14,-0.28157540620487,0.0983923520547832,True,True,True,data/improved_002.npz,False,11.407859385726,5.6748107112235e-15,0.0106490341342694,4.56117740573597e-15,0.0104319817619282,4.82792924222006e-15,0.0101471571846821,3.65379998908307e-15,0.00979430600155462,1.60173766779615e-15,0.00939055583640985,1.49524791174313e-15,0.00895307499648074,1.72612734675956e-15,0.00849691130491958,1.60482725882655e-15,0.0080343544784021,6.84457847066922e-16,0.00757487310267012,5.85050385614288e-16,0.00712537666206615,1.4278545053086e-15,0.00669062901657869,1.98687920871306e-16,0.0062736949275197,9.29536661901982e-16,0.00587635205165968,9.45646425605106e-16,0.00549943850371219,1.568209468826e-16,0.00514312941594682,5.040574307229e-16,0.00480714806987671,9.92372911473889e-16,0.00449092209505719,1.81653769581857e-16,0.00419369610984585,4.57647747788049e-16,0.0039146111294233,1.92048131350684e-15,,
improved_0070,improved,M070,2800,0,253,400,0.0015,0.0002,0.15,0.1,1,0.25,0,0,0,0,0,900,1,0.3,1,0.293519925474804,11.0672492342087,0.0324845817043601,11.0673010390148,2.91322521661641e-15,2800.00558359078,6.88818444057275,0.00558359077558634,6.88818444057275,56,15.6510996570088,0,8.80028776355382e-14,-0.28157540620487,0.0967503028596381,True,True,True,data/improved_002.npz,False,11.0672492342087,4.68857879729887e-15,0.0105411682982292,4.5329164140627e-15,0.0103198016419278,4.69351000934076e-15,0.0100350070641958,3.88630792854984e-15,0.00968215935289876,1.7006726402768e-15,0.00927837287971161,1.60066895959733e-15,0.00884080204131688,2.01180000045815e-15,0.00838449111389937,1.68249525371116e-15,0.00792173667782134,1.0950462786649e-15,0.00746202275758918,1.5170672523269e-16,0.00701228041145413,1.20832919460827e-15,0.00657729873556313,2.82626741657893e-16,0.00616016920738778,6.17688565509536e-16,0.00576269592989546,1.03664722603583e-15,0.00538574189650427,9.97803792036696e-17,0.00502950465999854,2.51260259099868e-16,0.00469372690875788,7.49992301950504e-16,0.00437785237080993,4.34295125615246e-16,0.0040811383542968,2.40096862751276e-16,0.00380273519538585,2.28830842988893e-15,,
improved_0071,improved,M071,2800,700,253,400,0.0015,0.0002,0.15,0.1,1,0.25,0,0,0,0,0,900,1,0.3,1,0.288849006655597,11.4078594027687,0.0329514885655644,11.4079113751959,4.9737991503207e-15,2798.28353986386,706.889579528484,-1.71646013614145,6.88957952848352,57.7234787586473,16.1327960359922,0,8.783241924626e-14,-0.28157540620487,0.0983866171003221,True,True,True,data/improved_002.npz,False,11.4078594027687,2.71014780282551e-15,0.0106564586097936,4.70528337307366e-15,0.0104307170152356,4.22916261656713e-15,0.0101459185653527,4.32005096810261e-15,0.00979309983625701,1.45310023364339e-15,0.00938938674177724,1.65544075974905e-15,0.00895194597013095,2.09942739902463e-15,0.00849582395870828,1.46098999941239e-15,0.00803330932152435,1.12131990890497e-15,0.00757386982378617,1.37184940884374e-16,0.00712441438015504,1.25651254089674e-15,0.00668970648685205,1.30932495198924e-16,0.00627281070026719,8.00844018248781e-16,0.0058755045884674,1.200559455066e-15,0.00549862625823107,4.4370623735364e-16,0.00514235088685108,4.82414260681662e-16,0.00480640183295866,7.00311282077814e-16,0.00449020682024819,5.10189275612811e-16,0.00419301056767537,4.57757690655086e-16,0.00391395419037736,2.30201022072452e-15,,
improved_0072,improved,M072,2800,1400,253,400,0.0015,0.0002,0.15,0.1,1,0.25,0,0,0,0,0,900,1,0.3,1,0.276988340897079,12.3735608210504,0.0342733208281185,12.3736133661506,6.82121026329696e-15,2796.56149661714,1406.89097438571,-3.43850338286484,6.89097438570775,62.6099033699941,17.4983693053072,0,8.79008100498853e-14,-0.28157540620487,0.103029329969373,True,True,True,data/improved_002.npz,False,12.3735608210504,1.83310834502803e-15,0.0109865731509742,5.11365183492144e-15,0.0107560264384999,4.29011576009031e-15,0.0104698610533727,4.26836382933876e-15,0.0101154441261968,1.49774123035149e-15,0.00971001985617173,1.3095764383367e-15,0.00927087533920046,1.7300072908067e-15,0.00881314167219323,1.54908912396988e-15,0.00834915292950167,1.0704269354546e-15,0.00788838713693699,3.39177930063979e-16,0.00743773537313681,1.35141814694451e-15,0.00700192316437195,1.99698243598671e-16,0.00658396441453698,7.79851969224107e-16,0.00618557961720379,1.0557759018157e-15,0.0058075482530735,4.4804229927812e-16,0.00544998887699171,3.57113087215794e-16,0.00511257266676522,1.00817448118048e-15,0.0047946811569355,4.15463805282101e-16,0.00449551974461854,2.793092500636e-16,0.00421419747111623,2.33126896391649e-15,,
holdout_baseline_0001,holdout_baseline,H001,331.389859902628,791.922617590122,220.762282648018,399.864953284731,0.00161109216678754,0.000383639166434741,0.167773757071782,0.0989157920138255,0.772488314212503,0.371443990923043,0.00223331817717467,0.00272057653599448,0.0219427580768283,0.0151746664720286,0,300,0,0.3,1,19.2526207382584,3.8887658033122,0.748689331510785,3.96020096776209,-0.0124714683620666,329.661733844165,792.743214795286,-1.72812605846275,0.820597205164518,20,6.25348041839123,0,0.000308829680455764,-0.281571343738387,2.13911424455722,False,True,False,data/holdout_baseline_000.npz,False,3.8887658033122,0.00443338308662058,0.707161773208873,0.00283315740378245,0.233772064772549,0.00104073297921329,0.0606531718305553,0.000446670313382645,0.0262846586654215,0.000539520700715053,0.0264747753583453,0.00047840250606314,0.0197525373299231,0.000388265152720515,0.0120868296333844,0.000288797342884019,0.00789441524870277,0.000151013479765353,0.00640908587943832,0.000248835827598718,0.00526642249979984,0.000190049497834281,0.00405505638367802,0.000106677208919154,0.00296720626061616,9.98159923465958e-05,0.00233402157824145,9.58534384014787e-05,0.00195254991293731,4.99461868438662e-05,0.0015738901715466,0.000121843971437459,0.00123066344106517,6.79314051200691e-05,0.00100957262330152,8.61009679860087e-05,0.000822605523794625,4.14220743724691e-05,0.000688209859592916,3.93792261912274e-05,,
holdout_baseline_0002,holdout_baseline,H002,1543.85951679335,-918.417675900793,217.19656178136,396.203743684304,0.00155002380462067,0.000274641249190909,0.160398389816446,0.193784775211603,0.78074365568731,0.410356777228205,0.00265900899331828,0.00437448183700226,-0.0291487841974251,0.00554239251170599,1,300,0,0.3,1,11.6584122518125,8.27079560523966,0.964243448163633,8.32683849428147,0.019155438086588,1546.37244474509,-914.621145576663,2.51292795174641,3.79653032413,35.9276675279674,12.5580936515076,0,5.5843002444909e-05,-0.281568942914693,2.75505092421207,False,True,False,data/holdout_baseline_000.npz,False,8.27079560523966,0.0040459137307419,0.846696724526521,0.00306195256120143,0.389852619029195,0.00235119171064782,0.205121069130083,0.00166265133610814,0.112440401107594,0.00111127047871642,0.0616641662604842,0.00075750372886854,0.0331765349637857,0.000441803435078915,0.0181089352893954,0.000338077058478591,0.0124839284621979,0.000298981571165236,0.0118300718437723,0.000326238522555211,0.0119964148726029,0.000359056136678041,0.0115711273638169,0.000368753812995387,0.010522493545005,0.000348652835010456,0.00901852762154985,0.000315949842712691,0.00739280148554461,0.000282092199731495,0.00578130509719604,0.000243917321383892,0.00440252501847097,0.000183209472262626,0.00337342655378479,0.000136752561639647,0.00282013198789613,0.000147431318199907,0.00262857980690542,0.000154246005105648,,
holdout_baseline_0003,holdout_baseline,H003,975.274170131701,-846.623304028999,212.783969435764,394.704897897139,0.00143225117282755,0.000272279001384486,0.173592048927743,0.18001056271358,0.734531754684216,0.175923644358925,0.000427817386962369,0.00193181619887877,-0.0317246232592812,0.00518059115105151,0,300,0,0.3,1,14.2475968126788,6.06946100776318,0.864752333088847,6.1307892231161,0.0198403643343816,977.516842097898,-844.227391457385,2.24267196619712,2.39591257161476,25.8296784792305,9.38152216744587,0,4.11353727895529e-05,-0.281574972646107,2.47076941409942,False,True,False,data/holdout_baseline_000.npz,False,6.06946100776318,0.00494391249098555,0.772003509661012,0.00384867339662619,0.338436626025733,0.00273712910965711,0.16702234444416,0.0016894145175146,0.0802257302049613,0.000995386871494059,0.0371009116057579,0.000547995058736124,0.0194477986374387,0.000443292190694299,0.0162362224261079,0.000504986501737251,0.0158972655378634,0.000519344166352683,0.0144194655250939,0.000483061912609112,0.0120509001112983,0.000435810239022568,0.00943045949641815,0.000404188246778195,0.00720771479978103,0.000319080354985825,0.00562843588434561,0.000272868938617505,0.00477505379884499,0.000231753713918701,0.00427688267703787,0.000261047374094367,0.00393638283137159,0.000261232122480236,0.00352867035670767,0.000210595671130457,0.00310080430467771,0.000202902704761553,0.00266620313480534,0.000203170584314781,,
holdout_baseline_0004,holdout_baseline,H004,2602.36243946947,-1398.32584022632,240.37975898189,416.396243436408,0.00140448312666233,0.000235296513940159,0.14139618733918,0.0830377855007179,1.04486189521403,0.282636988351218,0.00515073763115156,0.00159718210910879,0.00181984594440739,0.000589511316855512,1,300,0,0.3,1,11.9267324542668,12.2898332399407,1.46577552960328,12.3769413399855,-0.00127966502130306,2605.69004256451,-1391.90635743603,3.3276030950492,6.41948279028497,59.0850418356663,18.6316428538303,0,9.84312588754999e-06,-0.281556790030982,4.1881019327077,False,True,False,data/holdout_baseline_000.npz,False,12.2898332399407,0.000259988258710294,1.27516198255048,0.000214819877348502,0.602645658269368,0.000164265007548482,0.326306962243923,0.000120645759361996,0.185417080597377,9.26997628901787e-05,0.106408465947461,6.51838826809969e-05,0.060343661702383,4.046700213818e-05,0.0338920083966254,2.12845273436769e-05,0.0208818039955961,1.86052441455755e-05,0.0171288785723161,1.93047921304854e-05,0.0171188451213172,2.35386328149437e-05,0.0172362377238452,2.37748259467411e-05,0.0165539453508862,2.64083932576974e-05,0.0151274440325595,2.62361682806234e-05,0.0132212060098071,2.57221200297937e-05,0.011104194863143,1.92481612523607e-05,0.00902189598038216,1.57222436194148e-05,0.00717165362759748,1.56773380570597e-05,0.00573204616741122,1.53426867644617e-05,0.00480533868605966,1.16442925610005e-05,,
holdout_baseline_0005,holdout_baseline,H005,3371.51591456342,933.083822875444,239.65809598313,387.766165487848,0.00163926865435214,5.18087558331084e-05,0.120275030114843,0.110387495547592,1.07069423341095,0.183621341047806,0.00303571992157138,0.00333369110132192,-0.0262027356137796,0.0124870846302779,0,300,0,0.3,1,9.64481571414718,14.596705682801,1.4078253634426,14.6644601801921,0.019112115644654,3368.60566044155,941.3231442186,-2.91025412187128,8.23932134315601,69.9650340746469,21.8453687368505,0,0.000135549567256945,-0.281568110924029,4.02259974132086,False,True,False,data/holdout_baseline_000.npz,False,14.596705682801,0.00333872738645133,1.205969422937,0.00250498307973918,0.582689092216641,0.00211404783992413,0.337473581627461,0.00179081570971448,0.205855009012234,0.0013553273575588,0.131132511904543,0.00102691050314667,0.0858154637242374,0.000747898477104789,0.0573542920649915,0.000553671476695779,0.0392564967957413,0.000459809702714626,0.027658941643176,0.000390250900481246,0.0206764980759512,0.000341807457589167,0.0166046691648952,0.000281394692299365,0.0143781117655719,0.000266843228325073,0.0129381669683897,0.000296093330304291,0.011844820579846,0.000270241510472847,0.0109373308348224,0.000247176281154489,0.0099306413108427,0.000283938771529571,0.00900252630923296,0.000238128469463206,0.00806877122210155,0.000260883305044767,0.00714726402328392,0.000201492062154775,,
holdout_baseline_0006,holdout_baseline,H006,2804.7403991649,356.727381772491,222.308403960641,381.298834011694,0.00141153291966757,0.000241877431131188,0.124443644681038,0.177328979013673,0.86292962211755,0.312335200305318,0.00915114779199243,0.00183177992538,-0.0466794553402333,0.0126456623217936,1,300,0,0.3,1,8.80837314264335,12.7179545944095,1.12024489678754,12.7672457534921,0.0330870014574001,2801.94859796563,363.593397334636,-2.79180119926468,6.8660155621443,56.5466997502557,18.9397926155757,0,0.000288606701429252,-0.281517023129968,3.20089313420748,False,True,False,data/holdout_baseline_000.npz,False,12.7179545944095,0.00483551773721505,0.949706522475002,0.00421762100903049,0.473861630536199,0.00357042234064083,0.274949482552339,0.00295351844086537,0.171469792795624,0.00222947164088732,0.111695507271819,0.00190352102762243,0.074866522588355,0.00137432352676348,0.0508819248734122,0.00109697419144965,0.0349625525521798,0.000937046483929892,0.0242400810037608,0.000672102729679085,0.0169685919322749,0.00055634539886532,0.0124913630712883,0.000410384216882761,0.00978174447691675,0.000389934063336298,0.00845155494388629,0.000419278672398855,0.0077795217882714,0.000382116093857037,0.00751381012540821,0.000412088262404235,0.00722263454035921,0.000337676918023389,0.00689162003746562,0.000427061254608154,0.0064473742279938,0.0003992286735973,0.00597519167652272,0.00039817766404635,,
holdout_baseline_0007,holdout_baseline,H007,2025.61062199413,-47.9752117376611,251.689718719318,409.543597844544,0.00144461452508047,0.000220846511295379,0.170637982949192,0.173572468054604,1.10936353832901,0.380655353684845,0.00349708037513777,0.00365581705696434,-0.015073878002298,0.00276412343548165,0,300,0,0.3,1,16.0602664508302,8.05016250251436,1.29287754762863,8.15332802216438,0.00914802824426261,2024.19940956351,-43.0153110169948,-1.41121243061775,4.95990072066633,40.5235734499153,12.5620898902609,0,4.43372386929008e-05,-0.281565838580644,3.69396400510833,False,True,False,data/holdout_baseline_000.npz,False,8.05016250251436,0.00261184265603817,1.17326120728794,0.00193959851677609,0.493979983559678,0.00120712317911591,0.202608610476868,0.000628009012322397,0.0758989403246001,0.000284938410593708,0.0313686501053338,0.000219190829898105,0.0302425895828788,0.000302141971072077,0.0297011909213665,0.000291506912423149,0.0243511656334773,0.000262211079753972,0.0176363935567489,0.000200728971430935,0.0121869057206798,0.000140286160500911,0.00920171042075992,0.000152448729318458,0.00804039006508881,0.000136617519011808,0.00727099154888753,0.00013206407601469,0.00630524323343126,0.000110492576256309,0.00518450114296973,9.94628835768651e-05,0.00423636002239378,8.78130773414366e-05,0.00357705340852498,8.16428799316408e-05,0.00312771903496917,8.12113282338362e-05,0.0027817159530063,6.6434284107707e-05,,
holdout_baseline_0008,holdout_baseline,H008,3438.72037771612,-797.714185326625,237.742951216908,406.953674474147,0.00152481137333292,0.000152024458141593,0.172901932096163,0.143264343280215,1.22133759314381,0.336918488659208,0.00340860722363924,0.00263082091617,-0.0496827901228894,0.0197996704334015,1,300,0,0.3,1,11.0668431221399,14.8476995813635,1.64317161991613,14.9383914227245,0.0334780596705581,3439.41766349895,-789.175041582693,0.697285782830022,8.5391437439323,70.6006961937101,22.3972927203734,0,0.000395263785443613,-0.281566785152266,4.69496878747055,False,True,False,data/holdout_baseline_000.npz,False,14.8476995813635,0.00664416743212279,1.41347217317472,0.00533957891803498,0.693868103775044,0.00427576589779892,0.377423791642724,0.00303691437153324,0.221159294552527,0.00221038258615107,0.132373918254016,0.00149748245576672,0.0794663441879382,0.00113438253248559,0.0473990398253923,0.000810769243127523,0.0287885369350992,0.00056515605294188,0.0200043754421404,0.000576861123581012,0.017287392593077,0.000529203849216572,0.0170274823371204,0.0005518055476028,0.0169296043374,0.000607471704393481,0.0161811869534726,0.000620207380421239,0.0149864798675726,0.000596784623075801,0.0132770949404392,0.000551870044882456,0.0115455584635749,0.000483301586398592,0.00964522982360101,0.00041438780503615,0.007964295635475,0.000352930572990967,0.00652191033015931,0.000308685355157203,,
holdout_baseline_0009,holdout_baseline,H009,2339.33467332989,-251.780486767085,241.907847028897,418.144233461391,0.00139750834194062,0.000178287801471557,0.171853531201783,0.150314167497051,1.01737834286295,0.297238718792309,0.00714237941017267,0.00320682818751303,-0.041035435997918,0.00806190879633894,0,300,0,0.3,1,13.6941502618841,9.72604024243299,1.33189856533009,9.81685194169179,0.026583295295266,2337.5542192249,-246.033905889843,-1.78045410498544,5.74658087724202,47.0569022667669,14.9326598330634,0,0.00015729347771361,-0.281539188800813,3.80549181683877,False,True,False,data/holdout_baseline_000.npz,False,9.72604024243299,0.00626167978983883,1.17747979724349,0.00500719208408973,0.543609817979788,0.00363831498471831,0.261833821802746,0.0023733168252952,0.128040746387562,0.00148866544678501,0.0596635461816646,0.000749870186166391,0.0297100491046923,0.000575290714395349,0.0233898701571129,0.000586809270967037,0.0232793408307228,0.000686326140320481,0.0216196338488922,0.000700501731540653,0.0184095710905733,0.00059672899155812,0.0146292535350589,0.000536892196680979,0.0111975831684665,0.000413071154553151,0.00865111465796216,0.000313793375876962,0.00714934540346629,0.000313075674685823,0.00632609338076789,0.000360924548412638,0.00584304105946031,0.000288813467347062,0.0052748990953755,0.000301674875245557,0.00464525427609957,0.000277522222577278,0.00404826652317703,0.000266085239110532,,
holdout_baseline_0010,holdout_baseline,H010,3214.38653830266,1369.70887175929,212.202824082597,390.554802052708,0.00142593824981731,0.000317885742182752,0.121761282243871,0.13150723984557,1.21413108139157,0.152299689114058,0.00679315089886853,0.00368425397396914,0.044649538754132,0.00344453167948235,1,300,0,0.3,1,9.66152461436375,16.4657486733726,1.59084236101716,16.5424631124222,-0.0319736699869347,3210.75384093171,1377.59229708415,-3.63269737094197,7.88342532486581,69.8809937279013,24.652185015425,0,1.43894168717045e-06,-0.281542301290573,4.54562730958117,False,True,False,data/holdout_baseline_000.npz,False,16.4657486733726,0.00540741225462666,1.35720539623481,0.00453024833258348,0.659905646103694,0.00359649984313435,0.387186379745537,0.00290407369729431,0.239829352281963,0.00228921440664644,0.15568276369896,0.00184010046120466,0.104176362760511,0.00144048449936694,0.0711139500478615,0.00112788802284754,0.0491925367414066,0.000861263714057203,0.0344751431894924,0.000700163286975852,0.0247388752392276,0.000554761493257727,0.0185398405274025,0.000471847156012434,0.0149115303455392,0.000437754913056367,0.0129744343032862,0.000416579756625421,0.0119846616894489,0.000426678435546285,0.0113993629606131,0.000437270239200509,0.0109078687347594,0.000452641112757394,0.0103801426104915,0.000439509092177591,0.00976392248975093,0.000440641772216222,0.00906296855207288,0.000425509145349095,,
holdout_baseline_0011,holdout_baseline,H011,308.550525947384,-1531.70291609157,238.950778218064,385.240094437862,0.00137179887563672,0.000322100449259457,0.174628230529136,0.120729188399054,0.714504063098517,0.262173898662225,0.00699414841044277,0.00419495510560975,0.0330057746750236,0.0137080967952518,0,300,0,0.3,1,12.7240535693938,6.53907529565975,0.832035443562743,6.59183427491445,-0.0217482203665808,312.832623749562,-1530.97408072304,4.28209780217793,0.728835368528962,31.2494303962541,9.95469018888394,0,0.000164785559608281,-0.281540055842586,2.37727403576969,False,True,False,data/holdout_baseline_000.npz,False,6.53907529565975,0.00505644852818526,0.726902597455619,0.00387509878227503,0.355114265065147,0.00287325359640992,0.166701121530367,0.00180832157390369,0.0827957455140684,0.000979624211573285,0.0405854706812135,0.000640126160615412,0.0215299927325823,0.000412278036655109,0.0157894008904366,0.000440070001692481,0.0144179168056387,0.000543826548954865,0.0130836428069603,0.000507295559564825,0.0111342435821037,0.000467543976515313,0.00900497205075867,0.000364232860346699,0.00704356661347857,0.000313409876777282,0.00542556356039686,0.000253300246521797,0.00445501018045565,0.000236330672838048,0.00377362597720209,0.000227909663339162,0.00340425311042763,0.000235707898490894,0.00296130840582304,0.000215828925657215,0.00264002398964509,0.000174289672818438,0.0022957670378029,0.000151931749070435,,
holdout_baseline_0012,holdout_baseline,H012,1273.03638300622,-1166.61484428944,224.251787311052,403.598320379608,0.00135257710617089,0.000378095079048625,0.176857840571667,0.198528450287814,1.2964988150359,0.2557073897138,0.00539774245709388,0.000622409305317928,-0.0345499946340089,0.0030223886872646,1,300,0,0.3,1,18.7867633304784,7.69999704995373,1.44658022222863,7.83473404660684,0.0199563977441566,1276.89223533506,-1163.46529251725,3.85585232884,3.14955177219144,34.5346888063237,12.2630230821972,0,4.42665755177441e-05,-0.281555148040914,4.13319538782101,False,True,False,data/holdout_baseline_000.npz,False,7.69999704995373,0.00651995498005745,1.32582522942786,0.00466672760267608,0.528808019766225,0.00283729007358378,0.211054324295292,0.00136426777882344,0.0663599980922779,0.00043957836788446,0.0269827652730909,0.000590970312094827,0.0394546059447791,0.000850119896105653,0.0402326785248357,0.000858270383514641,0.0322741038023765,0.000710759527882247,0.021582359717253,0.000474895476112015,0.0126177433681458,0.000303356855232268,0.00912257601858053,0.00032507158774552,0.0100883694923285,0.000407145139193417,0.0107574955077966,0.000430494794788348,0.00981089544856424,0.000388977287013869,0.00775036949017966,0.000289626328662655,0.00555800900984342,0.00022429514660774,0.00435105159209926,0.000223183037022254,0.0043963682939502,0.000249827283403717,0.00470387301154547,0.000274913715078768,,
holdout_baseline_0013,holdout_baseline,H013,2835.74115328444,130.158972857784,235.82339227662,387.263577836008,0.0015185709957528,0.000191598157073473,0.123663811666057,0.187938884091489,1.12474141319716,0.249517009412659,0.00467612675099153,0.00391877323966767,0.0386092362964232,0.000651210842891192,0,300,0,0.3,1,11.6358588268059,12.0374213817371,1.40065735836667,12.118669718064,-0.0259061249937871,2833.57841111766,137.111495965551,-2.16274216677357,6.95252310776667,56.7745338920412,18.2344108373408,0,5.38997273282318e-06,-0.281558996158405,4.00201080754937,False,True,False,data/holdout_baseline_000.npz,False,12.0374213817371,0.00526528147297415,1.21783576695715,0.00425128753907842,0.580940488214782,0.00327337292878518,0.308192123563724,0.00240444902889016,0.172759739214538,0.00169153131026431,0.0984720147577615,0.00116374206586551,0.0565618307921051,0.0007923712429698,0.0338777242519946,0.000576922327803871,0.0233768604690461,0.000497369799964782,0.0195855319406219,0.000493225309866392,0.0180491619804728,0.000511913962394504,0.0166569963767723,0.000504913894539762,0.0149319062603556,0.000481815915449644,0.0129596049752186,0.000445264063778202,0.0109604712712435,0.000398419661131838,0.00913121682516206,0.000353242003822161,0.00760140534690351,0.000313619322456837,0.00643544722185407,0.000285202961870303,0.00560978905073755,0.00026681543121142,0.00503412159993975,0.000255865925734871,,
holdout_baseline_0014,holdout_baseline,H014,2551.70626960097,415.525833098366,223.615345427331,397.462436660413,0.00159500834488017,0.000254715777065953,0.139020180954735,0.0856188652146809,0.916505512014011,0.314827158289258,0.00876381862977693,0.0012276531680466,0.0274669025161211,0.00125690889212244,1,300,0,0.3,1,10.4159140054789,11.5614105873102,1.20422658459456,11.6239784069927,-0.0196492445103724,2548.87538546223,421.759188674686,-2.8308841387493,6.23335557632026,51.7063501101867,17.392665695438,0,2.84235759691947e-05,-0.281521978497794,3.44077962813977,False,True,False,data/holdout_baseline_000.npz,False,11.5614105873102,0.00363117405255102,1.04171456562431,0.00291567678387795,0.495749879876423,0.00228026286572737,0.274150098426264,0.00175305404061776,0.1626263304991,0.00132097650551562,0.100398645115452,0.000987649650197525,0.0632794041557791,0.000733337592919918,0.0403016681535118,0.000541524997565711,0.0260282462978056,0.000396052643851861,0.0175859346217021,0.000306153519760172,0.0131867511142366,0.000281962925416178,0.0113216667629676,0.000269592514623761,0.0106416359471894,0.000283780134993226,0.010227920838488,0.000298436948557343,0.00973447806475393,0.000301268946290322,0.00907522473123503,0.000291620618537204,0.00825144126710715,0.000276535461205409,0.00733627996727907,0.000258921020089263,0.00638147252485128,0.000237231011668892,0.0054386782444216,0.000209463316370071,,
holdout_baseline_0015,holdout_baseline,H015,870.970579662472,1171.08921075016,227.735251458534,392.215693613878,0.00156771973397642,0.000164114716402733,0.152334090479905,0.060135673305943,1.00831671767088,0.267497722720214,0.00549848392637321,0.000237614184362415,0.024438898732782,0.0137772695936868,0,300,0,0.3,1,17.4352826915269,6.40868894379732,1.11737303417169,6.50538832638294,-0.0153329882361315,869.381246094681,1173.20885896703,-1.5893335677913,2.11964821686206,29.1893109899705,10.1163145217243,0,0.000184050349110615,-0.281554408413484,3.19252724171156,False,True,False,data/holdout_baseline_000.npz,False,6.40868894379732,0.00477148468402253,1.02308334332302,0.00343342455006533,0.410973178795627,0.00199130966279373,0.161998302054003,0.000961663053945828,0.0562608036550211,0.000445345783578883,0.0282346071754159,0.000510173230425099,0.0299659680924793,0.00055271244885415,0.0273836404147455,0.000507578508065408,0.0210197640426176,0.00043993513161061,0.0145539024692356,0.000334703128762151,0.0101606833856135,0.000253412247989006,0.00841394167121617,0.00022909497588681,0.0076255223296714,0.000253914136450429,0.00683494612365974,0.000268442119923591,0.00571176226145194,0.000193575531817282,0.00461940357559442,0.000188555656054325,0.00386582612142268,0.000153052849553659,0.00336091978798707,0.000176116003086726,0.00301957703698768,0.000144551790430428,0.00268537943640315,0.000140833101235036,,
holdout_baseline_0016,holdout_baseline,H016,1009.86101922089,-1320.198689381,215.446767487974,414.77876479571,0.00153175940262157,0.000146772834550063,0.146914351235685,0.163989871685646,0.979660253759676,0.170074941255496,0.00145060456100956,0.00280468099700749,-0.0237262180120477,0.00951138340452063,1,300,0,0.3,1,15.8171027409808,7.71479590768524,1.22025719497556,7.81072479950627,0.0150102675527021,1013.46757463533,-1317.69069264591,3.60655541444203,2.50799673508914,33.2430074306472,12.0257575147535,0,0.000106556506434927,-0.281573303777412,3.48655808083655,False,True,False,data/holdout_baseline_000.npz,False,7.71479590768524,0.00391038862763385,1.09324513167756,0.00328988357417243,0.474258886423423,0.00222199412151954,0.230547941838238,0.00134511083596209,0.104960416342207,0.000800199085254728,0.0421969015532484,0.000445458915631571,0.0196236096569344,0.000361186071608746,0.0222487600351688,0.000414757227475703,0.0246321158491915,0.000552719681037014,0.0230663995660353,0.000470213018500938,0.0191500464281036,0.000423749050488815,0.0143548493473775,0.00033179871473657,0.00988721594681525,0.000238801461397779,0.00688232564248578,0.000214404008754266,0.00588409204993517,0.000191667992806095,0.00613512798923628,0.000242704925171885,0.00637495992997683,0.000272224747545557,0.00612409328451657,0.000248006433472198,0.0054148915922319,0.000224271114237499,0.00445167098381866,0.00020103159568924,,
holdout_baseline_0017,holdout_baseline,H017,1659.8650245525,-1617.7671463617,216.32067970624,389.211334622609,0.00138832678699469,0.000331367774357471,0.128347846338718,0.10050365051114,0.957074185390141,0.230813653938587,0.00830777157446559,0.00470361725093557,-0.0371415301960324,0.0163918915733117,0,300,0,0.3,1,11.44564119102,10.7147853491286,1.22637588544923,10.7847763062873,0.0260057039993549,1665.42465718409,-1613.68434641962,5.55963263159151,4.08279994207055,46.356541888195,16.268701577496,0,0.000271231498516911,-0.281525751045137,3.50404850646108,False,True,False,data/holdout_baseline_000.npz,False,10.7147853491286,0.00517542093740218,1.07713697428164,0.00418281509424684,0.482770113064722,0.00323032667013444,0.270733153018128,0.0023113659819483,0.153845412077346,0.0017693366863292,0.089355337584685,0.00115374756053868,0.0528448899498136,0.000805966154346234,0.032421351225351,0.000698828959324666,0.0221839884696798,0.000515428705618662,0.0176702996348649,0.000496319198165481,0.0157143952110102,0.000494793540229015,0.0143587903054659,0.000492329450659031,0.0129172437284618,0.0004375211638689,0.0113690341406311,0.000439008359172761,0.00980512310038874,0.000404528806532057,0.00825217954708327,0.000361548216272815,0.00689298726584484,0.000318232288685909,0.00589819348471817,0.00026947355960145,0.00509681761019666,0.000269298238377875,0.00447819356706054,0.000253929835191783,,
holdout_baseline_0018,holdout_baseline,H018,3031.56934813312,1561.34535626082,235.721227386993,403.870385461424,0.00147097369836436,0.000195554252199307,0.157480952542729,0.0923753154089031,1.03693806076214,0.277551606387872,0.00984389839073885,0.00228689562625075,-0.0205073917524648,0.0195880540120711,1,300,0,0.3,1,9.65611742732046,14.4663942355395,1.39689201488281,14.5336960364626,0.0147165578353406,3027.77092500885,1568.78975003975,-3.79842312426945,7.44439377892422,68.2003285448318,21.6278058565847,0,0.000400162234312601,-0.281507747160283,3.99135977562548,False,True,False,data/holdout_baseline_000.npz,False,14.4663942355395,0.00246135861976341,1.1870536471629,0.00224323006891152,0.589785954048287,0.00147959606760662,0.343266090321991,0.00129751368015075,0.210245557166335,0.00103628179379593,0.133735254337152,0.000879026175079607,0.0872190947522444,0.000713371222228855,0.0575651554396379,0.000586798948876052,0.0381410958623092,0.000440900592367365,0.0257504330640533,0.000389282455279909,0.0181880252633885,0.000192545393737474,0.0139959050908146,0.000234753978852607,0.0122905505201823,0.000238564234962147,0.0115811407188644,0.000254541336745375,0.0112396924934945,0.000185289846571019,0.0108604974429017,0.000247348273233598,0.0102250838868415,0.000286715702787847,0.00955459606526227,0.000196316637959705,0.00865804718950329,0.000134769997822217,0.00770339518914803,0.000215470198155959,,
holdout_baseline_0019,holdout_baseline,H019,564.465103949686,1303.98924669157,233.738818567079,405.70309878581,0.00140814299569515,0.000249703914969566,0.128652697341243,0.0638015024521986,0.898812484836768,0.272257257549253,0.00826626939124675,0.00348133463689859,0.0285728967885124,0.0131054687213561,0,300,0,0.3,1,17.3496831557151,6.07934143885237,1.05474647759498,6.17018916345405,-0.0182267247327119,562.653600666249,1305.43103929669,-1.8115032834371,1.44179260512487,28.4183659562908,9.57558671188501,0,1.58890883951024e-05,-0.281527028815425,3.01358796144003,False,True,False,data/holdout_baseline_000.npz,False,6.07934143885237,0.00572693719729183,0.962916712331181,0.00396737913582627,0.396606611312606,0.00238879490911557,0.149608832298318,0.00112486023663712,0.0504611294556946,0.000463590599941735,0.0260784076122066,0.000615979676972769,0.0284038233973676,0.000683764352799979,0.0256256290400176,0.000496978763735855,0.0192621176237003,0.000460452459788728,0.0131404023540858,0.000300746974204142,0.00916321355835496,0.000340018522897326,0.00777500772015333,0.000309326466772697,0.00710730706343221,0.00028680022391303,0.00613438071103472,0.0002774968332276,0.00516200103419295,0.000226822938479083,0.00411351432967003,0.00019898583177698,0.00347764028369929,0.000179821436279472,0.00306254693972162,0.000138737244355479,0.00271648160773356,0.00015860519224874,0.00239185841757533,0.000111173983635679,,
holdout_baseline_0020,holdout_baseline,H020,1209.25878684738,-1145.93757659191,242.99932733731,410.576339095541,0.0016244587269421,0.000106424031894973,0.150574331209678,0.112665324182749,0.737592622350107,0.245320382841361,0.00378383054723943,0.00139900950870273,0.0215369013364861,0.00632212797636163,1,300,0,0.3,1,13.8367561701584,6.85599900250796,0.948647865005521,6.92133736634112,-0.0141557502765697,1212.67043907374,-1142.96452148381,3.41165222636209,2.97305510809997,33.3195422718436,10.5560210518578,0,0.000131359863349148,-0.281565311872924,2.71050598643112,False,True,False,data/holdout_baseline_000.npz,False,6.85599900250796,0.00339851725239642,0.84334858796652,0.00273169625634902,0.373364310508704,0.00188946986329353,0.190204104431089,0.00129572061528936,0.0959541588916503,0.000802670193501617,0.0462555305217612,0.000391522387611522,0.0213942803681836,0.000238260084743481,0.0140043481674379,0.000273741160571325,0.0148734540369319,0.000322130011992829,0.0155027454712126,0.000389150214803212,0.0145390522083015,0.000399965710429274,0.0125396728300444,0.000333601395929956,0.0100314691663193,0.00028645611315786,0.00752117799448733,0.00020443186189687,0.00546327799423428,0.000162313693931517,0.00415395648697647,0.000149887706658722,0.00374539289909066,0.000176449329436575,0.00374448865375913,0.000161405597199945,0.00382125327659743,0.000173944605121732,0.00369615492277389,0.00019100203556811,,
holdout_baseline_0021,holdout_baseline,H021,420.711323793584,-385.965899648872,234.851410852446,382.270032905782,0.00161877242489782,0.000350338367692454,0.168745524570989,0.115333083627062,1.23512075345944,0.440062032208341,0.000129726630783991,0.00405722330596102,0.0423405479896812,0.0187853767867366,0,300,0,0.3,1,30.1938182327678,2.43080309066463,0.733952266791781,2.53926012880502,-0.0187682029112596,421.649557672316,-384.89069248458,0.938233878732206,1.07520716429281,20,4.39524671147238,0,9.71656917364339e-05,-0.28157403877059,2.09700678950106,False,True,False,data/holdout_baseline_000.npz,False,2.43080309066463,0.0109616151205095,0.728233624614249,0.00304219901091541,0.0483005370080875,0.00151738403752768,0.0657001744437946,0.00155022920432433,0.0317111402700795,0.000629334994426526,0.0158292046246129,0.000880370101060176,0.0136413024313082,0.000566706486219981,0.00762952639707246,0.000326624906243008,0.00595468328664481,0.0003681179989765,0.00429831981895372,0.000213553904727703,0.0030311491160321,0.000254453516028615,0.00236693932392234,0.000175499461171863,0.00169070983426491,0.000144050410348014,0.00135243306898103,9.5555632634505e-05,0.001006508659229,5.62854494490385e-05,0.000768914133924615,0.000101043647379505,0.000591694284706798,9.02947955052504e-05,0.00045730503913049,0.000104964221718871,0.000320137128691246,6.71705480783939e-05,0.00026195814800906,4.11152864192454e-05,,
holdout_baseline_0022,holdout_baseline,H022,2937.75896219855,254.160411957994,252.539140775664,408.029871982266,0.00160345195472822,0.000130064351862051,0.147367209868111,0.182158790430705,1.18132532675121,0.237391665044083,0.000849925685486635,0.000643089915036119,0.0403619675837523,0.013188630346276,1,300,0,0.3,1,12.9784005731003,11.6762155982637,1.51538603212148,11.7741800486437,-0.0266487624239831,2936.73952980035,261.361602289656,-1.01943239819821,7.20119033166168,58.9746563702903,17.8402012813357,0,0.000237223757319345,-0.281574870347863,4.32986304558379,False,True,False,data/holdout_baseline_000.npz,False,11.6762155982637,0.0059856309898299,1.32532582228532,0.0048933374167908,0.621758203767992,0.00361361837594401,0.326676354274054,0.0025374184664401,0.17757244043725,0.0017357898731099,0.0957592824204239,0.00109381538597411,0.0500352281084182,0.000734648410026283,0.0269182109430801,0.000337145467492974,0.0199795138379597,0.00059168840522042,0.0202805626903328,0.00058321246214334,0.0207777847927847,0.000605965205410674,0.0199791296906656,0.000605400973598849,0.0179591183940109,0.000581484723817542,0.0152544518047808,0.000527740739573723,0.0123551163661377,0.000474179653855054,0.00965471327002769,0.000361699367414025,0.00741676095735341,0.000304048608438068,0.00598227122093284,0.000290576244185988,0.00533989068085276,0.000252194291550583,0.00520153088446202,0.000266502234453722,,
holdout_baseline_0023,holdout_baseline,H023,2077.76600173197,-1452.34297202077,249.576847826166,386.738790515385,0.00153564500681728,0.000165940662956724,0.162934494167094,0.104518201807171,0.809770193162157,0.400981764987903,0.00923244456822005,0.00128266283374327,-0.0273335290893188,0.0144636603481646,0,300,0,0.3,1,10.2803595023877,10.1570856055226,1.044184915213,10.2106371492687,0.0192661891784891,2081.72041752299,-1447.13967903024,3.95441579102408,5.20329299052787,50.7007363509895,15.2954926594264,0,0.000226663505457184,-0.281516114870847,2.9834260678917,False,True,False,data/holdout_baseline_000.npz,False,10.1570856055226,0.00336671619864504,0.915663578735107,0.00301844120842089,0.417541984734882,0.0020571619850621,0.226502964781746,0.00155025635561723,0.128870757949331,0.00115523277879115,0.0751135360127304,0.000790060414825073,0.0448319458555072,0.000569373425198016,0.027908028630016,0.000390206775209729,0.0192113936123998,0.000334594023460157,0.0148678948550313,0.00030869524501831,0.0126517532535621,0.000334014106263623,0.0110280863311723,0.000299751215326923,0.00963345512881749,0.000280369853498072,0.00817898481322104,0.000219520373000651,0.00681148927916467,0.000222475711199785,0.00570054775879191,0.000170733103822634,0.00475367542303334,0.000182065787994537,0.00398937071821804,0.000219049972624915,0.00336570399421562,0.000120050484806912,0.00291082540263594,0.000141812786855825,,
holdout_baseline_0024,holdout_baseline,H024,1598.51287448085,-361.753059609762,214.640078743356,393.874510914379,0.00159856877936444,0.000367017778752031,0.159992812985271,0.157731059001306,0.926916804076695,0.224347363708281,0.00175255327962506,0.00455572863309661,0.00495214387072205,0.00383348275100257,1,300,0,0.3,1,14.3898469482206,7.63567987108816,1.09876264690568,7.71433551612115,-0.00312944625640689,1598.8326586978,-357.821143415139,0.319784216952257,3.93191619462328,32.7787045870825,11.7486095878252,0,3.97192107773117e-05,-0.281571578526794,3.13942093726435,False,True,False,data/holdout_baseline_000.npz,False,7.63567987108816,0.00079933975551924,0.974031935429098,0.000555486865098997,0.445580708386107,0.000443638759774552,0.2099561509997,0.000297133057735314,0.104820000242921,0.000198195859139801,0.0508210297468697,0.000104865764011975,0.0248241742214836,8.41666794784069e-05,0.0172295680884418,8.93751689931697e-05,0.0175079057343609,8.35868486333454e-05,0.0177118685406239,7.06505221840458e-05,0.0164461666043453,0.000102404122609283,0.0140989151144606,7.44210612997597e-05,0.0113065640805148,6.79459013942961e-05,0.00859433272990556,4.27786311404141e-05,0.0063727092199998,5.75546235780088e-05,0.00497994199961938,4.16557876542205e-05,0.00444402956888408,3.30376488647489e-05,0.00438922071569066,4.24535795008782e-05,0.00440115137525034,4.51923759077686e-05,0.00423654458935766,4.76417813236691e-05,,
holdout_baseline_0025,holdout_baseline,H025,2365.32218791813,-467.61535567536,211.161982612283,388.563754891035,0.00149696847146814,0.000202326545757683,0.135404534538649,0.103610542247447,0.94537528209399,0.397684136939156,0.00390949118247686,0.00174846278195608,-0.00553169772861428,0.000185095293538768,0,300,0,0.3,1,10.6363573746916,11.4181762652414,1.21447803324329,11.4825856325786,0.00390797641754745,2365.54109520138,-461.802580007263,0.218907283250246,5.81277566809661,48.2220413235325,17.1793865400811,0,4.83543237512343e-06,-0.28156455349314,3.46999772169396,False,True,False,data/holdout_baseline_000.npz,False,11.4181762652414,0.000734593205437721,1.05699764144122,0.000590810863672366,0.502387571834802,0.000452408920216117,0.265115122739409,0.000331971815183632,0.149517805807449,0.000237580540254803,0.0863988829152157,0.000166143659065164,0.050916339470055,0.000116457158740648,0.0314726657866568,8.60225738487333e-05,0.0217499712815275,7.31398388800547e-05,0.0173554258497061,6.72796665955974e-05,0.0151112738254493,6.66477944241884e-05,0.0133944054290614,6.46862360421158e-05,0.0117075426453022,6.0237409681614e-05,0.0100166258558993,5.43477653631147e-05,0.00841532000554204,4.88342322028057e-05,0.007001778176848,4.31554649537819e-05,0.00583243628324598,3.82179394376927e-05,0.00491582553325656,3.49247771494546e-05,0.00422066381910436,3.17278738624519e-05,0.00369070529522998,2.96191525216296e-05,,
holdout_baseline_0026,holdout_baseline,H026,943.161236436657,-1235.00427172752,219.909372422066,417.394724780129,0.00142296456768901,9.93129074644707e-05,0.139882318822694,0.120272436172883,1.28257680285557,0.415183417709917,0.0059309136564209,0.00034352196251556,-0.0376351010487893,0.00569723818565205,1,300,0,0.3,1,20.5723813266438,7.06621432036903,1.45368855534423,7.21423368032135,0.0221285997749131,947.791456253138,-1232.64629933556,4.63021981648069,2.35797239196268,31.0791806140506,11.4154051372678,0,9.24365457206649e-05,-0.281550973550021,4.15347712504823,False,True,False,data/holdout_baseline_000.npz,False,7.06621432036903,0.00802876997771677,1.35306337493164,0.00544987301365429,0.498727462506067,0.00289073560726798,0.15641210574927,0.000761511161999108,0.0256238866459221,0.000650575223461709,0.0507280930483932,0.00118006793066525,0.0544319995933062,0.00112556251728647,0.0396975407656609,0.000823378699977393,0.0213528577847602,0.000398510295519078,0.0107048320848012,0.000361729971524779,0.0128960189577073,0.000554301169459329,0.0147341489306364,0.000607629221169545,0.0126856697517473,0.000448542983634162,0.0086206222384185,0.000313478304548443,0.00547142865519143,0.00029223203381647,0.00552010185944527,0.000318473134921059,0.00637302563109736,0.000367197158381778,0.0060217050693269,0.000351168152431,0.00463894119853892,0.000247965439900673,0.00328242269722447,0.000197155754039468,,
holdout_baseline_0027,holdout_baseline,H027,2442.82056223498,447.669530911389,247.910284803039,411.364604817263,0.00157812993016187,0.000397795683016942,0.14161769170838,0.0512925115445396,1.19039798843242,0.407593854427853,0.00163563610693667,0.00485685474401436,0.0460135447019548,0.0111945515409391,0,300,0,0.3,1,14.496758579245,10.0176060940121,1.45222817086867,10.1223708683736,-0.0308015103796816,2440.95279472643,453.600725431247,-1.86776750855461,5.93119451985785,49.6700324468767,15.5318329147871,0,0.000183059316872903,-0.281571620007573,4.14926736495288,False,True,False,data/holdout_baseline_000.npz,False,10.0176060940121,0.00805018836991418,1.31409473855011,0.00586379062230273,0.545099358538876,0.00393515593382044,0.253128412192979,0.00235502784589237,0.117186294616245,0.00142133838666122,0.0554568657953694,0.000862774635598485,0.0336656917211819,0.000721928084448977,0.0287967255513463,0.000765082946384129,0.0259798204839743,0.000805697585698728,0.0220547949566402,0.000684543281655237,0.0175580383764582,0.00062419137290729,0.0135585632930094,0.000520503219825141,0.0105110820717353,0.000437989209762848,0.0085374660311209,0.000400112139369649,0.00732219591079563,0.000342662876611125,0.00641556811195621,0.000413917495622787,0.00562973558597231,0.000295083522185437,0.00487006704568213,0.000286361431690796,0.00414657179560599,0.000268687191636551,0.00355173367932021,0.000224316733559615,,
holdout_baseline_0028,holdout_baseline,H028,1134.07888176226,492.660683216275,245.838689577587,399.356836703469,0.00158746938819457,7.16601171892698e-05,0.166353260561212,0.158749578924748,1.14230725903292,0.363350005956278,0.000591358172030426,0.00281354195702777,0.0177587352336288,0.000992160444512257,1,300,0,0.3,1,22.4854040703188,5.02963407142799,1.13093354421901,5.15522735387368,-0.00975169300548004,1132.96633087277,495.451576767939,-1.1125508894911,2.79089355166343,24.7293304304525,8.26924626799864,0,9.18733119722518e-06,-0.281574513689595,3.23129478331314,False,True,False,data/holdout_baseline_000.npz,False,5.02963407142799,0.00386593506248902,1.07118736277431,0.00244870316120156,0.343653170651991,0.00105829769390293,0.0833706274527421,0.000157731351871481,0.030592467165654,0.000508834518477279,0.0511444863749412,0.000615403455484975,0.0415262414498033,0.000461701935236607,0.0227265532376307,0.000227145736105828,0.00976253186511086,0.000175938029074808,0.0116867961334903,0.000280575820904378,0.0134069966545798,0.000283000528135926,0.0108352741097303,0.000213393808276414,0.00657864094664855,0.000128496380894128,0.00459823187047722,0.000141646743915407,0.00553323789967898,0.000181654195194129,0.00574601569829125,0.000176694447223955,0.00456398343303865,0.000126771541666264,0.00305060455284461,9.69335475688421e-05,0.00269319744972873,0.000115891589988869,0.00311522683394244,0.000130336283138325,,
holdout_baseline_0029,holdout_baseline,H029,1871.83060375358,1223.3864891009,228.860645801695,414.074646554149,0.0014653860459405,0.0002836310533851,0.178644329527207,0.0754568707307987,0.791799761889287,0.227112218631904,0.00437216409267051,0.000500064448066641,-0.0114119536920467,0.00769906367365484,0,300,0,0.3,1,10.8160267988568,9.77098714280141,1.05683258787825,9.82798158684238,0.00801934061981008,1869.12424973141,1228.00125906024,-2.70635402216953,4.61476995933549,44.7232570856065,14.7175001008238,0,0.000149775406751801,-0.281562113595031,3.01962021763724,False,True,False,data/holdout_baseline_000.npz,False,9.77098714280141,0.00148040874982089,0.914588658695248,0.00122460905255534,0.439306311751506,0.000976078914420024,0.239139310459979,0.000743206916776709,0.137363491378182,0.000528086673114059,0.0811795352878431,0.000341532405554513,0.048889365787353,0.000266205648185367,0.0304547108732685,0.000227235290910615,0.020542146003379,0.000230465929649683,0.0158642094308045,0.00011749807474731,0.0136494650989839,0.000125855304837552,0.0123370741253193,0.000161474970307739,0.0111380747343995,0.000136464431568033,0.00987330273044424,0.000134070756815863,0.00855176787332201,0.000109815765688096,0.0073118829442198,0.000122186762755564,0.00620643426103906,0.000101657656077051,0.00527270009739403,8.27864675741289e-05,0.00452676572193222,9.01152632743207e-05,0.00393953077392838,9.70714195361061e-05,,
holdout_baseline_0030,holdout_baseline,H030,1058.77503293595,1520.06988710348,220.285448674509,413.289183093094,0.00155471107494094,0.000124330688206777,0.136866324858391,0.18444518531942,1.24912483969188,0.353249495289898,0.00971191291721506,0.00115253737412899,0.00976451538993191,0.00611278568177911,1,300,0,0.3,1,17.3321954925054,8.4096391795179,1.45757510280837,8.53502804091861,-0.00587052928443285,1057.85033239033,1522.68920306234,-0.924700545620908,2.61931595886631,37.0492484784634,13.2124680003461,0,0.000108114862512145,-0.281509833631205,4.16461093213827,False,True,False,data/holdout_baseline_000.npz,False,8.4096391795179,0.00167459226563343,1.32009335528022,0.00137019907477264,0.560901591904091,0.000860599329721397,0.233297290876263,0.000460896038922946,0.0824379142655879,0.0001697897144162,0.0268053811680784,0.000122630609639837,0.034894465669955,0.000216943508630986,0.0391174918389624,0.000274628183687135,0.0340374984211145,0.000198478304149759,0.0248908032942675,0.000178432621114917,0.015723856948002,9.60757875622703e-05,0.00968609160258581,8.6095926647048e-05,0.00881533554035022,9.94513273788591e-05,0.00982720572099589,0.000122064310723028,0.00995497343199674,0.000112034270194672,0.00872774907979221,9.77051372391749e-05,0.00679782763802964,6.97381644313221e-05,0.00493434038664613,7.67938133498927e-05,0.00400448766132905,4.61573155715282e-05,0.00410875136995576,6.72334991839603e-05,,
holdout_baseline_0031,holdout_baseline,H031,2297.51320309711,-309.282608799309,231.229313739739,410.872776493523,0.00138333308737677,0.000393938388430506,0.145718528286738,0.1465862439624,0.756006398916818,0.441829642507943,0.00518594060281496,0.00235956409049344,0.0122344538180591,0.0107989538503493,0,300,0,0.3,1,10.0411241563429,10.0256540621627,1.00668837186719,10.0760732791301,-0.0084480738549442,2297.03198380039,-303.679020468868,-0.481219296715153,5.60358833044188,46.3647394061963,15.038788045868,0,0.000217536905877751,-0.281556298061637,2.87628158805634,False,True,False,data/holdout_baseline_000.npz,False,10.0256540621627,0.00166314496737217,0.877320058223333,0.00127958162210539,0.416222587858377,0.000847470847107653,0.216813908874287,0.000537761479357904,0.122160783203814,0.000453935116750418,0.070986764695398,0.000267689958946736,0.0422953475119044,0.000249624352504929,0.0264619020907636,0.000227566982358105,0.0182288050139481,0.00015817665044267,0.014168841153404,0.000102860386170935,0.0119307736637875,0.000110954487876946,0.0102887395885635,0.000138695803205223,0.00881002134375151,0.00010879867575553,0.00743512064765805,0.000102456471735035,0.00620360745758988,8.10628316461097e-05,0.00509683497665433,7.81902311647329e-05,0.00422082129154618,7.44152984896153e-05,0.00351390168463844,7.56087607844207e-05,0.00297057929069182,4.5543754728057e-05,0.00254123726107613,5.77669108238776e-05,,
holdout_baseline_0032,holdout_baseline,H032,3483.53682204761,-1050.57473655115,207.874179010159,406.812941653502,0.00139598272132726,0.000184934140440055,0.149705476932869,0.166561889840845,0.839904773605395,0.303684073498029,0.00126879839261834,0.00166206677449381,0.0070765922704653,0.0182708211964766,1,300,0,0.3,1,6.89321478511787,17.5034039520407,1.20654722912097,17.5449469715877,-0.00536406667928787,3485.87626991962,-1041.97446321766,2.3394478720079,8.60027333348762,72.7701479114646,25.7088113102863,0,0.000283198063130621,-0.281574063492696,3.44754932693176,False,True,False,data/holdout_baseline_000.npz,False,17.5034039520407,0.000466498261600958,1.00170357487416,0.000753944180849071,0.521771421745813,0.000525849449854703,0.310195600491566,0.000390022531961336,0.202753637045491,0.000236748625558485,0.139560391635711,0.000314371719121003,0.100207869850619,0.000297572928109719,0.0737219573427847,0.000225974186163466,0.0555085770916758,0.00016233456915382,0.0425432346141572,0.000130149726693568,0.0330264891670155,0.000213387671952581,0.0257066809373753,8.39178675124471e-05,0.020397212165271,0.000135973630387948,0.0163272844140439,4.01428009168166e-05,0.0130462598381244,6.66760974622931e-05,0.0106496933552489,5.57315746699118e-05,0.00877295470608376,4.3628160487381e-05,0.00746363055665447,0.000104994681795981,0.00644091813927632,3.59903232299319e-05,0.00565569571156199,6.45579778747436e-05,,
holdout_baseline_0033,holdout_baseline,H033,2488.24409005733,1030.73533942646,241.290916163678,415.348546507444,0.00151946528628898,0.000353693148460633,0.179674452919954,0.0789986272767155,0.797994427565882,0.265336712663353,0.0085684346315113,0.00214841812507686,0.0303626875955522,0.0180550039331729,0,300,0,0.3,1,9.50994364341281,11.1621049602773,1.06150989114095,11.21248971282,-0.0213196495213725,2485.32256006321,1036.85958442661,-2.92152999412292,6.12424500014572,53.8656625008838,16.7111571133427,0,0.000348048329421355,-0.281524091360573,3.03299392517348,False,True,False,data/holdout_baseline_001.npz,False,11.1621049602773,0.00358460449655646,0.915589614611014,0.00287205598440734,0.436072434052946,0.00247564237521826,0.246938568304669,0.00189776448144161,0.147413075713595,0.00131695532595624,0.0922412034385724,0.00103087704368198,0.059617082318756,0.000863651176225102,0.0394034402461013,0.000442186272285133,0.0270891865727981,0.000534146247051538,0.0196915154723077,0.000395766304306871,0.0152052523395079,0.000405407850141796,0.012493001906115,0.000256613774264072,0.0108346693288665,0.000334281584482001,0.00968419253044074,0.000339654682872263,0.00860661180873982,0.000310797338533254,0.00764391488208604,0.000287986405622255,0.00671372453464032,0.000307906059767472,0.00587793385372516,0.000200097683512078,0.00519285645321957,0.000199731372817865,0.004494655618303,0.000237606855921831,,
holdout_baseline_0034,holdout_baseline,H034,1918.13465614907,709.69413614228,237.042708403116,380.243715089879,0.00147389675883278,0.000372200684112531,0.13134455410891,0.0876508476032584,0.725670362165014,0.345702264302185,0.000742177835145588,0.00422659011219108,0.0368871028054892,0.00412986083606309,1,300,0,0.3,1,10.4065748057188,8.62805726835586,0.897885233911712,8.67469365450691,-0.0264093333367935,1916.4763009438,714.397949407042,-1.65835520526571,4.70381326476229,40.9043094355343,13.0232162843185,0,3.27989623322083e-05,-0.281573557230112,2.56545388533301,False,True,False,data/holdout_baseline_001.npz,False,8.62805726835586,0.0049029478718106,0.785517551178773,0.00388715057879981,0.35415690318482,0.00306845158041577,0.202828024090708,0.00231415816532777,0.118281587908181,0.00169253254538493,0.0712294585416617,0.00124809613269548,0.0434884842747673,0.000864914240074936,0.0266396158742194,0.000608813371753053,0.0166348413747908,0.000459266739320369,0.011283745457869,0.000372649612203393,0.00910878620463901,0.00035992504193658,0.00845051094800131,0.000379653912602611,0.00819453712608141,0.000405368405672631,0.00785540377406475,0.000404350802901272,0.00729275185111612,0.000390761806464041,0.00658031533673767,0.000375526018147421,0.00575003244290638,0.000345712817321184,0.00486881112261763,0.000310521410291015,0.00404155352975214,0.000243538547372968,0.00328188009751123,0.000211694277427738,,
holdout_baseline_0035,holdout_baseline,H035,3104.04040661132,-669.949155041003,238.305370565509,402.201750022805,0.00156313009860138,0.00021370744186763,0.154708982307118,0.128327555375159,1.13644828225722,0.216574300346168,0.00786663872103977,0.00412196055100887,0.00922747931966186,0.0192058879603505,0,300,0,0.3,1,11.3483908855506,13.3252160516433,1.51219760388461,13.4107548338467,-0.00618712992902189,3103.15827355064,-662.365410492633,-0.882133060681099,7.5837445483694,63.5103100802253,20.1180724913739,0,0.000321770561803647,-0.281531111777234,4.32073700250929,False,True,False,data/holdout_baseline_001.npz,False,13.3252160516433,0.00109127559902954,1.31161561504201,0.00104253636197802,0.630713472735883,0.00098937125819221,0.331617759620277,0.000592017186228167,0.190968848300247,0.000469826827351141,0.113232900717042,0.000189513553135852,0.0683633454124387,6.22561368648411e-05,0.0424642287583358,0.000222575444848927,0.028319484087788,8.33598970854426e-05,0.0216493718175465,0.000163222025028435,0.0187354061426829,0.000174091250630796,0.0171656186748185,7.4339115828813e-05,0.0157582517941259,0.000129245416577851,0.014212190680317,0.00012041503928753,0.0124957522991775,0.00013083281091393,0.0108130639907161,5.21776149593648e-05,0.00921367987386984,5.71836484131259e-05,0.0078182212981656,0.000122147883922752,0.0066807657847558,7.67599712459565e-05,0.00585166643350302,9.78558495850314e-05,,
holdout_baseline_0036,holdout_baseline,H036,1689.38214304393,-146.814808546763,226.312243616137,415.63718456835,0.0014171569774837,0.000157850069968665,0.129849520985386,0.0964524788160411,0.856344725406575,0.167028321627295,0.00646603065444139,0.000747877142492725,0.0133769397872028,0.00826313269006155,1,300,0,0.3,1,15.1930440721738,7.49283137908479,1.13838917367802,7.57882667991822,-0.00885665164175947,1688.19565979665,-142.630956050988,-1.18648324727451,4.18385249577517,33.9149914535995,11.6071919314572,0,0.000158186479451654,-0.281546337972429,3.25264517605914,False,True,False,data/holdout_baseline_001.npz,False,7.49283137908479,0.00232098844035667,1.01217462330383,0.00184758402714111,0.455344866958,0.00127700153359753,0.220666331154547,0.000717869352719089,0.104687696363867,0.000529394382176207,0.0446543175470944,0.000285980167682854,0.0188212862405073,0.000199379009927065,0.0181575334418208,0.000235393825527368,0.0212229697637796,0.000269879236968669,0.0210196042292164,0.000297701769839639,0.0182139077290253,0.000268557631638382,0.0143329605242385,0.000192035754225994,0.0103161721467061,0.000152002071083191,0.00712733827987705,0.00014879890069126,0.00538929045916749,0.000112334404179775,0.00512594781897252,0.000149858287564739,0.00546744675407344,0.000109265282625766,0.00555788928553925,0.000138690870020279,0.00521442311702273,0.000138188136800348,0.00454484770765126,0.00010974617466425,,
holdout_baseline_0037,holdout_baseline,H037,235.693110242126,1345.81695006294,247.242410633984,384.367259760975,0.00135858378003545,9.75861390441681e-05,0.164686839156261,0.0901593269056563,0.991633265795903,0.44856827365174,0.00286970885109726,0.00314780932850508,-0.0394159832772288,0.0143263961055937,0,300,0,0.3,1,18.4743421064858,5.52624236868246,1.02093692082396,5.61980646513505,0.023551172446573,232.480302090464,1346.41583892689,-3.21280815166233,0.598888863953334,27.3259913290795,8.838973542971,0,2.72675599009579e-05,-0.281568888525968,2.91696701642827,False,True,False,data/holdout_baseline_001.npz,False,5.52624236868246,0.0078200761910856,0.955742669643487,0.00534942413275148,0.338603524800367,0.00254336992615992,0.1038517688165,0.000908811604496723,0.0257312472396816,0.0007467541582108,0.0328447647503108,0.00100425930484098,0.0295920750010284,0.000766228845317823,0.0191781199403606,0.000556154650622421,0.0110712754143751,0.000380579206520991,0.00823612883290578,0.000405827945490904,0.00758957077901435,0.000391315933038527,0.00626704781950397,0.000274995179879516,0.00465955398175506,0.000213463027232098,0.00346511679947456,0.000262284082028348,0.00293172917596263,0.000177119174616261,0.00248415426675819,0.000185718900930782,0.00209577922873167,0.000139824637263484,0.00163448549048122,0.00012444206703305,0.00131517323791071,0.0001353429941449,0.0011713622469347,9.14376179354161e-05,,
holdout_baseline_0038,holdout_baseline,H038,2925.22067943701,-535.542315900098,248.381726831145,405.237714259678,0.0015895704699077,8.20070391079771e-05,0.165277685331572,0.176055557312888,1.23088657936532,0.426017428673283,0.00778412324542638,0.00150616836005463,0.0192654313194137,0.0170867343233907,1,300,0,0.3,1,13.1714913948735,11.9725506054143,1.57696347273901,12.0759720225748,-0.0124534230756312,2923.9022367386,-528.358180128235,-1.31844269840713,7.18413577186277,59.4767907524457,18.307517599256,0,1.77520760741926e-05,-0.281533172986881,4.50575795164871,False,True,False,data/holdout_baseline_001.npz,False,11.9725506054143,0.00274853434309213,1.388259498768,0.00226293193446062,0.642015152680286,0.00181377000784095,0.325960123165184,0.00101463477192902,0.169901816825403,0.000857643299478861,0.0851750191359609,0.000460613758659232,0.0401724592235185,0.000208825426162282,0.0224124550071317,0.00024532749754067,0.0220282017975703,0.00018824657741888,0.0239425712114442,0.000207123045675515,0.023518224733234,0.000366403962872664,0.0212200459127978,0.000311061855581103,0.0176206752197133,0.000280857567921447,0.0137653619220382,0.000284654790407056,0.0101712882791943,0.000145284528705452,0.00753546683327264,4.65753392949353e-05,0.00603487400036432,0.000181153736131904,0.00571150733430731,0.000129092998265426,0.00584580007848549,0.000158124644031073,0.00586547571221581,0.000125453868281896,,
holdout_baseline_0039,holdout_baseline,H039,609.695578318639,212.989248441653,216.425463702893,390.704137305504,0.00163201799275648,0.000112089769377859,0.125530229110108,0.150985851742178,1.27790720509282,0.327737130253513,0.00575180058317751,0.000897904431825043,0.000128547461417841,0.0092715691151968,0,300,0,0.3,1,30.2482655174265,2.98425071464271,0.902684079870823,3.11778652257241,-6.19153222888791e-05,608.709060399761,214.495471203451,-0.986517918878121,1.50622276179786,20,5.27488323637659,0,0.00010011863753788,-0.28155237692234,2.57910041056895,False,True,False,data/holdout_baseline_001.npz,False,2.98425071464271,3.3350157349652e-05,0.88915826802538,1.28542885725619e-05,0.124753811402648,1.5230604480143e-05,0.0663302447496632,1.66304590740716e-05,0.0560027696248758,1.21845166747234e-05,0.0197925418789019,6.89621762399914e-06,0.0177812237501653,7.57321216042798e-06,0.0146208887001077,7.03664159874865e-06,0.00839742431452444,9.16699287548265e-06,0.00730753064782582,5.9354289862023e-06,0.00602740107219235,7.02235733579675e-06,0.00418090985345143,8.99880933009571e-06,0.00360999892077669,2.87725361751751e-06,0.00296641247767515,5.51962513503454e-06,0.00227118848970173,8.89962407169103e-07,0.00198465451117722,9.35908917122276e-06,0.0016054403129168,1.19144021496811e-06,0.00128723262107288,5.6335809373076e-06,0.00109502528210986,4.39399678510741e-06,0.000905119196840682,7.31087860701559e-07,,
holdout_baseline_0040,holdout_baseline,H040,484.926240434542,1637.11161061389,225.127599601267,395.302548502153,0.00144988313363996,0.000289464252612215,0.169254901096163,0.161765273052959,0.763324968787541,0.206471052444573,0.00720705330515764,0.00376196345294444,0.0168029974990293,0.00487281476706939,1,300,0,0.3,1,12.6137701300256,7.58435279487748,0.956672827396016,7.64446345068231,-0.0109865427234983,481.520824403331,1638.32608615085,-3.40541603121136,1.21447553695202,34.1484282758009,11.5456624029352,0,7.8889985232505e-05,-0.281538235541212,2.73345625205229,False,True,False,data/holdout_baseline_001.npz,False,7.58435279487748,0.00239745040257063,0.835300767210329,0.00194011956965136,0.396318484025359,0.00140572275197113,0.204882106124874,0.00108099885546691,0.111709510725708,0.000722130008468122,0.0605227468765619,0.000451837785906045,0.0318181032356762,0.000280172386415452,0.0171257164793081,0.000218275536099693,0.0123844066655257,0.000154610924868768,0.0124161292208872,0.000224512992126966,0.0127718640379512,0.000249447378471714,0.012315660083288,0.000246712849904401,0.0111285189769754,0.000219205809412057,0.00951195470282193,0.000219627713739588,0.0077401488770816,0.000188583069111915,0.0060595164473439,0.00015033622901451,0.00464950635667929,0.000127167409932367,0.00371519287700482,9.9338123055971e-05,0.00322943456381248,0.000103495549709751,0.00312592721214958,0.000112000307285861,,
holdout_baseline_0041,holdout_baseline,H041,1972.61604041801,1441.59735024618,207.584078992097,404.464836479111,0.00150778709694626,0.000216831815252387,0.122087784216867,0.0696905334419649,1.20542338571491,0.321155588402643,0.00965031754375156,0.00255853517146799,-0.0200855307975692,0.00322670226166764,0,300,0,0.3,1,12.9739912247789,11.7702288666203,1.52706846029171,11.868889283017,0.0139918391122068,1970.52828331731,1446.44515491212,-2.08775710070063,4.84780466594248,48.8647806222487,17.989812781744,0,5.3424131935754e-05,-0.281510263631626,4.36315694388786,False,True,False,data/holdout_baseline_001.npz,False,11.7702288666203,0.00331065620324857,1.34583137485499,0.00248818202674474,0.618056054754525,0.00180391089188722,0.315183753966754,0.00123341285806409,0.163090520135797,0.00079526208268666,0.0841529699954045,0.000507862601403638,0.0449435180856985,0.000335973747275954,0.0297480531431585,0.000310020562872867,0.0258945884526589,0.000315176412060306,0.0240858512578655,0.000332148676977611,0.0215855249755961,0.00029685191989362,0.0183733523511476,0.000263310579927757,0.0150000710381749,0.000247232358283521,0.0119934021301119,0.000219032282584952,0.0096646122451984,0.000181444822640146,0.008089874934673,0.000168318028082703,0.00705495796637679,0.00015457244826523,0.00638847887474281,0.000157581477023065,0.00578925789583731,0.00014302410679071,0.0052133975253855,0.000141904122672134,,
holdout_baseline_0042,holdout_baseline,H042,1219.33645115383,1674.37240697648,209.173216052472,419.297665815686,0.00148324336761145,0.000343658817489324,0.142613588478332,0.0567740271795643,1.11709304776957,0.305399913469258,0.00868047063479237,0.00209692053767559,-0.030192612154331,0.0166388165063031,1,300,0,0.3,1,14.5398828365152,9.90283485085279,1.43986058480759,10.0069912839641,0.0202314432566399,1217.51858628269,1677.43365404473,-1.81786487114186,3.06124706824971,41.4260996877892,15.2819419388467,0,0.000192614053224009,-0.28152276729362,4.1140150335289,False,True,False,data/holdout_baseline_001.npz,False,9.90283485085279,0.00522477098025369,1.27775699898908,0.00401597328289244,0.579435077729762,0.0027179545740774,0.279340167745505,0.00175261428218288,0.136385739805018,0.000937515595659683,0.0633779292744605,0.000787314770526608,0.0300763843782385,0.000333671262477285,0.0231844568598369,0.000439378575800607,0.0248617544116645,0.000597624022868279,0.024789738737433,0.000621223111685656,0.0223518509384424,0.000482391561920662,0.0185765920860533,0.000505391693706329,0.0143578773458744,0.00035742390412285,0.0105355277102218,0.000332325937980391,0.00773321708262435,0.000241256720529688,0.00638305229725271,0.000247174473525865,0.00615134276716872,0.000206404853757159,0.00626462916089666,0.000233293779073372,0.00613629867442361,0.00027588073261108,0.00569106071492103,0.000273098937180385,,
holdout_baseline_0043,holdout_baseline,H043,737.715231423759,-1291.29392707412,208.56216708898,396.326061407357,0.00145738470674027,0.000138598994898172,0.178118420267556,0.138792141847891,1.02233779640459,0.202133562252181,0.00488861680347788,0.00301316752743238,-0.0133849216288223,0.00673776135928646,0,300,0,0.3,1,16.5013500064444,7.1304467179501,1.17661996995197,7.22688209075546,0.0082963553516187,741.852654911311,-1289.44548561699,4.1374234875517,1.84844145712987,29.7433271089373,11.1625273175957,0,7.56856069786317e-05,-0.281558094123585,3.36183323002284,False,True,False,data/holdout_baseline_001.npz,False,7.1304467179501,0.00243661446256719,1.0639703441723,0.00173593789569919,0.449594299693311,0.00114451997819052,0.200345576999595,0.000689865531701634,0.0795683082892935,0.000345328844758183,0.0295977681211414,0.000174087848953377,0.0253314812805428,0.000235911308491098,0.0275727672944789,0.000255020109690111,0.0246970751405269,0.000269449305696561,0.0191050287834113,0.000221692314927512,0.0133483691573533,0.000158848188202854,0.00945190486299787,0.000130321205644269,0.0078289554185254,0.000114414117188693,0.00733707382987277,0.000119399053884414,0.00686057750415038,0.000136219347841546,0.0060648790612058,0.000101484964049491,0.00504911217689795,0.000105113258013695,0.00418591087328381,6.88187910928244e-05,0.00356973784336138,8.67991256011004e-05,0.00327621338688147,9.02799229317418e-05,,
holdout_baseline_0044,holdout_baseline,H044,1321.97206218011,1059.65136022354,221.556593291109,393.518559786996,0.00164847672836446,0.000172837458414785,0.175737848354493,0.116609103552784,1.08952067781599,0.388146079253148,0.00756324325142955,0.00387713615649552,-0.0181446562779748,0.008552351768292,1,300,0,0.3,1,15.9376820330673,7.64715114499547,1.21877863407744,7.74367709678636,0.0112958720310773,1320.68843194361,1062.91993744865,-1.28363023650513,3.26857722510726,33.8849296201621,11.9353144651538,0,0.000158410713680834,-0.281534515822778,3.48230131292295,False,True,False,data/holdout_baseline_001.npz,False,7.64715114499547,0.00314669989562388,1.10070218338565,0.0023742606329093,0.467586505376145,0.00160278239366602,0.209209978134567,0.000870434757205216,0.0853353506724093,0.000361066367376323,0.0306455009560047,0.000308295635935795,0.0235569478587527,0.000355047055458972,0.0278042496181502,0.000398685481456179,0.0270074449032236,0.000358291502180376,0.0223246889960504,0.000324741971710064,0.0163941992626688,0.000269479429829079,0.0109072153695647,0.000184033258099994,0.00731726693422477,0.000124076753842857,0.00651174803825049,0.000143450778227807,0.00687949527545265,0.000182576837915553,0.00697617150864391,0.000207203323016372,0.00635705559382955,0.000186872070592566,0.00523571360165258,0.000146861769202466,0.00400985405446578,0.000111513257067686,0.00309039032823933,0.000101486718174546,,
holdout_baseline_0045,holdout_baseline,H045,2177.94438645052,-1703.5193816296,250.336886014952,403.028390500344,0.0013631887630584,6.14286823935082e-05,0.125768567366502,0.145361866172976,1.05561089035174,0.16203016177376,0.00606630022349856,0.000229163840895367,0.0257743902662354,0.00710799895935008,0,300,0,0.3,1,12.8273196749893,11.0451873442035,1.41680148934245,11.1357061151829,-0.0174007292558647,2182.84892266363,-1698.13778256411,4.9045362131169,5.38159906549004,55.3007053628035,16.8471344422202,0,0.000143206634944187,-0.28154984973625,4.04816353403266,False,True,False,data/holdout_baseline_001.npz,False,11.0451873442035,0.00392746302356676,1.23449024429906,0.00315218101596783,0.585450831675191,0.00226210740925512,0.313524985401732,0.00181377839202368,0.170263995172478,0.00111503932134828,0.0902541567807333,0.000667651378978253,0.0459257758519618,0.000416575531348167,0.0252687754562137,0.000399399058862369,0.0205456538449163,0.000343030167213545,0.0209555336711552,0.000409748781422261,0.0206101614765306,0.000389010587585989,0.0187977339549954,0.00039681926384501,0.0160884825759842,0.000386616385919669,0.0131063873091708,0.000317679263760988,0.0103035588260601,0.00024016931213877,0.00817396268062033,0.000233810819012948,0.00679176318379804,0.000225076222507023,0.00609132299759812,0.000216194489808698,0.005750297509748,0.000201591534520865,0.00549304818008311,0.000180922228371609,,
holdout_baseline_0046,holdout_baseline,H046,189.833614980222,10.2077744636706,223.253598532515,389.560244404249,0.00137881692459999,0.000237913820646432,0.154405841150585,0.167187947358894,0.988867522430503,0.328477932390216,0.00198105241772373,0.000149768254184224,0.0153611732590932,0.0160597817556926,1,300,0,0.3,1,41.2977846442029,0.851482206734389,0.351643288020874,0.921250845110065,-0.00487828605347989,189.657919339276,10.6424872610673,-0.175695640946003,0.434712797396651,20,1.75729602981236,0,6.04366746642001e-06,-0.281572677173885,1.00471286813463,False,True,False,data/holdout_baseline_001.npz,False,0.851482206734389,0.00400564789601277,0.335898597793102,0.000541868388800671,0.093198619567683,0.00103991116033667,0.0311838204478682,0.000276323430832002,0.0278529563189076,0.000582573038348541,0.009499572242587,0.000284295438288118,0.012548607000597,0.000290580770395878,0.00486616094622271,0.00012394225820709,0.00691267887073422,0.000264402941656414,0.00300126684652081,0.000172929100553611,0.00429046511367248,0.000208049479029462,0.0020899428819859,0.0001515458570102,0.00292094364155328,0.000157984818939926,0.00153916375940914,0.00010206595018851,0.00202393660533311,0.000167385284610588,0.00119583564516639,0.000131916128469469,0.00155533181540389,0.000113697169522591,0.000943708097523796,6.1765009341131e-05,0.00116065798848516,0.000124523061056409,0.000767970904876939,7.94668143847012e-05,,
holdout_baseline_0047,holdout_baseline,H047,2689.0613617673,-1488.0780002706,213.827499495957,398.695677578466,0.00147741278458223,0.000304511334433538,0.161251388351573,0.171262198286318,0.912059879930708,0.213495527270329,0.00214913939685435,0.00247574621808896,-0.00631520650609946,0.0106230230664823,0,300,0,0.3,1,8.46232789600116,14.3729992231561,1.21629032275317,14.424378161271,0.00455085897838366,2692.82899669027,-1481.4437368253,3.76763492297368,6.63426344530785,61.4668272883485,21.335392273793,0,0.000123563401857497,-0.281571703094739,3.47534518642477,False,True,False,data/holdout_baseline_001.npz,False,14.3729992231561,0.000628132054876447,1.03466103135377,0.000653405267557932,0.509803421841851,0.000430859607835775,0.293385061771846,0.000447719339530565,0.183718875031352,0.000270068020903399,0.121038960739441,0.000319990024663745,0.0825677548511198,0.000137591156249007,0.0580036066669027,6.74552435104076e-05,0.0416048681328599,0.000127242750853385,0.0305642373722741,8.84595474187364e-05,0.0230163122893219,5.13339110933418e-05,0.0178677853967764,9.28111207219888e-05,0.0144088954519814,9.09307944564164e-05,0.0120362775571516,2.91879634578387e-05,0.0104426650475924,7.10549955954321e-05,0.00925778493847136,3.10067493088664e-05,0.00837743378524378,4.59276444740774e-05,0.00763754218021381,3.85479428569626e-05,0.00695228438368821,5.10381217915061e-05,0.00630601370233005,4.25757137590573e-05,,
holdout_baseline_0048,holdout_baseline,H048,2721.65725297533,596.657312375768,211.768451116168,419.961027024266,0.00136591910421292,0.000292041776360418,0.145255840710115,0.13520372049462,0.967168355629725,0.433233027039813,0.00321313169940329,0.000960366362833794,0.0488307990454029,0.0119777259944154,1,300,0,0.3,1,10.2528102527551,13.1570751001511,1.34896994483099,13.2260965621178,-0.0340612914256185,2719.51829410691,603.335932333135,-2.13895886841556,6.67861995736746,55.7258222050951,19.7709916018339,0,0.000142265516449709,-0.281568164912338,3.8543322118083,False,True,False,data/holdout_baseline_001.npz,False,13.1570751001511,0.00613795591652758,1.1592130659428,0.00499405289541631,0.564771139135142,0.00397297802911765,0.316497587864674,0.00309783145175067,0.187241416527436,0.00232154917118104,0.113554192937349,0.00166657910287102,0.069481607336174,0.00120891083383707,0.0423365110455646,0.000891464581118071,0.0259534158330931,0.000593237113974104,0.0171627580198377,0.000521428283016958,0.0136918412723657,0.000465085319362158,0.0129813569601528,0.000479491126376522,0.0128770229805336,0.000529968314648457,0.0125747103200135,0.000532365597874607,0.0118401573651304,0.000553038598743589,0.0107382274138908,0.000568100598996964,0.00947294333343366,0.000440044442579713,0.00804212006830076,0.000434939932904912,0.00667464933624117,0.000393243395413009,0.00547701134594873,0.000312259042578756,,
holdout_baseline_0049,holdout_baseline,H049,3277.91859664265,325.52522709099,229.909875388427,391.399862894707,0.00146009167839713,0.000118981509939015,0.133701817107398,0.0716352028067158,0.709175069111543,0.286568944886589,0.000211054182688311,0.0047800020483834,-0.0226192425301621,0.011531408590349,0,300,0,0.3,1,6.93859537222653,14.3275705770386,0.994132149010891,14.3620333143912,0.0174047572491155,3276.71516787896,333.61742847949,-1.2034287636875,8.09220138849997,65.8808530597118,21.0781136070494,0,9.69602583275334e-05,-0.281573494031831,2.84055090673593,False,True,False,data/holdout_baseline_001.npz,False,14.3275705770386,0.00202759269323128,0.83412947668128,0.00183854017141751,0.422948928664273,0.00162411526432909,0.251235469892281,0.00109965997014455,0.160808994761656,0.00103632801359071,0.108585626098105,0.000947058229157725,0.0760288918145912,0.000706009010450451,0.0548824585638972,0.000558244843163911,0.0404273471535559,0.000477107780606727,0.0303130027197376,0.000409178376904631,0.0231773373753157,0.000316481040292718,0.0180258060564582,0.000331874499071785,0.0143474554919257,0.000301501336530372,0.0116105155199233,0.000204783412489256,0.00966755895776385,0.000239560535808776,0.00819761116535212,0.000206417572334186,0.00708090026097004,0.000194816116706781,0.00630012357716009,0.000176939675382352,0.00562099854644022,0.000157906408666242,0.00506549373367363,0.000141581864633405,,
holdout_baseline_0050,holdout_baseline,H050,645.783746863664,875.760209133738,242.399183793235,409.20652317136,0.00157364969760556,0.000327753476935272,0.138405209295642,0.108398102055664,0.869538828797666,0.191703644030692,0.00260763761263736,0.0030540537686428,0.0347745810180789,0.00240774295455846,1,300,0,0.3,1,20.9069323145702,4.48905387989301,0.938523456233817,4.58616213110025,-0.0203940139235281,644.164744186299,877.363616407632,-1.61900267736416,1.60340727389462,21.7622847294602,7.26269189334556,0,7.62921033864782e-06,-0.28156993085815,2.68155063326967,False,True,False,data/holdout_baseline_001.npz,False,4.48905387989301,0.00756417567416675,0.871463518823414,0.00500377293185102,0.326956164809966,0.00258071217602623,0.102678720369751,0.000866877429500897,0.0245225043705048,0.000562650774499625,0.0296552655728749,0.000966295997829303,0.0324799755764154,0.00102243228231653,0.0256285916414036,0.000806528072609898,0.0160332740825814,0.000505008603462111,0.00881615006446341,0.000338278537578123,0.00742465536877723,0.000436849955497923,0.00845755615790132,0.000502836836398884,0.00815743320915634,0.000464982888140041,0.00650045401885484,0.000362907283385253,0.00449688919583216,0.000258397629071747,0.00342306812216224,0.00025682936772118,0.00354626725367039,0.000307745865340072,0.0037310167552218,0.000321152658541643,0.0034060272157286,0.000277570089465623,0.00269918745020895,0.000221867621515173,,
holdout_baseline_0051,holdout_baseline,H051,1829.07200553986,-67.6586510415302,217.952170929577,393.001052709842,0.00143674885629083,0.000360646162259141,0.158928096697862,0.125485979611517,1.07782897365226,0.393272077030983,0.00629898868360475,0.000849334487422125,-0.0446623651442439,0.0147490076523626,0,300,0,0.3,1,14.8264214526521,8.39760305245112,1.24506402047718,8.48944915711451,0.0283021158477261,1827.55192829026,-63.164689323318,-1.52007724960845,4.49396171821219,36.6064589629228,13.0414226043992,0,0.000297563837497684,-0.281547806214619,3.55735392940556,False,True,False,data/holdout_baseline_001.npz,False,8.39760305245112,0.0076375698619664,1.12624786970759,0.00545336891955364,0.473881904005099,0.00348406766565904,0.210606817534811,0.00213291924086378,0.0913430548329027,0.00111352579765455,0.0400743395080677,0.000693403720157353,0.0271296007859472,0.000723877850957845,0.0256991496311199,0.000719131361844458,0.022805668533398,0.00075857484934981,0.0183427587068489,0.000641505032023763,0.0138384436403944,0.000517832860245401,0.0102346410724541,0.000382645323314276,0.00796656575129927,0.000344059513242061,0.00675773096364488,0.000348631632546786,0.00598465959619551,0.000355750701133537,0.005209927697344,0.000328973417081924,0.00444440435187994,0.000301523721612073,0.00369453096374755,0.000235724039040387,0.00315250828101911,0.000273203767436331,0.00264774501341489,0.000155409355441131,,
holdout_baseline_0052,holdout_baseline,H052,1765.2560431544,763.082266539151,210.307768328649,386.060124959385,0.00148736183649245,0.00020625009900684,0.143595397194509,0.0657941927946404,1.16764759753868,0.419166408042111,0.00241162383348398,0.00295863840497259,-0.000277903229992923,0.00439310678116487,1,300,0,0.3,1,15.065935858925,9.14430384820152,1.37767495251525,9.24750595235368,0.000160040451652463,1763.3812886557,767.424599314142,-1.87475449870249,4.34233277499072,38.4625711225844,14.1800461513902,0,8.41990137303994e-05,-0.28157065951333,3.9363024657414,False,True,False,data/holdout_baseline_001.npz,False,9.14430384820152,7.24561946655249e-05,1.23828677969171,2.36742831321907e-05,0.530949962959194,1.27101169058464e-05,0.253552400596043,2.56471686394989e-05,0.113166225640902,2.32571793683569e-06,0.0444009707248614,1.41402272280305e-05,0.0224052295399915,1.43540082115362e-05,0.0260209958451667,1.44956218670005e-05,0.0280135723941329,2.62749892331648e-06,0.0255830507285323,3.39181306045478e-06,0.0206894552406361,6.7086633197178e-06,0.0151028243934036,3.63911531625535e-06,0.0101953411328631,5.19181930055104e-06,0.00716994848552125,4.9491710097807e-06,0.00646753517047067,8.74119581668945e-07,0.0068280200032225,1.82793974364905e-06,0.00695791873895337,4.95084636665901e-06,0.00648571961677404,7.54636632534358e-06,0.00556585676465167,5.72756400026005e-06,0.00443244802255252,2.94908897315917e-06,,
holdout_baseline_0053,holdout_baseline,H053,2630.11765291701,1100.32089314783,228.404144484182,382.992398756286,0.00154587472715663,8.35593388621107e-05,0.15356513183628,0.0546696511710547,0.825788647258276,0.155347457491761,0.00104531746643611,0.0035803465959789,0.0470027411742279,0.0100049651399289,0,300,0,0.3,1,8.7907041603388,12.4824028356743,1.09729110538587,12.5305954233779,-0.0349373857538582,2627.57706497812,1106.77515829415,-2.54058793889499,6.45426514632231,57.0200839567369,18.6154043151245,0,0.000191260702213665,-0.281573597742136,3.13534230322578,False,True,False,data/holdout_baseline_001.npz,False,12.4824028356743,0.00523562043622858,0.935092174563938,0.00444824318950138,0.451454665193082,0.00380863653842094,0.270937291536252,0.00305944045120668,0.169231901699235,0.00235716630540191,0.110658535423539,0.00191274148332149,0.0746522038075511,0.00152686213608393,0.051660684404095,0.0011977960492369,0.0364252535823298,0.00102072429018993,0.0261965989271242,0.000770393275782719,0.0193853771058463,0.000669839989945479,0.0149858840583146,0.000511338492026479,0.012208613678767,0.000508020393480299,0.0104348105044418,0.000528446588465944,0.00927778046269751,0.000479283265043417,0.00843608966451162,0.000445225097343278,0.00773858406542221,0.000464592516483611,0.00711933643243821,0.000463771503362818,0.00653641137890022,0.000397060098966826,0.00596118280516316,0.000389840647977504,,
holdout_baseline_0054,holdout_baseline,H054,3070.75744527561,-1004.81069592545,233.365812558353,401.376065657117,0.00150438144195109,0.000296738687374633,0.134342276378357,0.122948151101755,1.26667648564943,0.366956911240961,0.00117040991450517,5.88544107703979e-05,-0.00434608654944286,0.00721913049593065,1,300,0,0.3,1,11.8822962014202,13.8451129658164,1.64511733201954,13.9425167216085,0.00278747019235347,3072.96125334572,-997.271932415556,2.20380807011088,7.53876350989765,64.6194887703758,20.9895582262834,0,0.00011326351522267,-0.281574453031381,4.70050950440803,False,True,False,data/holdout_baseline_001.npz,False,13.8451129658164,0.000428939318679671,1.43498301530389,0.000562540792093773,0.67309058471458,0.000340209170146584,0.360644389883259,0.000310350934576276,0.203712699935851,0.000217312921777019,0.117166031017524,0.000149400177432801,0.0672201904027123,7.96310173044324e-05,0.0386312315314327,5.0819618971147e-05,0.0243209779885262,6.24665460538046e-05,0.0195880767758688,6.30231366296595e-05,0.0189788700236278,7.34838874905486e-05,0.0188320830194504,5.7473034051284e-05,0.0179899929583577,5.71428722997256e-05,0.0164990121875877,6.44702264603038e-05,0.0144651554099901,2.68941361491148e-05,0.012231417462796,3.59539970705149e-05,0.0100347571430737,2.99960335307856e-05,0.00806173514327267,3.65569245863259e-05,0.00646147787197104,1.4661445483056e-05,0.0053655312782738,4.02603103758309e-05,,
holdout_baseline_0055,holdout_baseline,H055,3175.734174341,-935.474960080454,231.747800525843,383.215143912727,0.00155815643574089,0.000135058112269799,0.163882765048023,0.0674508369845931,1.17651040340173,0.29471011012777,0.00471438528172284,0.00340773687175268,0.00370648215881064,0.0176834089676207,0,300,0,0.3,1,10.6746173148245,14.2857514976762,1.52494930292374,14.3669181822866,-0.00245840955080396,3176.87812196628,-927.682352464045,1.14394762528218,7.79260761640944,66.2129925226608,21.4747007023037,0,5.23053914061849e-05,-0.281559050079136,4.35715331088532,False,True,False,data/holdout_baseline_001.npz,False,14.2857514976762,0.000561679367622102,1.31656205684945,0.000328449053236293,0.639884267444066,0.000278271316555964,0.342738298508256,0.00033549669792424,0.200196993384421,0.000166394325889564,0.120375717942589,6.26366286473491e-05,0.0735277319051537,4.81768437560081e-05,0.0462253662562569,9.78806568320841e-05,0.0308304019810112,5.26907844946454e-05,0.0230064530084915,4.77228152239029e-05,0.0192560941673474,0.000106767785227315,0.0172367290164188,7.94867037409483e-05,0.0157472643558396,8.71397103218335e-05,0.014091299166035,8.92986659176027e-05,0.0124441670770192,1.69790817508941e-05,0.0109012088047718,2.19169535981541e-05,0.00937376878909664,0.000101247998629682,0.00796188600220554,2.47590370315639e-05,0.00678212715499351,4.01290238531067e-05,0.00592752452883126,2.87093981805313e-05,,
holdout_baseline_0056,holdout_baseline,H056,1465.74173144065,614.383314675986,244.117454231263,408.380830589754,0.00161262532731128,8.84246728744793e-05,0.137693698284167,0.191044298714902,1.15269088983139,0.349381927155172,0.00670518883943321,0.0021986846234449,-0.00249118204649146,0.0155276885131165,1,300,0,0.3,1,19.2678892872296,6.51067219675819,1.25446911072581,6.63043052763214,0.00149046157729309,1463.82833325343,617.958751187685,-1.91339818722327,3.57543651169897,31.785944570762,10.4042588033953,0,0.000227936155489019,-0.281543821849609,3.58426755861749,False,True,False,data/holdout_baseline_001.npz,False,6.51067219675819,0.000632459011700478,1.15972115416258,0.000275597431574042,0.442589662302384,0.000210160481699885,0.161472659643467,0.000120174147688904,0.0381043403862531,7.38466375415367e-05,0.0313870864532368,0.000126976221399139,0.0415573710118812,6.69582206247349e-05,0.0361635523496139,2.67210559099601e-05,0.0246141873202221,9.9665118188299e-06,0.0135601981670627,1.81623301284125e-05,0.0085829060786815,7.64118511652348e-05,0.00981317491102243,6.11736572333898e-05,0.0106918951055173,6.9955403609034e-06,0.00945710802970462,1.44048677589116e-05,0.00697616024926642,5.88248222411515e-05,0.00466474170836617,4.87549301161866e-05,0.00406731688856404,2.17703240023876e-05,0.0044261123791982,1.44352764480204e-05,0.00465217871934975,5.20986999126117e-06,0.00405213034981507,3.97163840668725e-05,,
holdout_baseline_0057,holdout_baseline,H057,3316.07729677395,1732.25796162834,245.305866751045,400.412309908671,0.00162975721648386,7.51124429071117e-05,0.151303581030914,0.195549451473842,0.885770939610999,0.197255365902557,0.00416253669891181,0.00144202588750936,-0.00795755512366305,0.0174184224146616,0,300,0,0.3,1,7.75794350086866,15.2514051719169,1.18319539632587,15.2972407353042,0.00585358863712386,3311.91106424078,1740.40775074802,-4.1662325331672,8.14978911967387,74.8253600961716,22.5374725428363,0,0.000152166195178429,-0.281563213876106,3.38083449591861,False,True,False,data/holdout_baseline_001.npz,False,15.2514051719169,0.000742334139558842,0.995046332109202,0.000521599435360693,0.501055362463096,0.000799163475156531,0.298634023811735,0.000514851036649954,0.189942963924034,0.00043631164311631,0.127464323634517,0.0002752927393936,0.0888274261410874,0.000333254189557403,0.0635094824174141,0.000215989929542758,0.0464742544061499,0.000189689914655,0.0345982681434857,0.00013563343403047,0.0263031412454561,0.000111306649224195,0.0203241454521868,0.000145906200097359,0.016219816514137,7.56254704589866e-05,0.0132502623707374,0.000109040734126992,0.0111943253047196,0.000104456459068425,0.00964537732272583,0.000112143631777905,0.00858200177658256,3.99247961714023e-05,0.00774496741955729,6.57506272359669e-05,0.00705489996505334,8.24532248454307e-05,0.00645104414067684,2.9878115509188e-05,,
holdout_baseline_0058,holdout_baseline,H058,1401.49748031015,90.4273424457422,251.353878837395,400.979068289742,0.00149509788037113,0.000226656295310447,0.169701111601717,0.132641577162401,1.25719448225276,0.340993153851181,0.00365022743908721,0.00498038847770944,-0.0422846433702576,0.0117660479805767,1,300,0,0.3,1,22.6520317545599,5.58747745628688,1.26567716767698,5.72908804849067,0.0234126479402885,1399.77244490727,93.8406916102265,-1.7250354028813,3.41334916448429,28.0882344876107,9.17862473540843,0,0.000170606984531127,-0.281564148117957,3.61628673095732,False,True,False,data/holdout_baseline_001.npz,False,5.58747745628688,0.00934577580742888,1.1933013177404,0.00602851372863844,0.401582732741589,0.00252386575944375,0.0934660985162501,0.000441818221464497,0.0320357687852389,0.00114928455456008,0.0556106952694134,0.00149193487274383,0.0463309719653918,0.00111596966266912,0.0264042086817307,0.000648792585657711,0.0113566952556169,0.000436100475755008,0.0122340595772369,0.000679752170281998,0.0145737838686184,0.000687322883684452,0.0123266052966139,0.000579819257052862,0.00788601539424227,0.000377965606505529,0.00510857088691544,0.000400503380229979,0.00580288172128668,0.000414233798711408,0.00630365069181727,0.000447325273629573,0.00530636211966246,0.000323391681638548,0.0036920925697832,0.000278744509160221,0.00291336141281609,0.000280537206914275,0.00324822418454782,0.000318666322189117,,
holdout_baseline_0059,holdout_baseline,H059,2241.809254849,-651.69857051151,218.931322516561,397.838789823198,0.0014413050842215,0.000258963620523262,0.15644634430533,0.0761362837101885,1.05626472914067,0.242514421876698,0.00801256595666078,0.000461277274871678,-0.0469179542256231,0.0186370924410519,0,300,0,0.3,1,12.8669881336588,10.6637026509276,1.37209735470351,10.7516667979975,0.0320943262180399,2241.85578820481,-646.278167195347,0.0465333558058774,5.42040331616249,46.692268147664,16.3181763700852,0,9.29903423480829e-05,-0.281530818234248,3.92038592642777,False,True,False,data/holdout_baseline_001.npz,False,10.6637026509276,0.00714182073963621,1.21134820530614,0.00577228394154378,0.54958643174278,0.00428676959856637,0.282060722293847,0.00286246513858594,0.150152524918682,0.00202976762520589,0.0797934898568384,0.00129468207659566,0.042897337864634,0.000816136227259379,0.0267834578418156,0.000597264232540075,0.0217780456696603,0.000683559893644674,0.0200891138767348,0.00068204734894034,0.0189227070938947,0.00072359691904628,0.0165072840086246,0.000631082017562721,0.0138189255829413,0.000627905320392832,0.0113700713764648,0.00051179675045526,0.00915019164702695,0.000425709715295336,0.00750592910173561,0.000410479502780478,0.00644635655659616,0.000350840920808496,0.0056342812588718,0.000364552991911355,0.00513688572117675,0.000330386536728355,0.00484058562897265,0.000286803110273064,,
holdout_baseline_0060,holdout_baseline,H060,2124.30883183817,-569.340986882897,232.339322352361,412.795490147173,0.00158180311132734,0.000379111915008896,0.130645446652869,0.140255967798514,0.846618626905643,0.357499063781094,0.00893871014556501,0.00467283725305715,-0.0101206853476698,0.00215837718094813,1,300,0,0.3,1,11.9374263879883,9.46555844670191,1.12994407178705,9.53276899543325,0.00688086211771186,2123.81919618768,-564.11678982265,-0.489635650490527,5.2241970602463,43.9856211613315,14.3592611307412,0,2.83426799352201e-05,-0.281518227141363,3.22849641644858,False,True,False,data/holdout_baseline_001.npz,False,9.46555844670191,0.00144445965634273,0.991940004448222,0.00110270193737331,0.461698663134583,0.00085447010421926,0.232284642347624,0.000616387685473773,0.129364051973659,0.000428922040773412,0.0736057801441006,0.000301590103164007,0.0419424060960419,0.000196054778446611,0.024303592531072,0.000135938493829581,0.0158634880395509,0.000111598466888283,0.0131696065529225,0.000115038642236619,0.0126799622800807,0.000125013662695635,0.0123376105434145,0.000140264527569037,0.0115671924038871,0.000138112312018216,0.0103929275412861,0.000125398675526055,0.00896307807731162,0.000108426493894418,0.00745619276080359,8.89163270266108e-05,0.00601824993138143,8.26711280214178e-05,0.00475574519504477,6.45610194481572e-05,0.00379969223212168,5.85601464899197e-05,0.00318448450049958,5.38678963240215e-05,,
holdout_baseline_0061,holdout_baseline,H061,847.34308925536,-1689.78161095018,248.802037932567,417.527541793664,0.00137777366169121,0.000337732413575294,0.148803912788214,0.1889187730347,1.09450854691872,0.375076649271458,0.00624607463735255,0.00103067477488357,-0.0165475183650615,0.00875717485033133,0,300,0,0.3,1,16.5857298836453,7.59788174806482,1.26016414361282,7.70168445650228,0.00996383518379755,853.285032846783,-1687.69336130909,5.94194359142227,2.08824964109681,37.8066248354133,11.9178194696667,0,0.000142262399946178,-0.281548241521169,3.60049558033419,False,True,False,data/holdout_baseline_001.npz,False,7.59788174806482,0.00291542852627226,1.150864903039,0.00218966889382032,0.46747676825238,0.00133605861294976,0.190084868043495,0.000636361482600641,0.0683016624847057,0.000256018839673413,0.0315818465640246,0.000291451975839237,0.0320951937038476,0.000363545073501479,0.0299033762627093,0.000283979728604299,0.0234177085293677,0.000248064473759357,0.0163584341738855,0.00019208434495742,0.011421944414288,0.000158341455782599,0.00909458859382271,0.000162636694715975,0.00816312129005441,0.000157017340993332,0.00718202572860146,0.000139231881198294,0.00606116024850673,0.000129382273291595,0.00493340765666241,0.000102182419763816,0.00404330716198355,8.3717839635976e-05,0.00348525361831614,8.94222894641675e-05,0.00307603260291201,8.26707036114627e-05,0.0027397156775833,7.9552398492221e-05,,
holdout_baseline_0062,holdout_baseline,H062,520.941787962989,821.263150359343,226.543232877771,380.92174718654,0.00153880254207827,5.61687565615997e-05,0.127445232231451,0.0806343027492118,0.817533362503924,0.43086137595892,0.0074480189483049,0.00199703610526192,0.0321072979839789,0.00162689235145918,1,300,0,0.3,1,19.3042253620399,4.29316719971779,0.828762671402699,4.3724744124026,-0.0195103756319821,520.207913209906,822.558794371928,-0.733874753082318,1.29564401258506,20,6.87946207215518,0,3.0896038113959e-05,-0.281536592915232,2.36792723899781,False,True,False,data/holdout_baseline_001.npz,False,4.29316719971779,0.00687044658431144,0.771495299480414,0.00449812294188033,0.286593206149372,0.0022305175187726,0.0793605243978782,0.000516803054673496,0.0164488583204329,0.000673950217072483,0.032532578663667,0.00102802852608623,0.0312862364713753,0.000920272003130459,0.0209026464162756,0.000581017958475594,0.0101962080335002,0.000287703009549048,0.00631806318806502,0.000354353506197463,0.00823689017419657,0.000481066982473877,0.00838371338848126,0.000455507685768356,0.00644522962537071,0.00032360673438907,0.00395260866415659,0.000207261302032084,0.00292010056793581,0.000227981567571775,0.00343668851265709,0.000288256946842145,0.003579933993509,0.000277974583735499,0.00295601936836534,0.000219707847140966,0.00201951656397108,0.000151743077459673,0.00158159184684131,0.00015814084154834,,
holdout_baseline_0063,holdout_baseline,H063,1519.95021672978,-206.756607970666,230.683947056569,412.288442258679,0.00164481313322418,0.000267907794500515,0.132361214048553,0.0582130777372013,0.892189303822677,0.181189658371585,0.00949150419028939,0.00447032548672016,0.040881913088915,0.00978748379853846,0,300,0,0.3,1,16.6529139933153,6.64930925587784,1.10730375153089,6.74093335651546,-0.0265418967136845,1517.93687066218,-203.053739019018,-2.01334606760315,3.70286895164892,30.6789631915841,10.4359189538292,0,2.64393680461769e-05,-0.28151130865577,3.16378030713685,False,True,False,data/holdout_baseline_001.npz,False,6.64930925587784,0.00776089523198077,1.00496088006161,0.00558479101081438,0.420902888004274,0.00364642276238074,0.173979337029775,0.00211077314689678,0.0724215970492429,0.00101218975845786,0.0315584707879887,0.000690553733041025,0.0241862028380806,0.000761862425338704,0.0239999619639198,0.000879476177562639,0.0214090826997596,0.000823674960614046,0.0171820638607747,0.00068259411412878,0.0127653662563844,0.00053337696042506,0.00938026434936373,0.000463888113805457,0.00750252522302596,0.000422925953702101,0.00665404187162788,0.000390912807381774,0.00610937989888764,0.000381030878300426,0.0054544275939524,0.000409184512497831,0.00471445917714631,0.000339357116070953,0.00397473452082575,0.000315725798916221,0.00338169562092921,0.00029314556495015,0.00301503327540273,0.00023962939547713,,
holdout_baseline_0064,holdout_baseline,H064,753.59819727304,-719.567551399884,245.046854342686,384.614374916653,0.00151209880097235,0.000310004237104661,0.157665368859989,0.154974324510611,0.934940404014311,0.194813939715131,0.00445416919121797,0.00440068863786114,-0.0337770386566126,0.0158976202114555,1,300,0,0.3,1,21.8517273298406,4.2520331665657,0.929142693532326,4.35241141046463,0.0189274355148372,756.169246367188,-717.73015854764,2.57104909414863,1.83739285224374,20.8392677794667,6.97748351967586,0,0.000163137975720865,-0.281560075712247,2.65474667464781,False,True,False,data/holdout_baseline_001.npz,False,4.2520331665657,0.00709611774667486,0.875483963641745,0.00468442110252833,0.29004230305275,0.00248283585719686,0.0946590213413334,0.000711428747530005,0.0203923809378169,0.000608088306346315,0.0319668751660388,0.000911225890534556,0.0330943530241899,0.00105622592486511,0.0241475494231076,0.000726555202356222,0.0135519066722188,0.000402414243067602,0.00751451431960905,0.000350835187520414,0.00814293131572268,0.000390456515671259,0.00906119382516016,0.00049910785065066,0.00780480580274526,0.000428654082973309,0.00550706082101681,0.000318051376878643,0.00376906706989711,0.000272260857226781,0.00356025489494543,0.000299877743695253,0.00393758518922638,0.000333148276415084,0.00370687991779741,0.00030794786390595,0.00301209267547347,0.000226090712132811,0.00219688822375155,0.000165019830461564,,
holdout_baseline_0065,holdout_baseline,H065,0,-700,207,400,0.00135,0.0004,0.15,0.1,1.3,0.15,0,0,0,0,1,300,0,0.3,1,31.9375908900642,3.38165992953476,1.08002071358805,3.5499449614706,1.4130918657429e-14,1.72207121086059,-700.001487186218,1.72207121086059,-0.0014871862176733,20,5.9756446920348,0,9.64385841984535e-14,-0.281575406204865,3.08582718106896,False,True,False,data/holdout_baseline_002.npz,False,3.38165992953476,9.90026234936133e-15,1.05305244054155,8.58414564588763e-15,0.213524636546542,5.72181736605478e-15,0.0464357379990195,3.3179419943729e-15,0.0797439859738965,2.91025851140999e-15,0.0450101809769612,1.67619830735616e-15,0.0130193416753196,2.78943760348977e-15,0.0206821647895364,2.85776149613704e-15,0.0194678403200279,6.42226067204613e-16,0.00995666334074356,1.15244962403881e-15,0.00749193727277677,8.44943042827213e-16,0.00968478406518751,9.07765191532716e-16,0.00743674119449248,1.17145949939517e-15,0.00428179751393425,7.78869533009661e-18,0.00498194289339048,8.37457351318874e-16,0.00516810734734847,7.7930015326457e-16,0.00355363980393153,4.60267684500558e-16,0.00280909496548395,6.68066077916547e-16,0.00337016631023439,6.22974703860126e-16,0.00297903956393738,1.71969160185481e-15,,
holdout_baseline_0066,holdout_baseline,H066,0,-700,253,400,0.00135,0.0004,0.15,0.1,1.3,0.15,0,0,0,0,1,300,0,0.3,1,35.377570872047,2.76681271172825,0.978831127988464,2.93485891817405,9.18101150659822e-13,1.72207472860825,-700.001497831147,1.72207472860825,-0.0014978311470486,20,5.04715928616008,0,1.21991047314517e-13,-0.28157540620487,2.79670985675953,False,True,False,data/holdout_baseline_002.npz,False,2.76681271172825,4.66107210267546e-13,0.962383852605641,6.62651882622074e-13,0.133926457939132,9.63678682950145e-14,0.0798460708071687,1.85452965025293e-13,0.0749330944930513,1.81328225505521e-13,0.0236398573833192,3.77365699431969e-14,0.0201389856623143,1.03474745173008e-13,0.023323205041115,1.08807770959934e-13,0.0114459650647037,2.77601766306523e-14,0.00840122509586372,6.75582832793872e-14,0.0108470419296626,7.66422813329835e-14,0.00697024394469216,2.42207451005637e-14,0.00458728522240778,4.96719866753346e-14,0.00605238417529322,5.98582821384968e-14,0.00469462672451647,2.19110224191145e-14,0.00299187543513446,3.86757250878628e-14,0.00374089492391644,4.94716971827419e-14,0.00334718975142811,1.97039411219545e-14,0.00219478893388268,3.1403648639888e-14,0.00247594214969008,4.22777541285588e-14,,
holdout_baseline_0067,holdout_baseline,H067,0,700,207,400,0.00135,0.0004,0.15,0.1,1.3,0.15,0,0,0,0,1,300,0,0.3,1,31.911626089847,3.38165992920809,1.07914267223907,3.54967790537326,-9.2281737806843e-15,-1.72207119390557,700.00148711864,-1.72207119390557,0.00148711863982953,20,5.97515655347299,0,9.49843645153783e-14,-0.281575406204865,3.08331832255962,False,True,False,data/holdout_baseline_002.npz,False,3.38165992920809,3.35878754531351e-15,1.05228773088104,7.35757506238308e-15,0.212821426344953,4.73821374970692e-15,0.0467536755663439,6.95143751800398e-15,0.0797535453032891,2.60382049522659e-15,0.0448372794350081,1.36131457087599e-15,0.0129835898224408,3.26452133855276e-16,0.020743484858378,9.01461099311117e-16,0.0194224226876259,8.1469030489552e-16,0.00988644437851665,1.55376369636884e-15,0.00753148892028188,1.03184694279862e-15,0.00968946878438423,3.21998165197629e-16,0.00739553548927239,1.17931026271569e-15,0.00427298813644133,8.21731682458097e-16,0.00500270722666993,3.28487236961556e-16,0.00515447393458611,6.93967832536382e-16,0.00352858167509045,7.61028842389454e-16,0.00282091195028608,2.67220994694698e-17,0.00337478102296473,5.4446508003785e-16,0.00296147932486568,1.52572657567286e-15,,
holdout_baseline_0068,holdout_baseline,H068,0,700,253,400,0.00135,0.0004,0.15,0.1,1.3,0.15,0,0,0,0,1,300,0,0.3,1,35.3323049527243,2.76681271123836,0.977578704605478,2.93444141004152,-5.55315793349109e-13,-1.72207469410765,700.001497707292,-1.72207469410765,0.00149770729160537,20,5.0463942563641,0,1.16107987127156e-13,-0.28157540620487,2.79313123959511,False,True,False,data/holdout_baseline_002.npz,False,2.76681271123836,2.79696993600075e-13,0.96123092474436,4.03894293177854e-13,0.132972141989306,5.95235829215152e-14,0.0801893062034992,1.17748008917576e-13,0.0747876665161764,1.11065465052751e-13,0.0233756838696311,2.52351070004027e-14,0.0202816694212033,6.08515446329289e-14,0.0232875105229316,6.39888155919627e-14,0.0113246971687997,1.74281005397694e-14,0.00846811180549121,4.02838410482441e-14,0.0108463895217597,4.79884229021975e-14,0.00690128008653195,1.43507199227363e-14,0.00461267966462839,2.86967009368834e-14,0.00606510157655576,3.7554759236472e-14,0.00465307860724094,1.30195557290976e-14,0.00299313179131256,2.26201678172516e-14,0.00375794871747912,2.98651424402928e-14,0.00332276136137754,1.25055882075198e-14,0.00218358134405734,1.92768416356559e-14,0.00249258982619659,2.40600795176421e-14,,
holdout_baseline_0069,holdout_baseline,H069,175,-700,207,400,0.00135,0.0004,0.15,0.1,1.3,0.15,0,0,0,0,1,300,0,0.3,1,31.4252153755759,3.48573514194136,1.09539977577721,3.65380523364517,6.66133814775094e-15,176.722475346332,-699.570933905858,1.72247534633178,0.429066094142172,20,6.13130021495967,0,9.49150990173786e-14,-0.281575406204865,3.12976911927739,False,True,False,data/holdout_baseline_002.npz,False,3.48573514194136,4.91046100631994e-15,1.06637993304391,3.7926513008002e-15,0.226029601187453,6.70724088307853e-15,0.0407785664200675,4.34382317204098e-15,0.0791685631426354,1.17082662540323e-15,0.0478746676877479,9.70313405516948e-16,0.0142318349006169,1.64518345934682e-15,0.0194176944081589,1.33926378996317e-15,0.0200166002424333,2.42449258382144e-16,0.0112649120234217,7.3352352630583e-16,0.00695211843839534,8.79755816332232e-16,0.00940743361452395,6.19466045400533e-16,0.00803886336964506,5.27480288183428e-16,0.0046583270923612,7.40018568219526e-16,0.00458382969188103,4.09835294636854e-16,0.00524035263214636,1.63791864506344e-16,0.00400107507056191,8.42020747077154e-16,0.00275053106085825,2.24349694454633e-17,0.00318527673298174,2.59199026192578e-16,0.00317607965259918,1.70698699858032e-15,,
holdout_baseline_0070,holdout_baseline,H070,175,-700,253,400,0.00135,0.0004,0.15,0.1,1.3,0.15,0,0,0,0,1,300,0,0.3,1,34.8525327833095,2.85196514785744,0.993982088125575,3.02022209048391,5.50395284903971e-13,176.722485354671,-699.570939655797,1.72248535467057,0.429060344202867,20,5.17677450639355,0,1.15063120604961e-13,-0.28157540620487,2.84000038984399,False,True,False,data/holdout_baseline_002.npz,False,2.85196514785744,2.86593760720006e-13,0.976276048824761,3.74714896363452e-13,0.145504586965704,3.72584747045604e-14,0.0755629365873524,1.19107661606805e-13,0.0765407269145704,8.91644719869006e-14,0.0268687689422929,2.72530650677699e-14,0.0184022722990107,6.75374581705541e-14,0.023627027760259,4.16967390040983e-14,0.0129048275028398,3.50391733419121e-14,0.00768149951061741,3.96620383755878e-14,0.0107553638558422,3.15814338461336e-14,0.00775943797360771,3.20090400781967e-14,0.00441637220811176,2.04970442280909e-14,0.00583092706226814,3.09975735332895e-14,0.00513143867721135,2.25607894061097e-14,0.00309684281970452,1.62835736055569e-14,0.00350270797406769,2.57961844634827e-14,0.00356925174858234,1.58246446605805e-14,0.00240243242812132,1.90305527039677e-14,0.00228013425953076,1.55791462215094e-14,,
holdout_baseline_0071,holdout_baseline,H071,175,700,207,400,0.00135,0.0004,0.15,0.1,1.3,0.15,0,0,0,0,1,300,0,0.3,1,31.4027679337612,3.48573527635742,1.09461735961977,3.6535708268607,-1.3855583347322e-15,173.278347020058,700.431994889783,-1.72165297994161,0.431994889783368,20,6.13087617309296,0,9.07307656149501e-14,-0.281575406204865,3.12753325246359,False,True,False,data/holdout_baseline_002.npz,False,3.48573527635742,1.98453693795345e-15,1.06570613159522,3.26409513915291e-15,0.225381756254643,6.5241163600375e-15,0.0410666030154933,6.14713413466402e-15,0.0792169301435533,1.99901322982097e-15,0.0477349836616307,1.07362344210846e-15,0.0141393056738116,1.27599952889838e-15,0.0194890156502123,1.20136255648448e-15,0.0199988570812277,2.99569083554696e-16,0.0111925366219884,1.19430782003462e-15,0.00696709861496644,1.08130448093624e-15,0.00942882668950744,3.00298975905845e-16,0.00801186462079379,7.95834379097873e-16,0.00462589040943934,9.56754231456377e-16,0.00460206075741507,3.18027561515473e-16,0.00524245883583308,4.45850181967682e-17,0.00397586391016706,3.51570955755982e-16,0.00274217157599914,4.39662009768515e-16,0.00319672280637443,2.75668072088198e-16,0.00316909081356049,1.709634696409e-15,,
holdout_baseline_0072,holdout_baseline,H072,175,700,253,400,0.00135,0.0004,0.15,0.1,1.3,0.15,0,0,0,0,1,300,0,0.3,1,34.8124062914956,2.85196527079753,0.992837737362388,3.01984574784923,-3.5464964298626e-13,173.278351708462,700.432005376543,-1.72164829153812,0.43200537654343,20,5.17611956478998,0,1.08055832685881e-13,-0.28157540620487,2.83673056271684,False,True,False,data/holdout_baseline_002.npz,False,2.85196527079753,1.62549726963416e-13,0.975230842639112,3.55699718878542e-13,0.144602551089391,1.10614173642205e-13,0.0759188890192771,3.35975486080551e-14,0.0764463852779524,9.35904203780271e-14,0.0266108395730612,6.71790480991299e-14,0.0185377642885871,5.64553810287857e-14,0.0236256646324717,1.78244523637167e-14,0.0127900874467549,4.01807031460249e-14,0.00772299116927563,5.09324467276879e-14,0.0107785336877033,2.80450300314709e-14,0.00770203459053649,1.09333229681388e-14,0.00440976191954325,2.9228016634836e-14,0.00585826491214629,3.77357516398348e-14,0.00510467691641463,1.37631527303802e-14,0.0030716925546354,7.28081893533398e-15,0.00352517562377019,2.68215496181782e-14,0.00356061523575936,2.53562857762498e-14,0.00237541314558637,9.6453491138844e-15,0.00229318333871242,1.09748828243337e-14,,
holdout_improved_0001,holdout_improved,H001,331.389859902628,791.922617590122,220.762282648018,399.864953284731,0.00161109216678754,0.000383639166434741,0.167773757071782,0.0989157920138255,0.772488314212503,0.371443990923043,0.00223331817717467,0.00272057653599448,0.0219427580768283,0.0151746664720286,0,900,1,0.3,1,3.19220778837182,3.88870532266683,0.124135554177,3.89073622643793,-0.0196948828736447,329.436628892817,792.749362982831,-1.95323100981091,0.826745392709427,20,5.42277207319551,0,0.000703324058907212,-0.281571343738387,0.354693414813357,True,True,True,data/holdout_improved_000.npz,False,3.88870532266683,0.0010693381246676,0.0984130715090431,0.00123587712300159,0.0543933351961573,0.00089994678349205,0.0370648437094674,0.00113996669141728,0.0258318903739161,0.000813551287879604,0.0186720460876945,0.00081667644868023,0.0132023810868657,0.000533372263918173,0.00975110496249098,0.000552204398767693,0.00697911917812054,0.000671433989872747,0.00492660436165299,0.000481060823316894,0.00367444362959716,0.00049698577376804,0.00255727429314375,0.000442416483004175,0.00174116702092304,0.000257831991360353,0.00121185224334733,0.000205784203539517,0.000715246501871902,0.000113075687155564,0.00029984373114164,0.000240084094245693,0.000315311583955783,0.000120592883231721,0.000237348253683005,0.000113294848015243,0.000349177986848566,0.000186470542697741,0.000530689702404891,1.222660037444e-05,,
holdout_improved_0002,holdout_improved,H002,1543.85951679335,-918.417675900793,217.19656178136,396.203743684304,0.00155002380462067,0.000274641249190909,0.160398389816446,0.193784775211603,0.78074365568731,0.410356777228205,0.00265900899331828,0.00437448183700226,-0.0291487841974251,0.00554239251170599,1,900,1,0.3,1,1.45699282793567,8.2707328582686,0.120503984562693,8.27165206977389,0.025998564982878,1546.07814847922,-914.60162514659,2.21863168586719,3.81605075420271,35.9276675279674,11.6387667134005,0,0.000178156033254468,-0.281568942914693,0.34440158298793,True,True,True,data/holdout_improved_000.npz,False,8.2707328582686,0.000857593654223464,0.0912752346884309,0.000844586405978894,0.0517770809234416,0.000829021280300068,0.0379985149900356,0.000851830433912361,0.0278631287518302,0.000792208257028646,0.0213656578658415,0.000712016392066626,0.0168962049474006,0.0006547494524177,0.0133991941059545,0.000619347161729675,0.0108322411764833,0.000628347807828632,0.00886684208881695,0.000565299666707458,0.00726974405814447,0.000479440379840778,0.0059994781405431,0.000524797789001654,0.00496993126770851,0.000464827235406087,0.00405871197298789,0.000461594378703122,0.00341255043592459,0.000407607248205361,0.00280454822043739,0.00037592514119258,0.00236034593775545,0.000367207645699001,0.00202983901307979,0.000341636524724773,0.00173475247831763,0.000315274100732284,0.00142112917720582,0.000318353534089064,,
holdout_improved_0003,holdout_improved,H003,975.274170131701,-846.623304028999,212.783969435764,394.704897897139,0.00143225117282755,0.000272279001384486,0.173592048927743,0.18001056271358,0.734531754684216,0.175923644358925,0.000427817386962369,0.00193181619887877,-0.0317246232592812,0.00518059115105151,0,900,1,0.3,1,2.42447097737733,6.06955163196693,0.14715451777397,6.07140579575851,0.0282666762350168,977.328466251833,-844.24386654037,2.05429612013222,2.37943748862972,25.8296784792305,8.51074543475943,0,0.000217970381527481,-0.281574972646107,0.421002871407146,True,True,True,data/holdout_improved_000.npz,False,6.06955163196693,0.00092726680639096,0.113501814080098,0.00103159176742112,0.0669065101733737,0.00093014929869988,0.0442651304782671,0.000829523200297504,0.0318110697231593,0.000858506491370718,0.0237292954260024,0.00078931880880459,0.0178808680731328,0.000761544404570123,0.0135911222541309,0.000771475662989913,0.0102325643649364,0.000708375705549803,0.00770581448259133,0.000670327166705358,0.0056957148422999,0.000679109336378963,0.00428342927845143,0.000635568426035864,0.00310996958278203,0.000586269749879118,0.0023691352702295,0.000532170812077497,0.00179804132545092,0.000511211988600012,0.00157869405700382,0.000470441866770179,0.00149820750342558,0.000447300269501792,0.00157498384837552,0.000406056505948522,0.00172454610308025,0.000364507123306321,0.00181371334993338,0.000361905111942564,,
holdout_improved_0004,holdout_improved,H004,2602.36243946947,-1398.32584022632,240.37975898189,416.396243436408,0.00140448312666233,0.000235296513940159,0.14139618733918,0.0830377855007179,1.04486189521403,0.282636988351218,0.00515073763115156,0.00159718210910879,0.00181984594440739,0.000589511316855512,1,900,1,0.3,1,0.440561250111838,12.2899940651626,0.0541449514921511,12.2901210063667,-0.00165246364589819,2605.82218273641,-1391.92600608398,3.45974326694341,6.39983414233529,59.0850418356663,17.4117865355732,0,4.64532220817319e-05,-0.281556790030982,0.159527331641871,True,True,True,data/holdout_improved_000.npz,False,12.2899940651626,6.35219776278416e-05,0.0323165864771767,6.17540040232433e-05,0.0173362801342469,6.19977373288317e-05,0.0151163632065755,5.81882232983571e-05,0.0137918184403917,5.7290167986838e-05,0.0127835969002689,5.23266263987662e-05,0.011958734304744,4.4667349813698e-05,0.0112452057245005,5.75816199743735e-05,0.0105740433144721,4.1464598895154e-05,0.00993750363108959,3.53366846789111e-05,0.00933575915209281,4.57195402086975e-05,0.00876942620480539,3.48424242801173e-05,0.00823335724552102,3.03023682171035e-05,0.00773159965228642,3.44872627988958e-05,0.00724141910831426,3.25427382074864e-05,0.00679040254865212,3.06006016503646e-05,0.00636343861711191,2.99157960499804e-05,0.00595607916434143,2.37232274423215e-05,0.0055788809549283,1.95670935291857e-05,0.00522435731369917,2.40150178117185e-05,,
holdout_improved_0005,holdout_improved,H005,3371.51591456342,933.083822875444,239.65809598313,387.766165487848,0.00163926865435214,5.18087558331084e-05,0.120275030114843,0.110387495547592,1.07069423341095,0.183621341047806,0.00303571992157138,0.00333369110132192,-0.0262027356137796,0.0124870846302779,0,900,1,0.3,1,0.415184735070637,14.5966288085995,0.0606029746482281,14.5967848094249,0.0241742336918657,3369.12114870927,941.368291197648,-2.39476585414423,8.28446832220345,69.9650340746469,20.7021106531128,0,0.000625784111891814,-0.281568110924029,0.18001820874477,True,True,True,data/holdout_improved_000.npz,False,14.5966288085995,0.000725139630291333,0.0345772467628821,0.000868953948577551,0.0201251452282595,0.000684491138334881,0.0186329704859558,0.00070392843241507,0.0160175692863176,0.000945783333198012,0.0145634197928198,0.000828708074390218,0.0133644482069072,0.00071806072366311,0.0124159365085399,0.000810296647601366,0.0116961173523736,0.000821717578550618,0.0108704735211164,0.000784172838240619,0.0103810719466993,0.000406838595031667,0.00983681744355759,0.000525149159677092,0.00908788133792318,0.000647050681359256,0.00875795181565995,0.000559356563350216,0.00810537300299109,0.000357870003201132,0.00747324714264621,0.000502500033451627,0.00719128881839997,0.000349351157063114,0.00682449374769447,0.000319178748064494,0.00640416661507412,0.000327233783426418,0.00596653251611761,0.000312759392044668,,
holdout_improved_0006,holdout_improved,H006,2804.7403991649,356.727381772491,222.308403960641,381.298834011694,0.00141153291966757,0.000241877431131188,0.124443644681038,0.177328979013673,0.86292962211755,0.312335200305318,0.00915114779199243,0.00183177992538,-0.0466794553402333,0.0126456623217936,1,900,1,0.3,1,0.660179875261444,12.7181001054644,0.0839623374118801,12.7184511181726,0.0423912430496489,2803.95106967183,363.6333403909,-0.789329493063633,6.90595861840887,56.5466997502557,17.9770193007553,0,0.000770467002743337,-0.281517023129968,0.241281193332809,True,True,True,data/holdout_improved_000.npz,False,12.7181001054644,0.000922099830097104,0.0618134983529763,0.00130242075442593,0.036975859577777,0.00119778490176426,0.0244617252593244,0.00116752311536449,0.0187271487992729,0.000997642187918716,0.0151600105769823,0.00109467895195132,0.0124788414244348,0.00119841432625039,0.0104358662123985,0.00103860079787127,0.00928303560957437,0.0007051682380986,0.00813993488155627,0.000928427133289536,0.00718468238204532,0.000895936207483494,0.00637121223707971,0.000710428358661837,0.00575378838703036,0.000750512467527807,0.00525573419734374,0.000787005433645303,0.00478948318226358,0.000670694838173251,0.00442002207865626,0.000571104075403947,0.00410750773859848,0.000471645490391185,0.00383362005256763,0.00051408495364056,0.00352254303428524,0.000553209679669578,0.00324724100629646,0.000415431469789829,,
holdout_improved_0007,holdout_improved,H007,2025.61062199413,-47.9752117376611,251.689718719318,409.543597844544,0.00144461452508047,0.000220846511295379,0.170637982949192,0.173572468054604,1.10936353832901,0.380655353684845,0.00349708037513777,0.00365581705696434,-0.015073878002298,0.00276412343548165,0,900,1,0.3,1,0.871483378883678,8.05035415924383,0.0701574984390808,8.0506734755923,0.0131878962997669,2025.66426197052,-42.9919928638832,0.0536399763927875,4.98321887377784,40.5235734499153,11.4420665593679,0,7.72184053893039e-05,-0.281565838580644,0.201370827432899,True,True,True,data/holdout_improved_000.npz,False,8.05035415924383,0.000733853609036356,0.0521695323749056,0.000672533472872132,0.0332555511243165,0.000659388650539196,0.0195715074287335,0.000624748888286379,0.0143851011996256,0.000574948330785644,0.0111192446363747,0.000550002088795933,0.00901022990117993,0.000516356255032341,0.00751284454262931,0.000420934545046826,0.00646839215191559,0.000385268983792127,0.00576915649310412,0.00035706105106295,0.00527967629070652,0.000319900100744525,0.00490005034165728,0.000301921498159461,0.00454510974024214,0.000276546522506559,0.00430035835892081,0.000248134431318566,0.0040637122006374,0.000168891005550964,0.00380272522299388,0.000174359367648161,0.00354189886244359,0.000132410288106307,0.0033668538021752,0.000106673765390738,0.00314747573306029,9.54948766864229e-05,0.00295211461748621,9.58069662149368e-05,,
holdout_improved_0008,holdout_improved,H008,3438.72037771612,-797.714185326625,237.742951216908,406.953674474147,0.00152481137333292,0.000152024458141593,0.172901932096163,0.143264343280215,1.22133759314381,0.336918488659208,0.00340860722363924,0.00263082091617,-0.0496827901228894,0.0197996704334015,1,900,1,0.3,1,1.00724469542088,14.8481701200875,0.149557405901649,14.8489997363788,0.0442480790921336,3440.59280122347,-789.341848483274,1.87242350735733,8.37233684335115,70.6006961937101,21.1355075813347,0,0.000419178806958606,-0.281566785152266,0.430276260703782,True,True,True,data/holdout_improved_000.npz,False,14.8481701200875,0.00181124336860618,0.106915085411102,0.00203313329959866,0.0663663214323144,0.00170245106961985,0.0436446497647449,0.00175081367693765,0.0340037699572808,0.00161206334281042,0.0279654556161908,0.00172930564829582,0.0237809845028286,0.00139573146581351,0.0205894574370709,0.00116345257863289,0.0180822407818469,0.00132956470023439,0.0162397289728093,0.00118856678578341,0.0145042162722862,0.000946113395562313,0.0133300039277897,0.00110200028891138,0.0120444601527798,0.00102969984341957,0.0111354209074787,0.00122337373916208,0.0100337688147334,0.000949396395836255,0.00922222565092406,0.00071206327433812,0.00848316214255821,0.00058254464214324,0.00785279114404931,0.000687212515347382,0.00735069838086405,0.000732233456871881,0.00672104729489554,0.000443167959636295,,
holdout_improved_0009,holdout_improved,H009,2339.33467332989,-251.780486767085,241.907847028897,418.144233461391,0.00139750834194062,0.000178287801471557,0.171853531201783,0.150314167497051,1.01737834286295,0.297238718792309,0.00714237941017267,0.00320682818751303,-0.041035435997918,0.00806190879633894,0,900,1,0.3,1,0.399132333025764,9.72633966037123,0.0388209664044498,9.726488559034,0.0365867968978202,2339.96607333753,-245.987834694381,0.631400007645425,5.79265207270456,47.0569022667669,13.8016831992258,0,0.000371863999766046,-0.281539188800813,0.112772351570936,True,True,True,data/holdout_improved_000.npz,False,9.72633966037123,0.00151501156184448,0.0237016966108904,0.00149394336853373,0.0173462402540782,0.00142864958048546,0.00891168601657566,0.00133000105781819,0.00852637416642509,0.00138728224897393,0.00811613769841163,0.0013044005107013,0.00780484590591026,0.00118263339244911,0.00725306764004868,0.0012296840873929,0.00672322257399351,0.000939907500123346,0.00651033595846245,0.000947387286002476,0.00600911581536775,0.000938726252235478,0.0055172358827799,0.00092406876814213,0.00532647040787332,0.000854885076564446,0.00488031267258248,0.000720904886784916,0.00450241087509597,0.000659727005127469,0.00419897998883502,0.000672094940417011,0.00381135487545185,0.000560805888411222,0.00359320506975925,0.000468818205535965,0.00316700288730924,0.000514903324088129,0.00311205502425552,0.000432281595335545,,
holdout_improved_0010,holdout_improved,H010,3214.38653830266,1369.70887175929,212.202824082597,390.554802052708,0.00142593824981731,0.000317885742182752,0.121761282243871,0.13150723984557,1.21413108139157,0.152299689114058,0.00679315089886853,0.00368425397396914,0.044649538754132,0.00344453167948235,1,900,1,0.3,1,0.822156015904591,16.4657418283575,0.13537408700516,16.466367094274,-0.0404133932471618,3210.96046569889,1377.63123167919,-3.4260726037669,7.92235991990538,69.8809937279013,23.4135030361654,0,0.00014511475160794,-0.281542301290573,0.393395298037504,True,True,True,data/holdout_improved_000.npz,False,16.4657418283575,0.00155035571281529,0.0910344151716217,0.00153168575812498,0.0510447791658209,0.0014854106189878,0.0427143659243549,0.00142399969522636,0.0345457636454631,0.00136028782269964,0.0292080006231501,0.00134169461153454,0.0253982679756654,0.00129621431086419,0.0226283453626515,0.00119253337388418,0.0203249142519162,0.00113623190092006,0.0185161601763633,0.00107322203612615,0.0170051050679617,0.00101920541044858,0.015717169165472,0.000948395614336101,0.0145306130571677,0.000901691671468558,0.0134856336923461,0.000853512631504234,0.0125702621265722,0.000835233520332673,0.0117193097544262,0.000747143540301235,0.010950576115457,0.000728061020964463,0.0102877668838712,0.00069672161568147,0.00961403770252325,0.000669034166995051,0.00904084791920538,0.000595643033418445,,
holdout_improved_0011,holdout_improved,H011,308.550525947384,-1531.70291609157,238.950778218064,385.240094437862,0.00137179887563672,0.000322100449259457,0.174628230529136,0.120729188399054,0.714504063098517,0.262173898662225,0.00699414841044277,0.00419495510560975,0.0330057746750236,0.0137080967952518,0,900,1,0.3,1,2.47563510600864,6.53881723412203,0.161877254965668,6.54088858763365,-0.0296169146418418,312.266357204486,-1530.92058460971,3.71583125710168,0.782331481861775,31.2494303962541,9.14743338905281,0,0.000720475100788484,-0.281540055842586,0.462606042575749,True,True,True,data/holdout_improved_000.npz,False,6.53881723412203,0.000803715622952535,0.128699907350673,0.000873067876886596,0.0662808756530609,0.000846962512082651,0.0476178266219771,0.000952659243929126,0.0347589979288243,0.00104522149054726,0.0264830597818456,0.000803132645627585,0.0203726032040699,0.000773472491169708,0.0158399169274456,0.000702267490520692,0.0124126707867753,0.000617281869080702,0.00977845222273924,0.000704960374404625,0.00761849678152611,0.000584084931098158,0.00608228090450925,0.000379365179409158,0.00475601402879499,0.000504322384182314,0.00359675658277939,0.000560690815975304,0.00272406185766435,0.000574381990803304,0.00208588997374653,0.00044214157203132,0.00147604908013705,0.000297794692248556,0.000944269409512722,0.000478885166651693,0.000556803732904518,0.000404274558221776,0.000336885372958986,0.000361633370862073,,
holdout_improved_0012,holdout_improved,H012,1273.03638300622,-1166.61484428944,224.251787311052,403.598320379608,0.00135257710617089,0.000378095079048625,0.176857840571667,0.198528450287814,1.2964988150359,0.2557073897138,0.00539774245709388,0.000622409305317928,-0.0345499946340089,0.0030223886872646,1,900,1,0.3,1,2.34469172410823,7.69998657059602,0.18054094787821,7.70216430366033,0.0296803260561531,1276.01955632363,-1163.48069747275,2.9831733174085,3.13414681669019,34.5346888063237,11.0499928046555,0,8.51155147022241e-05,-0.281555148040914,0.516351813822555,True,True,True,data/holdout_improved_000.npz,False,7.69998657059602,0.00191892262042686,0.136628657610314,0.00185301513798908,0.0764574355142054,0.00178962757340009,0.0544890659539885,0.00168250186308265,0.0411878664263023,0.0016293377320937,0.0325752900609415,0.00150558073413457,0.0264608811666629,0.00137256475506479,0.0218999673154541,0.00126287249985166,0.018352962931061,0.00119782468266548,0.0154463857878092,0.0010148190866395,0.0130485148803598,0.000957561374412388,0.0110721153882822,0.00082202821810875,0.00937310779858876,0.000740967442164328,0.00794601309642641,0.000618745218972876,0.00663280553369099,0.00057133401058108,0.00555434699275982,0.000496375034968121,0.00463581401735605,0.000439928462122439,0.00385622238658863,0.000365997550062125,0.00321799059981082,0.000279322815867998,0.00265500781142712,0.000263803729466313,,
holdout_improved_0013,holdout_improved,H013,2835.74115328444,130.158972857784,235.82339227662,387.263577836008,0.0015185709957528,0.000191598157073473,0.123663811666057,0.187938884091489,1.12474141319716,0.249517009412659,0.00467612675099153,0.00391877323966767,0.0386092362964232,0.000651210842891192,0,900,1,0.3,1,0.708394519987028,12.0375665828732,0.0852734620128634,12.0379238959732,-0.0344856268184552,2835.32758261224,137.135778944965,-0.413570672200422,6.97680608718025,56.7745338920412,17.1101438276638,0,2.71775272780646e-05,-0.281558996158405,0.246000326516204,True,True,True,data/holdout_improved_000.npz,False,12.0375665828732,0.00137381784621317,0.0590769918392785,0.00134844693106504,0.0369212861984765,0.00131885306706154,0.0249065964772704,0.00127347854499281,0.019790362295035,0.00122687404740905,0.0166860418499119,0.00116288612168088,0.0145124795402909,0.00111152436559424,0.0128786711830549,0.00104230189495019,0.0115832775388633,0.000984501242679927,0.0104861308654806,0.000919901249118697,0.00957480267501819,0.000859797213064503,0.00876386239840979,0.000809837410971744,0.00806613462565323,0.000749017665209848,0.00744454160980889,0.000700610729132907,0.00687419816286264,0.000657377073135509,0.00635830283515224,0.000602128525333415,0.00588629588236751,0.000563740193631315,0.00546217166417003,0.000521798708142067,0.00506581078152459,0.000486555420916412,0.0047055410101964,0.000446683928870974,,
holdout_improved_0014,holdout_improved,H014,2551.70626960097,415.525833098366,223.615345427331,397.462436660413,0.00159500834488017,0.000254715777065953,0.139020180954735,0.0856188652146809,0.916505512014011,0.314827158289258,0.00876381862977693,0.0012276531680466,0.0274669025161211,0.00125690889212244,1,900,1,0.3,1,0.528505828765326,11.561496612742,0.0611031834908474,11.5616885193102,-0.025128983713178,2550.72816709387,421.796625463747,-0.978102507103813,6.27079236538185,51.7063501101867,16.3416198132716,0,2.87509418570152e-05,-0.281521978497794,0.176265691903346,True,True,True,data/holdout_improved_000.npz,False,11.561496612742,0.00084046251734054,0.0448210723374453,0.000850290137089535,0.0255449030848365,0.000818172002763216,0.0168290572701207,0.000784898744675906,0.0133374133912707,0.000743563366448268,0.0111647599101643,0.0007161259266427,0.00960994362856953,0.000678257863773258,0.00848455010253249,0.000657619961907089,0.00758218556829721,0.000606256291004251,0.00687652458292585,0.000562719863017643,0.00624108668676353,0.000546534550093962,0.00569537945887638,0.00051117700204286,0.00526855844408513,0.000473033566598284,0.00484920851631912,0.000462675924308471,0.00449867693963985,0.000423087754765986,0.00417890878444098,0.000407994938482587,0.00389042230152994,0.000366631196810471,0.00362409910741696,0.000351964183923703,0.00337723717767162,0.000334973637218641,0.00316949484579088,0.000322001014341385,,
holdout_improved_0015,holdout_improved,H015,870.970579662472,1171.08921075016,227.735251458534,392.215693613878,0.00156771973397642,0.000164114716402733,0.152334090479905,0.060135673305943,1.00831671767088,0.267497722720214,0.00549848392637321,0.000237614184362415,0.024438898732782,0.0137772695936868,0,900,1,0.3,1,0.384410855842002,6.40862319080087,0.0246354432554466,6.40870856569886,-0.0218755931359742,868.128864599132,1173.20134417477,-2.84171506333996,2.11213342460564,29.1893109899705,9.08450469090701,0,0.000164884910246126,-0.281554408413484,0.070897270677847,True,True,True,data/holdout_improved_000.npz,False,6.40862319080087,0.00134659836156135,0.00417930093363984,0.00111588702491336,0.00907056723072609,0.00103949034003505,0.00908884824836832,0.000845412179153218,0.00827776985858832,0.00100571087025048,0.00796150324190041,0.000636161258774679,0.00733454370991408,0.000977103113335038,0.00677603581679105,0.00098826801225618,0.00629245527098742,0.000631917459440523,0.00554635118894401,0.000553178529435625,0.00503394333125537,0.000525380231746697,0.0046321276954946,0.000642521263329931,0.00396690777216229,0.000414812991654467,0.00354054498490442,0.000396526811313009,0.00321304506841109,0.000561443592712979,0.00277727060297388,0.00033141945139139,0.00263204759540305,0.000314746858766434,0.00215346560148917,0.000232721715548262,0.00206822145565833,0.000118597067119192,0.00175247417072941,0.000212294229625204,,
holdout_improved_0016,holdout_improved,H016,1009.86101922089,-1320.198689381,215.446767487974,414.77876479571,0.00153175940262157,0.000146772834550063,0.146914351235685,0.163989871685646,0.979660253759676,0.170074941255496,0.00145060456100956,0.00280468099700749,-0.0237262180120477,0.00951138340452063,1,900,1,0.3,1,0.497668811340507,7.71496074542077,0.0383949534371222,7.71509340099698,0.0211997518410861,1013.10820427231,-1317.71777438686,3.24718505141504,2.48091499414159,33.2430074306472,10.9323485555205,0,0.000221558290657198,-0.281573303777412,0.114194722551728,True,True,True,data/holdout_improved_000.npz,False,7.71496074542077,0.000805307792589807,0.0127830048609449,0.000828364113986959,0.0145329800306837,0.000852390566916228,0.0116376225231158,0.00101382176743754,0.0109178797591322,0.000721945051616209,0.0104166620212639,0.000658204868550725,0.00979086249778765,0.000580346273730404,0.00943569456724466,0.000826816575920807,0.00887535283395635,0.000756742737086017,0.00842530971376322,0.000540318861816395,0.00801633514690456,0.000479460578642408,0.00749271285849912,0.000655884163646858,0.00701232898583866,0.000640127118196481,0.00670202173778358,0.000333490756116324,0.00635204673638322,0.000331123517910729,0.00590956309400596,0.000489985429345884,0.00556726535081337,0.000287756677508439,0.00525629652350421,0.000383995915566539,0.00490830404269238,0.000431311509760891,0.00461706923467813,0.000310312466832508,,
holdout_improved_0017,holdout_improved,H017,1659.8650245525,-1617.7671463617,216.32067970624,389.211334622609,0.00138832678699469,0.000331367774357471,0.128347846338718,0.10050365051114,0.957074185390141,0.230813653938587,0.00830777157446559,0.00470361725093557,-0.0371415301960324,0.0163918915733117,0,900,1,0.3,1,0.340117776469172,10.7148981828944,0.0364432734505963,10.7150185084724,0.0341486313140325,1663.78753324762,-1613.74126731932,3.92250869512009,4.02587904237566,46.356541888195,15.1942051105866,0,0.00101033018259656,-0.281525751045137,0.107378335170496,True,True,True,data/holdout_improved_000.npz,False,10.7148981828944,0.00135549201708678,0.0106924116711198,0.00137044863680855,0.0176806138067151,0.000828479748449914,0.0123769632824591,0.000897006486137856,0.0105186687861987,0.00100441463672203,0.0097535831535677,0.000876069187535874,0.00894682066547378,0.00096868447270814,0.00834011717348304,0.000913188764561827,0.00783088898476341,0.000775270929127147,0.0071985419907697,0.000675016323013256,0.0067987838067749,0.000776522846477225,0.00637078900042172,0.00103632529129174,0.00584131550799554,0.000726161953446663,0.00567511967114146,0.000662893509717513,0.00507854395279622,0.00070877852243463,0.00464619858136775,0.000661830045109529,0.00439978143476359,0.000652541547513117,0.0041986589809152,0.000465039515490924,0.00380856687058367,0.000374510574269465,0.00360359087165892,0.000546102858485672,,
holdout_improved_0018,holdout_improved,H018,3031.56934813312,1561.34535626082,235.721227386993,403.870385461424,0.00147097369836436,0.000195554252199307,0.157480952542729,0.0923753154089031,1.03693806076214,0.277551606387872,0.00984389839073885,0.00228689562625075,-0.0205073917524648,0.0195880540120711,1,900,1,0.3,1,0.339539615955399,14.4665634584007,0.0491197140085978,14.4666687102607,0.0188680832474362,3027.74024586546,1568.78155123238,-3.82910226766035,7.43619497156124,68.2003285448318,20.4834358940175,0,0.000530526812667629,-0.281507747160283,0.148166258971216,True,True,True,data/holdout_improved_000.npz,False,14.4665634584007,0.000729543608520373,0.0234044082505633,0.00052490444701005,0.0122447145654135,0.000543552481795766,0.0147688231017429,0.000538390217746717,0.0136767472523287,0.000349433054221188,0.0132343725787972,0.000604570474770399,0.0125234383416544,0.00055506012473589,0.0114556682679448,0.000628434681002227,0.0111441232213419,0.000630305210853749,0.0105060685769454,0.000579810734687557,0.00950944799212252,0.00045166303055003,0.00948010271569697,0.000473314729192289,0.00864596311890534,0.000606215178942417,0.00840683004547282,0.000281311780279745,0.00767167975613022,0.000288478518808218,0.00748751953381027,0.000180553905616844,0.00685317831198475,0.000355972835314713,0.00665673604913853,0.00022435973512287,0.00653098102308336,0.000204539031132304,0.00573838520099948,0.000233307646976895,,
holdout_improved_0019,holdout_improved,H019,564.465103949686,1303.98924669157,233.738818567079,405.70309878581,0.00140814299569515,0.000249703914969566,0.128652697341243,0.0638015024521986,0.898812484836768,0.272257257549253,0.00826626939124675,0.00348133463689859,0.0285728967885124,0.0131054687213561,0,900,1,0.3,1,0.971423788993862,6.0791376146387,0.0590541889542744,6.07947981599296,-0.0258303372026878,561.183085464847,1305.39268066247,-3.28201848483877,1.40343397089873,28.4183659562908,8.57708755913867,0,0.000310850745415551,-0.281527028815425,0.168873555661369,True,True,True,data/holdout_improved_000.npz,False,6.0791376146387,0.00122404792474924,0.0436743629312274,0.00126044707502768,0.0255851114338438,0.00109446624986214,0.0186167346995795,0.00118809708278967,0.0137811272506184,0.00112170210354188,0.010810781829295,0.000710481847071352,0.00877164881186869,0.00098322182551883,0.0072198061820485,0.000819362561146982,0.00590072421499348,0.000850053766762582,0.00519829386498033,0.000920857495286228,0.0042026960898118,0.000741217593253623,0.00362083620606595,0.00060070056365982,0.0032413116377335,0.000778194612163381,0.00276499150782449,0.000351581230265327,0.0024788203828662,0.000365655883976088,0.00202787678793876,0.00036354089155465,0.00182503356565158,0.000276379450791879,0.00145699410120025,0.000251880585989271,0.00136207168917569,0.000419598996918778,0.00124522858022326,0.000368617411586146,,
holdout_improved_0020,holdout_improved,H020,1209.25878684738,-1145.93757659191,242.99932733731,410.576339095541,0.0016244587269421,0.000106424031894973,0.150574331209678,0.112665324182749,0.737592622350107,0.245320382841361,0.00378383054723943,0.00139900950870273,0.0215369013364861,0.00632212797636163,1,900,1,0.3,1,2.20688140154226,6.85603342372925,0.151304526511802,6.85773495232836,-0.0196385028632758,1212.01132611359,-1142.98678190913,2.7525392662119,2.95079468277413,33.3195422718436,9.61518632138205,0,0.000415975478666641,-0.281565311872924,0.432823650742258,True,True,True,data/holdout_improved_000.npz,False,6.85603342372925,0.000610500512326748,0.114415363822144,0.000617966400887795,0.0703723724974184,0.000635391994221115,0.0464347117239702,0.000562276156570193,0.0336341038646957,0.000552529810366736,0.02525139801656,0.000626882556776826,0.0193450667119749,0.000599667264047356,0.0148604894880548,0.000559416836223877,0.0114772296815999,0.000469944635591333,0.00885204715633855,0.000484665843125951,0.00683851665735377,0.000373144242816495,0.00520302600959976,0.000358202036046791,0.00395218068314095,0.000405758756428329,0.00293292979373145,0.000325705784199994,0.00223265878682599,0.000355030935471,0.00176589628823295,0.000338558613027408,0.00154346764934434,0.000378584202743565,0.00143560026403822,0.000274149605730316,0.0015118097453199,0.000316037103608711,0.00153376994120385,0.000228709038485033,,
holdout_improved_0021,holdout_improved,H021,420.711323793584,-385.965899648872,234.851410852446,382.270032905782,0.00161877242489782,0.000350338367692454,0.168745524570989,0.115333083627062,1.23512075345944,0.440062032208341,0.000129726630783991,0.00405722330596102,0.0423405479896812,0.0187853767867366,0,900,1,0.3,1,3.36057554772007,2.43110896869878,0.0816992535405207,2.43269717273743,-0.0323952103015511,421.722743802661,-384.900566279156,1.01142000907686,1.06533336971688,20,3.56513253811323,0,0.000738613264839189,-0.28157403877059,0.233435161763539,True,True,True,data/holdout_improved_000.npz,False,2.43110896869878,0.00601365307955215,0.0760365766137886,0.00476395884039069,0.0192839851270485,0.00325631213455424,0.0063931971586884,0.00190672358989484,0.00874809614187866,0.0011781042833743,0.0106429504398006,0.000378201931514868,0.00981013930206415,0.000476313489060088,0.00779011777811117,0.0001511797249437,0.00569655521801644,0.000231843916833317,0.00382695150574426,7.14947474748447e-05,0.00259307946981483,0.000191527061839781,0.00166282719278552,0.000122665225819128,0.00104697741885098,0.000199516144510884,0.000754108805442655,3.50865444963738e-05,0.000467665245194903,0.000120089060012506,0.000276708792512743,0.0001476221732881,0.000253506150178696,0.000107158085653742,9.44171570740944e-05,8.15543671705834e-05,8.06886341299197e-05,0.000104460851264194,0.000107887144572354,5.25660113416366e-05,,
holdout_improved_0022,holdout_improved,H022,2937.75896219855,254.160411957994,252.539140775664,408.029871982266,0.00160345195472822,0.000130064351862051,0.147367209868111,0.182158790430705,1.18132532675121,0.237391665044083,0.000849925685486635,0.000643089915036119,0.0403619675837523,0.013188630346276,1,900,1,0.3,1,1.03607473601557,11.6763725317113,0.120975945884122,11.6770629528493,-0.0357909654053077,2937.10550479722,261.406790796588,-0.653457401332616,7.24637883859424,58.9746563702903,16.6255322405517,0,0.000487119690059226,-0.281574870347863,0.348087630290357,True,True,True,data/holdout_improved_000.npz,False,11.6763725317113,0.00172093261961452,0.0838425954978,0.00155705775194446,0.0507400751101129,0.00163489313154775,0.0368346758983126,0.00152680885349156,0.0293462569178977,0.00146529730854487,0.0245315957920482,0.00115770654124828,0.0209282658150607,0.00127514723749252,0.0184152759119484,0.000985410971027106,0.0164956434177464,0.00117861015367553,0.0148637822311787,0.00104726629377109,0.0134615555852452,0.000971374409787093,0.0121739124379251,0.000951257405797693,0.0111315172989242,0.000815182297367408,0.0101916125270387,0.000749539994383608,0.00932459459990059,0.000764917380494244,0.00858022763556003,0.000796859274572877,0.00791401180568196,0.000627338162284866,0.00726505547135904,0.000495146031270829,0.00676030721922875,0.000615322496384935,0.00614057910635063,0.000485628891980312,,
holdout_improved_0023,holdout_improved,H023,2077.76600173197,-1452.34297202077,249.576847826166,386.738790515385,0.00153564500681728,0.000165940662956724,0.162934494167094,0.104518201807171,0.809770193162157,0.400981764987903,0.00923244456822005,0.00128266283374327,-0.0273335290893188,0.0144636603481646,0,900,1,0.3,1,0.992765906945553,10.1574315691651,0.100839517639996,10.1579648425676,0.0247931028815704,2081.29442296046,-1447.25274113613,3.5284212284937,5.09023088464369,50.7007363509895,14.3370841721932,0,0.0011336750068771,-0.281516114870847,0.288825384956259,True,True,True,data/holdout_improved_000.npz,False,10.1574315691651,0.000882516833070411,0.0672499655451,0.000788299785840427,0.048328998538993,0.000890982246670372,0.0340466022598102,0.00039898905878989,0.02585470008552,0.000593221158140511,0.0203417537944289,0.000743449767843943,0.0167126669926792,0.000785744219913816,0.014175170407247,0.000509142652573459,0.011884576395094,0.000768715650815786,0.0102003689695336,0.000677199875082224,0.00888768576853245,0.000547071305998754,0.00800624318657262,0.000454808827007777,0.00689931544654093,0.000398411842440631,0.0060106147705027,0.000287360482999671,0.00555078495988527,0.000286084831095385,0.00477203730807631,0.000283953252847808,0.00437668687919291,0.000156050269239354,0.00386519535161359,0.000267398464403845,0.00354243986605298,0.000244996022834383,0.00316481435062492,0.000288068270999942,,
holdout_improved_0024,holdout_improved,H024,1598.51287448085,-361.753059609762,214.640078743356,393.874510914379,0.00159856877936444,0.000367017778752031,0.159992812985271,0.157731059001306,0.926916804076695,0.224347363708281,0.00175255327962506,0.00455572863309661,0.00495214387072205,0.00383348275100257,1,900,1,0.3,1,0.584114236021985,7.63572077256651,0.0446013320554489,7.63585613428192,-0.0044198576118351,1599.42250329176,-357.813402984623,0.909628810912864,3.93965662513909,32.7787045870825,10.7660905980428,0,0.000131502605957912,-0.281571578526794,0.129288530540568,True,True,True,data/holdout_improved_000.npz,False,7.63572077256651,0.000227956359959825,0.0307566794864487,0.000138969798438753,0.0158864545030849,0.000173213946273386,0.0140221905725392,0.000179950104229293,0.0113126474693455,0.000188940978673839,0.00944976388460078,0.00020014130623784,0.00819591029516949,0.000147602506380962,0.00723560320931704,0.000121900380934014,0.00659898752575305,0.000102952389383036,0.00602166755917654,0.000103600572034784,0.00546241089430997,0.000107533946792049,0.00514074693108141,9.081065550017e-05,0.00476424857596635,9.41799421667598e-05,0.00447036908248956,8.28194607028045e-05,0.00418946090221321,9.245594927864e-05,0.00398276117553654,6.79094960169083e-05,0.00369501949107011,8.18324325050477e-05,0.00344718493109506,7.32494546015174e-05,0.003208793432958,6.04078302626665e-05,0.00302736436865166,7.33670241261479e-05,,
holdout_improved_0025,holdout_improved,H025,2365.32218791813,-467.61535567536,211.161982612283,388.563754891035,0.00149696847146814,0.000202326545757683,0.135404534538649,0.103610542247447,0.94537528209399,0.397684136939156,0.00390949118247686,0.00174846278195608,-0.00553169772861428,0.000185095293538768,0,900,1,0.3,1,0.346843411806123,11.4183216252882,0.0396036962961459,11.4183947891393,0.00504134703296302,2366.50256800989,-461.796376816222,1.18038009176098,5.81897885913793,48.2220413235325,16.1331510230991,0,2.9785522505294e-06,-0.28156455349314,0.115896045606283,True,True,True,data/holdout_improved_000.npz,False,11.4183216252882,0.000175945134336367,0.022354959057859,0.000176004476288431,0.0145247136617776,0.000172668849953039,0.0127524164853385,0.000165795926037733,0.0109502027961015,0.000154256006128029,0.0097153722346401,0.000145656476548087,0.00880226180889698,0.000139053443450735,0.00806936022377971,0.000132173339164672,0.00745081485883932,0.000123810226545914,0.00689881212738192,0.000116315528564098,0.00640668107362127,0.000107714205352844,0.00595800481267954,9.80897634978413e-05,0.00554670605353321,8.97722741024775e-05,0.00516507948343047,8.52219213106194e-05,0.00481306245936571,7.48828717201066e-05,0.00448749700785527,7.03501945643043e-05,0.00418481335251693,6.68854072385315e-05,0.00390269222164552,6.12320410967152e-05,0.00364117515624242,5.5163401634659e-05,0.00339647135005425,4.89325135455817e-05,,
holdout_improved_0026,holdout_improved,H026,943.161236436657,-1235.00427172752,219.909372422066,417.394724780129,0.00142296456768901,9.93129074644707e-05,0.139882318822694,0.120272436172883,1.28257680285557,0.415183417709917,0.0059309136564209,0.00034352196251556,-0.0376351010487893,0.00569723818565205,1,900,1,0.3,1,2.42132428080977,7.06641246285742,0.171100760745335,7.06857022108771,0.0327729164397906,946.370501121733,-1232.68568634777,3.20926468507582,2.31858537974654,31.0791806140506,10.1525567577216,0,0.00029522175911999,-0.281550973550021,0.490112949658078,True,True,True,data/holdout_improved_000.npz,False,7.06641246285742,0.00230594502461561,0.132005440190547,0.00220352251564407,0.074431144993412,0.00217836721654352,0.051666001635056,0.00202757277137909,0.0379952696727709,0.00189088369290604,0.0288323578600568,0.00174347359927608,0.0223533167507538,0.00162318240195354,0.0174003920499562,0.00152478480367094,0.0136558998418242,0.00129559267669693,0.0106708765126377,0.0011423605968353,0.00818630638548564,0.000923362943372282,0.00643674861143466,0.000806649731011466,0.00500769176565393,0.000690129724536903,0.00410785641891626,0.000554557625954315,0.00362062727928294,0.000414704795706043,0.00338579675273689,0.000284717395902208,0.00339199524844905,0.000219298707671915,0.00353133638760615,0.000126695717944374,0.00363493555856617,0.000121908950314971,0.00381259859600083,0.000138804030598887,,
holdout_improved_0027,holdout_improved,H027,2442.82056223498,447.669530911389,247.910284803039,411.364604817263,0.00157812993016187,0.000397795683016942,0.14161769170838,0.0512925115445396,1.19039798843242,0.407593854427853,0.00163563610693667,0.00485685474401436,0.0460135447019548,0.0111945515409391,0,900,1,0.3,1,1.12248196229878,10.017911584788,0.112449250538285,10.0186313981822,-0.0410608404920477,2441.69084549565,453.619278907035,-1.1297167393368,5.94974799564591,49.6700324468767,14.2995529194173,0,0.000619182819417947,-0.281571620007573,0.322447013705447,True,True,True,data/holdout_improved_000.npz,False,10.017911584788,0.00223770808702479,0.0874071653867371,0.00196328989259146,0.0454116379980932,0.00238469808568781,0.0340341965308849,0.00184273303895909,0.0245968476730783,0.00196170232480392,0.0185843881696918,0.00173563694011782,0.0146112070038976,0.00150384257973085,0.0118099018011301,0.00140844650134483,0.00980990819608882,0.00114977118716184,0.00836095232274466,0.00114696993671174,0.00724627490723656,0.00101366528708015,0.00642358199712962,0.000812891764106078,0.0058955195656919,0.000782990562728623,0.00556087481877812,0.000524110885018244,0.00510132345194004,0.000616537127089104,0.0048567778824354,0.000606737687262374,0.0045702217636412,0.000499243360933925,0.00430849274015796,0.000331408811312789,0.00400332875720075,0.000309928071515294,0.00383574218139488,0.000269443511547514,,
holdout_improved_0028,holdout_improved,H028,1134.07888176226,492.660683216275,245.838689577587,399.356836703469,0.00158746938819457,7.16601171892698e-05,0.166353260561212,0.158749578924748,1.14230725903292,0.363350005956278,0.000591358172030426,0.00281354195702777,0.0177587352336288,0.000992160444512257,1,900,1,0.3,1,1.65079077961953,5.02960878235656,0.0830283180300762,5.03032386673856,-0.0152162946118294,1132.87478850793,495.445781751653,-1.20409325432593,2.7850985353781,24.7293304304525,7.19279981148002,0,4.82067881904667e-05,-0.281574513689595,0.238398827205981,True,True,True,data/holdout_improved_000.npz,False,5.02960878235656,0.00112783430202,0.062739904038255,0.00109105697330077,0.032142343762462,0.00103687232983292,0.0268884572500156,0.00097285254006316,0.0206460865329821,0.000917121767160927,0.0163938639053604,0.000832965918074192,0.013238613845698,0.000758433656872864,0.0107362872939802,0.000657655406540571,0.00865058868067358,0.00058225892423119,0.00687999558903583,0.000506252673331594,0.00537912889662071,0.000427901447883576,0.00412927673387998,0.000344331339632158,0.00308936707911264,0.000278633628892076,0.00230933669552818,0.00021260583598869,0.00182039333694893,0.000168511611259775,0.00169820261773922,0.000115135158041477,0.00180301536615153,9.18296061549879e-05,0.00202091191744651,7.55584209312843e-05,0.0022559767238526,7.83785740975459e-05,0.00244326091042085,8.93882812322186e-05,,
holdout_improved_0029,holdout_improved,H029,1871.83060375358,1223.3864891009,228.860645801695,414.074646554149,0.0014653860459405,0.0002836310533851,0.178644329527207,0.0754568707307987,0.791799761889287,0.227112218631904,0.00437216409267051,0.000500064448066641,-0.0114119536920467,0.00769906367365484,0,900,1,0.3,1,1.34495437406346,9.77090508900472,0.131414215380159,9.77179560212022,0.0103903692064362,1868.79268019538,1227.98990084797,-3.03792355819519,4.60341174706355,44.7232570856065,13.7338195883469,0,0.000609411219346731,-0.281562113595031,0.375744936343939,True,True,True,data/holdout_improved_000.npz,False,9.77090508900472,0.000339362939809055,0.101607239413185,0.000303172331319281,0.056443238064824,0.000329124538026816,0.0384842493499424,0.000346973990504427,0.0285394515600691,0.000264254738341105,0.0221337011111994,0.00015897080280857,0.0176863424005737,0.000226557398524676,0.0142349797791273,0.000207617186291931,0.0118122167596965,0.000223924764889693,0.00968957098171817,0.000197557159257487,0.00812223393904548,0.000146329784714346,0.00679664941990243,0.000133393724203208,0.00576705042029688,0.000242499037934072,0.00486966201510848,0.000140567488313459,0.00412615532963671,0.000172751659903518,0.00355366791317256,0.000177051911245189,0.00307614527938164,0.000173489447209761,0.00265450122293663,0.000122148188494229,0.00225881129192874,0.000179205643859924,0.00203499253315016,0.000123767135046484,,
holdout_improved_0030,holdout_improved,H030,1058.77503293595,1520.06988710348,220.285448674509,413.289183093094,0.00155471107494094,0.000124330688206777,0.136866324858391,0.18444518531942,1.24912483969188,0.353249495289898,0.00971191291721506,0.00115253737412899,0.00976451538993191,0.00611278568177911,1,900,1,0.3,1,1.77350879613733,8.40946513818591,0.149142603933829,8.41079769787256,-0.0085386003142235,1055.26542692278,1522.68415091361,-3.50960601316888,2.61426381012711,37.0492484784634,11.9936066882706,0,0.00041902408831744,-0.281509833631205,0.427055380233717,True,True,True,data/holdout_improved_000.npz,False,8.40946513818591,0.000533956777063589,0.106706613988328,0.000383984189270631,0.0689425723786785,0.000467412090700927,0.0472576375651035,0.000428564668759336,0.0356970159010307,0.000522081601068125,0.0282822669275696,0.000494833341340091,0.0229500882284737,0.000450007721985546,0.0189415442917555,0.000357879028500391,0.0160014806261472,0.00030786440567191,0.0134537439288565,0.000208155255758584,0.0115446288952312,0.000283422844810845,0.00976557498325028,0.000208835073391234,0.00836952011630977,0.000188909315259393,0.00710909891094991,0.000107606706853763,0.0061564121788734,0.000148302270554582,0.00521883429527534,0.000131133446275427,0.0045427290297385,0.000196801073025593,0.00393409420678386,8.67920944137427e-05,0.0034882965962536,0.000104361530146546,0.00306645186663049,7.42905460941517e-05,,
holdout_improved_0031,holdout_improved,H031,2297.51320309711,-309.282608799309,231.229313739739,410.872776493523,0.00138333308737677,0.000393938388430506,0.145718528286738,0.1465862439624,0.756006398916818,0.441829642507943,0.00518594060281496,0.00235956409049344,0.0122344538180591,0.0107989538503493,0,900,1,0.3,1,1.43927199956865,10.0258698590937,0.144299537595129,10.0269172095164,-0.010979706486968,2298.46966387923,-303.567869060387,0.956460782118938,5.71473973892216,46.3647394061963,14.0898456002874,0,0.000688005602678152,-0.281556298061637,0.412871883641058,True,True,True,data/holdout_improved_000.npz,False,10.0258698590937,0.000126086484703777,0.106311182441539,0.000223617161673132,0.0620210430078032,0.000375924392339937,0.0453817711918524,0.000264123233216388,0.0343457344167944,0.000411239946238463,0.0269356550914537,0.000346300383653195,0.0219768698301544,0.000278258690867987,0.0181145159903815,0.00034273468688093,0.0153279926877149,0.00032544735585838,0.0130562026329787,0.000198017834048286,0.0110488375450549,0.000249887713785134,0.00971250110339831,0.000291873319949581,0.00834725836026595,0.000162074329309008,0.00734590382451733,0.000193822208579075,0.00643257650301354,0.000284492008153553,0.00583952063875221,0.000107458054130847,0.004970294976701,0.000123333013383059,0.00450586610305154,0.000106701731864186,0.00411890643424453,9.51063046023938e-05,0.00370588668794231,8.36054927243877e-05,,
holdout_improved_0032,holdout_improved,H032,3483.53682204761,-1050.57473655115,207.874179010159,406.812941653502,0.00139598272132726,0.000184934140440055,0.149705476932869,0.166561889840845,0.839904773605395,0.303684073498029,0.00126879839261834,0.00166206677449381,0.0070765922704653,0.0182708211964766,1,900,1,0.3,1,0.556355402457675,17.5037646369331,0.0973831401910531,17.5040422776423,-0.00657826668936096,3486.22225297712,-1041.95570178866,2.68543092950813,8.61903476249086,72.7701479114646,24.6929417820551,0,0.000406339402208078,-0.281574063492696,0.281052232005808,True,True,True,data/holdout_improved_000.npz,False,17.5037646369331,0.000109134637614212,0.0694344601011426,0.000136162374014755,0.0400711949301445,0.000207604367196133,0.0307608395960306,0.000174622639543848,0.0236726553484625,0.000154891602635324,0.0195399237676195,0.000155735175447323,0.0159271086882204,0.000211746846538073,0.0139436654979949,0.000215150050249066,0.0122934396090718,0.000135266968002805,0.0104806779661701,0.000111360099846867,0.00969447551922045,6.56483062317407e-05,0.00853637790973897,0.00011309526661476,0.00792344503044848,0.000192360763923242,0.00699420603355415,0.000170072852635794,0.00642697254964543,0.000279418460156168,0.00614725586325263,4.03823622215461e-05,0.00527099398669236,0.000139582602315236,0.0052056948346147,5.8411170001134e-05,0.00508508392826998,0.000153672333268697,0.00450024697577292,5.65880312572828e-05,,
holdout_improved_0033,holdout_improved,H033,2488.24409005733,1030.73533942646,241.290916163678,415.348546507444,0.00151946528628898,0.000353693148460633,0.179674452919954,0.0789986272767155,0.797994427565882,0.265336712663353,0.0085684346315113,0.00214841812507686,0.0303626875955522,0.0180550039331729,0,900,1,0.3,1,1.2028494508929,11.1622095594959,0.134264576393911,11.1630526951309,-0.0277281781189146,2485.78672984671,1036.82885486087,-2.45736021061475,6.09351543440494,53.8656625008838,15.7207850016775,0,0.000670836077399176,-0.281524091360573,0.383904455649307,True,True,True,data/holdout_improved_001.npz,False,11.1622095594959,0.000843699748836032,0.103922411883825,0.0010605313431374,0.0597043040173955,0.000662574899634299,0.0376420247287674,0.00126533898141199,0.0278596324415451,0.000602250130292781,0.0218550349851225,0.000973852475948807,0.0173956817165918,0.000538999874727969,0.0140021746940288,0.000707943695240995,0.0117437349150939,0.000647510896925932,0.00971221009719384,0.000443924496631994,0.00815009409181516,0.000639074033253806,0.0071487554982108,0.000502177999139225,0.00615293021831323,0.000428109434738958,0.00519934893272566,0.000397590778921391,0.00450373844087436,0.000411611801114813,0.00384531876062997,0.000472642875344563,0.00358207851226772,0.00050513788711365,0.00291362281115461,0.000372141291657444,0.00275306129024719,0.00028929726156783,0.0024326878599566,0.000303045515867133,,
holdout_improved_0034,holdout_improved,H034,1918.13465614907,709.69413614228,237.042708403116,380.243715089879,0.00147389675883278,0.000372200684112531,0.13134455410891,0.0876508476032584,0.725670362165014,0.345702264302185,0.000742177835145588,0.00422659011219108,0.0368871028054892,0.00412986083606309,1,900,1,0.3,1,1.81380606310645,8.62796655014723,0.156494580409367,8.62945316679368,-0.0340176344775001,1916.33579023062,714.406805202278,-1.79886591844524,4.71266905999835,40.9043094355343,12.1404594946851,0,0.000280302025107962,-0.281573557230112,0.447195049171148,True,True,True,data/holdout_improved_001.npz,False,8.62796655014723,0.00100249048680325,0.116819851540508,0.00094683202843941,0.0758150843382691,0.000954329227107814,0.04614487590063,0.000984109812099033,0.0337724475034825,0.000936009914405595,0.0258452277702119,0.000814630199136524,0.0201460884473587,0.000751428371455083,0.0161315853569987,0.000722238743882233,0.0128751416259,0.000682415426424545,0.0104121315433432,0.000636793968064585,0.00845026051728443,0.000636497050749757,0.00686367340597068,0.000596323654985836,0.005618640414808,0.000559319108770558,0.0045535408487055,0.000518081046422319,0.00375081904607149,0.000494639582395405,0.00301342392854732,0.000440247420108886,0.00243279581484661,0.000447506676377144,0.00195089397198848,0.000401550254214915,0.00157998640956528,0.000388489687638354,0.00128967406454891,0.000381679037773428,,
holdout_improved_0035,holdout_improved,H035,3104.04040661132,-669.949155041003,238.305370565509,402.201750022805,0.00156313009860138,0.00021370744186763,0.154708982307118,0.128327555375159,1.13644828225722,0.216574300346168,0.00786663872103977,0.00412196055100887,0.00922747931966186,0.0192058879603505,0,900,1,0.3,1,0.800728173185014,13.3257355970055,0.106702919209367,13.3261736293392,-0.00825310373120097,3105.63033583992,-662.418772848332,1.58992922860307,7.53038219267125,63.5103100802253,18.9145514619488,0,0.000224880792086626,-0.281531111777234,0.307807046323861,True,True,True,data/holdout_improved_001.npz,False,13.3257355970055,0.000357180402185258,0.0762678869646393,0.000404997436192451,0.0482540576293369,0.000484527839739107,0.0288358698360727,0.000482797098194469,0.0228642780483868,0.00031657946200699,0.0194610300272045,0.000317751044477408,0.0165895415599516,0.00040739262627209,0.0150010151163088,0.00031568837529858,0.0131166739131457,5.28533811112467e-05,0.0122090037582003,0.000271599051708007,0.0112842045839741,0.000188374035059018,0.0103606787123609,0.000120795251657746,0.0093888571384965,0.000115863450543748,0.00900663866906118,0.00010326359818413,0.00790579992442751,0.000294179993553595,0.00736530345330127,0.000158044084550467,0.00705394567785517,0.000187989189913725,0.00665067122447189,0.000191446513781028,0.00611271191674457,8.73478460566366e-05,0.00568088397645156,0.000108977684449926,,
holdout_improved_0036,holdout_improved,H036,1689.38214304393,-146.814808546763,226.312243616137,415.63718456835,0.0014171569774837,0.000157850069968665,0.129849520985386,0.0964524788160411,0.856344725406575,0.167028321627295,0.00646603065444139,0.000747877142492725,0.0133769397872028,0.00826313269006155,1,900,1,0.3,1,1.14275593690468,7.49303513451729,0.08562710385405,7.4935435216682,-0.0122693128941719,1689.8536847543,-142.658013624869,0.471541710373231,4.15679492189449,33.9149914535995,10.5536278602851,0,0.000564272679254142,-0.281546337972429,0.246914807849447,True,True,True,data/holdout_improved_001.npz,False,7.49303513451729,0.000458816408512179,0.0636498447226633,0.000290654076071006,0.0378010216176711,0.000342993224028542,0.0265222354550672,0.000383882151956957,0.0194953643884714,0.000397988846652717,0.0149917836588004,0.000402615847718297,0.0118296989866943,0.000471839772977944,0.00962866453086544,0.000429526092435609,0.00795178372443775,0.000247302057976344,0.00680287103555382,0.000286836250033846,0.005803244810856,0.000214787707320731,0.00531903020694772,0.000281007473497846,0.00480026492180167,0.000350107181232588,0.00451882625778666,0.000230812440068181,0.00425416692582209,0.000286090282203248,0.00412609139234022,0.000228447033048435,0.00402603899997926,0.000199431111219749,0.00389693264062866,0.000230677106293287,0.00374053590792607,0.000173319380685213,0.00365990119043757,0.000202554184118977,,
holdout_improved_0037,holdout_improved,H037,235.693110242126,1345.81695006294,247.242410633984,384.367259760975,0.00135858378003545,9.75861390441681e-05,0.164686839156261,0.0901593269056563,0.991633265795903,0.44856827365174,0.00286970885109726,0.00314780932850508,-0.0394159832772288,0.0143263961055937,0,900,1,0.3,1,0.541411020798098,5.5261090619084,0.0299189634824945,5.52629409969876,0.0337569149666956,232.289420148142,1346.39738137688,-3.40369009398424,0.580431313938334,27.3259913290795,7.85701672916097,0.0421875,0.000284567727945128,-0.281568888525968,0.0859797295096168,True,False,False,data/holdout_improved_001.npz,False,5.5261090619084,0.00291972415582338,0.00813891043123007,0.00270343455600593,0.0149595084090319,0.00190756205811658,0.00735214492882291,0.00188947487952301,0.00580318642309644,0.00148830495779054,0.00488350434792989,0.000907084486422497,0.00509145650858202,0.000623525858569709,0.00583575454860241,0.000478934484494014,0.00701008103130494,0.000480635501826549,0.00750937584310569,0.00060679231623391,0.0077987366141869,0.000819277923157601,0.00769516333777098,0.000918321899408331,0.00728873103881383,0.00068976830598006,0.00667408157987803,0.000625201182779377,0.00574014890698945,0.000328730909409372,0.00480930801470046,0.00027991913580049,0.00356566100027124,0.000226211675780854,0.00269129216208901,0.000306263657310482,0.00169432289683312,6.59228021751621e-05,0.00117050345751864,0.000171244111666339,,
holdout_improved_0038,holdout_improved,H038,2925.22067943701,-535.542315900098,248.381726831145,405.237714259678,0.0015895704699077,8.20070391079771e-05,0.165277685331572,0.176055557312888,1.23088657936532,0.426017428673283,0.00778412324542638,0.00150616836005463,0.0192654313194137,0.0170867343233907,1,900,1,0.3,1,1.27336660481407,11.9726604428307,0.15245585978679,11.973650374692,-0.0169099486101914,2926.2941397475,-528.359129138971,1.07346031049337,7.1831867611271,59.4767907524457,17.0529169384405,0,0.00101934992335165,-0.281533172986881,0.437238735295853,True,True,True,data/holdout_improved_001.npz,False,11.9726604428307,0.000941831901189129,0.115536621068091,0.00066079160447792,0.0655184499467342,0.000589815158060443,0.0433790623066568,0.00074528822406266,0.0331298868402231,0.000880945805746262,0.0263330114457141,0.000726732924513868,0.0220277266698776,0.000654379373652491,0.0184116121980316,0.000526273980749581,0.0160477391925182,0.000502724671568348,0.0138056203701406,0.000529680348123031,0.0121139385641499,0.000406802131091193,0.0106848059695561,0.000591208272379428,0.00951715410944062,0.000312798332195926,0.00848823494571654,0.000356482244935114,0.00768108340621711,0.000213186770423388,0.00691917810128857,0.000298884484175357,0.00628116819182901,0.000217275348118704,0.00561796106146721,0.000268149492993222,0.00518775759117735,0.000372102706655366,0.00469070284683981,0.000269760133304974,,
holdout_improved_0039,holdout_improved,H039,609.695578318639,212.989248441653,216.425463702893,390.704137305504,0.00163201799275648,0.000112089769377859,0.125530229110108,0.150985851742178,1.27790720509282,0.327737130253513,0.00575180058317751,0.000897904431825043,0.000128547461417841,0.0092715691151968,0,900,1,0.3,1,4.02742184047027,2.98404622481105,0.120180129387769,2.98646537183142,-0.000128145374976985,609.081484268309,214.503279110778,-0.614094050329754,1.51403066912533,20,4.32016053176365,0,0.000534660812273649,-0.28155237692234,0.343374953241387,True,True,True,data/holdout_improved_001.npz,False,2.98404622481105,3.71507734460888e-05,0.103903933171582,4.1876301966398e-05,0.0511077314498085,1.98013902499479e-05,0.0268282637971346,3.58106524561577e-05,0.0125867080165104,3.0679451945506e-05,0.00537016756967758,3.90495672434889e-05,0.00407105705611788,6.35860090250462e-05,0.00517417396234264,4.63727814833713e-05,0.00513357220179396,6.97578173330487e-05,0.0046932512191875,6.3167971092154e-05,0.00404360252712743,4.32090278277528e-05,0.00316976656635326,2.52633415930591e-05,0.00228952161105746,3.84586890508067e-05,0.001715419717025,2.2900437735141e-05,0.00102801132917901,4.10449394859352e-07,0.000670841646811892,3.34320152086929e-05,0.000488801190444938,1.95325221034705e-05,0.000326090874983136,2.09074170874811e-05,0.000138234728247192,4.4096100314818e-06,8.83994762708339e-05,4.74912209209896e-06,,
holdout_improved_0040,holdout_improved,H040,484.926240434542,1637.11161061389,225.127599601267,395.302548502153,0.00144988313363996,0.000289464252612215,0.169254901096163,0.161765273052959,0.763324968787541,0.206471052444573,0.00720705330515764,0.00376196345294444,0.0168029974990293,0.00487281476706939,1,900,1,0.3,1,1.72506576022056,7.58428000077775,0.130833817452673,7.58542784624976,-0.0151314768001405,480.83646727018,1638.30602118007,-4.08977316436267,1.1944105661762,34.1484282758009,10.6501083273858,0,0.000229835683931943,-0.281538235541212,0.374531204920635,True,True,True,data/holdout_improved_001.npz,False,7.58428000077775,0.000470353213939081,0.0982804031990485,0.000389612673031398,0.0606824403126181,0.000509624758634819,0.0404081838872642,0.000426836819728263,0.029400931170019,0.000406469548111184,0.0222949330058982,0.00051060300370813,0.0170917500011296,0.000421702445555745,0.0134395054859281,0.000375566943048758,0.0105425118805798,0.000330825354555854,0.00834307154544115,0.000363115599337283,0.00657962943702482,0.000280738317019146,0.00519891769301897,0.00023424124652237,0.00411051608126961,0.000303160715971078,0.00333337892900318,0.000272743578557045,0.0027675113316625,0.000236161315387718,0.00229437782353264,0.000253674876469156,0.00204170082898946,0.000252294337960825,0.00190002072565788,0.000240192730534505,0.00184868768363785,0.000197441680588343,0.00184959271585431,0.000204389750196799,,
holdout_improved_0041,holdout_improved,H041,1972.61604041801,1441.59735024618,207.584078992097,404.464836479111,0.00150778709694626,0.000216831815252387,0.122087784216867,0.0696905334419649,1.20542338571491,0.321155588402643,0.00965031754375156,0.00255853517146799,-0.0200855307975692,0.00322670226166764,0,900,1,0.3,1,1.00122354993559,11.7699186754443,0.117843197586816,11.7705288654931,0.0182142584382197,1969.12890149559,1446.44381144179,-3.48713892241813,4.8464611956083,48.8647806222487,16.7336482837167,0,0.000102906835801481,-0.281510263631626,0.338452512230746,True,True,True,data/holdout_improved_001.npz,False,11.7699186754443,0.00084719363439804,0.0809043431978421,0.000851410657839547,0.0526910371761061,0.000799864070601286,0.0388258133884855,0.000727760836403587,0.0297232805309234,0.000697690092364355,0.023806667798084,0.000709438932247518,0.0196736143883422,0.000654515584163967,0.0166797814872637,0.000622050619460201,0.0142945339112225,0.000554245876834367,0.0125415220444016,0.000508319086194528,0.0109901540640415,0.000480393657495286,0.00980087807268003,0.000468280993771338,0.00884120540711679,0.000402658685815705,0.00799913881626061,0.000337413054457925,0.00729626518539426,0.000342744023071857,0.0066268294032171,0.000290853099527345,0.00610636720899133,0.0002907231967765,0.00560760616181482,0.000238314141528184,0.00514935127301059,0.00020808012221546,0.00480080751993072,0.000245485991908198,,
holdout_improved_0042,holdout_improved,H042,1219.33645115383,1674.37240697648,209.173216052472,419.297665815686,0.00148324336761145,0.000343658817489324,0.142613588478332,0.0567740271795643,1.11709304776957,0.305399913469258,0.00868047063479237,0.00209692053767559,-0.030192612154331,0.0166388165063031,1,900,1,0.3,1,0.823894031689723,9.90257319232081,0.0815867095152376,9.90295232395819,0.0273046442906887,1215.32892150795,1677.40299434875,-4.00752964588332,3.03058737226934,41.4260996877892,14.0693551537222,0,0.000720806389896763,-0.28152276729362,0.234970388379856,True,True,True,data/holdout_improved_001.npz,False,9.90257319232081,0.0012506892842963,0.0486259593135234,0.00120539269457154,0.038273211491455,0.0015402100511538,0.0267729870836603,0.0014510112526969,0.0216688149397119,0.000734439747365482,0.018268184675399,0.000838170942316816,0.0160416859651702,0.00113166689956097,0.0141911838604095,0.0010737679556361,0.0129643882144262,0.000999736663487634,0.0114817503165263,0.000838730002277773,0.0103693040764284,0.000831262162647157,0.00949760222151091,0.0006966953765745,0.00865876375298858,0.000831016838856829,0.00788903687849078,0.000544152106374838,0.00707167347294908,0.000449326695424218,0.00643571050844163,0.000506676451281773,0.00587739917484466,0.000476704357575103,0.00543307624301022,0.000461570538589271,0.00476761366934972,0.000358714087722295,0.0043595609643312,0.000391400991507641,,
holdout_improved_0043,holdout_improved,H043,737.715231423759,-1291.29392707412,208.56216708898,396.326061407357,0.00145738470674027,0.000138598994898172,0.178118420267556,0.138792141847891,1.02233779640459,0.202133562252181,0.00488861680347788,0.00301316752743238,-0.0133849216288223,0.00673776135928646,0,900,1,0.3,1,0.458771070127608,7.13062748463618,0.0327132560180787,7.13071484101969,0.0119776317774331,740.89512542656,-1289.48796432579,3.17989400280078,1.80596274832374,29.7433271089373,10.1115103179293,0,0.000312362472610171,-0.281558094123585,0.0948621180524548,True,True,True,data/holdout_improved_001.npz,False,7.13062748463618,0.000504204624694108,0.010278839366386,0.000615839494795328,0.0129603788625189,0.000534303135430703,0.0108083932343833,0.000391161422888516,0.00998730118643076,0.000561014223568464,0.00938580503927517,0.000329101831116905,0.00883339044222726,0.000418757392251053,0.00823114453464661,0.000385301898202973,0.00775929514557355,0.000466108738202894,0.00714588625275929,0.000478157518019968,0.0067224693679708,0.000368557458712527,0.00617805371547506,0.000331543625112981,0.00569573808539971,0.000249612145329931,0.00514271417086332,0.00034293612873159,0.00476406390419346,0.000247702401663306,0.00437108341433526,0.000206442710962362,0.00394919200468719,0.000187809168521945,0.00358252409572538,0.000181138387307996,0.00323655621499819,0.00011311057681471,0.00299350812356355,0.000160045768595834,,
holdout_improved_0044,holdout_improved,H044,1321.97206218011,1059.65136022354,221.556593291109,393.518559786996,0.00164847672836446,0.000172837458414785,0.175737848354493,0.116609103552784,1.08952067781599,0.388146079253148,0.00756324325142955,0.00387713615649552,-0.0181446562779748,0.008552351768292,1,900,1,0.3,1,0.718224354682226,7.64706530498243,0.0549230854388384,7.64728346038834,0.0162151142164829,1319.39897306071,1062.90477395055,-2.57308911939799,3.253413727002,33.8849296201621,10.8542672733068,0,0.000307297906410666,-0.281534515822778,0.158400549729671,True,True,True,data/holdout_improved_001.npz,False,7.64706530498243,0.000926669135975685,0.0312626866109778,0.000857964285203725,0.0237799981091524,0.000875419671123754,0.0192841763622363,0.000704525873441746,0.0160420514681002,0.00074277446102882,0.0137369856413039,0.000814124793494134,0.0119953396821544,0.000531735776704977,0.0105726222629525,0.000712620748460475,0.0094116287403662,0.000571596487520771,0.00825185156351582,0.000542706903669885,0.00748345428864803,0.000451190679974057,0.00662979334690507,0.000373052172956689,0.00585308909831063,0.000405611735407215,0.00523211449372122,0.000363199795419602,0.00461059814002047,0.000155964340713295,0.00407570296018582,0.000246140559962221,0.00354796870507395,0.000309076557797013,0.00324677086768299,0.000166681775922461,0.00286788868784065,0.000143377843176198,0.00249912199394722,0.000136890387717095,,
holdout_improved_0045,holdout_improved,H045,2177.94438645052,-1703.5193816296,250.336886014952,403.028390500344,0.0013631887630584,6.14286823935082e-05,0.125768567366502,0.145361866172976,1.05561089035174,0.16203016177376,0.00606630022349856,0.000229163840895367,0.0257743902662354,0.00710799895935008,0,900,1,0.3,1,0.511334872726884,11.045299632441,0.0564784688178451,11.0454779810664,-0.0234383729475461,2182.18156715764,-1698.14353387307,4.23718070711857,5.37584775652658,55.3007053628035,15.6812864853823,0,0.000603912854425516,-0.28154984973625,0.166365775918579,True,True,True,data/holdout_improved_001.npz,False,11.045299632441,0.00089320422929313,0.0347614745346142,0.000790230988202435,0.0180447542161483,0.000838583492649589,0.0156728023974214,0.000875433907454524,0.0139539066975528,0.000781099422222405,0.0127837569838188,0.000705117432460412,0.0120270784349538,0.000838337114663692,0.0112747937390711,0.000646752861823866,0.0105749883442117,0.000582826969765721,0.0100411551267617,0.000649833693652152,0.00946206255044758,0.000563890530407886,0.00897203174655553,0.0006985424835036,0.00845511958907425,0.000539359104209551,0.00790557799985431,0.000437259403725491,0.00756688088936191,0.000485178201271924,0.0070601697516907,0.000474036191908287,0.00663277010149566,0.000382187081785769,0.00626576955192804,0.000409245517318268,0.0058940452603711,0.000408288525256234,0.00550492690108952,0.000343060078599494,,
holdout_improved_0046,holdout_improved,H046,189.833614980222,10.2077744636706,223.253598532515,389.560244404249,0.00137881692459999,0.000237913820646432,0.154405841150585,0.167187947358894,0.988867522430503,0.328477932390216,0.00198105241772373,0.000149768254184224,0.0153611732590932,0.0160597817556926,1,900,1,0.3,1,4.30534719643518,0.85138467218015,0.036655066114587,0.852235524245002,-0.0101928631357413,189.760728680872,10.7200895216438,-0.0728862993508415,0.512315057973147,20,1.23145739861954,0,0.000765327207868501,-0.281572677173885,0.104808252632991,True,True,True,data/holdout_improved_001.npz,False,0.85138467218015,0.00326618030170961,0.0255138004634225,0.00220350069094338,0.0191664443469307,0.001394631904392,0.00535504349074086,0.000214125241922271,0.0059658414200671,0.000713278395661871,0.0107177928146841,0.000892303716931305,0.00915174775861858,0.000398183011626383,0.00460605821548654,0.000243468601029357,0.000366597574935312,0.000203798786843086,0.00233681755210928,0.000529244045322637,0.00288013659036433,0.000408914171117772,0.0013851546349841,5.6938469347088e-05,0.000415820778314257,0.000244032935941151,0.0011795405657302,0.000214852936078988,0.00131235476209021,0.000316643027828567,0.000913050400090398,5.45275919892273e-05,0.00032219669463943,2.16809118410613e-05,0.000306271696359227,0.000366220085677904,0.000745881308579183,7.04690806042545e-05,0.000779485313766135,9.96449983767671e-05,,
holdout_improved_0047,holdout_improved,H047,2689.0613617673,-1488.0780002706,213.827499495957,398.695677578466,0.00147741278458223,0.000304511334433538,0.161251388351573,0.171262198286318,0.912059879930708,0.213495527270329,0.00214913939685435,0.00247574621808896,-0.00631520650609946,0.0106230230664823,0,900,1,0.3,1,0.388299404334482,14.37296223335,0.0558101267373181,14.373076774654,0.00568817553513178,2692.71703033686,-1481.44095508077,3.65566856956275,6.63704518983468,61.4668272883485,20.300748908271,0,0.000624037441749938,-0.281571703094739,0.163138940424184,True,True,True,data/holdout_improved_001.npz,False,14.37296223335,0.000151649981729882,0.035863921078464,0.000167519725640691,0.0208195472636214,0.000160301379176663,0.0182952523901808,0.000114071259025531,0.0146965742874251,0.000181330085291072,0.012410630765861,0.000109606683297487,0.0109630445707075,0.0001777983342594,0.00970875182856056,6.98334567904662e-05,0.00892602325509457,0.000222541870510966,0.00822989647709476,0.000121648074979725,0.00767026344689864,0.000158551224401882,0.00703613990901409,0.000143485102431281,0.00647652043802745,0.000121487462752042,0.00604011333967188,0.000212848134014144,0.00567258195354533,0.00019613312342475,0.00527021438077117,5.75829865563629e-05,0.00484702287306637,8.23218588024034e-05,0.00463882068993036,5.76690576749619e-05,0.00432539733176362,7.48707765173017e-05,0.00420309913446899,7.25763881895473e-05,,
holdout_improved_0048,holdout_improved,H048,2721.65725297533,596.657312375768,211.768451116168,419.961027024266,0.00136591910421292,0.000292041776360418,0.145255840710115,0.13520372049462,0.967168355629725,0.433233027039813,0.00321313169940329,0.000960366362833794,0.0488307990454029,0.0119777259944154,1,900,1,0.3,1,0.31316482191107,13.1572373622097,0.0412038389537809,13.1573817128097,-0.0443145191288005,2720.18587696259,603.316132773112,-1.4713760127338,6.65882039734379,55.7258222050951,18.6385959989769,0,0.000731671875309139,-0.281568164912338,0.122382953477296,True,True,True,data/holdout_improved_001.npz,False,13.1572373622097,0.00161846067892574,0.0222569605596109,0.00151421760364268,0.0155422814879304,0.00139848555122205,0.0115532152296605,0.00120771618641514,0.0105146120690067,0.00141683557743681,0.00968345258182481,0.00143512880932853,0.00936376793420296,0.0013075897093892,0.00856964124886247,0.00118306122462625,0.00816010133380993,0.00118183350720253,0.00762837873702875,0.00091437318980413,0.0072914974353163,0.000980408110131631,0.00676258463961444,0.000841018419843884,0.00639634182619352,0.000759468363300189,0.00589961726821032,0.000767422395700685,0.00548469061284601,0.000689178454697869,0.0052927917866932,0.000940308333184877,0.00494706658827679,0.000695729528129929,0.00456579640562206,0.000668786080085159,0.00436732353390891,0.000467872130305013,0.00407584910421183,0.000567440909613224,,
holdout_improved_0049,holdout_improved,H049,3277.91859664265,325.52522709099,229.909875388427,391.399862894707,0.00146009167839713,0.000118981509939015,0.133701817107398,0.0716352028067158,0.709175069111543,0.286568944886589,0.000211054182688311,0.0047800020483834,-0.0226192425301621,0.011531408590349,0,900,1,0.3,1,1.21124449006485,14.3277147319594,0.173543655243067,14.3287843079153,0.0212537368080745,3277.20971818775,333.591862483686,-0.708878454896421,8.06663539269573,65.8808530597118,20.1711782507962,0,0.000792033457080078,-0.281573494031831,0.496506826513262,True,True,True,data/holdout_improved_001.npz,False,14.3277147319594,0.000357706235344762,0.126692510567338,0.000422983671443895,0.0801522265256939,0.000419084847629365,0.0524885831626349,0.00043415958041133,0.0396297933176619,0.000292375750157122,0.0313295875898938,0.000622827546460567,0.0255297969059726,0.000445547045352714,0.0212003344854885,0.000265972529061865,0.0179818508234866,0.000385086269259336,0.0151898141607127,0.00036980017409052,0.0130775146976506,0.000201900533802695,0.0111889367684576,0.000429756443000556,0.00998516964042168,0.000380874001025732,0.00857081866807028,0.000382202023778372,0.00769058613879654,0.000301845915823518,0.00666355920876066,0.000338611978573786,0.00595328262192211,0.000297858758988504,0.00533087450384819,0.000272826054835981,0.00474066131721798,0.000318679013828794,0.00420013783226553,0.000163060304535503,,
holdout_improved_0050,holdout_improved,H050,645.783746863664,875.760209133738,242.399183793235,409.20652317136,0.00157364969760556,0.000327753476935272,0.138405209295642,0.108398102055664,0.869538828797666,0.191703644030692,0.00260763761263736,0.0030540537686428,0.0347745810180789,0.00240774295455846,1,900,1,0.3,1,1.60605137411497,4.48896444564137,0.0720950751627558,4.48965556563511,-0.0310081060789231,643.602012591634,877.354416452489,-2.18173427202919,1.59420731875161,21.7622847294602,6.31614016102714,0,0.000114130111619257,-0.28156993085815,0.206897414457794,True,True,True,data/holdout_improved_001.npz,False,4.48896444564137,0.00164014479541825,0.0586095096284366,0.00161514472330567,0.0257810887017425,0.00155733273560547,0.020137019209236,0.00149604341465499,0.0136581436059055,0.00137411962853802,0.00971134297847539,0.00130428800090121,0.00735960232095163,0.0012562130368707,0.00624036856423909,0.0011246973393247,0.0058000082646013,0.00103376404345802,0.00559303373151009,0.000980293284793588,0.00563619108589087,0.000920551612227937,0.00553893290693686,0.000837785181712556,0.00543969070327609,0.000768861693994668,0.00526734414495474,0.000688767814432602,0.00504567559424261,0.00066139042348276,0.00478047253688138,0.000569117267838978,0.00445924563583448,0.000511998850618864,0.00411640317525645,0.000462571837075393,0.0037723032775663,0.000444297840269613,0.00343470907440431,0.000391945891591308,,
holdout_improved_0051,holdout_improved,H051,1829.07200553986,-67.6586510415302,217.952170929577,393.001052709842,0.00143674885629083,0.000360646162259141,0.158928096697862,0.125485979611517,1.07782897365226,0.393272077030983,0.00629898868360475,0.000849334487422125,-0.0446623651442439,0.0147490076523626,0,900,1,0.3,1,0.639633966662126,8.39781129565433,0.0537152535031939,8.39807882349958,0.0394964588921872,1829.18031098865,-63.1391133068423,0.108305448787178,4.51953773468791,36.6064589629228,11.9515198080358,0,0.00050054977374559,-0.281547806214619,0.154745295073779,True,True,True,data/holdout_improved_001.npz,False,8.39781129565433,0.00214930533133809,0.0403436587037078,0.00184495319778247,0.0217775931758356,0.00180174034037691,0.0142405987139174,0.0015630126094427,0.0111661603840346,0.00188802983175732,0.0092157952114937,0.00159536689418872,0.00779662065893347,0.00149280757695376,0.00677971742379448,0.00127508936543961,0.00617297530777218,0.00113121044644058,0.00550319036437602,0.000931628773275979,0.0051722509004034,0.000976314031798081,0.00499912778859149,0.000649701252078288,0.00462786123163566,0.000917121352153337,0.00435308840979276,0.000675830863027936,0.00413497871960755,0.000549503429140671,0.00382143949402738,0.000430804044005231,0.00368470391431111,0.000351041248504374,0.00333340874744931,0.000404504743452436,0.00310990716853214,0.000288106075206765,0.00288791478874268,0.000190428506429914,,
holdout_improved_0052,holdout_improved,H052,1765.2560431544,763.082266539151,210.307768328649,386.060124959385,0.00148736183649245,0.00020625009900684,0.143595397194509,0.0657941927946404,1.16764759753868,0.419166408042111,0.00241162383348398,0.00295863840497259,-0.000277903229992923,0.00439310678116487,1,900,1,0.3,1,1.06382455184169,9.14447519331975,0.0972811722436085,9.14499815568844,0.000200571843876602,1763.38144378796,767.44653527001,-1.87459936643677,4.36426873085941,38.4625711225844,13.0020373421782,0,0.000165218031687749,-0.28157065951333,0.279426030890404,True,True,True,data/holdout_improved_001.npz,False,9.14447519331975,3.11887703016358e-05,0.0710269414046866,7.86387303754434e-06,0.0382087944515071,6.92739267124248e-05,0.0308271278605776,3.26223022025836e-05,0.0239350208913862,3.89840738608732e-05,0.0194273639445864,3.06819931842196e-05,0.0161996460156911,1.15894233077424e-05,0.013830569818588,7.96797717576945e-06,0.0120261970266184,5.93644425268998e-06,0.010377274242532,7.69880047680115e-06,0.00910641911880544,2.11164371388298e-05,0.00800498578609172,2.28926621970529e-05,0.00709318434518855,9.04775676409969e-06,0.00624047646831028,1.53375930809374e-05,0.00556049931797887,1.53832505955596e-05,0.00501301749627953,1.39291203773399e-05,0.00442073782371182,1.57646372494586e-05,0.00404175906297158,8.75774992406443e-06,0.00362351882226371,3.06027638499096e-06,0.00330220355660532,1.74662797398886e-05,,
holdout_improved_0053,holdout_improved,H053,2630.11765291701,1100.32089314783,228.404144484182,382.992398756286,0.00154587472715663,8.35593388621107e-05,0.15356513183628,0.0546696511710547,0.825788647258276,0.155347457491761,0.00104531746643611,0.0035803465959789,0.0470027411742279,0.0100049651399289,0,900,1,0.3,1,0.847625391020333,12.4823367571459,0.105803455746233,12.4828652946996,-0.0435113352850905,2627.38376111792,1106.80950552695,-2.73389179909327,6.48861237912115,57.0200839567369,17.6375079175399,0,5.29172620506857e-06,-0.281573597742136,0.303742782166032,True,True,True,data/holdout_improved_001.npz,False,12.4823367571459,0.00126624228665535,0.0762701671592512,0.00113065522931658,0.0506582101276806,0.00105367414171215,0.0312188268491292,0.00109173618650627,0.023604759418477,0.0010790821547584,0.0186297606620758,0.00108041272093527,0.0154005195351139,0.00110645605323022,0.0128662172170643,0.000837750371775558,0.011005721261157,0.000901893555405894,0.00944632225559559,0.000922749471445115,0.00815915622719969,0.000924793379998076,0.00725705729620317,0.000755779138636968,0.00640445537510386,0.000835950220351849,0.00580998456480544,0.000687356177466199,0.00518875021529311,0.000660953070712514,0.00472049748397475,0.000690746071769014,0.00433095780992573,0.00065570039980296,0.00402646142091104,0.000528176375704853,0.00362807158715975,0.000559496971575386,0.00343184998636686,0.000519780370304252,,
holdout_improved_0054,holdout_improved,H054,3070.75744527561,-1004.81069592545,233.365812558353,401.376065657117,0.00150438144195109,0.000296738687374633,0.134342276378357,0.122948151101755,1.26667648564943,0.366956911240961,0.00117040991450517,5.88544107703979e-05,-0.00434608654944286,0.00721913049593065,1,900,1,0.3,1,1.20782475014153,13.8450753615997,0.167224246893148,13.8460947531866,0.00392328523912624,3073.20023893282,-997.240837798727,2.44279365721104,7.56985812672599,64.6194887703758,19.695111744469,0,0.000390293875716008,-0.281574453031381,0.479904358477339,True,True,True,data/holdout_improved_001.npz,False,13.8450753615997,9.0645095087952e-05,0.122218500580705,0.000198963052389147,0.0716044731096863,8.18751280517218e-05,0.0504028985809164,0.000163992425453456,0.0389345306467079,0.000115513223643433,0.0314300484012066,0.000125680528609035,0.0260485127086705,0.0001498841354169,0.0220920139704641,9.12196484055463e-05,0.0190809610827098,0.000148981105673098,0.016861092706103,8.71870824501305e-05,0.014871267414976,0.000119675390274541,0.013376148552481,0.000110274844793992,0.0119109326081477,7.97846429526912e-05,0.0107452407520883,0.000127147331357781,0.00971711983956061,0.00013642915974348,0.00885202572631939,8.97714385622763e-05,0.00812967161185965,0.000117518713600386,0.00745621131045469,7.20948840238558e-05,0.0069236163010754,8.80050799582456e-05,0.0063355925408473,5.68399490440623e-05,,
holdout_improved_0055,holdout_improved,H055,3175.734174341,-935.474960080454,231.747800525843,383.215143912727,0.00155815643574089,0.000135058112269799,0.163882765048023,0.0674508369845931,1.17651040340173,0.29471011012777,0.00471438528172284,0.00340773687175268,0.00370648215881064,0.0176834089676207,0,900,1,0.3,1,0.82735933005743,14.2854647342627,0.118192125320986,14.2859618694393,-0.00335083637049216,3177.95605931932,-927.63429287333,2.2218849783244,7.84066720712406,66.2129925226608,20.2750254790483,0,0.000963690867146454,-0.281559050079136,0.340379537345467,True,True,True,data/holdout_improved_001.npz,False,14.2854647342627,0.000124787242865239,0.0850808124874155,0.000162689410674094,0.0534812532530444,0.000106354471415341,0.0331811119065969,9.47195477090189e-05,0.026116049847807,0.000142931257602486,0.0216957305957609,0.000166406784863948,0.0181710350106554,6.17878021726972e-05,0.0159687926838069,0.000148341030703664,0.0140185163133797,9.13359344268624e-05,0.0126244247687846,0.000185085551784956,0.0113930678623464,6.9992406805604e-05,0.0102749797790922,7.72622635485507e-05,0.00942647650213151,8.02511642295298e-05,0.00872128463670654,0.000194127460127172,0.00799317021888695,7.26339825305219e-05,0.0074779200178301,8.83895989015528e-05,0.0069607192014544,8.63885051751289e-05,0.00631645442821699,5.29293640210268e-05,0.005901491925549,7.13134660641966e-05,0.00565864781762434,2.68791571246e-05,,
holdout_improved_0056,holdout_improved,H056,1465.74173144065,614.383314675986,244.117454231263,408.380830589754,0.00161262532731128,8.84246728744793e-05,0.137693698284167,0.191044298714902,1.15269088983139,0.349381927155172,0.00670518883943321,0.0021986846234449,-0.00249118204649146,0.0155276885131165,1,900,1,0.3,1,1.37658525658548,6.5102476693482,0.0896191095834474,6.51086978339667,0.00212768848866737,1464.13446308804,617.988549165722,-1.6072683526088,3.60523448973595,31.785944570762,9.2680283728638,0,0.000989441665254345,-0.281543821849609,0.257080834358545,True,True,True,data/holdout_improved_001.npz,False,6.5102476693482,0.000120120047548907,0.0635206916834281,9.77170973218881e-05,0.0371676936687912,0.000172078380254461,0.0297247325008775,0.000102933174620997,0.023248287640933,0.000112581921440861,0.0185362407986379,0.000138974972171138,0.0157853860982783,7.69875648808134e-05,0.01304063287694,0.000141189934990796,0.0112254314926899,0.000116409344755409,0.00939873818928271,8.28027282690101e-05,0.00803196119820282,0.000101225959310464,0.00689193908517514,2.64884854305452e-05,0.00569383850469403,6.97745220735737e-05,0.00485738851763361,5.4265264740692e-05,0.0040356639257311,2.47573392027329e-05,0.00316437178803832,4.18890655595417e-05,0.00261638656074644,4.02320179303873e-05,0.00231789139825127,5.5006739223237e-05,0.00201771267740758,3.69069003513651e-05,0.00180753803683193,5.55276916723861e-06,,
holdout_improved_0057,holdout_improved,H057,3316.07729677395,1732.25796162834,245.305866751045,400.412309908671,0.00162975721648386,7.51124429071117e-05,0.151303581030914,0.195549451473842,0.885770939610999,0.197255365902557,0.00416253669891181,0.00144202588750936,-0.00795755512366305,0.0174184224146616,0,900,1,0.3,1,0.52025630999331,15.2515387504425,0.0793470927202518,15.2517523157421,0.00719306735834387,3311.8089237951,1740.41483253938,-4.26837297884094,8.15687091103973,74.8253600961716,21.5269550205721,0,0.00116946090870723,-0.281563213876106,0.229688418522307,True,True,True,data/holdout_improved_001.npz,False,15.2515387504425,0.000241736798045124,0.0576207897478072,0.000112634521204739,0.0331729857567066,0.000165495314833439,0.0224326496085895,0.000154962156641473,0.0175948131367789,0.000320489418389584,0.014678405817887,0.000225822222709595,0.012832053590194,0.000255923906036944,0.0111838619720459,0.000161850181000991,0.00982402495541243,8.10979231099947e-05,0.00883774694238786,9.29385130702231e-05,0.00839249843614058,0.000142083577617513,0.00770675462422638,0.000178253162158981,0.00703865362045245,0.000107291217975963,0.00654443100439842,0.000150429957605011,0.00596784635075746,0.000212118005181781,0.00575269893286679,0.000212717517796031,0.00523124110329996,0.000143843242426783,0.0049793929618641,0.000154595214125235,0.00459861152911193,6.99878128035066e-05,0.00422973468379586,0.000167800436428744,,
holdout_improved_0058,holdout_improved,H058,1401.49748031015,90.4273424457422,251.353878837395,400.979068289742,0.00149509788037113,0.000226656295310447,0.169701111601717,0.132641577162401,1.25719448225276,0.340993153851181,0.00365022743908721,0.00498038847770944,-0.0422846433702576,0.0117660479805767,1,900,1,0.3,1,2.66441988022178,5.58744600661534,0.148873022196917,5.58955426173762,0.036260337386156,1401.09925515894,93.8617203393374,-0.398225151210227,3.43437789359525,28.0882344876107,8.04454428775949,0,0.00059750305335039,-0.281564148117957,0.426175742230944,True,True,True,data/holdout_improved_001.npz,False,5.58744600661534,0.00277811079064675,0.114498612857673,0.0028460803235878,0.0663124873348194,0.0026880380740892,0.0449631707774695,0.0023769737596447,0.0326401708137934,0.00244145753342001,0.0246713766888458,0.00191019301906866,0.0191469476016587,0.0018184889450722,0.0146468474543466,0.00177548139315329,0.011459696549464,0.00133349950355738,0.00864937766535912,0.00122797453511342,0.00654347107550244,0.00103016327717866,0.0046027926471102,0.000852094685385265,0.00332604552049993,0.000638985906519654,0.00250520069817263,0.000446487471055968,0.00217541042000171,0.000272332436777306,0.00219018698870883,0.000258955949269143,0.00245432379262649,8.14755424579294e-05,0.00272656062359165,0.000191457902119307,0.00286194152065853,0.000231626554333604,0.00308887471591488,0.000374113125409614,,
holdout_improved_0059,holdout_improved,H059,2241.809254849,-651.69857051151,218.931322516561,397.838789823198,0.0014413050842215,0.000258963620523262,0.15644634430533,0.0761362837101885,1.05626472914067,0.242514421876698,0.00801256595666078,0.000461277274871678,-0.0469179542256231,0.0186370924410519,0,900,1,0.3,1,0.536117372685316,10.663839759913,0.0571706975482176,10.6640823366244,0.0425457825687573,2243.41758488911,-646.188075481152,1.60833004010237,5.51049503035733,46.692268147664,15.1616702406375,0,0.000933545566517036,-0.281530818234248,0.165702304702971,True,True,True,data/holdout_improved_001.npz,False,10.663839759913,0.00185371125754604,0.0403530211807402,0.001920181479316,0.0195859479260682,0.00146109846540174,0.0151152520012491,0.00143408378459274,0.0126521964123392,0.00156295246569139,0.0116783144056635,0.00139481061229333,0.0106831037723015,0.00125966729357207,0.00977415947832159,0.00128523015979801,0.00898559481818289,0.00105256574471942,0.00841182283835675,0.00127157587530467,0.00796240301149712,0.00105303813551238,0.00734151726900094,0.00110115809923336,0.00677857341925959,0.000888375269899108,0.00615167599581711,0.00109213769123326,0.00581186289415861,0.000590164988935898,0.00545321598378847,0.000816152696406548,0.00478299332241499,0.000734744053903278,0.0046297154417882,0.00056553852864335,0.00426519883642331,0.000517877398117742,0.00385145335814153,0.000603484797095837,,
holdout_improved_0060,holdout_improved,H060,2124.30883183817,-569.340986882897,232.339322352361,412.795490147173,0.00158180311132734,0.000379111915008896,0.130645446652869,0.140255967798514,0.846618626905643,0.357499063781094,0.00893871014556501,0.00467283725305715,-0.0101206853476698,0.00215837718094813,1,900,1,0.3,1,0.844659906060397,9.46588668870728,0.0799545496126185,9.46622968331127,0.00913468694387049,2125.85394244369,-564.112906150394,1.54511060552477,5.22808073250224,43.9856211613315,13.3353599691389,0,0.000126360228530706,-0.281518227141363,0.228752985967717,True,True,True,data/holdout_improved_001.npz,False,9.46588668870728,0.0002933412082124,0.0590032827121019,0.000310112920828585,0.0311476543621956,0.00031951921482732,0.0277344746187187,0.000309541185422634,0.0205789463490446,0.000257166110082947,0.0158349801845669,0.000267425228895364,0.0125292516142811,0.00026492548936121,0.0100995542261415,0.000237076243844918,0.00826662632679813,0.000233069871871524,0.00689183140201946,0.000212648934122196,0.00574360905339867,0.000174200791772233,0.00486939222712696,0.000180150443801547,0.00417965292464134,0.000174812624929996,0.00360616445475103,0.000152983980184838,0.00312532734742873,0.00013821854435088,0.00275074047455666,0.000142715259630325,0.00243895459604197,0.000110061950578443,0.00215002621877285,0.000148497201528165,0.00194483064286255,0.00012014082474261,0.00175584862585699,0.000121399566139953,,
holdout_improved_0061,holdout_improved,H061,847.34308925536,-1689.78161095018,248.802037932567,417.527541793664,0.00137777366169121,0.000337732413575294,0.148803912788214,0.1889187730347,1.09450854691872,0.375076649271458,0.00624607463735255,0.00103067477488357,-0.0165475183650615,0.00875717485033133,0,900,1,0.3,1,0.742394600925969,7.59789604063909,0.0564063699896726,7.59812191538691,0.0145857981485412,851.56546583825,-1687.73153440596,4.22237658288952,2.05007654422184,37.8066248354133,10.7977052202769,0,8.89886332919506e-06,-0.281548241521169,0.16211991571046,True,True,True,data/holdout_improved_001.npz,False,7.59789604063909,0.000856851285484308,0.0400305572877205,0.000836510020423991,0.0244807154321426,0.000572220025296113,0.0174687585306733,0.000847315296192477,0.013258810616026,0.000599353976795614,0.0106769806158597,0.000611400336313668,0.00868259274985655,0.000703886765300419,0.00756387889894374,0.000691011747832214,0.00670099528437647,0.000468154008246514,0.00589648921650329,0.000339178599854416,0.00541972270817556,0.000401666293180915,0.00515927157884832,0.000329977457948877,0.00479436607613882,0.000238607401137169,0.00422791014499735,0.000216185507037035,0.0040827737144872,0.000217936512645049,0.0037592958635688,0.000175828065063606,0.00354366085278258,0.000153377672812237,0.00325203230874044,0.000145039927696468,0.00302916075367031,7.73624163394539e-05,0.00277704279540107,8.44719561315233e-05,,
holdout_improved_0062,holdout_improved,H062,520.941787962989,821.263150359343,226.543232877771,380.92174718654,0.00153880254207827,5.61687565615997e-05,0.127445232231451,0.0806343027492118,0.817533362503924,0.43086137595892,0.0074480189483049,0.00199703610526192,0.0321072979839789,0.00162689235145918,1,900,1,0.3,1,2.23439401413874,4.29302488183401,0.095923090985186,4.29419562352094,-0.0288962876836525,518.802299421019,822.547969791377,-2.1394885419694,1.2848194320336,20,6.02177042014846,0,8.40587007797689e-05,-0.281536592915232,0.274321747314476,True,True,True,data/holdout_improved_001.npz,False,4.29302488183401,0.00151190645500172,0.0778820906379334,0.00147535303920371,0.0394450808203518,0.0014286358821491,0.0280701787806108,0.00136365426737297,0.0195290149288439,0.00127931584288036,0.0137925006483374,0.00121200526793189,0.00990411543047511,0.00111552229220908,0.00704590661543321,0.00104161744072209,0.00505205287680629,0.000935867197073901,0.00359297832361738,0.00086760589329431,0.00261091045771932,0.000773570330431706,0.00194468423899023,0.00070894586005328,0.0015214199148929,0.000583762547405071,0.00117975272227885,0.000533615006633291,0.000972491165434493,0.000439222507702265,0.000739524354085478,0.000372174727776086,0.000549267042580741,0.000312728965947444,0.000359947198464767,0.000265265901919754,0.00017406679269639,0.000207314072963287,3.03418289555566e-05,0.000171552278846142,,
holdout_improved_0063,holdout_improved,H063,1519.95021672978,-206.756607970666,230.683947056569,412.288442258679,0.00164481313322418,0.000267907794500515,0.132361214048553,0.0582130777372013,0.892189303822677,0.181189658371585,0.00949150419028939,0.00447032548672016,0.040881913088915,0.00978748379853846,0,900,1,0.3,1,0.901356800816532,6.64966339620389,0.0599371932530914,6.65004111399436,-0.0373008249755508,1520.60184246218,-203.004944918369,0.651625732398315,3.75166305229791,30.6789631915841,9.39877062635415,0,0.000298965547468525,-0.28151130865577,0.172193139251147,True,True,True,data/holdout_improved_001.npz,False,6.64966339620389,0.00193535751174765,0.0448841001690317,0.00159745572235875,0.0253328794572818,0.00123605123676485,0.0190473090797999,0.00169234125460976,0.0138815998953613,0.00133087342348847,0.0104222282784638,0.00111032461233466,0.00817227997615915,0.00126344909472458,0.00654429939475763,0.0010775824524738,0.00534342120105372,0.00105654208225876,0.00450329294890143,0.000952205462330953,0.00398548238207553,0.000996399191362195,0.00358768847625343,0.000861459005560926,0.00329033877287481,0.000762704849566591,0.00306763024628226,0.000721796699497752,0.00293398190324666,0.000626407985953587,0.00279245807534492,0.000645632524014131,0.00266619881644442,0.00064897782180012,0.00254940238457676,0.00060666422174803,0.00240355605510432,0.000508924678437658,0.00232401586082656,0.00045718154115687,,
holdout_improved_0064,holdout_improved,H064,753.59819727304,-719.567551399884,245.046854342686,384.614374916653,0.00151209880097235,0.000310004237104661,0.157665368859989,0.154974324510611,0.934940404014311,0.194813939715131,0.00445416919121797,0.00440068863786114,-0.0337770386566126,0.0158976202114555,1,900,1,0.3,1,0.970322890096175,4.25214733240804,0.0412595588869691,4.25245399027206,0.0296751910599092,755.362236797502,-717.704327119684,1.76403952446276,1.86322428019992,20.8392677794667,6.03754777992825,0,0.00046222325973783,-0.281560075712247,0.11874809254066,True,True,True,data/holdout_improved_001.npz,False,4.25214733240804,0.00182368469585347,0.0219533083686167,0.00175537904345283,0.018355443394594,0.00144215809550282,0.012091132951421,0.00139791674313369,0.00990492756115312,0.00195182417016321,0.00922366853768281,0.00128456282012186,0.00856999339866591,0.00134690906615861,0.00811256400097905,0.00120818360341214,0.00793717942304166,0.000983236151873045,0.00763981790920409,0.00100601615032958,0.00722596540113457,0.00101095832694547,0.0068251517737663,0.000872483063088768,0.00643582632745354,0.000590663356983325,0.00566105146099883,0.000721956331858107,0.00518482141981335,0.000580265179366966,0.00466790446312346,0.000536394434074447,0.00423961352380276,0.000519037213295424,0.00363169497343246,0.00045209268872426,0.00301229848078489,0.000346411352470539,0.00267928066271865,0.000316791870093741,,
holdout_improved_0065,holdout_improved,H065,0,-700,207,400,0.00135,0.0004,0.15,0.1,1.3,0.15,0,0,0,0,1,900,1,0.3,1,5.11357782611755,3.38165954462881,0.172923792628926,3.38608199014311,-1.86517468137026e-15,1.72204498687393,-700.001407574958,1.72204498687393,-0.00140757495796606,20,4.90381303200762,0,7.07980405369149e-14,-0.281575406204865,0.494293709203658,False,True,False,data/holdout_improved_002.npz,False,3.38165954462881,1.95774057678945e-15,0.133212756877005,4.08340075671105e-16,0.0777308557103597,3.47228348793851e-15,0.053141580399919,2.67404241464277e-15,0.0386822597695193,9.49912976238901e-16,0.0288097394783178,1.16068965226162e-15,0.0214522084341979,9.72829603990656e-16,0.0156890919439393,1.37132102301892e-15,0.0110628457534279,9.44815121109011e-17,0.00732344907087373,8.62561491000302e-16,0.0043211363882109,8.99931816802807e-16,0.00196793583773135,4.57068628675697e-16,0.000513261326643402,6.67658222884661e-16,0.00142135445589186,7.16237954403228e-16,0.00235470701208462,2.49571230781505e-16,0.00296930598997221,5.26456458836718e-16,0.00330193690125802,7.43797525807953e-16,0.00340155451749948,6.96405781690433e-17,0.00331593636718722,2.73668266414398e-16,0.0030894087192063,2.0075002188826e-15,,
holdout_improved_0066,holdout_improved,H066,0,-700,253,400,0.00135,0.0004,0.15,0.1,1.3,0.15,0,0,0,0,1,900,1,0.3,1,6.11719117637209,2.76681236492646,0.169251201854053,2.77198617271337,-1.70530256582424e-15,1.72204544324187,-700.001410162074,1.72204544324187,-0.00141016207373923,20,4.03412338330989,0,8.66626854371923e-14,-0.28157540620487,0.483665249427032,False,True,False,data/holdout_improved_002.npz,False,2.76681236492646,1.72400689766456e-15,0.132615409687614,6.85359933124167e-17,0.0766074211905198,4.0797866390706e-15,0.0513658318519473,3.29279619786981e-15,0.0361743727096105,1.15876568989647e-15,0.0255714944879062,1.35615736235699e-15,0.0175746257853181,1.40288584089971e-15,0.0113383185976747,1.50770467392702e-15,0.00645437719133236,1.67709088034776e-16,0.00269542885162219,7.65749165418174e-16,0.000288659266487716,1.16340982925056e-15,0.00211929809220373,4.93400099461779e-16,0.00338970162698584,8.91587591284619e-16,0.00408075059291623,8.95340768859643e-16,0.00430438359664495,2.14365540508477e-16,0.0041686774554322,5.63203053628053e-16,0.00377349054335111,9.42443100232703e-16,0.00320822078168718,3.40753950492359e-17,0.00255048356138939,3.06454246803736e-16,0.00186577792698293,2.39250426327075e-15,,
holdout_improved_0067,holdout_improved,H067,0,700,207,400,0.00135,0.0004,0.15,0.1,1.3,0.15,0,0,0,0,1,900,1,0.3,1,5.11188644092027,3.38165954462199,0.172866595739617,3.38607904742518,1.79412040779425e-15,-1.72204498785531,700.001407573544,-1.72204498785531,0.0014075735437018,20,4.90380821508754,0,7.05553482340809e-14,-0.281575406204865,0.494129122006599,False,True,False,data/holdout_improved_002.npz,False,3.38165954462199,1.02535931735841e-15,0.133199129206169,1.49420106022057e-15,0.0777083008088052,2.40293264974864e-15,0.0531120384889908,3.43755417263246e-15,0.0386473490735284,4.41414792791561e-16,0.0287711361644531,6.28971338111322e-16,0.0214115292865554,1.9669054223689e-15,0.0156478271817618,7.73368707749749e-16,0.0110223252848027,6.1713951247011e-16,0.00728483555757607,4.18011291835652e-16,0.00428547537186003,1.05632022219623e-15,0.00193668313136046,1.27053301035483e-16,0.000511194504671507,7.81011592365485e-16,0.00144365833158303,5.58668236976551e-16,0.00237350343535954,4.15159507656159e-16,0.00298369937794602,4.69214496379621e-16,0.00331190888960713,5.81691150157494e-16,0.00340731345186119,3.2770816246843e-16,0.00331782261469993,2.21855217912259e-16,0.00308785672940556,1.87769789613528e-15,,
holdout_improved_0068,holdout_improved,H068,0,700,253,400,0.00135,0.0004,0.15,0.1,1.3,0.15,0,0,0,0,1,900,1,0.3,1,6.11316372398023,2.76681236491071,0.169139769802321,2.77197935927443,7.8159700933611e-16,-1.72204544577102,700.001410158084,-1.72204544577102,0.00141015808446809,20,4.03411122060184,0,8.59976799110923e-14,-0.28157540620487,0.483346376165401,False,True,False,data/holdout_improved_002.npz,False,2.76681236491071,8.40550824543746e-16,0.132583683074273,1.67961352901824e-15,0.0765567693048603,3.06848993405029e-15,0.0513010627608865,4.19330240869577e-15,0.0361001896349753,4.52058480947673e-16,0.025492611531819,6.96033568125473e-16,0.0174954159386143,1.97095885923204e-15,0.0112626071766052,1.33963155663774e-15,0.00638534982053626,5.88627131253407e-16,0.0026358441922064,4.14732740295802e-16,0.000317430535652997,1.34405738854909e-15,0.00215813061879006,2.48764738106814e-16,0.00341701003187482,8.28693968976649e-16,0.00409698394851298,9.66184817739414e-16,0.00431051840763843,4.14370343864321e-16,0.00416607857634196,6.45836323302623e-16,0.00376379704355883,6.72461964697552e-16,0.0031932342537413,2.8334129892663e-16,0.00253206836118019,6.11816956587138e-17,0.00184579410490105,2.20715156075821e-15,,
holdout_improved_0069,holdout_improved,H069,175,-700,207,400,0.00135,0.0004,0.15,0.1,1.3,0.15,0,0,0,0,1,900,1,0.3,1,4.97739129947955,3.48573485715144,0.173498663502782,3.49005452759664,-1.63424829224823e-15,176.722401505949,-699.570891755672,1.7224015059488,0.429108244328177,20,5.05102511031955,0,7.06072764869246e-14,-0.281575406204865,0.495968327142482,True,True,True,data/holdout_improved_002.npz,False,3.48573485715144,2.52237505313449e-15,0.13331010269527,4.14798873038309e-16,0.0779021570017542,3.67354767066967e-15,0.0533970811889073,2.75833689289298e-15,0.039028061719754,1.50235216470042e-16,0.0292450858836139,5.41810893703366e-16,0.0219683827812317,1.59717663908851e-15,0.0162701131172653,1.34705614250338e-15,0.011687281424158,2.8486366398495e-16,0.00796659629197569,7.07086573835158e-16,0.00495659765693455,9.27638798493244e-16,0.00256339316243328,2.9934676160589e-16,0.000806884536369602,7.74558541802442e-16,0.000991585876658536,7.84271164640979e-16,0.00196389552472827,1.15423783793015e-16,0.00265958359634036,7.42957998444174e-16,0.00308157342801039,5.48077091075922e-16,0.00327114819861254,2.63281820568023e-16,0.00327147230982986,1.49247948112608e-16,0.00312340811344042,1.86606961992596e-15,,
holdout_improved_0070,holdout_improved,H070,175,-700,253,400,0.00135,0.0004,0.15,0.1,1.3,0.15,0,0,0,0,1,900,1,0.3,1,5.95533010584405,2.85196489133971,0.169843923782056,2.85701981992912,-1.20792265079217e-15,176.722403576807,-699.570893376438,1.72240357680676,0.429106623562461,20,4.15456992405562,0,8.56606236276227e-14,-0.28157540620487,0.485365505307992,False,True,False,data/holdout_improved_002.npz,False,2.85196489133971,2.43880598462703e-15,0.132719214314543,2.66423874319181e-16,0.0768035820432767,4.17569000754813e-15,0.0516770929808603,3.17801948664091e-15,0.0366129409652671,6.61281183438858e-16,0.0261331524995095,7.99233531658099e-16,0.0182381428426117,1.92624265560842e-15,0.0120690922469128,1.53873932851026e-15,0.00721014012027097,4.87805062205195e-16,0.00343163776339017,8.99370476090821e-16,0.000632369353921542,1.06984124224615e-15,0.00155398818295167,3.80782006433444e-16,0.00293380266530787,9.25172668928916e-16,0.00375517152709263,8.59597782616689e-16,0.00411428797405888,2.86731110825189e-16,0.00410933282612385,7.175004034498e-16,0.00383230451859492,8.4387064880849e-16,0.00336662132486679,3.94146655042005e-16,0.00278575715875794,3.65730495195369e-17,0.00215263429689555,2.21499847681292e-15,,
holdout_improved_0071,holdout_improved,H071,175,700,207,400,0.00135,0.0004,0.15,0.1,1.3,0.15,0,0,0,0,1,900,1,0.3,1,4.97563944740192,3.48573487219308,0.173437599332684,3.49005148886724,2.1316282072803e-15,173.278312547732,700.431917233726,-1.72168745226759,0.431917233726494,20,5.05099888968128,0,7.03890632563948e-14,-0.281575406204865,0.495792877438036,True,True,True,data/holdout_improved_002.npz,False,3.48573487219308,8.10710800867669e-16,0.133295277028895,1.66971521158338e-15,0.0778779993502973,2.99629601680378e-15,0.053365738607259,2.88866093174632e-15,0.0389914593778584,8.59992058483533e-16,0.0292051577538932,9.96231471517775e-16,0.0219269280955898,1.29181306583624e-15,0.0162287253557999,9.83921561936995e-16,0.0116473272694084,2.65197065309013e-16,0.00792923192474619,6.24620970006726e-16,0.00492284657085254,8.98311849691901e-16,0.00253454225558316,3.30924590259066e-16,0.00079065330480403,7.2489089422439e-16,0.00101253172196538,6.47009071032812e-16,0.00198157506096829,3.2594516225555e-16,0.00267273241023436,3.28653051575833e-16,0.00309036799666489,6.13549985368616e-16,0.00327593269563593,1.19713578464031e-16,0.00327268016724359,5.63151979227726e-17,0.00312153607176888,1.78030728512406e-15,,
holdout_improved_0072,holdout_improved,H072,175,700,253,400,0.00135,0.0004,0.15,0.1,1.3,0.15,0,0,0,0,1,900,1,0.3,1,5.95199448442769,2.85196490528938,0.169748793860637,2.85701415330738,1.4033219031262e-15,173.27831395072,700.431919456079,-1.72168604927975,0.431919456079413,20,4.15454641534109,0,8.60371777024615e-14,-0.28157540620487,0.48509246916903,False,True,False,data/holdout_improved_002.npz,False,2.85196490528938,6.1093365555383e-16,0.13269324564006,1.58418512641415e-15,0.0767617699024634,3.42729356885332e-15,0.051622962581849,3.67047965868079e-15,0.0365499997921611,5.98589784954706e-16,0.0260650421113979,9.36219225048885e-16,0.0181683748585663,1.20599687334124e-15,0.012000864137009,1.57433581806821e-15,0.00714621149926962,3.80028351443177e-17,0.00337430991432268,7.14560637258453e-16,0.000588895203728636,1.09150064994905e-15,0.00159275805528963,3.82899718033287e-16,0.00296364761310751,9.22896538170898e-16,0.00377545193629795,8.08044237531068e-16,0.00412538876758347,4.6745752901727e-16,0.00411208033469891,6.10715624352729e-16,0.00382783279076876,5.71995637231669e-16,0.00335627245704989,4.43227344296415e-16,0.00277099022878303,1.64003146546187e-16,0.00213494381361982,2.03154341195958e-15,,
ablation_0001,ablation,A_low_no_dead,350,0,230,400,0.0015,0.0002,0.15,0.1,0,0.25,0,0,0,0,0,300,0,0.3,1,0.000112021074515432,1.52174676989636,1.70467708304179e-06,1.52174676989732,-7.99360577730113e-17,350.000697993504,0.861022915626996,0.000697993504275018,0.861022915626996,20,2.15207047469693,0,1.08853962861544e-13,-0.281575406204869,4.8691812431798e-06,True,True,True,data/ablation_000.npz,False,1.52174676989636,1.82714713605157e-15,1.70467708304122e-06,1.57323402872498e-15,1.39502894656715e-12,6.94261875003892e-15,3.11836120331356e-15,6.32589180558399e-15,2.1695964098348e-15,1.15205610656521e-15,2.8247997678351e-16,1.292074539525e-15,7.92414915845025e-16,2.23508255414942e-15,4.38036165996701e-16,1.63429918013224e-15,1.6965782363052e-16,4.2350309057448e-16,9.41174011172274e-16,5.75063748163703e-16,1.34441322605208e-15,1.22000574501461e-15,4.4616772956361e-16,2.96573504880408e-16,8.76316378078808e-16,8.13560519256719e-16,2.64762123281341e-15,8.33457387021768e-16,1.72276418079195e-15,2.82929458715345e-16,4.32672898658739e-16,4.65067532770017e-16,5.40782157780706e-16,6.78115220536059e-16,8.2535218317419e-16,1.28370865710143e-16,5.55092678523395e-16,1.85387233877341e-16,3.62298779402525e-16,1.91263460795403e-15,,
ablation_0002,ablation,A_low_base,350,0,230,400,0.0015,0.0002,0.15,0.1,1,0.25,0,0,0,0,0,300,0,0.3,1,36.309276362526,1.52174654431673,0.55253515831315,1.61895273621951,2.96406099664637e-11,350.000646156685,0.861003951170282,0.000646156684581456,0.861003951170282,20,2.87980904859787,0,2.36516402851176e-11,-0.281575406204869,1.57867269739224,False,True,False,data/ablation_000.npz,False,1.52174654431673,2.44785383248009e-10,0.547424088125883,9.06970356602668e-11,0.0280535814136899,4.0275222632263e-11,0.063499923950729,3.11213455544743e-11,0.0161183057096056,3.06100308349378e-11,0.0180341133562368,1.44997515240994e-11,0.00982534939918976,1.38764326055282e-11,0.00715745720694282,8.1784295994776e-12,0.00562981090808793,1.13712147973846e-11,0.00370581874788498,9.91816585054582e-12,0.00321106983146724,7.25073231489446e-12,0.0022503935558613,4.45087093833469e-12,0.00188360696995942,3.86343775084592e-12,0.00143973024960883,5.14236577114915e-12,0.00115531162854359,4.90448135574758e-12,0.000931076399910544,3.48238836071999e-12,0.000738309650436449,1.58110986412769e-12,0.000605378380771004,1.73172030402613e-12,0.000484363389020016,2.67408143277979e-12,0.000397100872380038,2.67286186924922e-12,,
ablation_0003,ablation,A_low_bw_only,350,0,230,400,0.0015,0.0002,0.15,0.1,1,0.25,0,0,0,0,0,900,0,0.3,1,20.9736953960678,1.52174663864885,0.319166504690111,1.55485693751101,4.44089209850063e-17,350.000667825633,0.861015132366558,0.000667825633115626,0.861015132366558,20,2.48791099244067,0,6.77235416791221e-14,-0.281575406204869,0.911904326735312,False,True,False,data/ablation_000.npz,False,1.52174663864885,6.85016022167888e-16,0.308205903265126,1.05820939506532e-15,0.0802717391100704,1.83038330856622e-15,0.00112921312096883,1.93125194972939e-15,0.017390476967068,1.41603338867596e-15,0.0102645899672561,1.07798560995648e-15,0.00154470730724706,1.05312117667802e-15,0.00344945556348185,7.23995058215913e-16,0.00258623847177652,3.0102085202834e-16,0.000808334480388557,2.36451427621146e-16,0.000993571672669425,7.79232912118668e-16,0.000837177261717554,3.99638716763517e-16,0.000384313675958351,4.14605883110511e-16,0.000352812007758188,3.98045770191899e-16,0.000309928427069524,4.71898066070131e-16,0.000178095826695157,2.70723241157925e-16,0.000142493612444607,4.14380983966908e-16,0.000124363154149718,3.14566313343161e-16,8.1812829982795e-05,7.77325160315151e-16,6.18900883000253e-05,1.3470748911806e-15,,
ablation_0004,ablation,A_low_comp_only,350,0,230,400,0.0015,0.0002,0.15,0.1,1,0.25,0,0,0,0,0,300,1,0.3,1,1.89739707450105,1.52174676204026,0.0288735785442664,1.52202066096443,0,350.000696183939,0.86102399511225,0.000696183939453476,0.86102399511225,20,2.16102894136786,0,9.86523818235892e-14,-0.281575406204869,0.0824959923629042,True,True,True,data/ablation_000.npz,False,1.52174676204026,2.18716806472854e-15,0.0208457613361525,2.644416105174e-15,0.01572354325742,5.35200908233143e-15,0.010360484247428,5.06885999007559e-15,0.00588576919558171,2.13019967452284e-15,0.00276854291214655,1.39338572102857e-15,0.000974323056819566,2.68987935604082e-15,0.000464920063424119,1.98637634835353e-15,0.000595808271343025,4.75431150870341e-16,0.000578295619898016,4.42130889136375e-16,0.000458306022779606,1.21153340996881e-15,0.000322117171517151,3.53254698182906e-16,0.000213232163215804,5.57225220601636e-16,0.000143155617116675,6.8686847280488e-16,0.000104154252058598,4.37553649059042e-16,8.14686800008016e-05,4.01226147683853e-16,6.48012704298746e-05,6.26290444447044e-16,5.06323644412873e-05,2.25136124744592e-16,3.86314271440938e-05,4.1053557425057e-16,2.90124667670561e-05,1.58724654342143e-15,,
ablation_0005,ablation,A_low_combined,350,0,230,400,0.0015,0.0002,0.15,0.1,1,0.25,0,0,0,0,0,900,1,0.3,1,1.2037277074671,1.5217467666259,0.0183176874673606,1.52185701031577,8.08242361927114e-16,350.000697239456,0.861023663704095,0.000697239456030729,0.861023663704095,20,2.1544511102041,0,7.45599083890537e-14,-0.281575406204869,0.0523362839655266,True,True,True,data/ablation_000.npz,False,1.5217467666259,1.2204400289393e-15,0.0105089101151693,9.06919863546169e-16,0.00981863787931772,2.85067143001384e-15,0.0082556815728518,2.96024389276106e-15,0.00615139678972161,1.11192317904295e-15,0.00402818296420478,8.52483501609976e-16,0.00226394133606749,1.79912912774255e-15,0.00100969781513578,1.5242043395651e-15,0.000243067647081433,2.89596433407282e-16,0.000145741517887128,2.38580294316203e-16,0.000285038707423631,1.16901603369494e-15,0.0002852266232385,2.84509150226023e-16,0.000224579380142545,5.64853448768204e-16,0.000150657188284835,6.1891581245994e-16,8.76190544608153e-05,3.42154990936498e-16,4.50049518894938e-05,3.97211548218649e-16,2.53400204358838e-05,7.0869371308498e-16,2.21609099689644e-05,2.65510544011977e-16,2.13659129959387e-05,4.66904106688658e-16,1.85547553572831e-05,1.72687170650534e-15,,
ablation_0006,ablation,A_Q_no_dead,350,700,230,400,0.0015,0.0002,0.15,0.1,0,0.25,0,0,0,0,0,300,0,0.3,1,6.5964286408341e-05,3.4027292259193,2.24458605228574e-06,3.40272922592005,2.38031816479634e-15,348.278654933161,700.86241852485,-1.72134506683898,0.862418524849659,20,4.81218307805656,0,1.08448506423337e-13,-0.281575406204869,6.41396712755015e-06,True,True,True,data/ablation_000.npz,False,3.4027292259193,4.23341631654477e-16,2.24458605228488e-06,2.16149224934981e-15,1.96042384466834e-12,6.5843991184018e-15,2.1968365875023e-15,6.27640957071033e-15,2.14181387455209e-15,1.22582777219514e-15,3.75207712709488e-16,1.36622048469506e-15,6.62975783470683e-16,2.3418955724405e-15,1.05551700913652e-15,1.66466890076913e-15,3.75142693076552e-16,3.96432916685271e-16,1.21245880195671e-15,4.46542541399337e-16,1.3193838665063e-15,1.22320890359573e-15,5.40671757080099e-16,2.63870717858274e-16,7.06260995651516e-16,8.46193606664916e-16,2.76716648776429e-15,7.45172292510584e-16,1.72531012623319e-15,2.80219480196012e-16,3.00791000274868e-16,4.72650219417198e-16,4.04394005194576e-16,6.56565637640373e-16,7.74262177588793e-16,1.52530892109333e-16,6.8290936524477e-16,1.42134372849177e-16,3.4210615008306e-16,1.89096602797271e-15,,
ablation_0007,ablation,A_Q_base,350,700,230,400,0.0015,0.0002,0.15,0.1,1,0.25,0,0,0,0,0,300,0,0.3,1,25.9984656868036,3.40272953762688,0.884657471254658,3.51584872673497,2.64677169070637e-15,348.278730161335,700.862461198503,-1.72126983866542,0.862461198502729,20,5.75728321051711,0,9.85893815654221e-14,-0.281575406204869,2.52760104551111,False,True,False,data/ablation_000.npz,False,3.40272953762688,2.79609497255907e-16,0.855578549215215,2.80115458496179e-15,0.212550052842392,6.01098324249295e-15,0.0287188561835391,6.40810679825749e-15,0.0499580293317863,1.34993371074527e-15,0.0365036751204582,1.61944121009757e-15,0.0167094920021377,1.79942019805659e-15,0.0121561098639803,1.86777423645992e-15,0.0121316533590959,2.87522374911774e-16,0.00875275928978689,8.50447527110315e-16,0.00590730245480646,1.15198454815571e-15,0.00528150986752051,2.3304224206352e-16,0.00459802641971343,7.16141760144879e-16,0.00351998442606218,8.68466150345856e-16,0.00286694473731493,5.00877326913011e-16,0.00254695756334961,4.20000951019508e-16,0.00214593929238923,6.7697081585709e-16,0.00175988202400688,3.57376229467686e-16,0.00151981347774302,3.37852132904947e-16,0.00132658622811409,1.46993331137736e-15,,
ablation_0008,ablation,A_Q_bw_only,350,700,230,400,0.0015,0.0002,0.15,0.1,1,0.25,0,0,0,0,0,900,0,0.3,1,13.1645926078539,3.40272935962676,0.447955457742699,3.4320885784445,2.96651592179842e-15,348.278691497818,700.862434695264,-1.7213085021815,0.862434695264255,20,5.19586644813858,0,7.81726792618294e-14,-0.281575406204869,1.2798753619908,False,True,False,data/ablation_000.npz,False,3.40272935962676,7.55821568101874e-16,0.395502447237116,1.90129519790461e-15,0.186139850997129,3.07651394813745e-15,0.0890233196505126,3.41071809745679e-15,0.0359517709486488,6.80080977446765e-16,0.00789408468165391,1.13306728157671e-15,0.00698233201528332,1.45830809887381e-15,0.0105558637458089,1.13411872822022e-15,0.00934533272783189,4.64147800233588e-16,0.00617672854048645,6.25269996168196e-16,0.00308411369249115,9.66968244914851e-16,0.0016911848102119,2.46878153093585e-16,0.00205632896722949,8.83653136504502e-16,0.00217693550636156,8.01509006406032e-16,0.00180367903593859,3.62400733212577e-16,0.00124136309185289,2.57386504918083e-16,0.000819187447096308,6.27572751467148e-16,0.000701810443907456,4.55895896764127e-16,0.000701174911431485,1.29917580192408e-16,0.000639562950909444,1.98959456394515e-15,,
ablation_0009,ablation,A_Q_comp_only,350,700,230,400,0.0015,0.0002,0.15,0.1,1,0.25,0,0,0,0,0,300,1,0.3,1,0.89437116471983,3.40272922421152,0.0304330289948426,3.40286535657333,3.73034936274053e-15,348.278656364673,700.862417374874,-1.72134363532734,0.862417374874212,20,4.8160834797242,0,1.0749632479758e-13,-0.281575406204869,0.0869652364915536,True,True,True,data/ablation_000.npz,False,3.40272922421152,1.47398037004903e-15,0.0181648230847503,1.93005393328973e-15,0.0149545226136954,5.77060416138826e-15,0.0119856573150198,6.826834485566e-15,0.00949551091213086,6.62997865883456e-16,0.00747642727357851,1.37280168842285e-15,0.00585064599901706,1.93307835134147e-15,0.00454218945835836,1.33627141459723e-15,0.00349084964177164,4.79718266584888e-16,0.00265060125947038,6.27502058194632e-16,0.00198568156857171,1.3525196904885e-15,0.00146747624869607,2.00402149282242e-16,0.00107253350215761,7.8085583069463e-16,0.000781319277035697,9.62645396866564e-16,0.000577060988299195,2.16764855097695e-16,0.000443876109018297,3.12250260321474e-16,0.000364316937631747,7.90115016481345e-16,0.000319183766414811,2.16024282175388e-16,0.000291488408604389,1.07639378996035e-16,0.000270133822851433,1.79138224829192e-15,,
ablation_0010,ablation,A_Q_combined,350,700,230,400,0.0015,0.0002,0.15,0.1,1,0.25,0,0,0,0,0,900,1,0.3,1,0.579861885553909,3.40272922406053,0.0197311298389313,3.40278645009104,2.75335310107039e-15,348.278655422051,700.862417804512,-1.72134457794891,0.862417804511892,20,4.81234948315052,0,7.95705410645397e-14,-0.281575406204869,0.0563844418846488,True,True,True,data/ablation_000.npz,False,3.40272922406053,1.00846739159188e-15,0.00861302625569554,1.51820254595672e-15,0.00822765057539195,2.75185436533348e-15,0.00770548753082604,3.77276358709942e-15,0.00706182428882231,5.23988430808111e-16,0.00633417919786055,9.49243196891913e-16,0.00556190126187373,1.63925027932623e-15,0.00478182814330158,1.06010392014407e-15,0.00402547279074677,5.61964575142045e-16,0.00331738592259645,4.21610376975405e-16,0.00267464651132802,1.27639568617783e-15,0.00210726025681875,2.00437508426012e-16,0.00161915781033612,7.53293626193932e-16,0.00120949493922667,8.59104955379428e-16,0.000874027659805749,2.67087269710983e-16,0.000606437185768873,3.466045538931e-16,0.000399620657050228,7.14239253749683e-16,0.000247253798813984,2.19142082912633e-16,0.00014664409944693,5.06998719754738e-17,0.000101688694692443,2.03596703683364e-15,,
constant_S_phase_0001,constant_S_phase,S350_angle-90,2.14313189850787e-14,-350,230,400,0.0015,0.0002,0.15,0.1,1,0.25,0,0,0,0,0,300,0,0.3,1,36.3674090957531,1.52174699496524,0.553419955061338,1.6192553480265,1.26743056050316e-10,0.861041280548936,-350.000749714324,0.861041280548915,-0.000749714323831085,20,2.88034865459077,0,1.44381569695972e-11,-0.281575406204869,1.58120069445225,False,True,False,data/constant_S_phase_000.npz,False,1.52174699496524,5.75331788303275e-11,0.548312301054298,7.6613924719232e-11,0.0278464351336797,3.94197174801528e-11,0.0635980172429251,1.54828433493475e-11,0.0162165533638213,1.54201875598241e-11,0.018028914797561,1.56354887974177e-11,0.00988110218515657,5.27369073809689e-12,0.00714983110520232,8.91499716059251e-12,0.00565333025353238,7.95805698824528e-12,0.00370923115979908,4.41878767601533e-12,0.00321993302655696,4.31530280064489e-12,0.00225718988238686,5.18808456977959e-12,0.00188755561938069,3.21616604348056e-12,0.00144520551716647,1.99934803422188e-12,0.00115807525736026,3.33737894714337e-12,0.00093464309953368,2.47564461642784e-12,0.000740657889215966,9.01141479654391e-13,0.000607657187190525,1.990042111924e-12,0.000486256985501741,1.94599025342801e-12,0.000398656092315319,6.04681735129969e-13,,
constant_S_phase_0002,constant_S_phase,S350_angle-90,2.14313189850787e-14,-350,230,400,0.0015,0.0002,0.15,0.1,1,0.25,0,0,0,0,0,900,1,0.3,1,1.15005695850878,1.52174677224981,0.0175009546451416,1.52184740456219,-8.92619311798626e-16,0.861020876394556,-350.000698539815,0.861020876394535,-0.000698539815005006,20,2.1545290250904,0,7.99236575004319e-14,-0.281575406204869,0.0500027689001763,True,True,True,data/constant_S_phase_000.npz,False,1.52174677224981,1.16929026176562e-15,0.00973181699915477,3.27273038364075e-16,0.00934966764267296,3.48135556249988e-15,0.00802398415031728,3.16320309203984e-15,0.00607040971821554,7.68334391966113e-16,0.00402722922630822,9.52847154346088e-16,0.00229536766072512,1.49352889107614e-15,0.00104640156818098,1.38160108910233e-15,0.000273890250534489,2.66390281222775e-16,0.000132758144160411,6.83046698310195e-16,0.000279089694176481,1.10906885857147e-15,0.000285663039866639,3.90504175428395e-16,0.00022871691292995,7.52230300622584e-16,0.000156318728455078,8.50862220088796e-16,9.34312580073849e-05,2.47062243824565e-16,5.01970929650671e-05,5.21864299884284e-16,2.9000465950546e-05,7.47602236403014e-16,2.39518379506032e-05,1.63147833989653e-16,2.24188401844294e-05,1.66853159397763e-16,1.94401678099582e-05,2.10175662860095e-15,,
constant_S_phase_0003,constant_S_phase,S350_angle-75,90.5866657858823,-338.074039201174,230,400,0.0015,0.0002,0.15,0.1,1,0.25,0,0,0,0,0,300,0,0.3,1,36.3654738805478,1.52174692133295,0.553390479205375,1.6192452049461,1.5115725560122e-10,91.4185800540647,-337.851887013695,0.831914268182473,0.222152187478969,20,2.88039745720287,0,1.81258222423712e-11,-0.281575406204869,1.58111647753979,False,True,False,data/constant_S_phase_000.npz,False,1.52174692133295,6.91576222873668e-11,0.548282808791718,1.04835838497933e-10,0.0278526792665448,5.06023884369423e-11,0.0635942066782928,2.51547108079002e-11,0.0162132813870979,2.85185191862198e-11,0.0180291139225659,1.18759602563919e-11,0.00987918956686077,1.27960937556585e-11,0.0071501471124268,1.70486386255349e-11,0.00565253547231777,1.08274664518735e-12,0.0037091460968493,1.14878249417669e-11,0.00321964882010296,7.9733878164976e-12,0.00225697539150745,3.41066393258997e-12,0.00188743902058813,8.71762808898182e-12,0.00144503169904396,2.96284160239636e-12,0.00115799519976609,5.04211999786176e-12,0.00093453243845141,5.65477418896136e-12,0.000740588341846798,1.23321374782676e-12,0.000607588591770909,4.89550411040772e-12,0.000486200380288867,3.18678243626084e-12,0.000398610274506748,2.47213400756483e-12,,
constant_S_phase_0004,constant_S_phase,S350_angle-75,90.5866657858823,-338.074039201174,230,400,0.0015,0.0002,0.15,0.1,1,0.25,0,0,0,0,0,900,1,0.3,1,1.1655293127189,1.52174677187484,0.0177364046915548,1.52185013002451,-9.81437153768638e-16,91.4185294176985,-337.851865103693,0.831863631816191,0.222174097480718,20,2.15453020259762,0,7.96717846297893e-14,-0.281575406204869,0.0506754816622769,True,True,True,data/constant_S_phase_000.npz,False,1.52174677187484,1.47218398246322e-15,0.00993910486214773,2.16595034717734e-16,0.0094828905003055,3.50274354112712e-15,0.00809848017291465,3.06689254789562e-15,0.00610551599515198,7.3353635820912e-16,0.00403900515377572,7.56936375344046e-16,0.00229522707736599,1.63760062473326e-15,0.00104145491891038,1.41088515644057e-15,0.000267439722272291,4.08732638007426e-16,0.00013469773292835,6.36880211231363e-16,0.000280871052275633,1.06470095084733e-15,0.000286290655912718,3.59473958168011e-16,0.000228454475333492,7.86719445576137e-16,0.000155527889014773,7.86062968108413e-16,9.24041198792569e-05,3.06364749021748e-16,4.9146589756441e-05,5.03744885525118e-16,2.8196082339963e-05,7.37087598160033e-16,2.35609040397953e-05,2.36912155926108e-16,2.22217784215806e-05,8.63176543461487e-17,1.92896603830153e-05,2.12053420103075e-15,,
constant_S_phase_0005,constant_S_phase,S350_angle-45,247.487373415292,-247.487373415292,230,400,0.0015,0.0002,0.15,0.1,1,0.25,0,0,0,0,0,300,0,0.3,1,36.3505150435695,1.52174668321718,0.553162757007881,1.61916716911769,8.78356409828029e-11,248.096724395238,-246.878981173646,0.609350979946782,0.608392241646015,20,2.88026605758848,0,2.4509166212237e-11,-0.281575406204869,1.58046584108142,False,True,False,data/constant_S_phase_000.npz,False,1.52174668321718,1.95206311207542e-10,0.548054265881531,1.46751947845896e-10,0.0279057907344739,4.15582174398655e-11,0.0635686650872516,6.20334748377183e-11,0.0161877504874662,3.5893129316824e-11,0.0180306103997925,3.12665688091402e-11,0.0098647239850144,3.18816069999361e-11,0.00715221240563945,1.50628398344413e-11,0.00564646962587216,2.68259531787914e-11,0.00370829063263707,7.65336271199112e-12,0.00321738943167383,2.13579007262261e-11,0.00225522836946265,7.68612335197294e-12,0.00188644424044755,1.6138604480552e-11,0.00144362716068242,9.44566046694382e-12,0.00115729712876157,1.16518552824583e-11,0.00093362211541956,1.02742197961177e-11,0.000739991678206799,8.27991686673688e-12,0.000607009635893297,1.00987672416638e-11,0.000485718450092895,6.31430612543046e-12,0.000398215953764,9.24339894525845e-12,,
constant_S_phase_0006,constant_S_phase,S350_angle-45,247.487373415292,-247.487373415292,230,400,0.0015,0.0002,0.15,0.1,1,0.25,0,0,0,0,0,900,1,0.3,1,1.19117051417765,1.52174676960792,0.0181265988200204,1.52185472528176,9.14823772291129e-16,248.096702174535,-246.879031673577,0.609328759243368,0.608341741714725,20,2.15448646428814,0,7.71089776966081e-14,-0.281575406204869,0.0517903190282457,True,True,True,data/constant_S_phase_000.npz,False,1.52174676960792,1.95470985952717e-15,0.0102946591218041,5.32194547985947e-16,0.00970503231139638,3.06265774647608e-15,0.00821598381982253,2.65240621956553e-15,0.0061544748440409,2.4610563143404e-16,0.00404940173831006,7.85980543384256e-16,0.00228788441538844,1.70154779951964e-15,0.00102881373089796,1.34618561836818e-15,0.000255151660411082,3.14568249509777e-16,0.000140223752979977,2.76991354314635e-16,0.000284035596055776,8.12563270984594e-16,0.000286870905661772,6.318767942147e-16,0.000227360596872798,7.99375509657623e-16,0.000153598760792451,5.06699929472827e-16,9.02214085920738e-05,1.92953353975209e-16,4.70779787863805e-05,7.91285719425978e-16,2.66907253841831e-05,6.19265925802932e-16,2.28410709452101e-05,1.34395673819832e-16,2.18283601032962e-05,1.14463234771754e-16,1.89675270942942e-05,2.0750080548568e-15,,
constant_S_phase_0007,constant_S_phase,S350_angle0,350,0,230,400,0.0015,0.0002,0.15,0.1,1,0.25,0,0,0,0,0,300,0,0.3,1,36.309276362526,1.52174654431673,0.55253515831315,1.61895273621951,2.96406099664637e-11,350.000646156685,0.861003951170282,0.000646156684581456,0.861003951170282,20,2.87980904859787,0,2.36516402851176e-11,-0.281575406204869,1.57867269739224,False,True,False,data/constant_S_phase_000.npz,False,1.52174654431673,2.44785383248009e-10,0.547424088125883,9.06970356602668e-11,0.0280535814136899,4.0275222632263e-11,0.063499923950729,3.11213455544743e-11,0.0161183057096056,3.06100308349378e-11,0.0180341133562368,1.44997515240994e-11,0.00982534939918976,1.38764326055282e-11,0.00715745720694282,8.1784295994776e-12,0.00562981090808793,1.13712147973846e-11,0.00370581874788498,9.91816585054582e-12,0.00321106983146724,7.25073231489446e-12,0.0022503935558613,4.45087093833469e-12,0.00188360696995942,3.86343775084592e-12,0.00143973024960883,5.14236577114915e-12,0.00115531162854359,4.90448135574758e-12,0.000931076399910544,3.48238836071999e-12,0.000738309650436449,1.58110986412769e-12,0.000605378380771004,1.73172030402613e-12,0.000484363389020016,2.67408143277979e-12,0.000397100872380038,2.67286186924922e-12,,
constant_S_phase_0008,constant_S_phase,S350_angle0,350,0,230,400,0.0015,0.0002,0.15,0.1,1,0.25,0,0,0,0,0,900,1,0.3,1,1.2037277074671,1.5217467666259,0.0183176874673606,1.52185701031577,8.08242361927114e-16,350.000697239456,0.861023663704095,0.000697239456030729,0.861023663704095,20,2.1544511102041,0,7.45599083890537e-14,-0.281575406204869,0.0523362839655266,True,True,True,data/constant_S_phase_000.npz,False,1.5217467666259,1.2204400289393e-15,0.0105089101151693,9.06919863546169e-16,0.00981863787931772,2.85067143001384e-15,0.0082556815728518,2.96024389276106e-15,0.00615139678972161,1.11192317904295e-15,0.00402818296420478,8.52483501609976e-16,0.00226394133606749,1.79912912774255e-15,0.00100969781513578,1.5242043395651e-15,0.000243067647081433,2.89596433407282e-16,0.000145741517887128,2.38580294316203e-16,0.000285038707423631,1.16901603369494e-15,0.0002852266232385,2.84509150226023e-16,0.000224579380142545,5.64853448768204e-16,0.000150657188284835,6.1891581245994e-16,8.76190544608153e-05,3.42154990936498e-16,4.50049518894938e-05,3.97211548218649e-16,2.53400204358838e-05,7.0869371308498e-16,2.21609099689644e-05,2.65510544011977e-16,2.13659129959387e-05,4.66904106688658e-16,1.85547553572831e-05,1.72687170650534e-15,,
constant_S_phase_0009,constant_S_phase,S350_angle45,247.487373415292,247.487373415292,230,400,0.0015,0.0002,0.15,0.1,1,0.25,0,0,0,0,0,300,0,0.3,1,36.2677412901512,1.52174685607528,0.551903212852392,1.61873745987715,-3.92835453055795e-11,246.879082985758,248.096679170418,-0.608290429533952,0.609305755126314,20,2.87924849211766,0,1.68014635776869e-11,-0.281575406204869,1.57686713437288,False,True,False,data/constant_S_phase_000.npz,False,1.52174685607528,9.47504572178257e-11,0.546789106611651,1.03241901569052e-10,0.0282070876593813,3.68920067184559e-11,0.0634314263699608,5.55135630255454e-11,0.016050111867833,3.83270597699534e-11,0.0180371727790081,4.14996271196675e-11,0.00978630470260014,3.45505597894942e-11,0.00716255847276487,3.31799470632628e-11,0.00561315592333379,2.9223905564203e-11,0.00370340928958625,2.65700265643073e-11,0.00320468570931286,2.35842939454607e-11,0.0022456195244552,2.08258666717362e-11,0.00188072854492164,1.83197422889105e-11,0.00143585145487821,1.59257950087557e-11,0.00115331509164796,1.39042795855064e-11,0.000928526826937949,1.2092717331355e-11,0.000736628444512772,1.06742557875257e-11,0.000603739347224679,9.54520084088053e-12,0.000483009356807123,8.77128239200272e-12,0.000395980521556356,8.25339057568564e-12,,
constant_S_phase_0010,constant_S_phase,S350_angle45,247.487373415292,247.487373415292,230,400,0.0015,0.0002,0.15,0.1,1,0.25,0,0,0,0,0,900,1,0.3,1,1.1787640596788,1.52174676934916,0.0179378039964111,1.52185248801263,9.14823772291129e-16,246.879032824192,248.096700945605,-0.608340591100045,0.609327530312981,20,2.1544436831659,0,7.6081552119465e-14,-0.281575406204869,0.0512509030785533,True,True,True,data/constant_S_phase_000.npz,False,1.52174676934916,1.59678378166572e-16,0.0102349133453719,1.17337149685669e-15,0.00961197334239442,2.97780680522907e-15,0.00811130685170366,3.33379831616661e-15,0.00605851666507042,9.36096590712188e-16,0.00397444235856194,8.36071606899071e-16,0.00223746297520289,1.55841431823243e-15,0.00100035099296573,1.18698093657462e-15,0.000243100940806387,5.21994111445699e-16,0.000141560849637143,3.73766850062876e-16,0.000279975675619839,1.25037755976037e-15,0.000280900625479543,1.59413678986888e-16,0.000221585281250174,8.82017820891836e-16,0.000148998652194682,8.58028594263699e-16,8.70253979973187e-05,2.31508233851581e-16,4.51046921540159e-05,5.25687856837657e-16,2.56074436070488e-05,8.07789055922807e-16,2.21518484672659e-05,2.73054971347756e-16,2.12035915379818e-05,2.28781802799126e-16,1.83881446796583e-05,1.84437372926611e-15,,
constant_S_phase_0011,constant_S_phase,S350_angle75,90.5866657858823,338.074039201174,230,400,0.0015,0.0002,0.15,0.1,1,0.25,0,0,0,0,0,300,0,0.3,1,36.2524567229075,1.52174700773298,0.551670675410539,1.61865833410645,-9.02996610818718e-11,89.7551862090925,338.297612756672,-0.831479576789732,0.22357355549849,20,2.87896190739787,0,1.17906185470263e-11,-0.281575406204869,1.57620274006219,False,True,False,data/constant_S_phase_000.npz,False,1.52174700773298,3.22688955125169e-11,0.546555064761396,7.38182964362831e-11,0.0282680306129724,4.59232260347586e-11,0.0634071584103788,1.35690646389348e-11,0.0160256367553136,1.55808524431532e-12,0.0180384202382444,1.54404771652195e-11,0.00977219929474896,1.46867657772869e-11,0.00716450055635583,1.13370331536337e-11,0.00560713188008885,2.96109115427998e-12,0.00370260339767511,3.95714241074839e-12,0.00320238210908406,7.89068376426826e-12,0.00224392567471117,7.61588622972174e-12,0.00187969854906924,4.60624549402956e-12,0.00143446316490803,1.72360156525992e-12,0.00115260500142146,3.74827757267959e-12,0.000927612177058548,5.01928423164605e-12,0.000736029908440474,4.31676534243782e-12,0.000603151699606865,2.49511346575681e-12,0.000482526034399075,2.0426105056319e-12,0.00039557947549535,3.13134109388919e-12,,
constant_S_phase_0012,constant_S_phase,S350_angle75,90.5866657858823,338.074039201174,230,400,0.0015,0.0002,0.15,0.1,1,0.25,0,0,0,0,0,900,1,0.3,1,1.14812476464733,1.52174677188564,0.0174715515432403,1.5218470663325,1.27453603226968e-15,89.7551645022283,338.297562394196,-0.831501283653921,0.22352319302172,20,2.15447743094875,0,7.95827832820273e-14,-0.281575406204869,0.0499187552551649,True,True,True,data/constant_S_phase_000.npz,False,1.52174677188564,3.42913838646285e-16,0.00985252610065806,8.94690701180375e-16,0.00935255103677066,2.95835995866354e-15,0.00795345908094537,3.58925623101035e-15,0.0059734447355079,5.02342875193523e-16,0.00393626914805199,8.00211767335031e-16,0.0022263080859952,1.3608670328894e-15,0.00100258342954223,1.25330825818954e-15,0.000250797708474277,1.69049424141944e-16,0.000135954098140457,6.81905156754943e-16,0.00027516874197678,9.61711814963904e-16,0.000278066378431203,3.42208308906794e-16,0.000220531556205744,9.53384437300254e-16,0.00014922206442789,7.19318536335574e-16,8.80164580532792e-05,3.96733225089823e-16,4.64216102729423e-05,4.88132226835639e-16,2.66644000067973e-05,5.65790247583827e-16,2.25709472477227e-05,2.85692971758388e-16,2.13408654905466e-05,1.19581830810889e-17,1.84823019389216e-05,1.97758995328168e-15,,
constant_S_phase_0013,constant_S_phase,S350_angle90,2.14313189850787e-14,350,230,400,0.0015,0.0002,0.15,0.1,1,0.25,0,0,0,0,0,300,0,0.3,1,36.2503999936876,1.52174699409676,0.551639372251994,1.61864765279241,-7.30695903783385e-11,-0.861041162781556,350.000749514863,-0.861041162781577,0.0007495148628891,20,2.87890871137162,0,8.46114665364305e-12,-0.281575406204869,1.57611330227715,False,True,False,data/constant_S_phase_000.npz,False,1.52174699409676,3.31660270660912e-11,0.546523345863566,4.40946481463331e-11,0.0282784736238457,2.28754084799288e-11,0.063404595329388,8.83766165794369e-12,0.0160225472151851,8.88913869710896e-12,0.0180387241759387,9.02272837974703e-12,0.00977043132417036,3.06743277484427e-12,0.00716480816993358,5.11035196174788e-12,0.00560638919201711,4.58486927267512e-12,0.00370252862965568,2.57970540504284e-12,0.00320210745345816,2.4509209199187e-12,0.00224372463363945,2.98479667134642e-12,0.00187958046403327,1.87494786022233e-12,0.00143429559262827,1.12990416897504e-12,0.00115252329680349,1.90661059388563e-12,0.000927502134593073,1.44032362578652e-12,0.00073595945964196,5.19228397656514e-13,0.000603081460368537,1.1241358757345e-12,0.000482468388895568,1.12534937856046e-12,0.0003955316797349,3.6570731513152e-13,,
constant_S_phase_0014,constant_S_phase,S350_angle90,2.14313189850787e-14,350,230,400,0.0015,0.0002,0.15,0.1,1,0.25,0,0,0,0,0,900,1,0.3,1,1.13176280130368,1.5217467721968,0.0172225638977628,1.52184422851249,4.44089209850063e-16,-0.861020876853056,350.000698527623,-0.861020876853077,0.000698527622830625,20,2.15447086015958,0,7.97899981924832e-14,-0.281575406204869,0.049207363426693,True,True,True,data/constant_S_phase_000.npz,False,1.5217467721968,3.7900930539134e-16,0.00963898731857818,1.13467045345953e-15,0.0092128487495617,3.02467387155902e-15,0.00787268684965858,3.55233926185817e-15,0.0059331305032587,6.0422119705324e-16,0.00392069357216845,7.69490329126363e-16,0.00222400827244047,1.69029302637648e-15,0.00100617710122932,1.26939420340387e-15,0.000256600526546297,3.36663117923948e-16,0.000133694099679232,4.05234729788279e-16,0.000273098335080055,1.15274918497794e-15,0.000277112611070926,2.7603061472735e-16,0.000220498093485463,7.96219603738159e-16,0.000149779909913204,8.29786755668661e-16,8.88774771336665e-05,3.26613608503864e-16,4.73596169123773e-05,5.02047645196356e-16,2.73856887725551e-05,7.11982663816987e-16,2.28989127751519e-05,1.71574785810496e-16,2.14905375760953e-05,1.32739557012505e-16,1.85948285084636e-05,2.14523663185692e-15,,
constant_S_phase_0015,constant_S_phase,S700_angle-90,4.28626379701574e-14,-700,230,400,0.0015,0.0002,0.15,0.1,1,0.25,0,0,0,0,0,300,0,0.3,1,27.560160914909,3.0434938768361,0.838791809891433,3.15696537162255,1.04805053524615e-15,1.72207060019804,-700.001473446287,1.72207060019799,-0.00147344628726387,20,5.22435544617944,0,1.06930011946331e-13,-0.281575406204869,2.39655429397283,False,True,False,data/constant_S_phase_000.npz,False,3.0434938768361,2.20584880508876e-15,0.816766253815371,1.24574448581934e-15,0.176261401819871,6.51173229460671e-15,0.0331267855820133,6.19716130420434e-15,0.0523534717856314,5.54931190148281e-16,0.0304940311189296,1.51296793571483e-15,0.0130937833368491,1.62761938010702e-15,0.0134362987988941,1.85340362652778e-15,0.0111306898244091,3.00218948058608e-16,0.00694535662096676,1.19714618689426e-15,0.00567367154627759,6.85741548212589e-16,0.00513060597616033,4.11353017539323e-16,0.00388113512712493,1.06349717466637e-15,0.00305620388234727,5.70270324191741e-16,0.00271249967275269,4.77490341331881e-16,0.00225179125221044,6.77284269639481e-16,0.00181988150337771,5.60819478559747e-16,0.00157304174336181,2.61892929840549e-16,0.00135301336747655,8.41398788237103e-17,0.00112927404300397,1.96198637309894e-15,,
constant_S_phase_0016,constant_S_phase,S700_angle-90,4.28626379701574e-14,-700,230,400,0.0015,0.0002,0.15,0.1,1,0.25,0,0,0,0,0,900,1,0.3,1,0.618736496418698,3.04349353973507,0.0188312052964862,3.04355181584878,-1.4033219031262e-15,1.72204229176622,-700.001395982455,1.72204229176617,-0.0013959824552785,20,4.30447674484909,0,8.00842242012015e-14,-0.281575406204869,0.0538121712437697,True,True,True,data/constant_S_phase_000.npz,False,3.04349353973507,2.07808586163285e-15,0.00845152477988948,2.7767764590315e-16,0.00805926971836289,3.75009236523378e-15,0.00751600547232265,3.10536238057439e-15,0.00683704066843577,8.1089040520077e-16,0.00606185934873583,9.85384853016776e-16,0.00523582943853886,1.46939005683147e-15,0.0044038190690171,1.39541785418043e-15,0.00360500759031751,2.00911975023801e-16,0.00286952561371917,6.68945105805284e-16,0.00221721420462637,1.07205548730159e-15,0.00165814404247769,4.42098890882502e-16,0.00119425469841953,8.28039447306942e-16,0.000821507630654096,7.36824293999017e-16,0.000532166408537694,4.15313306185565e-16,0.000317238326920512,6.00547008377276e-16,0.000170393889408469,6.74073082909555e-16,9.78930201546423e-05,1.6995410415599e-16,0.000101150581953484,1.67437221007314e-16,0.000124549780549138,2.12048078516547e-15,,
constant_S_phase_0017,constant_S_phase,S700_angle-75,181.173331571765,-676.148078402348,230,400,0.0015,0.0002,0.15,0.1,1,0.25,0,0,0,0,0,300,0,0.3,1,27.5596791756025,3.04349376933887,0.838777118559244,3.15696136455114,-1.95399252334028e-16,182.837133226315,-675.703763829551,1.66380165455038,0.444314572796998,20,5.22443699805228,0,1.06914628202966e-13,-0.281575406204869,2.39651231833919,False,True,False,data/constant_S_phase_000.npz,False,3.04349376933887,3.41130258598073e-15,0.81675379149848,1.29936483861071e-15,0.176249438159646,7.84527237442321e-15,0.0331292237123044,5.37280599923064e-15,0.0523530989620429,1.37750182369922e-15,0.0304913915643062,1.06164974881914e-15,0.0130931866470832,2.44709443733276e-15,0.0134366497914687,1.53503318899396e-15,0.0111300511336941,4.80648962731318e-16,0.00694483131743093,6.67461740659336e-16,0.00567373904414465,9.7772074306241e-16,0.00513045232238941,4.5659700076389e-16,0.00388086776675555,7.78510875301746e-16,0.00305613977808866,7.20488842597009e-16,0.00271244789652428,5.46245547255761e-16,0.00225166805957837,4.08396291499698e-16,0.00181980721299708,6.53408456969901e-16,0.00157300528774464,2.81904243333664e-16,0.00135295407359136,1.70204493637115e-16,0.00112922056415385,1.91816201516221e-15,,
constant_S_phase_0018,constant_S_phase,S700_angle-75,181.173331571765,-676.148078402348,230,400,0.0015,0.0002,0.15,0.1,1,0.25,0,0,0,0,0,900,1,0.3,1,0.625979893222815,3.0434935383313,0.0190516576014895,3.04355318655364,-1.72306613421824e-15,182.837058459976,-675.703729017924,1.66372688821181,0.444349384423845,20,4.30444081254109,0,8.01756895856375e-14,-0.281575406204869,0.0544419943290191,True,True,True,data/constant_S_phase_000.npz,False,3.0434935383313,2.46003341053677e-15,0.00857193607697512,4.16814075815685e-16,0.00816981648445736,3.78935226779278e-15,0.00761219532015661,3.09464511369139e-15,0.00691724005535364,7.01410873756574e-16,0.0061260129710104,8.05022514679607e-16,0.00528505632918584,1.64950686114464e-15,0.00443995440057934,1.42166722231295e-15,0.00363020574445978,3.86034505156554e-16,0.00288596748448004,7.76434534634227e-16,0.00222691933595694,1.07372501331026e-15,0.0016628685523939,3.98534747154634e-16,0.00119545083383244,7.66733007963792e-16,0.000820322917675404,9.40140283070861e-16,0.000529465766464087,3.0872420190817e-16,0.000313646138423404,6.36742031462246e-16,0.000166452170067022,7.32192278095895e-16,9.50740159553252e-05,2.95524633364213e-16,0.000100930097843352,1.85795788522122e-16,0.000125354325845887,2.24927762730663e-15,,
constant_S_phase_0019,constant_S_phase,S700_angle-45,494.974746830583,-494.974746830583,230,400,0.0015,0.0002,0.15,0.1,1,0.25,0,0,0,0,0,300,0,0.3,1,27.5557903899987,3.04349341485104,0.838658665929766,3.15692955254105,5.6843418860808e-16,496.193438005159,-493.757988973143,1.21869117457555,1.21675785744048,20,5.22433991317876,0,9.57733727153275e-14,-0.281575406204869,2.39617387782662,False,True,False,data/constant_S_phase_000.npz,False,3.04349341485104,5.01545865561556e-15,0.816652801286479,1.27257365824621e-15,0.17615296109922,5.52111334177107e-15,0.0331531649706521,4.03351754899259e-15,0.0523538989838513,8.57431453883399e-16,0.0304725049735282,1.35114546027488e-15,0.0130881209165228,2.08061564469957e-15,0.0134394198001503,1.35186476804809e-15,0.0111254684632021,2.32253596103271e-16,0.00694074341550104,1.06754083518426e-16,0.00567407090475161,7.83154727200796e-16,0.00512925188802275,6.57464131916644e-16,0.00387876934127185,8.18087529664611e-16,0.00305551112514146,5.73477744881501e-16,0.00271195069354946,4.73296346810979e-16,0.00225064840260142,6.35389371685685e-16,0.00181913590622632,4.80691615501857e-16,0.00157262479607687,2.42587669277352e-16,0.00135241661598887,4.00070283752313e-16,0.00112872662921447,1.85137925326641e-15,,
constant_S_phase_0020,constant_S_phase,S700_angle-45,494.974746830583,-494.974746830583,230,400,0.0015,0.0002,0.15,0.1,1,0.25,0,0,0,0,0,900,1,0.3,1,0.638309524229873,3.0434935364243,0.0194269091123169,3.04355555695198,1.03028696685215e-15,496.193403104764,-493.758063687351,1.21865627418043,1.21668314323267,20,4.30446229210158,0,7.91902657499184e-14,-0.281575406204869,0.0555140722577963,True,True,True,data/constant_S_phase_000.npz,False,3.0434935364243,2.87947585500369e-15,0.00878028855261254,1.02457279222588e-15,0.00835915147261184,3.24493805416133e-15,0.00777642292019255,2.74835799495041e-15,0.00705352627329365,5.05400870440851e-16,0.00623430744212944,6.88340991620349e-16,0.00536738248881509,1.71402982913085e-15,0.00449959751641418,1.48497062066744e-15,0.00367100575654498,5.26278995962916e-16,0.00291179639281479,5.34404371939916e-16,0.00224134644759956,8.41432293746991e-16,0.00166898038458696,4.06558896818538e-16,0.00119578235055162,8.67175058928744e-16,0.000816860184403315,6.43924114017548e-16,0.000523689871434672,2.15820662817731e-16,0.000306613764742766,7.02457234929885e-16,0.000159102998192803,4.92165090226554e-16,9.02504253676905e-05,2.05471065499318e-16,0.000100951497669471,3.80286173527632e-16,0.000126999811427965,1.76746486295906e-15,,
constant_S_phase_0021,constant_S_phase,S700_angle0,700,0,230,400,0.0015,0.0002,0.15,0.1,1,0.25,0,0,0,0,0,300,0,0.3,1,27.5448605524385,3.04349320085018,0.838325958097128,3.15684097511535,-7.8159700933611e-16,700.001318097063,1.72201856486651,0.00131809706329022,1.72201856486651,20,5.224179815244,0,8.76211655488343e-14,-0.281575406204869,2.39522327116754,False,True,False,data/constant_S_phase_000.npz,False,3.04349320085018,2.494412481365e-15,0.816367123136272,3.38466076211014e-15,0.175890180895509,3.41427498590481e-15,0.0332206321107387,3.41766912287355e-15,0.0523576494735739,1.9315103093833e-15,0.0304220070167839,1.98479729443928e-15,0.0130741865531769,1.5411437698047e-15,0.0134468026828644,8.84303861292761e-16,0.0111131302192319,3.61869691904366e-16,0.00692963936234363,2.26841619528688e-16,0.00567482148242863,8.75527165997188e-16,0.00512592285441759,4.89127505108254e-16,0.00387303742921958,3.91844688909863e-16,0.00305371769783614,5.01405906272676e-16,0.00271051330956085,5.48063237879459e-16,0.00224782216063606,4.19093259382977e-16,0.00181725047012294,4.67343194659271e-16,0.0015715199731191,3.64838110273624e-16,0.00135089753883825,7.40823820056326e-16,0.00112733210632258,1.36140818773218e-15,,
constant_S_phase_0022,constant_S_phase,S700_angle0,700,0,230,400,0.0015,0.0002,0.15,0.1,1,0.25,0,0,0,0,0,900,1,0.3,1,0.645697984581266,3.04349353812879,0.0196517764365587,3.04355700233566,1.27897692436818e-15,700.001395602299,1.72204664594601,0.00139560229933977,1.72204664594601,20,4.30445508958012,0,7.64431746157136e-14,-0.281575406204869,0.0561564748794098,True,True,True,data/constant_S_phase_000.npz,False,3.04349353812879,1.8547829117434e-15,0.00891488953481838,1.31906351055537e-15,0.00847670090911199,3.30410562219171e-15,0.00787667334657151,3.2641690660483e-15,0.00713469611834083,1.05382827980259e-15,0.00629660142466398,9.19454518584816e-16,0.00541245915890528,1.74362605007162e-15,0.00452996576355031,1.44226851169534e-15,0.00368950383530158,3.96131610220826e-16,0.00292121349929007,3.83689587493661e-16,0.00224418849989537,1.17567849035364e-15,0.00166735334470678,1.53185538503245e-16,0.00119135868762139,7.80703248153146e-16,0.000810897169061179,8.65392651805486e-16,0.000517076816464704,3.76491005938685e-16,0.000299947416070261,5.65782537934575e-16,0.000152958132269219,7.40419516853051e-16,8.68508346767378e-05,3.19262752599616e-16,0.000101278716453121,3.03285502472187e-16,0.000128214246924581,1.92615763517346e-15,,
constant_S_phase_0023,constant_S_phase,S700_angle45,494.974746830583,494.974746830583,230,400,0.0015,0.0002,0.15,0.1,1,0.25,0,0,0,0,0,300,0,0.3,1,27.5336888176215,3.04349366299454,0.837986074352948,3.15675117725633,3.5349501104065e-15,493.758139983448,496.193368251611,-1.21660684713549,1.21862142102754,20,5.22396357013608,0,9.23644252248871e-14,-0.281575406204869,2.39425216209233,False,True,False,data/constant_S_phase_000.npz,False,3.04349366299454,1.65091073902605e-15,0.816073169330433,4.42875078183059e-15,0.175630340509151,5.42613955193345e-15,0.0332905231855658,5.51655553832064e-15,0.0523623738860718,2.27247620540922e-15,0.030372580536894,6.34167062077706e-16,0.013060735306925,1.15026118462719e-15,0.0134541737735032,8.05538998635328e-16,0.0111010392183791,1.21299455137864e-15,0.00691879986983356,4.34442517496609e-16,0.0056755997264221,9.0962876207539e-16,0.00512264288867483,1.75722630268977e-16,0.00386741912332037,7.31388065127817e-16,0.0030519768497512,9.94980276753577e-16,0.00270909134319794,3.14433314714075e-16,0.00224503934119471,3.81893034059131e-16,0.00181540338655718,7.12885666182862e-16,0.0015704281574312,2.5405193650984e-16,0.00134939518058351,4.06902162296188e-16,0.00112595864457973,1.30799458855803e-15,,
constant_S_phase_0024,constant_S_phase,S700_angle45,494.974746830583,494.974746830583,230,400,0.0015,0.0002,0.15,0.1,1,0.25,0,0,0,0,0,900,1,0.3,1,0.636335575070934,3.04349354149363,0.0193668321295102,3.04355517883852,2.27373675443232e-15,493.758065319941,496.193403125042,-1.21668151064193,1.21865629445864,20,4.3044560789607,0,7.7361872579559e-14,-0.281575406204869,0.0553423129508833,True,True,True,data/constant_S_phase_000.npz,False,3.04349354149363,1.98355998665571e-16,0.00876965629503746,1.55860568553992e-15,0.00834165994766503,3.0767948759457e-15,0.00775644266404954,3.63893179810231e-15,0.00703133639606762,8.30107209854903e-16,0.0062106493514768,9.31810185179195e-16,0.00534324078569844,1.75496100069969e-15,0.00447598736187504,1.19240896859435e-15,0.00364881450551596,3.89427663907385e-16,0.00289169378660865,4.02181946635213e-16,0.0022237552627964,1.23057232306221e-15,0.0016540900243996,1.71531348385624e-16,0.00118358730013761,8.65141511458912e-16,0.000807209159578854,8.41747039871289e-16,0.000516337743038261,2.50983912418248e-16,0.000301281557892011,4.35870219372271e-16,0.000155618349345296,9.55148723011159e-16,8.89567350013762e-05,2.53947158048169e-16,0.000100915350512832,1.67895202863942e-16,0.000126819961338589,1.9560503480407e-15,,
constant_S_phase_0025,constant_S_phase,S700_angle75,181.173331571765,676.148078402348,230,400,0.0015,0.0002,0.15,0.1,1,0.25,0,0,0,0,0,300,0,0.3,1,27.5295387511773,3.04349389363223,0.837859830837199,3.15671788907304,2.06057393370429e-15,179.510362604091,676.595199125928,-1.66296896767344,0.447120723579815,20,5.22389246403058,0,1.02115803339673e-13,-0.281575406204869,2.3938914619439,False,True,False,data/constant_S_phase_000.npz,False,3.04349389363223,7.31789863264763e-16,0.81596359271728,1.61230166101683e-15,0.175534659720274,6.20215511271449e-15,0.0333187093751797,6.84033856949667e-15,0.0523651525754303,8.71413422963435e-16,0.0303549618108968,1.38188844415072e-15,0.0130560753426428,1.57313348057847e-15,0.013457072075445,1.38948945042064e-15,0.0110967900053486,2.61925010543782e-16,0.00691496284769593,7.84762086379451e-16,0.00567596846063851,1.18638804514879e-15,0.00512151754585821,3.25059075480659e-16,0.0038654328633978,8.33664370578278e-16,0.00305139159699309,7.66549348025235e-16,0.00270861104525122,3.92926927301341e-16,0.00224405973438582,3.34202832122327e-16,0.00181476067529247,5.72035617225432e-16,0.0015700540055869,4.06414678121602e-16,0.00134886838880336,1.78107280873261e-16,0.00112547713053481,1.74226521514176e-15,,
constant_S_phase_0026,constant_S_phase,S700_angle75,181.173331571765,676.148078402348,230,400,0.0015,0.0002,0.15,0.1,1,0.25,0,0,0,0,0,900,1,0.3,1,0.623144306090104,3.04349354094998,0.0189653567066499,3.04355264975596,1.98063787593128e-15,179.510327829565,676.595124428759,-1.66300374219938,0.447046026411385,20,4.30444825235988,0,7.97866855073502e-14,-0.281575406204869,0.0541952654210948,True,True,True,data/constant_S_phase_000.npz,False,3.04349354094998,1.01340711774852e-15,0.00855240215800347,1.61373013000577e-15,0.00814487838371068,3.01647266906492e-15,0.00758393822007733,3.62958746383878e-15,0.00688607418652906,7.12183541245821e-16,0.00609297200134343,9.05054690946899e-16,0.00525149389389265,1.71645584062427e-15,0.00440725355975459,1.15376033901891e-15,0.00359956539925635,4.0940162997614e-16,0.00285828355663823,6.09750126930384e-16,0.00220274831489399,1.0569760767739e-15,0.00164244882036206,3.19292530278457e-16,0.00117875693446125,9.1102340716417e-16,0.000807133557271586,6.77723090998468e-16,0.000519434902268098,4.12769101466518e-16,0.000306383523124152,3.60969661256455e-16,0.00016169706396164,7.05042454216053e-16,9.31484174286886e-05,2.23905296999711e-16,0.00010072958743513,1.38984586919341e-16,0.000125030992617973,2.04058179395539e-15,,
constant_S_phase_0027,constant_S_phase,S700_angle90,4.28626379701574e-14,700,230,400,0.0015,0.0002,0.15,0.1,1,0.25,0,0,0,0,0,300,0,0.3,1,27.528962335194,3.04349387648799,0.837842282932315,3.15671321494535,4.9737991503207e-16,-1.72207057843967,700.001473366274,-1.72207057843971,0.00147336627378536,20,5.22382497647643,0,1.07597446508201e-13,-0.281575406204869,2.3938413245809,False,True,False,data/constant_S_phase_000.npz,False,3.04349387648799,2.30209489491811e-15,0.815948274507527,1.68941769250808e-15,0.1755212181577,5.41704829723654e-15,0.0333239469407833,6.58966234566184e-15,0.0523662000238538,1.15774977645959e-15,0.0303528701022401,1.19228335868423e-15,0.0130555494559548,1.56904233724874e-15,0.0134575849016793,1.67852627817897e-15,0.0110963269077623,2.77855207267294e-16,0.00691450609665205,1.04760706853545e-15,0.00567605943288986,9.03427647764586e-16,0.00512141145663341,4.21662060198186e-16,0.00386520069386383,9.44186617971593e-16,0.00305133564623667,6.68633265620354e-16,0.00270856810488692,3.83971612063656e-16,0.00224394777612598,5.64170394569368e-16,0.0018146886675909,5.73458327656274e-16,0.00157001567757705,2.28356552686278e-16,0.00134880879744709,1.32220791616088e-16,0.00112542151788641,1.92676927817577e-15,,
constant_S_phase_0028,constant_S_phase,S700_angle90,4.28626379701574e-14,700,230,400,0.0015,0.0002,0.15,0.1,1,0.25,0,0,0,0,0,900,1,0.3,1,0.615717085204232,3.04349353972587,0.0187393097111793,3.04355124820378,1.60760293965723e-15,-1.72204229335953,700.001395980337,-1.72204229335957,0.00139598033683797,20,4.30447054627919,0,8.04006042483401e-14,-0.281575406204869,0.0535494499408833,True,True,True,data/constant_S_phase_000.npz,False,3.04349353972587,1.31657625469083e-15,0.00842820142604449,1.54010802293061e-15,0.00803283671670515,2.71548542110014e-15,0.00748618454985021,3.68328096965348e-15,0.00680427399225851,6.39579595747462e-16,0.00602722953292548,7.21558611269121e-16,0.00520074284963833,1.80185705076639e-15,0.00436970506257996,1.15506609366225e-15,0.00357309913836871,5.72738509814875e-16,0.00284073867560868,4.18507019151932e-16,0.0021921121991717,1.24546663153634e-15,0.00163696157516253,2.09211226358402e-16,0.00117695476461414,8.06535661251896e-16,0.000807852506352662,7.75324110169329e-16,0.000521791314776226,2.80067418759009e-16,0.000309733965594719,4.45807828933065e-16,0.000165476414716518,7.65776612702196e-16,9.58178486843433e-05,1.07707747231966e-16,0.000100854918818648,2.27072421646668e-16,0.000124168970936068,2.15173215995719e-15,,
constant_S_phase_0029,constant_S_phase,S1400_angle-90,8.57252759403147e-14,-1400,230,400,0.0015,0.0002,0.15,0.1,1,0.25,0,0,0,0,0,300,0,0.3,1,18.3164241300482,6.08698750389672,1.11491844795676,6.18825380981322,-9.76996261670138e-16,3.44411963486042,-1400.00288949709,3.44411963486033,-0.00288949709215558,28,9.65634976825587,0,1.08475883222646e-13,-0.281575406204869,3.18551356455803,False,True,False,data/constant_S_phase_000.npz,False,6.08698750389672,2.33241785294535e-15,1.02717903058886,1.08037936465853e-15,0.399623364824069,7.50075344928813e-15,0.150122593554615,6.1830312912997e-15,0.0470907226991365,1.40853461724111e-15,0.0283615479048773,1.1199793415224e-15,0.0317384026164425,2.37321471326111e-15,0.0275990397605199,2.0257443584137e-15,0.0198695262176981,6.3814514854373e-16,0.0130142883862898,6.13232412518545e-16,0.009427984116605,1.38681336766249e-15,0.00844613904203435,5.33638842694595e-16,0.00780946884827507,6.21211159848242e-16,0.00669237724004164,9.70681206951625e-16,0.00538163885530193,7.7675549368761e-17,0.00434803692779359,4.35702499716273e-16,0.00375453410135753,8.97560129429548e-16,0.00339386630942826,2.08822488733844e-16,0.00303559881030261,2.67199278778859e-16,0.00263520900533755,1.98125311053396e-15,,
constant_S_phase_0030,constant_S_phase,S1400_angle-90,8.57252759403147e-14,-1400,230,400,0.0015,0.0002,0.15,0.1,1,0.25,0,0,0,0,0,900,1,0.3,1,0.397206125969393,6.08698707750527,0.0241778855588163,6.08703563829523,-3.94351218346856e-15,3.44408527728194,-1400.00279151128,3.44408527728185,-0.00279151128370358,28,8.60810276359487,0,7.94647438421191e-14,-0.281575406204869,0.0694691333625927,True,True,True,data/constant_S_phase_000.npz,False,6.08698707750527,3.83389005915688e-15,0.00883124815905309,1.15694721127726e-15,0.00858250462841874,4.13883840633527e-15,0.0082512297846422,2.83098490646139e-15,0.0078412160132041,1.01594719742197e-15,0.00737300164112384,1.08514507952786e-15,0.00686713539460935,1.28438385244586e-15,0.00634192173027922,1.65665047642567e-15,0.00581261816499875,1.44056085259261e-16,0.00529126770852881,8.57004457257038e-16,0.00478691157797555,1.16811360988055e-15,0.00430599278616397,5.06856038104054e-16,0.00385281842497898,6.58930329159824e-16,0.00343000297647945,9.29104267922809e-16,0.00303885594514229,3.42711555380956e-16,0.00267970283279003,5.62276026705904e-16,0.00235214220451293,6.18094404760875e-16,0.0020552474944046,1.93731071964358e-16,0.00178772367822929,2.5098301969779e-17,0.00154802826707245,2.09910206288145e-15,,
constant_S_phase_0031,constant_S_phase,S1400_angle-75,362.346663143529,-1352.2961568047,230,400,0.0015,0.0002,0.15,0.1,1,0.25,0,0,0,0,0,300,0,0.3,1,18.3163467468848,6.08698736862035,1.11491371287558,6.1882528236125,-1.31450406115619e-15,365.674210662832,-1351.40750223534,3.32754751930298,0.88865456935855,28,9.65649209056619,0,1.08624129993745e-13,-0.281575406204869,3.18550003533801,False,True,False,data/constant_S_phase_000.npz,False,6.08698736862035,5.31319163174579e-15,1.02717647410607,9.99009563153351e-16,0.39961868797578,9.06475374472778e-15,0.150118427817591,4.84948725037142e-15,0.0470881528637696,1.41685711048113e-15,0.0283616856226896,1.93620709550848e-15,0.0317384308983014,2.01632572255957e-15,0.0275984957465377,1.98437232222209e-15,0.0198687365519283,2.3317917868934e-17,0.0130136881489763,9.87888327366942e-16,0.00942783409494716,1.38069862090285e-15,0.00844618818720485,5.43800366866779e-16,0.00780942731836516,6.82787419319446e-16,0.0066922156969847,8.20873219736623e-16,0.00538145742464599,3.96813407572217e-16,0.00434793425152114,6.55056307682389e-16,0.00375451200225983,5.39486443843371e-16,0.00339385663542144,3.26136945519878e-16,0.00303556138734276,6.6851675833012e-17,0.00263515385644073,1.86687201244303e-15,,
constant_S_phase_0032,constant_S_phase,S1400_angle-75,362.346663143529,-1352.2961568047,230,400,0.0015,0.0002,0.15,0.1,1,0.25,0,0,0,0,0,900,1,0.3,1,0.400106156735525,6.08698707339495,0.0243544100403488,6.08703634230396,-2.70006239588838e-15,365.674117098879,-1351.40745720885,3.32745395535034,0.88869959584963,28,8.60808168203181,0,8.04167445093118e-14,-0.281575406204869,0.0699738057071504,True,True,True,data/constant_S_phase_000.npz,False,6.08698707339495,4.3148192357378e-15,0.00889665122785272,1.47603450065927e-15,0.00864831571347603,4.26781487018566e-15,0.00831413858763982,2.9779461880653e-15,0.00790054432854869,6.84970605717263e-16,0.00742825935645998,9.99641455575641e-16,0.00691801952870249,1.54493796990834e-15,0.00638829573169535,1.51050470447779e-15,0.0058544836452086,3.22108960016551e-16,0.00532873439282793,7.75799755173494e-16,0.00482016904751185,1.00938197565628e-15,0.0043352858747699,4.74837153545733e-16,0.00387842691635545,7.38923299271904e-16,0.00345222551064032,1.00834367026794e-15,0.00305799767482881,3.61130403330264e-16,0.0026960662391937,6.53427670922033e-16,0.00236602048176873,6.75706648032012e-16,0.00206691997402397,2.14320545854885e-16,0.00179745284728234,3.19908498736799e-16,0.00155605801664846,2.13709357402468e-15,,
constant_S_phase_0033,constant_S_phase,S1400_angle-45,989.949493661167,-989.949493661166,230,400,0.0015,0.0002,0.15,0.1,1,0.25,0,0,0,0,0,300,0,0.3,1,18.3156030919929,6.08698692172307,1.11486836484431,6.18824421329711,1.03028696685215e-15,992.386850440772,-987.516033647448,2.43735677960569,2.43346001371856,28,9.65633957435014,0,1.03414479448581e-13,-0.281575406204869,3.18537045957208,False,True,False,data/constant_S_phase_001.npz,False,6.08698692172307,8.76187102254525e-15,1.02715006362438,2.32663636425117e-15,0.399577012975065,7.09463051749528e-15,0.150080848435783,5.18621422653698e-15,0.0470652815557947,1.02269820655913e-15,0.0283654352752707,1.03656982723736e-15,0.031741573457712,2.65836036316054e-15,0.0275961800039591,1.71403806150782e-15,0.0198634610807961,4.37392565126831e-16,0.013009063538649,1.61901221980844e-16,0.00942640979169092,9.58012299465088e-16,0.00844649608677491,8.65107581007116e-16,0.00780920115882695,6.83368802310051e-16,0.00669105341725145,5.47898614435313e-16,0.00538002261152252,1.67520360710316e-16,0.00434699229805224,6.34884541168904e-16,0.00375416572419187,5.86656999692811e-16,0.00339364275781429,3.11979292555774e-16,0.00303516191862763,2.58034974537147e-16,0.0026346115302097,1.99799719160224e-15,,
constant_S_phase_0034,constant_S_phase,S1400_angle-45,989.949493661167,-989.949493661166,230,400,0.0015,0.0002,0.15,0.1,1,0.25,0,0,0,0,0,900,1,0.3,1,0.405090912141786,6.08698706961945,0.024657831442274,6.08703756729918,7.8159700933611e-16,992.386805355721,-987.516127179783,2.43731169455486,2.43336648138359,28,8.60810178205231,0,7.96045224051855e-14,-0.281575406204869,0.07084101182692,True,True,True,data/constant_S_phase_001.npz,False,6.08698706961945,4.72746648884276e-15,0.00901176142257473,2.12679410168709e-15,0.0087614060342909,3.89316558282167e-15,0.00842220059227736,2.96219862962184e-15,0.00800240399058607,6.7523370905564e-16,0.00752306918527894,7.3940589731333e-16,0.00700525687907733,1.77766628983294e-15,0.00646772689443511,1.54725107052993e-15,0.00592611477978494,5.92946820541994e-16,0.00539275933503218,4.18966776432064e-16,0.004876920200153,9.12566314686328e-16,0.00438519142573724,6.67497433999927e-16,0.00392197551485734,1.13156277709144e-15,0.00348993825280901,6.21076879911401e-16,0.00309040660875967,1.26383977917352e-16,0.00272369836915612,7.14963216933511e-16,0.00238938624911445,6.18486854271853e-16,0.00208650529772255,2.44278223470843e-16,0.00181371394881584,4.71869925311857e-16,0.0015694183967515,1.82425819068731e-15,,
constant_S_phase_0035,constant_S_phase,S1400_angle0,1400,0,230,400,0.0015,0.0002,0.15,0.1,1,0.25,0,0,0,0,0,300,0,0.3,1,18.3133271763894,6.08698665174095,1.11472978071647,6.18821897989559,7.46069872548105e-16,1400.00269365152,3.44405831741388,0.00269365151598322,3.44405831741388,28,9.65630342208006,0,9.88752349760184e-14,-0.281575406204869,3.1849744748505,False,True,False,data/constant_S_phase_001.npz,False,6.08698665174095,1.66269358909957e-15,1.02706234735344,1.07366501682815e-15,0.39946225764259,5.61575533974476e-15,0.149977148206528,3.84463252161845e-15,0.0470023515560708,2.40637251816455e-15,0.0283769802309654,2.80971534778205e-15,0.0317515632239523,2.91301466175631e-15,0.0275909645715766,1.03269848436842e-15,0.019849739467869,8.19865924043786e-16,0.012996659182319,1.21899212470763e-15,0.00942244286968199,2.01612843447235e-15,0.00844726885113764,1.0408320178748e-15,0.0078086276986113,1.74846409420597e-16,0.00668796907656153,1.39376891798048e-16,0.00537615078855345,3.87103070001374e-16,0.00434438475635938,5.44054573613909e-16,0.00375313944799239,1.21930430876402e-15,0.00339298760542668,6.34980465756222e-16,0.00303402425454118,8.0869095807543e-16,0.00263309011214831,1.21002955415859e-15,,
constant_S_phase_0036,constant_S_phase,S1400_angle0,1400,0,230,400,0.0015,0.0002,0.15,0.1,1,0.25,0,0,0,0,0,900,1,0.3,1,0.408248415361493,6.0869870782922,0.0248500282903868,6.08703836119439,2.73558953267639e-15,1400.00279167443,3.44409253097289,0.00279167443454753,3.44409253097289,28,8.60810382418076,0,7.86270676128265e-14,-0.281575406204869,0.0713896668785628,True,True,True,data/constant_S_phase_001.npz,False,6.0869870782922,3.21535771193895e-15,0.00909193974208871,2.52007951649565e-15,0.00883290161110451,3.67149248312139e-15,0.0084904109882953,3.30034679262922e-15,0.00806656513900439,1.05600978830136e-15,0.00758263220147744,1.26697986809134e-15,0.00705988688256824,1.78971412830762e-15,0.00651727937924752,1.37186964187291e-15,0.00597060324288765,7.65793912139412e-16,0.00543232076803763,2.88954340611122e-16,0.00491178255372281,9.84044699769342e-16,0.00441564521113252,1.25628133238428e-16,0.00394835031515349,7.93042886111529e-16,0.00351258406929856,7.64170360408397e-16,0.00310967953928355,7.33929300782709e-17,0.00273994995651225,3.17893858520682e-16,0.00240295583022276,5.49042084503909e-16,0.0020977147485005,4.00183666093508e-16,0.00182286430978447,1.03784835295512e-16,0.00157678795606142,2.10703113044397e-15,,
constant_S_phase_0037,constant_S_phase,S1400_angle45,989.949493661167,989.949493661166,230,400,0.0015,0.0002,0.15,0.1,1,0.25,0,0,0,0,0,300,0,0.3,1,18.3108325739601,6.0869872340819,1.11457804123106,6.1881922184319,4.44089209850063e-15,987.516224351247,992.386762024616,-2.43326930991964,2.43726836344922,28,9.65623028984149,0,9.80282978571322e-14,-0.281575406204869,3.18454090419488,False,True,False,data/constant_S_phase_001.npz,False,6.0869872340819,2.26577472577411e-15,1.02695953593871,5.34196892281374e-15,0.399348685093807,6.14169283800113e-15,0.149874584643627,5.55971738528998e-15,0.0469407466463705,2.60672144262435e-15,0.0283898157149752,9.67783208315763e-16,0.0317625183721199,1.90084529094583e-15,0.027586618628781,1.39692324364507e-15,0.0198367304165707,1.11388934503806e-15,0.0129847062550461,1.07298570455286e-16,0.00941865252486279,1.27545360518138e-15,0.00844812106562582,4.81032137262746e-16,0.00780817980966271,1.18252812712023e-15,0.00668505546983581,1.14063696949112e-15,0.00537243607978555,3.90253896620098e-16,0.00434187366232775,3.49611995812733e-16,0.00375215599725164,7.45839900357451e-16,0.00339236388926107,3.44157573385406e-16,0.00303293019737948,5.37300514744196e-16,0.00263161833503532,1.27057761958005e-15,,
constant_S_phase_0038,constant_S_phase,S1400_angle45,989.949493661167,989.949493661166,230,400,0.0015,0.0002,0.15,0.1,1,0.25,0,0,0,0,0,900,1,0.3,1,0.404744123418514,6.08698708621041,0.0246367225246805,6.08703749554652,4.47641923528863e-15,987.516130835728,992.386807101018,-2.43336282543817,2.43731343985201,28,8.60809955465944,0,7.84403557356687e-14,-0.281575406204869,0.0707790178148657,True,True,True,data/constant_S_phase_001.npz,False,6.08698708621041,5.55452699211998e-16,0.00901458928355798,2.52423988601697e-15,0.00875442536976866,2.86960004250032e-15,0.00841525562539243,3.97092934380907e-15,0.00799551090511923,7.6176306075483e-16,0.00751624693424988,9.65768032163104e-16,0.00699852686223527,2.09724855184723e-15,0.00646111270047667,6.72772377327401e-16,0.00591964164462355,6.65661841689072e-16,0.00538645338000764,6.31568537060299e-17,0.00487080755222711,1.17427334560514e-15,0.00437929731737753,4.33501586549564e-16,0.00391632344455536,1.06393915365958e-15,0.00348454926532978,8.42519678631444e-16,0.0030852987316554,2.15938507997066e-16,0.00271888622184847,5.91096601445244e-16,0.00238488082471012,9.00041395830514e-16,0.00208231390559354,4.56393961131738e-16,0.00180984029823407,2.27496304033868e-16,0.00156586279735325,1.88473572935759e-15,,
constant_S_phase_0039,constant_S_phase,S1400_angle75,362.346663143529,1352.2961568047,230,400,0.0015,0.0002,0.15,0.1,1,0.25,0,0,0,0,0,300,0,0.3,1,18.3098705877817,6.0869875250287,1.11451953852717,6.18818196699106,3.89022147828655e-15,359.020699850724,1353.19034257861,-3.32596329280528,0.894185773918252,28,9.65634973275104,0,1.08560743077414e-13,-0.281575406204869,3.18437374324057,False,True,False,data/constant_S_phase_001.npz,False,6.0869875250287,1.58839917727823e-15,1.02691905875949,2.79458372790208e-15,0.399306198957435,6.90847398183464e-15,0.149836310354523,6.54563323909835e-15,0.0469182602316493,1.26113117086811e-15,0.0283956783673735,1.43859731764834e-15,0.0317674125757821,1.639265044677e-15,0.0275855946750444,1.59595959273333e-15,0.0198322889335434,2.78342700631443e-16,0.0129804890326064,6.717967660341e-16,0.00941736362061399,1.11494963410756e-15,0.00844853881089291,3.12180846935024e-16,0.00780812838603245,9.20525225508096e-16,0.00668408702593866,7.27056479042282e-16,0.00537114667001152,5.48823196243252e-16,0.00434099929512162,3.63810166654129e-16,0.00375182870119025,5.26154351318958e-16,0.00339216684618671,4.01477010896723e-16,0.00303256047292738,1.69333899378907e-16,0.00263110579517324,1.83859803117467e-15,,
constant_S_phase_0040,constant_S_phase,S1400_angle75,362.346663143529,1352.2961568047,230,400,0.0015,0.0002,0.15,0.1,1,0.25,0,0,0,0,0,900,1,0.3,1,0.399548764491201,6.08698708173893,0.0243204816798269,6.08703621104843,4.83169060316868e-15,359.020654836107,1353.19024903756,-3.32600830742223,0.894092232862931,28,8.60802703834645,0,8.061707460273e-14,-0.281575406204869,0.0698746024456671,True,True,True,data/constant_S_phase_001.npz,False,6.08698708173893,2.0945838583636e-15,0.00889132084923499,2.61267941566008e-15,0.00863803595257088,2.82999163433023e-15,0.00830394064027034,3.77564135258355e-15,0.00789045777526594,7.1805918502023e-16,0.00741831563209242,1.09536827462815e-15,0.00690825132362589,1.84852856349274e-15,0.00637873685121661,7.33301619334022e-16,0.00584516857967085,5.89104932757233e-16,0.00531969761036269,4.93022869507102e-16,0.00481144410741967,1.17918685988697e-15,0.0043269044738141,1.2445596575922e-16,0.00387041797119943,9.76514945635457e-16,0.0034446143578059,6.38427057793338e-16,0.00305080544286893,4.11492271444535e-16,0.00268930942169276,3.20907929482944e-16,0.00235971071739959,7.61734824824039e-16,0.00206106402309231,2.66619700007639e-16,0.00179205274242803,1.13397765148659e-16,0.00155111135850717,2.09576321562957e-15,,
constant_S_phase_0041,constant_S_phase,S1400_angle90,8.57252759403147e-14,1400,230,400,0.0015,0.0002,0.15,0.1,1,0.25,0,0,0,0,0,300,0,0.3,1,18.3097285870749,6.08698750378362,1.11451089107195,6.18818038854246,1.4033219031262e-15,-3.44411962782192,1400.0028894711,-3.44411962782201,0.00288947109606852,28,9.6561989194352,0,1.08858993527263e-13,-0.281575406204869,3.18434903471433,False,True,False,data/constant_S_phase_001.npz,False,6.08698750378362,9.23409973572604e-16,1.02691315403309,3.01955783796958e-15,0.399299657088641,5.90879121723601e-15,0.149830451286196,6.67064209330763e-15,0.0469150524668014,8.82103916032089e-16,0.0283971269627285,8.58863866047114e-16,0.0317686069688735,2.18695794092466e-15,0.0275857803549907,1.57550898623177e-15,0.0198318471353584,3.11688496426605e-16,0.0129799758456321,6.68484073830461e-16,0.00941722305058359,1.25608496476903e-15,0.00844864792765477,3.78423527645676e-16,0.00780818051724946,6.74699050299294e-16,0.00668400290100242,9.8200197029299e-16,0.00537099966381021,2.68431115046528e-16,0.00434089402705649,5.10577233282978e-16,0.00375179375849465,6.58802493604066e-16,0.00339215112880482,1.09890169728976e-16,0.00303252123528945,1.43095451218256e-16,0.00263104379558744,2.06432746346002e-15,,
constant_S_phase_0042,constant_S_phase,S1400_angle90,8.57252759403147e-14,1400,230,400,0.0015,0.0002,0.15,0.1,1,0.25,0,0,0,0,0,900,1,0.3,1,0.396578937404392,6.08698707750309,0.0241397086719044,6.08703548267489,3.42836870004248e-15,-3.44408527829194,1400.00279151078,-3.44408527829202,0.00279151077938877,28,8.60810288112416,0,8.0582875201911e-14,-0.281575406204869,0.0693577330328641,True,True,True,data/constant_S_phase_001.npz,False,6.08698707750309,2.88704854842709e-15,0.00882017177522263,2.52562169158089e-15,0.00857142278232299,2.27769553579395e-15,0.00824025223215188,3.99705693210069e-15,0.00783037779568732,4.83482273560201e-16,0.00736233858469981,8.15744690447187e-16,0.0068566833871704,2.0058339620704e-15,0.00633171670156344,8.45342171426353e-16,0.00580269582559463,7.20734818646881e-16,0.0052816630155611,4.95405660222641e-16,0.00477765800436018,1.22610190794763e-15,0.00429712149709144,1.20385039833284e-16,0.00384435746409542,9.27438685785065e-16,0.00342197654641729,7.02687115313468e-16,0.00303128384184546,2.71123777620143e-16,0.00267260006697223,2.90184598894512e-16,0.00234551882032419,8.76522400976901e-16,0.00204910857773196,5.64066319365652e-17,0.00178206953431394,1.08384209868669e-16,0.00154285473943738,2.21682460384541e-15,,
transient_0001,transient,T1,350,0,230,400,0.0015,0.0002,0.15,0.1,1,0.25,0,0,0,0,0,300,0,0.3,1,36.3092801584527,1.52174682589164,0.552535318315359,1.61895305549835,3.43466104268941e-08,350.000710185802,0.861301992278884,0.000710185801779062,0.861301992278884,20,2.87981231061749,0,2.74104975276478e-08,-0.281575406204869,1.57867315456622,False,True,False,data/transient_000.npz,True,1.52174682589164,2.83654331656764e-07,0.547424247488692,1.05096280779293e-07,0.0280535841683723,4.66732828335357e-08,0.0634999371552284,3.60619720055645e-08,0.0161183054762816,3.5472896098252e-08,0.0180341221999405,1.68041111002401e-08,0.00982535634304784,1.60804815564743e-08,0.00715745895263938,9.47804496742922e-09,0.00562981048696052,1.31767107144878e-08,0.00370581885381873,1.14935331923387e-08,0.00321107272620779,8.40187981978288e-09,0.00225039642777049,5.15762606085906e-09,0.0018836075659874,4.47653843380542e-09,0.00143972921519311,5.95853384864311e-09,0.001155311503283,5.68299733594462e-09,0.000931078029166192,4.03554737382272e-09,0.000738311357892461,1.83237085927865e-09,0.00060537848756153,2.00640989741698e-09,0.000484362400718515,3.09837283334587e-09,0.000397100653223991,3.09787218082009e-09,0.0165,2.88636048165034
transient_0002,transient,T1,350,0,230,400,0.0015,0.0002,0.15,0.1,1,0.25,0,0,0,0,0,900,1,0.3,1,1.203727707468,1.52174676662594,0.0183176874673749,1.52185701031581,1.95310434492058e-14,350.000697239465,0.861023663691933,0.000697239464500399,0.861023663691933,20,2.15445111020482,0,7.45627266077087e-14,-0.281575406204869,0.052336283965492,True,True,True,data/transient_000.npz,True,1.52174676662594,1.84116145282195e-14,0.0105089101151811,4.39422222795203e-15,0.00981863787932513,3.20220010445141e-15,0.00825568157285646,3.36655495090259e-15,0.00615139678972438,8.46746837894172e-16,0.00402818296420632,1.21250505354614e-15,0.00226394133606812,1.77256490157414e-15,0.00100969781513595,1.35987774717e-15,0.000243067647081327,4.9463171744401e-16,0.000145741517887301,2.19491223160299e-16,0.00028503870742387,1.06163422051367e-15,0.000285226623238652,1.99983991371571e-16,0.000224579380142707,4.44933590448946e-16,0.000150657188284935,5.35853151502372e-16,8.76190544608924e-05,2.33778972756379e-16,4.5004951889575e-05,3.97610032542316e-16,2.53400204359468e-05,7.31132887637211e-16,2.21609099689578e-05,2.88658759801023e-16,2.13659129959709e-05,4.37949827400891e-16,1.85547553572485e-05,1.74903183416072e-15,0.02859375,2.39875656447925
transient_0003,transient,T2,700,700,230,400,0.0015,0.0002,0.15,0.1,1,0.25,0,0,0,0,0,300,0,0.3,1,22.8001610321262,4.30414998058272,0.981353126637089,4.41460882251006,-1.42827971671977e-12,698.279437636052,701.723400067796,-1.72056236394792,1.72340006779575,20,7.07957450096195,0,9.64629569815736e-14,-0.281575406204869,2.80388069330946,False,True,False,data/transient_000.npz,True,4.30414998058272,7.24720430891164e-12,0.932585844145431,4.8833853951484e-12,0.291274877334588,4.29772253398796e-12,0.0634040010460419,3.05946915313812e-12,0.0355507785657141,2.24934751698075e-12,0.0413257579390526,1.40715007808577e-12,0.0287173334332687,7.01051075153935e-13,0.0153348497237932,6.38357905481004e-13,0.0108405016211704,8.73211323040518e-13,0.0107061769755431,1.06458924876927e-12,0.00895704202051981,1.08891748329626e-12,0.00644652778766159,9.52456745539665e-13,0.00499316553489157,7.27590841889619e-13,0.00451539739810499,4.79916991654015e-13,0.0039599800730914,3.39034449321618e-13,0.00321254067872696,4.12121631782387e-13,0.00264136044145926,5.35040963679662e-13,0.00232633043239502,6.01244290051417e-13,0.0020580721314554,5.87532671085529e-13,0.0017579265642976,5.04619278055092e-13,0.04096875,7.96457713156874
transient_0004,transient,T2,700,700,230,400,0.0015,0.0002,0.15,0.1,1,0.25,0,0,0,0,0,900,1,0.3,1,0.500263115262081,4.30414984471977,0.0215320740987432,4.30420375151769,-6.21724893790088e-15,698.279352570331,701.723440632309,-1.7206474296687,1.72344063230878,20,6.08696151248214,0,7.79139337448569e-14,-0.281575406204869,0.061547975492612,True,True,True,data/transient_000.npz,True,4.30414984471977,1.27464041161715e-14,0.00873972574363013,5.23008217809757e-15,0.00841143998628234,4.76890817386252e-16,0.00797429301329643,1.53288478155336e-15,0.00743620181748738,2.31899603922913e-15,0.00682670475369756,1.42855918310246e-15,0.00617539095520077,2.96411532951394e-15,0.00550890163172881,2.21843557004685e-15,0.00484959963646301,1.2336878473409e-15,0.00421509759960138,4.92906438174373e-16,0.0036183602849092,3.85109332090363e-16,0.003068149910267,6.33895212060556e-16,0.00256963909752955,1.02056905664975e-15,0.00212507434608781,8.41718449095541e-16,0.00173441989066554,3.88532839144616e-16,0.00139594468963555,4.64746567459563e-16,0.00110673680079593,1.22433406777717e-15,0.000863143489648796,8.02042590495851e-16,0.000661145646024628,3.42808343761862e-16,0.000496684290775668,1.97864009959427e-15,0.03296875,7.1037243422663
transient_0005,transient,T3,1400,-1400,230,400,0.0015,0.0002,0.15,0.1,1,0.25,0,0,0,0,0,300,0,0.3,1,14.2861730079551,8.6082995082573,1.22979656079258,8.69570458115798,-3.48272521932813e-13,1403.44692700813,-1396.55860009303,3.44692700812516,3.44139990697204,39.5979797464467,13.261182799493,0,1.04593190549734e-13,-0.281575406204869,3.5137720169373,False,True,False,data/transient_000.npz,True,8.6082995082573,1.65179375001126e-12,1.0964805382958,8.15215581395477e-13,0.48668950104312,8.92914893804115e-13,0.234441013024447,4.88152012043504e-13,0.112150565516478,1.67122567613721e-13,0.0519649753728918,3.17493975316557e-13,0.0276459440978325,2.3633736898664e-13,0.0231551566076782,1.38971836410794e-13,0.0224866373770127,2.34105131633321e-13,0.0203395126849446,1.84352258700937e-13,0.0169467361511994,7.5745668191216e-14,0.0132930199982286,1.58050758733637e-13,0.0101651970882268,1.48789150380606e-13,0.00799123467097516,7.07972207750226e-14,0.00675607334998664,1.19743025269908e-13,0.00607830519180297,1.2224507763741e-13,0.0055540124021877,5.90960341355468e-14,0.00498990234817977,9.39018982546775e-14,0.0043749890983929,1.06939130499856e-13,0.0037781703982581,5.64725005065533e-14,0.033625,13.4541985036435
transient_0006,transient,T3,1400,-1400,230,400,0.0015,0.0002,0.15,0.1,1,0.25,0,0,0,0,0,900,1,0.3,1,0.332923461211027,8.60829966658791,0.0286590492014218,8.6083495719043,-9.2015284280933e-15,1403.44687896657,-1396.55869999876,3.44687896656774,3.44130000123937,39.5979797464467,12.1736711773376,0,8.08892992428575e-14,-0.281575406204869,0.0837490092527851,True,True,True,data/transient_000.npz,True,8.60829966658791,1.56422245710671e-14,0.00966378508098836,6.41442613203283e-15,0.00944814532239866,6.17433707629424e-15,0.0091566744725585,4.07474532510919e-15,0.00879537727613719,8.4036540547869e-16,0.00838176476390987,1.321860641419e-15,0.00793338217793172,1.26855301784594e-15,0.00746570807030224,8.02066256954832e-16,0.00699149535365654,9.82627885514007e-16,0.00652068272625084,1.14237050959789e-15,0.00606063443079788,1.4458007266319e-15,0.00561653623259257,8.21427577777082e-16,0.00519182942498157,1.30400641755862e-15,0.00478861485626936,1.24555152139456e-15,0.00440799634683072,4.36290561466008e-16,0.0040503561177659,7.52948242011533e-16,0.00371556705599625,5.00077988857796e-16,0.00340315167574519,3.2045149722936e-16,0.00311239864181484,2.55053989638363e-17,0.00284244678424892,1.66007928445768e-15,0.027125,12.4277807485237
transient_0007,transient,T4,0,1400,230,400,0.0015,0.0002,0.15,0.1,1,0.25,0,0,0,0,0,300,0,0.3,1,18.3097285870735,6.08698750378725,1.11451089107253,6.18818038854614,2.21600515715181e-13,-3.44411962672872,1400.00288947193,-3.44411962672872,0.00288947193439526,28,9.65619891958671,0,1.09317896297356e-13,-0.281575406204869,3.18434903471599,False,True,False,data/transient_000.npz,True,6.08698750378725,2.2517724668077e-12,1.02691315403372,1.23861516902153e-12,0.399299657088532,4.70595980664604e-13,0.1498304512864,5.4496496662079e-13,0.0469150524670343,3.23386243194613e-13,0.0283971269624092,2.83224674287924e-13,0.0317686069690496,2.71047259198675e-13,0.0275857803549109,2.00538753364809e-13,0.0198318471353749,2.03791053761383e-13,0.0129799758457424,1.76332132433419e-13,0.00941722305043169,1.50178645862423e-13,0.008448647927794,1.55595432568601e-13,0.00780818051717169,1.2669938843546e-13,0.00668400290102097,1.27195237907051e-13,0.0053709996638646,1.19634776604859e-13,0.00434089402696405,1.01790106914785e-13,0.0037517937586013,1.09246088801452e-13,0.00339215112872973,9.12188218866604e-14,0.00303252123532098,9.39786066295761e-14,0.00263104379561017,8.88945167605958e-14,0.03303125,10.5695603540763
transient_0008,transient,T4,0,1400,230,400,0.0015,0.0002,0.15,0.1,1,0.25,0,0,0,0,0,900,1,0.3,1,0.396578937404322,6.08698707750308,0.0241397086719001,6.08703548267489,-3.00204305858642e-15,-3.44408527829755,1400.00279151078,-3.44408527829755,0.00279151077756978,28,8.60810288112416,0,8.04959769307807e-14,-0.281575406204869,0.0693577330320278,True,True,True,data/transient_000.npz,True,6.08698707750308,8.76686404337119e-15,0.00882017177522503,6.60070293755274e-15,0.00857142278231865,7.11057208077753e-16,0.00824025223215155,1.87753005591385e-15,0.00783037779568431,1.35940115220627e-15,0.00736233858469898,1.50508686464627e-15,0.00685668338716824,2.41860519987111e-15,0.00633171670156253,2.09923016212909e-15,0.00580269582559305,6.90876481615539e-16,0.00528166301556017,6.62984199371031e-16,0.00477765800435898,8.96286034910781e-16,0.0042971214970906,6.94435246463268e-16,0.00384435746409461,7.88786950317996e-16,0.00342197654641657,7.50908469261567e-16,0.00303128384184483,1.07779974569283e-16,0.00267260006697168,7.13538825658959e-16,0.00234551882032387,9.90551022395244e-16,0.00204910857773154,5.6830829262602e-16,0.00178206953431374,1.73552189818136e-16,0.00154285473943666,2.37523558580522e-15,0.03309375,9.49298139547147
