run_id,phase,case_id,p,q,vrms,vdc,lf,lg,rf,rg,dead_us,zero_a,v3,v5,offset_a,adc_step,dead_shape,bw_hz,comp_gain,comp_width_a,estimated_dead_us,thd_pct,i1_rms_a,harmonic_rms_a,i_rms_a,i_dc_a,p_w,q1_var,p_error_w,q_error_var,pq_tolerance,peak_a,saturation_fraction,periodicity_rms_a,pll_error_deg,residual_to_35a_pct,thd_pass,guardrail_pass,combined_pass,wave_archive,wave_full,h01_rms_a,h02_rms_a,h03_rms_a,h04_rms_a,h05_rms_a,h06_rms_a,h07_rms_a,h08_rms_a,h09_rms_a,h10_rms_a,h11_rms_a,h12_rms_a,h13_rms_a,h14_rms_a,h15_rms_a,h16_rms_a,h17_rms_a,h18_rms_a,h19_rms_a,h20_rms_a,h21_rms_a,h22_rms_a,h23_rms_a,h24_rms_a,h25_rms_a,h26_rms_a,h27_rms_a,h28_rms_a,h29_rms_a,h30_rms_a,h31_rms_a,h32_rms_a,h33_rms_a,h34_rms_a,h35_rms_a,h36_rms_a,h37_rms_a,h38_rms_a,h39_rms_a,h40_rms_a
doe_0001,doe,M030,350,-700,230,400,0.0015,0.0002,0.15,0.1,1,0.25,0,0,0,0,0,300,0,0.1,1,26.0206443216,3.4027293299,0.88541209616,3.51603848426,6.03961325396e-16,351.722826552,-699.140359226,1.72282655178,0.859640774081,20,5.75760034295,0,1.03792454717e-13,-0.281575406205,2.52975715584,False,True,False,data/doe_000.npz,False,3.4027293299,5.16623557691e-15,0.856205173998,7.34121422779e-16,0.213154738849,7.73555237872e-15,0.0287640671404,4.56242036554e-15,0.0498917746374,1.42398447355e-15,0.0365889288382,5.47924915138e-16,0.0167944814138,2.44356306587e-15,0.0121371985447,1.80315020326e-15,0.0121365774191,7.33631577345e-16,0.00878427796958,4.28087495111e-16,0.00592017799967,9.9270870745e-16,0.00528070098992,5.12482248407e-16,0.00460712819559,8.48785022758e-16,0.00353115282335,6.49725445738e-16,0.00287064905614,3.70686096778e-16,0.00255012145445,3.63305227694e-16,0.00215172649289,7.75506908414e-16,0.00176431263825,1.34074919932e-16,0.00152231888004,1.08681191437e-16,0.00132956834932,2.03315372811e-15
doe_0002,doe,M031,350,0,230,400,0.0015,0.0002,0.15,0.1,1,0.25,0,0,0,0,0,300,0,0.1,1,36.3092763625,1.52174654432,0.552535158313,1.61895273622,2.96406099665e-11,350.000646157,0.86100395117,0.000646156684581,0.86100395117,20,2.8798090486,0,2.36516402851e-11,-0.281575406205,1.57867269739,False,True,False,data/doe_000.npz,False,1.52174654432,2.44785383248e-10,0.547424088126,9.06970356603e-11,0.0280535814137,4.02752226323e-11,0.0634999239507,3.11213455545e-11,0.0161183057096,3.06100308349e-11,0.0180341133562,1.44997515241e-11,0.00982534939919,1.38764326055e-11,0.00715745720694,8.17842959948e-12,0.00562981090809,1.13712147974e-11,0.00370581874788,9.91816585055e-12,0.00321106983147,7.25073231489e-12,0.00225039355586,4.45087093833e-12,0.00188360696996,3.86343775085e-12,0.00143973024961,5.14236577115e-12,0.00115531162854,4.90448135575e-12,0.000931076399911,3.48238836072e-12,0.000738309650436,1.58110986413e-12,0.000605378380771,1.73172030403e-12,0.00048436338902,2.67408143278e-12,0.00039710087238,2.67286186925e-12
doe_0003,doe,M032,350,700,230,400,0.0015,0.0002,0.15,0.1,1,0.25,0,0,0,0,0,300,0,0.1,1,25.9984656868,3.40272953763,0.884657471255,3.51584872673,2.64677169071e-15,348.278730161,700.862461199,-1.72126983867,0.862461198503,20,5.75728321052,0,9.85893815654e-14,-0.281575406205,2.52760104551,False,True,False,data/doe_000.npz,False,3.40272953763,2.79609497256e-16,0.855578549215,2.80115458496e-15,0.212550052842,6.01098324249e-15,0.0287188561835,6.40810679826e-15,0.0499580293318,1.34993371075e-15,0.0365036751205,1.6194412101e-15,0.0167094920021,1.79942019806e-15,0.012156109864,1.86777423646e-15,0.0121316533591,2.87522374912e-16,0.00875275928979,8.5044752711e-16,0.00590730245481,1.15198454816e-15,0.00528150986752,2.33042242064e-16,0.00459802641971,7.16141760145e-16,0.00351998442606,8.68466150346e-16,0.00286694473731,5.00877326913e-16,0.00254695756335,4.2000095102e-16,0.00214593929239,6.76970815857e-16,0.00175988202401,3.57376229468e-16,0.00151981347774,3.37852132905e-16,0.00132658622811,1.46993331138e-15
doe_0004,doe,M035,700,-700,230,400,0.0015,0.0002,0.15,0.1,1,0.25,0,0,0,0,0,300,0,0.1,1,22.8107666894,4.30414969893,0.981809545785,4.41471003443,8.70414851306e-16,701.723480433,-698.279265036,1.72348043334,1.72073496413,20,7.07978415205,0,1.0041575235e-13,-0.281575406205,2.8051847875,False,True,False,data/doe_000.npz,False,4.30414969893,6.55860921201e-15,0.932933413064,2.17864438059e-15,0.291648134526,6.7991158944e-15,0.0636540182913,4.9057777855e-15,0.0354705053214,7.74113512222e-16,0.0413167305357,8.23380835875e-16,0.0287670320812,2.3603983856e-15,0.0153806108008,1.69010913229e-15,0.0108383351365,2.41665569522e-16,0.0107027983566,3.40840904348e-16,0.00896941174288,8.93073824589e-16,0.00646132162677,7.20170157285e-16,0.00499747329652,7.2919852954e-16,0.00451615736873,5.31867861012e-16,0.00396458181556,2.07196878467e-16,0.0032186562758,7.61159917869e-16,0.00264483758515,5.02164457152e-16,0.00232804697811,2.74488379696e-16,0.00206053260555,2.8006525194e-16,0.00176096872871,1.90761282137e-15
doe_0005,doe,M036,700,0,230,400,0.0015,0.0002,0.15,0.1,1,0.25,0,0,0,0,0,300,0,0.1,1,27.5448605524,3.04349320085,0.838325958097,3.15684097512,-7.81597009336e-16,700.001318097,1.72201856487,0.00131809706329,1.72201856487,20,5.22417981524,0,8.76211655488e-14,-0.281575406205,2.39522327117,False,True,False,data/doe_000.npz,False,3.04349320085,2.49441248136e-15,0.816367123136,3.38466076211e-15,0.175890180896,3.4142749859e-15,0.0332206321107,3.41766912287e-15,0.0523576494736,1.93151030938e-15,0.0304220070168,1.98479729444e-15,0.0130741865532,1.5411437698e-15,0.0134468026829,8.84303861293e-16,0.0111131302192,3.61869691904e-16,0.00692963936234,2.26841619529e-16,0.00567482148243,8.75527165997e-16,0.00512592285442,4.89127505108e-16,0.00387303742922,3.9184468891e-16,0.00305371769784,5.01405906273e-16,0.00271051330956,5.48063237879e-16,0.00224782216064,4.19093259383e-16,0.00181725047012,4.67343194659e-16,0.00157151997312,3.64838110274e-16,0.00135089753884,7.40823820056e-16,0.00112733210632,1.36140818773e-15
doe_0006,doe,M037,700,700,230,400,0.0015,0.0002,0.15,0.1,1,0.25,0,0,0,0,0,300,0,0.1,1,22.800161032,4.3041499806,0.981353126635,4.41460882253,3.42836870004e-15,698.279437639,701.723400072,-1.72056236144,1.72340007195,20,7.07957450096,0,9.59688832003e-14,-0.281575406205,2.8038806933,False,True,False,data/doe_000.npz,False,4.3041499806,1.88327240822e-15,0.932585844142,4.83386743055e-15,0.291274877335,6.11501727307e-15,0.0634040010493,5.54002075302e-15,0.0355507785658,2.13691346085e-15,0.0413257579405,5.68491123752e-16,0.0287173334344,1.5982846138e-15,0.0153348497238,9.98114323877e-16,0.0108405016205,1.14165316177e-15,0.0107061769747,1.82681549177e-16,0.0089570420202,1.17922395685e-15,0.00644652778802,3.23212801307e-16,0.00499316553552,8.52402245643e-16,0.00451539739871,1.19469639991e-15,0.00395998007335,3.03343212115e-16,0.00321254067852,4.18636772117e-16,0.002641360441,8.7693877055e-16,0.002326330432,3.50756298756e-16,0.00205807213139,4.58755679605e-16,0.00175792656459,1.46758599457e-15
doe_0007,doe,M040,1400,-700,230,400,0.0015,0.0002,0.15,0.1,1,0.25,0,0,0,0,0,300,0,0.1,1,16.9593737962,6.80545805162,1.15416306952,6.90263612731,-2.48689957516e-15,1401.72478342,-696.557210951,1.72478341579,3.44278904935,31.304951685,10.6868230003,0,9.63852345159e-14,-0.281575406205,3.29765063379,False,True,False,data/doe_000.npz,False,6.80545805162,4.02851011512e-15,1.05217482937,9.44504209298e-16,0.430282823898,4.62685321984e-15,0.178561431762,3.22950227733e-15,0.06638421115,1.30794259141e-15,0.0283554955117,3.0533299799e-15,0.0281615769328,1.16571294773e-15,0.0276684624528,2.08458778927e-15,0.0227383318992,4.02267886876e-16,0.0164980206376,7.19584711323e-16,0.0114271053395,1.33738286844e-15,0.00869998364896,1.70953392245e-16,0.00773016502014,8.0876700103e-16,0.00712595495235,1.0773187172e-15,0.0062630639446,5.0500445524e-16,0.00522337634304,3.63964603589e-16,0.00429129336739,5.89850933927e-16,0.00364758112909,3.58762307014e-16,0.0032516903382,2.6250242815e-16,0.00294744627748,1.74714259479e-15
doe_0008,doe,M041,1400,0,230,400,0.0015,0.0002,0.15,0.1,1,0.25,0,0,0,0,0,300,0,0.1,1,18.3133271764,6.08698665174,1.11472978072,6.1882189799,7.46069872548e-16,1400.00269365,3.44405831741,0.00269365151598,3.44405831741,28,9.65630342208,0,9.8875234976e-14,-0.281575406205,3.18497447485,False,True,False,data/doe_000.npz,False,6.08698665174,1.6626935891e-15,1.02706234735,1.07366501683e-15,0.399462257643,5.61575533974e-15,0.149977148207,3.84463252162e-15,0.0470023515561,2.40637251816e-15,0.028376980231,2.80971534778e-15,0.031751563224,2.91301466176e-15,0.0275909645716,1.03269848437e-15,0.0198497394679,8.19865924044e-16,0.0129966591823,1.21899212471e-15,0.00942244286968,2.01612843447e-15,0.00844726885114,1.04083201787e-15,0.00780862769861,1.74846409421e-16,0.00668796907656,1.39376891798e-16,0.00537615078855,3.87103070001e-16,0.00434438475636,5.44054573614e-16,0.00375313944799,1.21930430876e-15,0.00339298760543,6.34980465756e-16,0.00303402425454,8.08690958075e-16,0.00263309011215,1.21002955416e-15
doe_0009,doe,M042,1400,700,230,400,0.0015,0.0002,0.15,0.1,1,0.25,0,0,0,0,0,300,0,0.1,1,16.9570665348,6.80545830903,1.15400609346,6.90261013258,4.93827201353e-15,1398.28076449,703.445382067,-1.71923550682,3.44538206681,31.304951685,10.6867128749,0,9.75648442791e-14,-0.281575406205,3.29720208732,False,True,False,data/doe_000.npz,False,6.80545830903,3.72129393496e-15,1.05207655154,5.42167174098e-15,0.430163436628,6.13829947597e-15,0.178447897512,5.06471483009e-15,0.0663002476389,3.00777457558e-15,0.028338994699,6.71569444818e-16,0.0281767556326,1.03445149789e-15,0.0276726303788,4.27546456545e-16,0.0227302393178,1.22904068854e-15,0.0164843001966,9.05175412073e-16,0.0114157366204,7.12458616585e-16,0.00869584899314,2.19953350737e-16,0.00773034279465,6.67219844676e-16,0.00712557070081,7.51202093219e-16,0.00626056614075,1.97900776399e-16,0.00521968350313,8.3279643017e-17,0.00428807588255,2.76716862693e-16,0.00364575321688,3.31002870617e-16,0.00325079917501,6.11463904275e-16,0.00294657401356,1.3690683575e-15
doe_0010,doe,M030,350,-700,230,400,0.0015,0.0002,0.15,0.1,1,0.25,0,0,0,0,0,300,0,0.3,1,26.0206443216,3.4027293299,0.88541209616,3.51603848426,6.03961325396e-16,351.722826552,-699.140359226,1.72282655178,0.859640774081,20,5.75760034295,0,1.03792454717e-13,-0.281575406205,2.52975715584,False,True,False,data/doe_000.npz,False,3.4027293299,5.16623557691e-15,0.856205173998,7.34121422779e-16,0.213154738849,7.73555237872e-15,0.0287640671404,4.56242036554e-15,0.0498917746374,1.42398447355e-15,0.0365889288382,5.47924915138e-16,0.0167944814138,2.44356306587e-15,0.0121371985447,1.80315020326e-15,0.0121365774191,7.33631577345e-16,0.00878427796958,4.28087495111e-16,0.00592017799967,9.9270870745e-16,0.00528070098992,5.12482248407e-16,0.00460712819559,8.48785022758e-16,0.00353115282335,6.49725445738e-16,0.00287064905614,3.70686096778e-16,0.00255012145445,3.63305227694e-16,0.00215172649289,7.75506908414e-16,0.00176431263825,1.34074919932e-16,0.00152231888004,1.08681191437e-16,0.00132956834932,2.03315372811e-15
doe_0011,doe,M031,350,0,230,400,0.0015,0.0002,0.15,0.1,1,0.25,0,0,0,0,0,300,0,0.3,1,36.3092763625,1.52174654432,0.552535158313,1.61895273622,2.96406099665e-11,350.000646157,0.86100395117,0.000646156684581,0.86100395117,20,2.8798090486,0,2.36516402851e-11,-0.281575406205,1.57867269739,False,True,False,data/doe_000.npz,False,1.52174654432,2.44785383248e-10,0.547424088126,9.06970356603e-11,0.0280535814137,4.02752226323e-11,0.0634999239507,3.11213455545e-11,0.0161183057096,3.06100308349e-11,0.0180341133562,1.44997515241e-11,0.00982534939919,1.38764326055e-11,0.00715745720694,8.17842959948e-12,0.00562981090809,1.13712147974e-11,0.00370581874788,9.91816585055e-12,0.00321106983147,7.25073231489e-12,0.00225039355586,4.45087093833e-12,0.00188360696996,3.86343775085e-12,0.00143973024961,5.14236577115e-12,0.00115531162854,4.90448135575e-12,0.000931076399911,3.48238836072e-12,0.000738309650436,1.58110986413e-12,0.000605378380771,1.73172030403e-12,0.00048436338902,2.67408143278e-12,0.00039710087238,2.67286186925e-12
doe_0012,doe,M032,350,700,230,400,0.0015,0.0002,0.15,0.1,1,0.25,0,0,0,0,0,300,0,0.3,1,25.9984656868,3.40272953763,0.884657471255,3.51584872673,2.64677169071e-15,348.278730161,700.862461199,-1.72126983867,0.862461198503,20,5.75728321052,0,9.85893815654e-14,-0.281575406205,2.52760104551,False,True,False,data/doe_000.npz,False,3.40272953763,2.79609497256e-16,0.855578549215,2.80115458496e-15,0.212550052842,6.01098324249e-15,0.0287188561835,6.40810679826e-15,0.0499580293318,1.34993371075e-15,0.0365036751205,1.6194412101e-15,0.0167094920021,1.79942019806e-15,0.012156109864,1.86777423646e-15,0.0121316533591,2.87522374912e-16,0.00875275928979,8.5044752711e-16,0.00590730245481,1.15198454816e-15,0.00528150986752,2.33042242064e-16,0.00459802641971,7.16141760145e-16,0.00351998442606,8.68466150346e-16,0.00286694473731,5.00877326913e-16,0.00254695756335,4.2000095102e-16,0.00214593929239,6.76970815857e-16,0.00175988202401,3.57376229468e-16,0.00151981347774,3.37852132905e-16,0.00132658622811,1.46993331138e-15
doe_0013,doe,M035,700,-700,230,400,0.0015,0.0002,0.15,0.1,1,0.25,0,0,0,0,0,300,0,0.3,1,22.8107666894,4.30414969893,0.981809545785,4.41471003443,8.70414851306e-16,701.723480433,-698.279265036,1.72348043334,1.72073496413,20,7.07978415205,0,1.0041575235e-13,-0.281575406205,2.8051847875,False,True,False,data/doe_000.npz,False,4.30414969893,6.55860921201e-15,0.932933413064,2.17864438059e-15,0.291648134526,6.7991158944e-15,0.0636540182913,4.9057777855e-15,0.0354705053214,7.74113512222e-16,0.0413167305357,8.23380835875e-16,0.0287670320812,2.3603983856e-15,0.0153806108008,1.69010913229e-15,0.0108383351365,2.41665569522e-16,0.0107027983566,3.40840904348e-16,0.00896941174288,8.93073824589e-16,0.00646132162677,7.20170157285e-16,0.00499747329652,7.2919852954e-16,0.00451615736873,5.31867861012e-16,0.00396458181556,2.07196878467e-16,0.0032186562758,7.61159917869e-16,0.00264483758515,5.02164457152e-16,0.00232804697811,2.74488379696e-16,0.00206053260555,2.8006525194e-16,0.00176096872871,1.90761282137e-15
doe_0014,doe,M036,700,0,230,400,0.0015,0.0002,0.15,0.1,1,0.25,0,0,0,0,0,300,0,0.3,1,27.5448605524,3.04349320085,0.838325958097,3.15684097512,-7.81597009336e-16,700.001318097,1.72201856487,0.00131809706329,1.72201856487,20,5.22417981524,0,8.76211655488e-14,-0.281575406205,2.39522327117,False,True,False,data/doe_000.npz,False,3.04349320085,2.49441248136e-15,0.816367123136,3.38466076211e-15,0.175890180896,3.4142749859e-15,0.0332206321107,3.41766912287e-15,0.0523576494736,1.93151030938e-15,0.0304220070168,1.98479729444e-15,0.0130741865532,1.5411437698e-15,0.0134468026829,8.84303861293e-16,0.0111131302192,3.61869691904e-16,0.00692963936234,2.26841619529e-16,0.00567482148243,8.75527165997e-16,0.00512592285442,4.89127505108e-16,0.00387303742922,3.9184468891e-16,0.00305371769784,5.01405906273e-16,0.00271051330956,5.48063237879e-16,0.00224782216064,4.19093259383e-16,0.00181725047012,4.67343194659e-16,0.00157151997312,3.64838110274e-16,0.00135089753884,7.40823820056e-16,0.00112733210632,1.36140818773e-15
doe_0015,doe,M037,700,700,230,400,0.0015,0.0002,0.15,0.1,1,0.25,0,0,0,0,0,300,0,0.3,1,22.800161032,4.3041499806,0.981353126635,4.41460882253,3.42836870004e-15,698.279437639,701.723400072,-1.72056236144,1.72340007195,20,7.07957450096,0,9.59688832003e-14,-0.281575406205,2.8038806933,False,True,False,data/doe_000.npz,False,4.3041499806,1.88327240822e-15,0.932585844142,4.83386743055e-15,0.291274877335,6.11501727307e-15,0.0634040010493,5.54002075302e-15,0.0355507785658,2.13691346085e-15,0.0413257579405,5.68491123752e-16,0.0287173334344,1.5982846138e-15,0.0153348497238,9.98114323877e-16,0.0108405016205,1.14165316177e-15,0.0107061769747,1.82681549177e-16,0.0089570420202,1.17922395685e-15,0.00644652778802,3.23212801307e-16,0.00499316553552,8.52402245643e-16,0.00451539739871,1.19469639991e-15,0.00395998007335,3.03343212115e-16,0.00321254067852,4.18636772117e-16,0.002641360441,8.7693877055e-16,0.002326330432,3.50756298756e-16,0.00205807213139,4.58755679605e-16,0.00175792656459,1.46758599457e-15
doe_0016,doe,M040,1400,-700,230,400,0.0015,0.0002,0.15,0.1,1,0.25,0,0,0,0,0,300,0,0.3,1,16.9593737962,6.80545805162,1.15416306952,6.90263612731,-2.48689957516e-15,1401.72478342,-696.557210951,1.72478341579,3.44278904935,31.304951685,10.6868230003,0,9.63852345159e-14,-0.281575406205,3.29765063379,False,True,False,data/doe_000.npz,False,6.80545805162,4.02851011512e-15,1.05217482937,9.44504209298e-16,0.430282823898,4.62685321984e-15,0.178561431762,3.22950227733e-15,0.06638421115,1.30794259141e-15,0.0283554955117,3.0533299799e-15,0.0281615769328,1.16571294773e-15,0.0276684624528,2.08458778927e-15,0.0227383318992,4.02267886876e-16,0.0164980206376,7.19584711323e-16,0.0114271053395,1.33738286844e-15,0.00869998364896,1.70953392245e-16,0.00773016502014,8.0876700103e-16,0.00712595495235,1.0773187172e-15,0.0062630639446,5.0500445524e-16,0.00522337634304,3.63964603589e-16,0.00429129336739,5.89850933927e-16,0.00364758112909,3.58762307014e-16,0.0032516903382,2.6250242815e-16,0.00294744627748,1.74714259479e-15
doe_0017,doe,M041,1400,0,230,400,0.0015,0.0002,0.15,0.1,1,0.25,0,0,0,0,0,300,0,0.3,1,18.3133271764,6.08698665174,1.11472978072,6.1882189799,7.46069872548e-16,1400.00269365,3.44405831741,0.00269365151598,3.44405831741,28,9.65630342208,0,9.8875234976e-14,-0.281575406205,3.18497447485,False,True,False,data/doe_000.npz,False,6.08698665174,1.6626935891e-15,1.02706234735,1.07366501683e-15,0.399462257643,5.61575533974e-15,0.149977148207,3.84463252162e-15,0.0470023515561,2.40637251816e-15,0.028376980231,2.80971534778e-15,0.031751563224,2.91301466176e-15,0.0275909645716,1.03269848437e-15,0.0198497394679,8.19865924044e-16,0.0129966591823,1.21899212471e-15,0.00942244286968,2.01612843447e-15,0.00844726885114,1.04083201787e-15,0.00780862769861,1.74846409421e-16,0.00668796907656,1.39376891798e-16,0.00537615078855,3.87103070001e-16,0.00434438475636,5.44054573614e-16,0.00375313944799,1.21930430876e-15,0.00339298760543,6.34980465756e-16,0.00303402425454,8.08690958075e-16,0.00263309011215,1.21002955416e-15
doe_0018,doe,M042,1400,700,230,400,0.0015,0.0002,0.15,0.1,1,0.25,0,0,0,0,0,300,0,0.3,1,16.9570665348,6.80545830903,1.15400609346,6.90261013258,4.93827201353e-15,1398.28076449,703.445382067,-1.71923550682,3.44538206681,31.304951685,10.6867128749,0,9.75648442791e-14,-0.281575406205,3.29720208732,False,True,False,data/doe_000.npz,False,6.80545830903,3.72129393496e-15,1.05207655154,5.42167174098e-15,0.430163436628,6.13829947597e-15,0.178447897512,5.06471483009e-15,0.0663002476389,3.00777457558e-15,0.028338994699,6.71569444818e-16,0.0281767556326,1.03445149789e-15,0.0276726303788,4.27546456545e-16,0.0227302393178,1.22904068854e-15,0.0164843001966,9.05175412073e-16,0.0114157366204,7.12458616585e-16,0.00869584899314,2.19953350737e-16,0.00773034279465,6.67219844676e-16,0.00712557070081,7.51202093219e-16,0.00626056614075,1.97900776399e-16,0.00521968350313,8.3279643017e-17,0.00428807588255,2.76716862693e-16,0.00364575321688,3.31002870617e-16,0.00325079917501,6.11463904275e-16,0.00294657401356,1.3690683575e-15
doe_0019,doe,M030,350,-700,230,400,0.0015,0.0002,0.15,0.1,1,0.25,0,0,0,0,0,300,0,0.6,1,26.0206443216,3.4027293299,0.88541209616,3.51603848426,6.03961325396e-16,351.722826552,-699.140359226,1.72282655178,0.859640774081,20,5.75760034295,0,1.03792454717e-13,-0.281575406205,2.52975715584,False,True,False,data/doe_000.npz,False,3.4027293299,5.16623557691e-15,0.856205173998,7.34121422779e-16,0.213154738849,7.73555237872e-15,0.0287640671404,4.56242036554e-15,0.0498917746374,1.42398447355e-15,0.0365889288382,5.47924915138e-16,0.0167944814138,2.44356306587e-15,0.0121371985447,1.80315020326e-15,0.0121365774191,7.33631577345e-16,0.00878427796958,4.28087495111e-16,0.00592017799967,9.9270870745e-16,0.00528070098992,5.12482248407e-16,0.00460712819559,8.48785022758e-16,0.00353115282335,6.49725445738e-16,0.00287064905614,3.70686096778e-16,0.00255012145445,3.63305227694e-16,0.00215172649289,7.75506908414e-16,0.00176431263825,1.34074919932e-16,0.00152231888004,1.08681191437e-16,0.00132956834932,2.03315372811e-15
doe_0020,doe,M031,350,0,230,400,0.0015,0.0002,0.15,0.1,1,0.25,0,0,0,0,0,300,0,0.6,1,36.3092763625,1.52174654432,0.552535158313,1.61895273622,2.96406099665e-11,350.000646157,0.86100395117,0.000646156684581,0.86100395117,20,2.8798090486,0,2.36516402851e-11,-0.281575406205,1.57867269739,False,True,False,data/doe_000.npz,False,1.52174654432,2.44785383248e-10,0.547424088126,9.06970356603e-11,0.0280535814137,4.02752226323e-11,0.0634999239507,3.11213455545e-11,0.0161183057096,3.06100308349e-11,0.0180341133562,1.44997515241e-11,0.00982534939919,1.38764326055e-11,0.00715745720694,8.17842959948e-12,0.00562981090809,1.13712147974e-11,0.00370581874788,9.91816585055e-12,0.00321106983147,7.25073231489e-12,0.00225039355586,4.45087093833e-12,0.00188360696996,3.86343775085e-12,0.00143973024961,5.14236577115e-12,0.00115531162854,4.90448135575e-12,0.000931076399911,3.48238836072e-12,0.000738309650436,1.58110986413e-12,0.000605378380771,1.73172030403e-12,0.00048436338902,2.67408143278e-12,0.00039710087238,2.67286186925e-12
doe_0021,doe,M032,350,700,230,400,0.0015,0.0002,0.15,0.1,1,0.25,0,0,0,0,0,300,0,0.6,1,25.9984656868,3.40272953763,0.884657471255,3.51584872673,2.64677169071e-15,348.278730161,700.862461199,-1.72126983867,0.862461198503,20,5.75728321052,0,9.85893815654e-14,-0.281575406205,2.52760104551,False,True,False,data/doe_000.npz,False,3.40272953763,2.79609497256e-16,0.855578549215,2.80115458496e-15,0.212550052842,6.01098324249e-15,0.0287188561835,6.40810679826e-15,0.0499580293318,1.34993371075e-15,0.0365036751205,1.6194412101e-15,0.0167094920021,1.79942019806e-15,0.012156109864,1.86777423646e-15,0.0121316533591,2.87522374912e-16,0.00875275928979,8.5044752711e-16,0.00590730245481,1.15198454816e-15,0.00528150986752,2.33042242064e-16,0.00459802641971,7.16141760145e-16,0.00351998442606,8.68466150346e-16,0.00286694473731,5.00877326913e-16,0.00254695756335,4.2000095102e-16,0.00214593929239,6.76970815857e-16,0.00175988202401,3.57376229468e-16,0.00151981347774,3.37852132905e-16,0.00132658622811,1.46993331138e-15
doe_0022,doe,M035,700,-700,230,400,0.0015,0.0002,0.15,0.1,1,0.25,0,0,0,0,0,300,0,0.6,1,22.8107666894,4.30414969893,0.981809545785,4.41471003443,8.70414851306e-16,701.723480433,-698.279265036,1.72348043334,1.72073496413,20,7.07978415205,0,1.0041575235e-13,-0.281575406205,2.8051847875,False,True,False,data/doe_000.npz,False,4.30414969893,6.55860921201e-15,0.932933413064,2.17864438059e-15,0.291648134526,6.7991158944e-15,0.0636540182913,4.9057777855e-15,0.0354705053214,7.74113512222e-16,0.0413167305357,8.23380835875e-16,0.0287670320812,2.3603983856e-15,0.0153806108008,1.69010913229e-15,0.0108383351365,2.41665569522e-16,0.0107027983566,3.40840904348e-16,0.00896941174288,8.93073824589e-16,0.00646132162677,7.20170157285e-16,0.00499747329652,7.2919852954e-16,0.00451615736873,5.31867861012e-16,0.00396458181556,2.07196878467e-16,0.0032186562758,7.61159917869e-16,0.00264483758515,5.02164457152e-16,0.00232804697811,2.74488379696e-16,0.00206053260555,2.8006525194e-16,0.00176096872871,1.90761282137e-15
doe_0023,doe,M036,700,0,230,400,0.0015,0.0002,0.15,0.1,1,0.25,0,0,0,0,0,300,0,0.6,1,27.5448605524,3.04349320085,0.838325958097,3.15684097512,-7.81597009336e-16,700.001318097,1.72201856487,0.00131809706329,1.72201856487,20,5.22417981524,0,8.76211655488e-14,-0.281575406205,2.39522327117,False,True,False,data/doe_000.npz,False,3.04349320085,2.49441248136e-15,0.816367123136,3.38466076211e-15,0.175890180896,3.4142749859e-15,0.0332206321107,3.41766912287e-15,0.0523576494736,1.93151030938e-15,0.0304220070168,1.98479729444e-15,0.0130741865532,1.5411437698e-15,0.0134468026829,8.84303861293e-16,0.0111131302192,3.61869691904e-16,0.00692963936234,2.26841619529e-16,0.00567482148243,8.75527165997e-16,0.00512592285442,4.89127505108e-16,0.00387303742922,3.9184468891e-16,0.00305371769784,5.01405906273e-16,0.00271051330956,5.48063237879e-16,0.00224782216064,4.19093259383e-16,0.00181725047012,4.67343194659e-16,0.00157151997312,3.64838110274e-16,0.00135089753884,7.40823820056e-16,0.00112733210632,1.36140818773e-15
doe_0024,doe,M037,700,700,230,400,0.0015,0.0002,0.15,0.1,1,0.25,0,0,0,0,0,300,0,0.6,1,22.800161032,4.3041499806,0.981353126635,4.41460882253,3.42836870004e-15,698.279437639,701.723400072,-1.72056236144,1.72340007195,20,7.07957450096,0,9.59688832003e-14,-0.281575406205,2.8038806933,False,True,False,data/doe_000.npz,False,4.3041499806,1.88327240822e-15,0.932585844142,4.83386743055e-15,0.291274877335,6.11501727307e-15,0.0634040010493,5.54002075302e-15,0.0355507785658,2.13691346085e-15,0.0413257579405,5.68491123752e-16,0.0287173334344,1.5982846138e-15,0.0153348497238,9.98114323877e-16,0.0108405016205,1.14165316177e-15,0.0107061769747,1.82681549177e-16,0.0089570420202,1.17922395685e-15,0.00644652778802,3.23212801307e-16,0.00499316553552,8.52402245643e-16,0.00451539739871,1.19469639991e-15,0.00395998007335,3.03343212115e-16,0.00321254067852,4.18636772117e-16,0.002641360441,8.7693877055e-16,0.002326330432,3.50756298756e-16,0.00205807213139,4.58755679605e-16,0.00175792656459,1.46758599457e-15
doe_0025,doe,M040,1400,-700,230,400,0.0015,0.0002,0.15,0.1,1,0.25,0,0,0,0,0,300,0,0.6,1,16.9593737962,6.80545805162,1.15416306952,6.90263612731,-2.48689957516e-15,1401.72478342,-696.557210951,1.72478341579,3.44278904935,31.304951685,10.6868230003,0,9.63852345159e-14,-0.281575406205,3.29765063379,False,True,False,data/doe_000.npz,False,6.80545805162,4.02851011512e-15,1.05217482937,9.44504209298e-16,0.430282823898,4.62685321984e-15,0.178561431762,3.22950227733e-15,0.06638421115,1.30794259141e-15,0.0283554955117,3.0533299799e-15,0.0281615769328,1.16571294773e-15,0.0276684624528,2.08458778927e-15,0.0227383318992,4.02267886876e-16,0.0164980206376,7.19584711323e-16,0.0114271053395,1.33738286844e-15,0.00869998364896,1.70953392245e-16,0.00773016502014,8.0876700103e-16,0.00712595495235,1.0773187172e-15,0.0062630639446,5.0500445524e-16,0.00522337634304,3.63964603589e-16,0.00429129336739,5.89850933927e-16,0.00364758112909,3.58762307014e-16,0.0032516903382,2.6250242815e-16,0.00294744627748,1.74714259479e-15
doe_0026,doe,M041,1400,0,230,400,0.0015,0.0002,0.15,0.1,1,0.25,0,0,0,0,0,300,0,0.6,1,18.3133271764,6.08698665174,1.11472978072,6.1882189799,7.46069872548e-16,1400.00269365,3.44405831741,0.00269365151598,3.44405831741,28,9.65630342208,0,9.8875234976e-14,-0.281575406205,3.18497447485,False,True,False,data/doe_000.npz,False,6.08698665174,1.6626935891e-15,1.02706234735,1.07366501683e-15,0.399462257643,5.61575533974e-15,0.149977148207,3.84463252162e-15,0.0470023515561,2.40637251816e-15,0.028376980231,2.80971534778e-15,0.031751563224,2.91301466176e-15,0.0275909645716,1.03269848437e-15,0.0198497394679,8.19865924044e-16,0.0129966591823,1.21899212471e-15,0.00942244286968,2.01612843447e-15,0.00844726885114,1.04083201787e-15,0.00780862769861,1.74846409421e-16,0.00668796907656,1.39376891798e-16,0.00537615078855,3.87103070001e-16,0.00434438475636,5.44054573614e-16,0.00375313944799,1.21930430876e-15,0.00339298760543,6.34980465756e-16,0.00303402425454,8.08690958075e-16,0.00263309011215,1.21002955416e-15
doe_0027,doe,M042,1400,700,230,400,0.0015,0.0002,0.15,0.1,1,0.25,0,0,0,0,0,300,0,0.6,1,16.9570665348,6.80545830903,1.15400609346,6.90261013258,4.93827201353e-15,1398.28076449,703.445382067,-1.71923550682,3.44538206681,31.304951685,10.6867128749,0,9.75648442791e-14,-0.281575406205,3.29720208732,False,True,False,data/doe_000.npz,False,6.80545830903,3.72129393496e-15,1.05207655154,5.42167174098e-15,0.430163436628,6.13829947597e-15,0.178447897512,5.06471483009e-15,0.0663002476389,3.00777457558e-15,0.028338994699,6.71569444818e-16,0.0281767556326,1.03445149789e-15,0.0276726303788,4.27546456545e-16,0.0227302393178,1.22904068854e-15,0.0164843001966,9.05175412073e-16,0.0114157366204,7.12458616585e-16,0.00869584899314,2.19953350737e-16,0.00773034279465,6.67219844676e-16,0.00712557070081,7.51202093219e-16,0.00626056614075,1.97900776399e-16,0.00521968350313,8.3279643017e-17,0.00428807588255,2.76716862693e-16,0.00364575321688,3.31002870617e-16,0.00325079917501,6.11463904275e-16,0.00294657401356,1.3690683575e-15
doe_0028,doe,M030,350,-700,230,400,0.0015,0.0002,0.15,0.1,1,0.25,0,0,0,0,0,300,0.5,0.1,1,15.6815216436,3.40272927904,0.533599728365,3.44431624054,-1.38555833473e-15,351.72279056,-699.140364239,1.72279055956,0.859635761071,20,5.32643937884,0,1.06787155891e-13,-0.281575406205,1.52462191607,False,True,False,data/doe_000.npz,False,3.40272927904,4.14061947173e-15,0.496818217298,3.59405163376e-16,0.179614742242,7.77370873717e-15,0.0576598653953,5.27077271166e-15,0.0201672621869,9.71447443453e-16,0.0241115658903,7.40001664945e-16,0.0242209927307,2.63275756991e-15,0.0195638405142,1.53099421788e-15,0.0136363138651,3.97646863824e-16,0.00827066598137,6.80103545471e-16,0.00405245082883,1.01093268562e-15,0.00105997441219,6.22247166548e-16,0.00158486113406,6.25112495275e-16,0.00306075387428,7.31826968986e-16,0.00392752589343,3.67477723354e-16,0.00421277066357,5.69689542792e-16,0.00401576002854,6.73089026929e-16,0.00347612190403,2.1835875689e-16,0.00275098953033,2.65588333858e-16,0.00199936973836,2.01176771754e-15
doe_0029,doe,M031,350,0,230,400,0.0015,0.0002,0.15,0.1,1,0.25,0,0,0,0,0,300,0.5,0.1,1,22.9805840802,1.52174662849,0.349706263448,1.56141240452,1.27897692437e-15,350.0006655,0.861010644898,0.000665499940737,0.861010644898,20,2.56840452304,0,8.3562459383e-14,-0.281575406205,0.999166573761,False,True,False,data/doe_000.npz,False,1.52174662849,7.51328634904e-15,0.343596537702,4.23259391783e-15,0.0355540064613,1.75113459339e-15,0.0399250998872,2.88010399305e-15,0.0319834749217,1.53197750394e-15,0.01474242078,1.99437697974e-15,0.00482686708615,1.34213975175e-15,0.00151877798912,8.24472555405e-16,0.0049382776931,2.41512699403e-16,0.00598612648856,8.11262352517e-17,0.00502085221306,9.23283515478e-16,0.00327893157812,2.58867778608e-16,0.00179785116276,3.22562021238e-16,0.00144023381545,5.85250788842e-16,0.00173583154545,5.27111943704e-16,0.00177435108712,3.36899253133e-16,0.00148732288173,5.3339557915e-16,0.00106415753883,3.94226308202e-16,0.000727589886864,7.05856078702e-16,0.000616001062075,1.40691314034e-15
doe_0030,doe,M032,350,700,230,400,0.0015,0.0002,0.15,0.1,1,0.25,0,0,0,0,0,300,0.5,0.1,1,15.6708076476,3.40272940839,0.533235180356,3.44425991384,4.01456645704e-15,348.278698271,700.862443853,-1.72130172853,0.862443852974,20,5.32623608769,0,1.01474929684e-13,-0.281575406205,1.52358044309,False,True,False,data/doe_000.npz,False,3.40272940839,7.93042169526e-16,0.496564287764,2.70698896941e-15,0.179317140345,5.84855677998e-15,0.0574128084873,6.85765662905e-15,0.0201367652829,7.62757463848e-16,0.0241653972942,1.75349857676e-15,0.0242306551164,1.69320925368e-15,0.0195362651168,1.20850286072e-15,0.0135912083427,4.79710400594e-16,0.00822337674935,6.37145187492e-16,0.00401075027952,1.17259075332e-15,0.00103326501361,2.75338397415e-16,0.00161328600318,9.50737751169e-16,0.00308398499638,9.23816904173e-16,0.0039429968959,1.08950084587e-16,0.00421956718056,2.4660053224e-16,0.00401422896576,7.4798929883e-16,0.00346790287536,3.82628061849e-16,0.00273874462207,2.66933290116e-16,0.00198667677657,1.66115445083e-15
doe_0031,doe,M035,700,-700,230,400,0.0015,0.0002,0.15,0.1,1,0.25,0,0,0,0,0,300,0.5,0.1,1,13.4264720848,4.30414975321,0.577895465103,4.34277629924,1.65201186064e-15,701.723461621,-698.279301638,1.72346162086,1.72069836179,20,6.61796091646,0,1.02489131206e-13,-0.281575406205,1.65122313902,False,True,False,data/doe_000.npz,False,4.30414975321,6.0034138836e-15,0.525974891851,1.82539114363e-15,0.214932592485,6.74502645917e-15,0.0892453248466,5.17976979685e-15,0.0346753619561,7.58035171679e-16,0.0197703826595,7.27661269252e-16,0.0208097848717,2.50167783868e-15,0.0205146516317,1.52053426528e-15,0.0177375567988,5.98001345399e-16,0.0138261299508,2.08375632552e-16,0.00979001911293,6.94017216585e-16,0.00616801528003,7.29263930487e-16,0.00317729786893,7.42628096273e-16,0.000942020894476,6.21305821509e-16,0.00118726193201,1.72357439141e-16,0.00238006959753,6.43093260767e-16,0.00317362363793,7.02840661807e-16,0.00357705566434,1.44994774956e-16,0.00364321462507,1.9998822135e-16,0.00343783687224,1.81878814272e-15
doe_0032,doe,M036,700,0,230,400,0.0015,0.0002,0.15,0.1,1,0.25,0,0,0,0,0,300,0.5,0.1,1,16.7724220067,3.0434933412,0.510467546934,3.086008089,-1.04805053525e-15,700.001350352,1.72202926284,0.00135035211269,1.72202926284,20,4.80868461489,0,9.64057431221e-14,-0.281575406205,1.45852653462,False,True,False,data/doe_000.npz,False,3.0434933412,2.61084929968e-15,0.480273264349,2.49363910099e-15,0.160601206308,4.53878930804e-15,0.0427815847507,4.20048171652e-15,0.0212273150938,2.25143759494e-15,0.0271368707456,2.21638459548e-15,0.0240265934667,2.75333729614e-15,0.0171941305904,1.01374781516e-15,0.0104813342961,5.86985253282e-16,0.00523274714611,7.34349195612e-16,0.00153031699137,1.70762882771e-15,0.0015021824955,4.91035022046e-16,0.00323711449643,1.57853828777e-16,0.00423311184309,3.59319070019e-16,0.00450394407915,3.98380991887e-17,0.00418650133822,5.68825198855e-16,0.00348171201551,1.0752270119e-15,0.00260966925292,5.08574707427e-16,0.00178944338512,6.19617839834e-16,0.00126051440733,1.50465719616e-15
doe_0033,doe,M037,700,700,230,400,0.0015,0.0002,0.15,0.1,1,0.25,0,0,0,0,0,300,0.5,0.1,1,13.4217846828,4.30414992635,0.57769373554,4.34274962113,2.16715534407e-15,698.279401055,701.723418873,-1.72059894455,1.72341887269,20,6.61788914567,0,9.98718758913e-14,-0.281575406205,1.65064658529,False,True,False,data/doe_001.npz,False,4.30414992635,1.51550909181e-15,0.525849085592,4.10902672918e-15,0.21477763627,5.94603492738e-15,0.0890974062422,5.66785640222e-15,0.034572355635,2.20674297289e-15,0.0197624019857,1.24307229527e-15,0.0208309163526,2.11082306297e-15,0.0205226601216,1.46751285309e-15,0.0177293703923,7.36336056018e-16,0.0138066794252,2.57568630834e-17,0.00976507716811,1.33441297289e-15,0.00614211711342,4.77492541251e-16,0.00315345765076,1.15394079729e-15,0.000925901070312,9.81880704364e-16,0.00120393148031,1.12524003588e-16,0.0023944508949,3.00857265727e-16,0.00318421220616,7.22759498632e-16,0.00358357241793,1.45146925638e-16,0.00364565892579,3.27264557639e-16,0.00343652358067,1.57340258767e-15
doe_0034,doe,M040,1400,-700,230,400,0.0015,0.0002,0.15,0.1,1,0.25,0,0,0,0,0,300,0.5,0.1,1,9.50169755028,6.80545822503,0.646634057453,6.83611466368,3.5527136788e-16,1401.72480618,-696.557254766,1.72480617982,3.44274523446,31.304951685,10.1765637134,0,9.99327379586e-14,-0.281575406205,1.84767265022,False,True,False,data/doe_001.npz,False,6.80545822503,5.68355227696e-15,0.564079054567,5.46715877691e-16,0.264436620636,6.42785338807e-15,0.139851604788,4.87428222418e-15,0.0777266203152,5.77907755263e-16,0.0448583336345,2.36022456512e-15,0.0279138346791,1.37281056247e-15,0.0202343754119,1.80886044229e-15,0.0172183900326,6.53066775e-16,0.0157369185527,3.94372808623e-16,0.0143960610351,1.23313216664e-15,0.0128281858747,2.7334369514e-16,0.0110407256839,6.52212500813e-16,0.00913850203901,8.87786646839e-16,0.00723144780997,5.84952026939e-16,0.0054083691389,7.54427473533e-16,0.00373277250957,1.86971434842e-16,0.00224646499634,3.92246351504e-16,0.00098172201075,4.23074438665e-16,0.000294017880171,1.91344123642e-15
doe_0035,doe,M041,1400,0,230,400,0.0015,0.0002,0.15,0.1,1,0.25,0,0,0,0,0,300,0.5,0.1,1,10.3837346257,6.0869868494,0.632056561141,6.11972011121,1.31450406116e-15,1400.00273908,3.44407242891,0.00273907956148,3.44407242891,28,9.15639508509,0,1.05108016905e-13,-0.281575406205,1.80603373003,False,True,False,data/doe_001.npz,False,6.0869868494,2.96477957934e-15,0.556776709673,3.78805762017e-16,0.254665674041,6.68453098208e-15,0.129360132941,5.82751348478e-15,0.0678477669708,2.59392745236e-15,0.0367770459647,1.56676095787e-15,0.0228214880803,3.09347336459e-15,0.0182951206226,2.22285401003e-15,0.0169957620749,1.08676708297e-15,0.0158670001483,5.21030316544e-16,0.0142278484067,1.12966457864e-15,0.0121605093114,3.27336957583e-16,0.00988504623034,1.06269183277e-15,0.00759728717675,1.1353954214e-15,0.00543808192053,3.80907965175e-16,0.00349739177207,5.59397126827e-16,0.00182977849883,7.28242308131e-16,0.00053057904375,2.83466620837e-16,0.000818867372089,2.22718480506e-16,0.00163564874995,1.88530188083e-15
doe_0036,doe,M042,1400,700,230,400,0.0015,0.0002,0.15,0.1,1,0.25,0,0,0,0,0,300,0.5,0.1,1,9.50083319744,6.80545838195,0.64657524919,6.83610925915,4.33431068814e-15,1398.28075861,703.445431084,-1.71924139075,3.44543108354,31.304951685,10.1765304977,0,1.01187078141e-13,-0.281575406205,1.84750469251,False,True,False,data/doe_001.npz,False,6.80545838195,3.6346172287e-15,0.564048950483,4.18829341342e-15,0.26439975999,5.99748812297e-15,0.139811522889,5.43125504327e-15,0.0776880698252,2.95176824992e-15,0.0448253098185,7.30433386475e-16,0.0278902853079,1.22140547434e-15,0.0202222441013,7.33713333715e-16,0.0172145199031,1.35696055616e-15,0.0157363203975,8.08461594444e-16,0.0143955634979,8.8590913062e-16,0.0128264198719,1.38776136262e-16,0.0110373306553,6.29757698966e-16,0.00913361237773,5.9240597125e-16,0.00722541927565,3.4729197749e-16,0.00540163315995,3.22909109634e-16,0.0037257601751,3.86161459769e-16,0.00223958308702,3.05761730616e-16,0.000975500049396,6.80526916588e-16,0.000297127366658,1.60025243155e-15
doe_0037,doe,M030,350,-700,230,400,0.0015,0.0002,0.15,0.1,1,0.25,0,0,0,0,0,300,0.5,0.3,1,15.7200513046,3.40272928002,0.534910788577,3.44451700556,-1.33226762955e-15,351.722790692,-699.140364423,1.72279069157,0.85963557683,20,5.32694355451,0,1.07046871883e-13,-0.281575406205,1.52832000201,False,True,False,data/doe_001.npz,False,3.40272928002,4.63100383405e-15,0.497802644909,6.99956020885e-16,0.18120598875,7.84754206233e-15,0.0597977111839,4.99229708607e-15,0.0210673655792,1.00414278442e-15,0.0224710705325,6.16035212871e-16,0.0217828510668,2.61110147367e-15,0.016855056404,1.60012555449e-15,0.0110509261563,3.89716291897e-16,0.00627219321527,6.43546365729e-16,0.00323147564704,1.00151532156e-15,0.00203848522911,5.83644389718e-16,0.00203278476923,5.69142735756e-16,0.00222442794073,8.14571118783e-16,0.00229548359077,4.4560316662e-16,0.00219253008383,4.67546158078e-16,0.00192793305111,6.79209250335e-16,0.00155716886402,2.48269479643e-16,0.00115635225593,2.05965877023e-16,0.000797868295766,2.05027955294e-15
doe_0038,doe,M031,350,0,230,400,0.0015,0.0002,0.15,0.1,1,0.25,0,0,0,0,0,300,0.5,0.3,1,23.2091539739,1.52174662627,0.353184517584,1.56219464993,2.93098878501e-15,350.000664989,0.861010770907,0.000664989127131,0.861010770907,20,2.57087000716,0,8.38186137516e-14,-0.281575406205,1.0090987278,False,True,False,data/doe_001.npz,False,1.52174662627,1.35934973839e-14,0.347896034615,5.39955944372e-15,0.0410468812526,1.3484341797e-15,0.0345713162463,2.5096799512e-15,0.0259507494926,1.27920563993e-15,0.00974962175276,2.05136973783e-15,0.00505128519288,1.05749355681e-15,0.00363536673326,1.14588817581e-15,0.00271321919622,1.55594919173e-16,0.00254158203456,1.0960932073e-16,0.00185812480554,9.26999582382e-16,0.00119321744596,2.49178289363e-16,0.000847347105068,2.39653627046e-16,0.000629477828114,5.47382589156e-16,0.000493598421396,5.38611397271e-16,0.000396006328168,3.6376964305e-16,0.000302130569359,4.60245536497e-16,0.000227074772436,3.68163274472e-16,0.000172591128424,6.59590799958e-16,0.000131790460912,1.35066133164e-15
doe_0039,doe,M032,350,700,230,400,0.0015,0.0002,0.15,0.1,1,0.25,0,0,0,0,0,300,0.5,0.3,1,15.7091562316,3.40272940826,0.534540078883,3.4444595814,3.65929508916e-15,348.278698459,700.862443727,-1.72130154068,0.862443727406,20,5.32672335517,0,1.01296978814e-13,-0.281575406205,1.52726080545,False,True,False,data/doe_001.npz,False,3.40272940826,1.01787515567e-15,0.497545994282,2.89452631378e-15,0.180904942931,6.03753560844e-15,0.0595472995498,6.80713117001e-15,0.021016344682,7.06606498794e-16,0.0225185046007,1.70089975521e-15,0.0217918118478,1.79157793583e-15,0.016828923099,1.27837513711e-15,0.0110097790473,3.85614769593e-16,0.00623334482819,6.74984306453e-16,0.00320590364921,1.10421503279e-15,0.00203104932438,3.05741794668e-16,0.00203473636967,8.28021202145e-16,0.0022282821671,8.68392854293e-16,0.00229865619107,2.34354259906e-16,0.0021932549876,1.65069003856e-16,0.00192541233473,6.60991576814e-16,0.00155183092463,5.03723994223e-16,0.00114946403366,2.65180756987e-16,0.000791008000173,1.6884843569e-15
doe_0040,doe,M035,700,-700,230,400,0.0015,0.0002,0.15,0.1,1,0.25,0,0,0,0,0,300,0.5,0.3,1,13.4571352006,4.30414975394,0.579215251622,4.34294840662,1.54543045028e-15,701.723461844,-698.279301653,1.72346184428,1.72069834726,20,6.61837053942,0,1.03862999196e-13,-0.281575406205,1.65491416195,False,True,False,data/doe_001.npz,False,4.30414975394,6.01205793453e-15,0.526787050229,2.00885567456e-15,0.216217350567,6.75967263838e-15,0.0909536033081,5.12086680811e-15,0.0365036396024,6.17310431845e-16,0.0201309597258,8.00763079818e-16,0.0195738474231,2.58248370893e-15,0.0186110080439,1.68712119291e-15,0.0155768837869,5.25439095228e-16,0.0116763207557,1.71314511733e-16,0.00789785779695,6.61978369383e-16,0.00479001540997,6.90249743182e-16,0.0026154486193,6.89408894597e-16,0.00159782563605,6.31324689852e-16,0.00164480167736,1.95847877707e-16,0.00193842859197,5.75590277174e-16,0.00210351389962,7.04521571438e-16,0.00210568060949,1.53239440015e-16,0.00197274673225,1.26909257365e-16,0.00174107622995,1.88045850704e-15
doe_0041,doe,M036,700,0,230,400,0.0015,0.0002,0.15,0.1,1,0.25,0,0,0,0,0,300,0.5,0.3,1,16.8184895601,3.04349334042,0.51186960972,3.08623770174,-5.15143483426e-16,700.001350172,1.72202941951,0.00135017161028,1.72202941951,20,4.80926956964,0,9.66305856583e-14,-0.281575406205,1.46248722567,False,True,False,data/doe_001.npz,False,3.04349334042,2.3174333969e-15,0.481427189556,2.40955155242e-15,0.162459204422,4.49204923496e-15,0.0451940856875,4.31714037599e-15,0.0207053371376,2.1309479555e-15,0.0247652081564,2.00078767373e-15,0.021098351295,2.68649944296e-15,0.0142005071706,1.0643041002e-15,0.0079772078387,6.08026602706e-16,0.003984059955,7.34113677963e-16,0.00238497464081,1.71721941618e-15,0.00221255979975,5.77268141556e-16,0.00233321704206,1.26439843193e-16,0.0023835094607,2.99043040767e-16,0.00224972047092,1.11900785646e-16,0.00192457570919,5.46798443975e-16,0.00148801738868,9.16865368381e-16,0.00104991426841,5.00195010815e-16,0.000702124429293,6.09509360074e-16,0.000496814639278,1.51222279192e-15
doe_0042,doe,M037,700,700,230,400,0.0015,0.0002,0.15,0.1,1,0.25,0,0,0,0,0,300,0.5,0.3,1,13.4523372644,4.30414992562,0.579008764359,4.3429210387,2.22044604925e-15,698.279401041,701.72341865,-1.72059895907,1.72341864982,20,6.61829754906,0,1.00528390346e-13,-0.281575406205,1.6543241203,False,True,False,data/doe_001.npz,False,4.30414992562,1.42147403537e-15,0.526659078055,4.1615085855e-15,0.216059577428,6.29142989412e-15,0.0908029737425,5.71941398606e-15,0.0363972509682,2.14811604658e-15,0.0201136174214,1.07986654172e-15,0.0195911416936,2.16920241949e-15,0.0186183322927,1.56064945576e-15,0.0155693551099,7.7468274249e-16,0.0116585498006,1.94751475372e-16,0.00787585237806,1.38697503603e-15,0.00476886498054,4.32120234062e-16,0.00259943342143,1.14658959984e-15,0.00159239548263,8.96919469865e-16,0.00164760155587,1.28831274518e-16,0.00194229993979,3.26482830165e-16,0.00210639727843,6.41609221002e-16,0.00210711776051,1.66450257519e-16,0.00197259891719,2.95869596141e-16,0.00173937615692,1.60931710912e-15
doe_0043,doe,M040,1400,-700,230,400,0.0015,0.0002,0.15,0.1,1,0.25,0,0,0,0,0,300,0.5,0.3,1,9.53209641416,6.80545822533,0.648702839464,6.83630749566,2.48689957516e-16,1401.72480637,-696.557254538,1.72480636876,3.44274546207,31.304951685,10.1771375872,0,9.87293626188e-14,-0.281575406205,1.85348765252,False,True,False,data/doe_001.npz,False,6.80545822533,5.13078661143e-15,0.565081907263,1.88877675374e-16,0.26586741956,6.34373106079e-15,0.141534559027,4.5262747362e-15,0.0794992891098,6.59150569344e-16,0.046506873631,2.48530197817e-15,0.0291034831117,1.14183880532e-15,0.0206206928209,1.72646400041e-15,0.0167778747675,7.68360340555e-16,0.0147250234141,4.5143158275e-16,0.0130721535608,9.06122174185e-16,0.0113770638498,4.66414184435e-16,0.00959251857441,8.84259948899e-16,0.0077915757189,7.40156123307e-16,0.00606541077187,5.0943385949e-16,0.00449160495641,7.82826469972e-16,0.00313009821472,2.94715671497e-16,0.00203561123509,4.11031412497e-16,0.00129510966004,4.5316084119e-16,0.00104611801703,1.82107840498e-15
doe_0044,doe,M041,1400,0,230,400,0.0015,0.0002,0.15,0.1,1,0.25,0,0,0,0,0,300,0.5,0.3,1,10.4135257448,6.08698684865,0.633869942569,6.11990369102,1.06581410364e-15,1400.00273891,3.44407263731,0.00273890634639,3.44407263731,28,9.15691873279,0,1.03913229285e-13,-0.281575406205,1.81110472918,False,True,False,data/doe_001.npz,False,6.08698684865,2.23845124448e-15,0.557688269512,1.05809838538e-15,0.255995224526,6.99294619561e-15,0.130969133802,5.51058961459e-15,0.0695843259779,2.79220160993e-15,0.0383584530772,1.74587147932e-15,0.0237110241573,3.02427806257e-15,0.0181299606082,2.27495194694e-15,0.0160310880844,1.05520616637e-15,0.0144703555523,5.46566104721e-16,0.0126456467772,1.13441793301e-15,0.0105576655615,4.41895848159e-16,0.0083865426662,9.6477196702e-16,0.00630731234047,1.12104051459e-15,0.0044495404784,4.60061884852e-16,0.00290338632792,5.33203463077e-16,0.00175581935888,7.80310389733e-16,0.00116768250976,2.6045784691e-16,0.00120504943271,2.28564933128e-16,0.00147143893694,1.80562028647e-15
doe_0045,doe,M042,1400,700,230,400,0.0015,0.0002,0.15,0.1,1,0.25,0,0,0,0,0,300,0.5,0.3,1,9.53118746709,6.80545838067,0.648640996256,6.83630178266,4.40536496171e-15,1398.28075835,703.445430937,-1.71924164747,3.4454309372,31.304951685,10.1770780017,0,1.01746632584e-13,-0.281575406205,1.85331097565,False,True,False,data/doe_001.npz,False,6.80545838067,3.12792402294e-15,0.565050403602,5.01536749408e-15,0.26582867537,5.91529922872e-15,0.14149256711,5.00621442106e-15,0.0794590888369,2.70147398136e-15,0.0464725298431,5.29493360746e-16,0.0290786220713,1.23006418773e-15,0.0206070145687,7.4122161929e-16,0.0167728073617,1.34080856289e-15,0.0147239358718,6.85155996665e-16,0.013071714333,8.55480686832e-16,0.0113756814613,2.17478560138e-16,0.00958969483654,7.95053887048e-16,0.00778738089324,5.11894634896e-16,0.00606018208262,1.64053425383e-16,0.00448578742583,1.65287205735e-16,0.0031241848449,3.36935980005e-16,0.00203022010269,4.49709219135e-16,0.00129138728715,5.73313339812e-16,0.00104557599256,1.63017236253e-15
doe_0046,doe,M030,350,-700,230,400,0.0015,0.0002,0.15,0.1,1,0.25,0,0,0,0,0,300,0.5,0.6,1,15.992737971,3.40272928361,0.544189578189,3.44597020285,-6.2172489379e-16,351.72279147,-699.140364957,1.72279147036,0.859635042569,20,5.33108219083,0,1.06463308023e-13,-0.281575406205,1.55483199793,False,True,False,data/doe_001.npz,False,3.40272928361,4.5042121394e-15,0.504574994526,4.08801820692e-16,0.188943635734,7.7063766659e-15,0.0659832451906,5.08649366387e-15,0.0213286870319,8.96239829e-16,0.018496457089,6.31759601554e-16,0.0181257394181,2.69941006598e-15,0.0139239341177,1.59397096412e-15,0.00904500310947,3.69557596502e-16,0.00563237625056,6.86804774648e-16,0.00421698669823,9.19262199002e-16,0.00370254642633,6.38407579064e-16,0.00315727499941,6.04984580713e-16,0.00252944517856,8.14181258669e-16,0.00201190384693,4.06867236526e-16,0.0016720434066,3.98505073748e-16,0.00143033259915,6.56326030215e-16,0.00120972703185,2.00124225004e-16,0.0010017980434,1.41903163314e-16,0.000827748449053,2.04543795158e-15
doe_0047,doe,M031,350,0,230,400,0.0015,0.0002,0.15,0.1,1,0.25,0,0,0,0,0,300,0.5,0.6,1,24.9147183608,1.52174661485,0.379138883254,1.5682662714,2.41051623107e-14,350.000662363,0.861010434867,0.000662362850733,0.861010434867,20,2.594586383,0,8.16359705629e-14,-0.281575406205,1.0832541233,False,True,False,data/doe_001.npz,False,1.52174661485,1.22243600215e-13,0.373472242499,2.52913150114e-14,0.0509799358912,2.17411568307e-14,0.0310129768184,4.01052397247e-15,0.0231909572842,7.91400614504e-15,0.00794489437706,8.94523990815e-15,0.00728469485334,3.57535762161e-15,0.00512894184052,4.78507863151e-15,0.00304134797757,2.26032954876e-15,0.00259306615173,2.2075046736e-15,0.00184069890705,2.96154009593e-15,0.00132122528186,2.15074067461e-15,0.0010597605612,1.53920855433e-15,0.000782755058429,9.45877022619e-16,0.000598346160067,4.82691339973e-16,0.000469855680489,7.86035554209e-16,0.000357642167404,9.26897584498e-16,0.000278601039162,9.73827014218e-16,0.000217813514672,6.03067498452e-16,0.000168715533332,1.53530627886e-15
doe_0048,doe,M032,350,700,230,400,0.0015,0.0002,0.15,0.1,1,0.25,0,0,0,0,0,300,0.5,0.6,1,15.9808851536,3.40272940916,0.543786278964,3.44590665861,4.12114786741e-15,348.278699374,700.862443502,-1.72130062638,0.862443502357,20,5.33088609958,0,1.01265665973e-13,-0.281575406205,1.55367968201,False,True,False,data/doe_001.npz,False,3.40272940916,2.45791296975e-16,0.504298954461,2.30530850565e-15,0.188622552678,5.96381404718e-15,0.0657170324652,6.84247668567e-15,0.0212357934861,8.52844713507e-16,0.0185393433451,1.69608232396e-15,0.0181339579205,1.71442053073e-15,0.013897060026,1.22410116654e-15,0.00900781557914,4.03838615753e-16,0.00560807982755,6.71699379254e-16,0.00421027515805,1.05960427522e-15,0.00369879019593,3.22733929933e-16,0.00314998781479,8.33381293075e-16,0.00252103326956,8.31562355376e-16,0.00200577703609,2.94729992748e-16,0.00166835930671,1.87068223093e-16,0.00142715866052,6.37019334766e-16,0.00120609335572,5.19472117191e-16,0.000998111438625,2.7704518448e-16,0.000824662424043,1.70110117222e-15
doe_0049,doe,M035,700,-700,230,400,0.0015,0.0002,0.15,0.1,1,0.25,0,0,0,0,0,300,0.5,0.6,1,13.6414360756,4.30414975587,0.587147837544,4.34401336534,2.18491891246e-15,701.723462658,-698.279301466,1.72346265781,1.7206985337,20,6.62138840488,0,1.02865235714e-13,-0.281575406205,1.67757598997,False,True,False,data/doe_001.npz,False,4.30414975587,6.01000385744e-15,0.531938498484,1.6518623064e-15,0.222582726047,6.73389444256e-15,0.0968739037742,4.80409013704e-15,0.0402417928817,5.60247380648e-16,0.0192308581043,8.252263441e-16,0.0162161469561,2.38061305819e-15,0.0152990173673,1.57796890187e-15,0.0128315636987,5.7674297481e-16,0.0096435912608,1.57174450473e-16,0.0067247317379,8.34082152129e-16,0.0046638529604,7.14387758168e-16,0.0035698647648,6.94272480609e-16,0.00307204401275,6.5313724929e-16,0.00272759768177,1.69523930048e-16,0.0023636543913,6.5248845599e-16,0.00199450798447,7.37322094269e-16,0.00167350551087,1.04166417652e-16,0.00142310403995,1.31577855577e-16,0.00122852538867,1.86295805129e-15
doe_0050,doe,M036,700,0,230,400,0.0015,0.0002,0.15,0.1,1,0.25,0,0,0,0,0,300,0.5,0.6,1,17.1583777756,3.04349333617,0.522214084194,3.08797026558,-3.01980662698e-16,700.001349193,1.72202977314,0.00134919266213,1.72202977314,20,4.81426507584,0,9.66022373031e-14,-0.281575406205,1.49204331566,False,True,False,data/doe_001.npz,False,3.04349333617,2.42196552935e-15,0.489408328507,2.47917999738e-15,0.171058416598,4.42933170495e-15,0.0511607627968,4.0772137606e-15,0.0179754745972,2.05053665061e-15,0.0205611408514,2.03461271388e-15,0.0176349106458,2.63286790706e-15,0.0116071410292,1.07016955529e-15,0.00673454086871,5.84593805949e-16,0.00470090046808,7.1673091733e-16,0.0041381256706,1.70289742686e-15,0.00347847189531,6.67766851164e-16,0.00268534995531,7.22207820554e-17,0.00208785364308,3.25701479737e-16,0.00174021179035,1.40813883374e-16,0.00147890132294,5.48499137445e-16,0.00121875545413,8.81859877623e-16,0.00098530297596,4.6161885806e-16,0.000809780167994,6.36734193934e-16,0.000681301705833,1.49134065991e-15
doe_0051,doe,M037,700,700,230,400,0.0015,0.0002,0.15,0.1,1,0.25,0,0,0,0,0,300,0.5,0.6,1,13.636190423,4.30414992369,0.586922079686,4.34398302115,1.75859327101e-15,698.279401227,701.723417838,-1.72059877297,1.72341783803,20,6.62130881972,0,1.01070858174e-13,-0.281575406205,1.67693092455,False,True,False,data/doe_001.npz,False,4.30414992369,1.49012032387e-15,0.531799974885,3.61174609156e-15,0.222412874821,6.05252417123e-15,0.0967132379376,5.67665084138e-15,0.040124704141,2.28471730893e-15,0.0191958449971,8.51814187354e-16,0.0162304866847,2.1500616555e-15,0.0153070090551,1.52770023546e-15,0.0128247594868,8.25137305212e-16,0.00962739069847,1.89018477426e-16,0.00670692971539,1.45797100304e-15,0.00465099923385,4.23677244996e-16,0.00356388580066,1.09327316125e-15,0.00306945393383,8.95729987885e-16,0.00272495610843,1.58321132864e-16,0.00236016426203,2.75616107534e-16,0.00199084178339,6.68486606825e-16,0.00167043164247,1.58754865649e-16,0.00142079352305,2.49860637383e-16,0.00122663792143,1.51750176365e-15
doe_0052,doe,M040,1400,-700,230,400,0.0015,0.0002,0.15,0.1,1,0.25,0,0,0,0,0,300,0.5,0.6,1,9.64141109761,6.80545822562,0.656142204608,6.83701714962,-9.23705556488e-16,1401.72480679,-696.557253838,1.72480679133,3.44274616229,31.304951685,10.1794166573,0,9.72812011022e-14,-0.281575406205,1.87473392633,False,True,False,data/doe_001.npz,False,6.80545822562,5.68626864739e-15,0.569019835228,3.09428797309e-16,0.271035169633,6.02993179032e-15,0.146891864061,4.6342252878e-15,0.0842439694536,7.96566184582e-16,0.049985853685,2.6998639474e-15,0.030770597427,1.14399653082e-15,0.0202726562619,1.95513153447e-15,0.0149025429957,7.2403989878e-16,0.0121921917008,6.66859762788e-16,0.0105396763125,1.0563584515e-15,0.00917788728367,3.47406439688e-16,0.00786360640052,8.23706063802e-16,0.00657927307891,8.45508096074e-16,0.00537826035948,4.7781124554e-16,0.0043219498732,6.84627872621e-16,0.00345630272297,2.91725561479e-16,0.00280186657454,4.08407705806e-16,0.00234748279826,3.72474198252e-16,0.00205078280315,1.83020710411e-15
doe_0053,doe,M041,1400,0,230,400,0.0015,0.0002,0.15,0.1,1,0.25,0,0,0,0,0,300,0.5,0.6,1,10.5351148954,6.08698684596,0.641271057891,6.12067413908,7.1054273576e-16,1400.00273829,3.44407315524,0.00273828508739,3.44407315524,28,9.15932562602,0,1.01935511135e-13,-0.281575406205,1.83223528899,False,True,False,data/doe_001.npz,False,6.08698684596,3.01965921955e-15,0.561786768869,8.43244356517e-16,0.261328911767,6.58772748672e-15,0.136412980745,5.62477408627e-15,0.0742368129858,2.72385995023e-15,0.0413920275172,1.62415642857e-15,0.0243875239005,3.03155895697e-15,0.0165572418858,2.23420173054e-15,0.0133789455608,8.60976256968e-16,0.0117283004137,6.12349568788e-16,0.0102564722223,1.16826334029e-15,0.00868121403986,4.57794617221e-16,0.00707834364082,1.07440826357e-15,0.00558987921579,1.06494742179e-15,0.00433404264103,5.51511085676e-16,0.00337953858305,5.27518993295e-16,0.00273330553841,6.12503566661e-16,0.00233632204838,2.53170511177e-16,0.00209007951116,2.58282577856e-16,0.00190683890953,1.7011441858e-15
doe_0054,doe,M042,1400,700,230,400,0.0015,0.0002,0.15,0.1,1,0.25,0,0,0,0,0,300,0.5,0.6,1,9.6403991444,6.80545837719,0.656073351167,6.83701069148,3.90798504668e-15,1398.28075771,703.445430431,-1.71924228894,3.44543043096,31.304951685,10.1792836461,0,1.00878996355e-13,-0.281575406205,1.87453716025,False,True,False,data/doe_001.npz,False,6.80545837719,3.24995421795e-15,0.568985119325,4.83165683208e-15,0.270992229851,6.16213542281e-15,0.146845766992,5.16377141881e-15,0.0842002154633,3.01944023658e-15,0.0499483459174,6.74281964319e-16,0.0307422796206,1.19148305603e-15,0.0202552514876,5.0209320588e-16,0.0148950345018,1.36895093804e-15,0.0121906114321,8.43959253989e-16,0.0105399273312,8.02141746509e-16,0.00917761413627,7.24293249978e-17,0.00786197887617,6.51475113803e-16,0.00657632316772,7.67452740021e-16,0.00537442622624,1.67754540619e-16,0.00431781880234,1.29037760881e-16,0.00345245697983,2.26376757348e-16,0.00279875779264,3.93976456474e-16,0.00234530894239,6.66199111651e-16,0.00204943883979,1.42663077277e-15
doe_0055,doe,M030,350,-700,230,400,0.0015,0.0002,0.15,0.1,1,0.25,0,0,0,0,0,300,1,0.1,1,0.940577451496,3.40272921447,0.0320053037268,3.40289021578,-1.31450406116e-15,351.722740487,-699.140372805,1.72274048666,0.859627194902,20,4.80891024863,0,1.0851165857e-13,-0.281575406205,0.0945759009969,True,True,True,data/doe_001.npz,False,3.40272921447,3.24402756223e-15,0.0057198006779,5.27360851506e-16,0.00785968513649,7.34795825819e-15,0.00902866322905,5.98250717705e-15,0.00954425550437,1.19633439557e-15,0.009656282579,1.2224060036e-15,0.00951722201293,2.4183284307e-15,0.0092188646513,1.51028711971e-15,0.00881911928047,3.96206128542e-16,0.00835668929533,8.3399343916e-16,0.00785871291055,1.31645202935e-15,0.00734481849813,2.19653176156e-16,0.00682939774987,9.36380941994e-16,0.00632298218465,7.61499342059e-16,0.00583315258453,1.48147673197e-16,0.00536519035439,6.26356739107e-16,0.00492257368327,5.44567289555e-16,0.00450737051105,2.66331400234e-16,0.00412055606448,2.73169083383e-16,0.00376227125018,2.07583120142e-15
doe_0056,doe,M031,350,0,230,400,0.0015,0.0002,0.15,0.1,1,0.25,0,0,0,0,0,300,1,0.1,1,3.60670060112,1.52174677786,0.0548848501846,1.52273710114,2.6645352591e-17,350.000699824,0.861023416236,0.000699823596278,0.861023416236,20,2.14124315673,0,1.011512218e-13,-0.281575406205,0.156883506806,True,True,True,data/doe_001.npz,False,1.52174677786,1.67015473294e-15,0.0187676445174,2.17689004737e-15,0.0235067168058,5.85823061445e-15,0.0239191330633,5.35274432823e-15,0.021886905965,1.9020390726e-15,0.0188689405205,1.42000572023e-15,0.0157009013635,2.62591498322e-15,0.0127864947284,1.81956198021e-15,0.0102798348582,4.86589816802e-16,0.00820596944546,5.26636071323e-16,0.00653062732713,1.2674103367e-15,0.00519731249531,3.16938075609e-16,0.00414571444307,8.17272381911e-16,0.00332014556578,7.82246161388e-16,0.00267283881634,3.1507268818e-16,0.0021646367279,5.44781699511e-16,0.00176439799673,7.86134859693e-16,0.00144784759325,2.85272973164e-16,0.00119628243939,3.11443560418e-16,0.00099535860644,1.84585395623e-15
doe_0057,doe,M032,350,700,230,400,0.0015,0.0002,0.15,0.1,1,0.25,0,0,0,0,0,300,1,0.1,1,0.942773281512,3.40272922378,0.032080021964,3.40289093744,3.37507799486e-15,348.278654438,700.862418222,-1.72134556202,0.862418221994,20,4.80894550859,0,1.07903965252e-13,-0.281575406205,0.0947849002598,True,True,True,data/doe_001.npz,False,3.40272922378,1.29034611578e-15,0.00574402801107,1.81010790783e-15,0.00788643433852,5.96922319509e-15,0.00905685276757,6.59752743974e-15,0.00957228845979,9.07641209047e-16,0.00968307392775,1.39795405165e-15,0.00954210326195,1.87410584577e-15,0.00924146151651,1.37282762087e-15,0.00883926471333,6.54795984646e-16,0.00837436296944,7.17984682164e-16,0.0078739968668,1.35217988095e-15,0.00735786324928,2.1529577187e-17,0.00684039601616,8.69418315496e-16,0.0063321487349,9.87648229241e-16,0.00584070915597,1.43482196251e-16,0.00537135479477,5.38803586545e-16,0.00492755253098,8.68430929815e-16,0.00451135429308,1.56774057022e-16,0.00412371667338,2.66999309244e-16,0.00376476085704,1.88593732686e-15
doe_0058,doe,M035,700,-700,230,400,0.0015,0.0002,0.15,0.1,1,0.25,0,0,0,0,0,300,1,0.1,1,0.618895708604,4.30414983275,0.0266381986068,4.304244685,1.03028696685e-15,701.7234391,-698.279350207,1.72343910047,1.72064979283,20,6.08493958845,0,1.08318745797e-13,-0.281575406205,0.0816426068651,True,True,True,data/doe_001.npz,False,4.30414983275,3.99157542912e-15,0.00427435743842,9.45075917807e-16,0.00585169639724,6.52719220219e-15,0.00676485478473,5.86809571829e-15,0.00723126788631,1.06218492334e-15,0.00742257204229,7.43690437533e-16,0.00744173589442,2.542630647e-15,0.00734875148117,1.78845331031e-15,0.00717997660346,7.8526156875e-16,0.00695884162133,6.63329565211e-16,0.0067014401053,9.32037115188e-16,0.00641945933729,5.30072308875e-16,0.00612175683525,1.09840580531e-15,0.00581524095724,8.03971788969e-16,0.00550538707296,4.52986381718e-17,0.00519655886612,7.32864016159e-16,0.00489222300644,7.5858037459e-16,0.00459510373887,2.28126546107e-16,0.00430730215167,1.75937523246e-16,0.00403039334789,1.74583570342e-15
doe_0059,doe,M036,700,0,230,400,0.0015,0.0002,0.15,0.1,1,0.25,0,0,0,0,0,300,1,0.1,1,1.14978528191,3.04349354263,0.034993640809,3.04370364813,3.5527136788e-16,700.00139664,1.72204604402,0.00139663984362,1.72204604402,20,4.30030226937,0,1.0596914912e-13,-0.281575406205,0.102178457857,True,True,True,data/doe_001.npz,False,3.04349354263,2.23813285358e-15,0.00678962237513,1.45363932437e-15,0.00921731573458,6.86521978669e-15,0.0104915825138,6.23010449639e-15,0.0109831387881,1.54580913314e-15,0.0109907400725,1.22147724651e-15,0.0107008797424,2.42273938127e-15,0.0102283848127,1.87697982245e-15,0.00964701417147,5.32844458533e-16,0.00900638073372,3.39999301349e-16,0.00834091398779,9.3585366468e-16,0.00767479274496,2.19981029683e-16,0.00702487840417,7.78511796628e-16,0.0064026244914,7.94144598509e-16,0.0058154238293,1.74597271205e-16,0.00526761430391,6.0324438345e-16,0.00476125405193,8.08490106619e-16,0.00429672688848,3.99724284378e-16,0.0038732158799,2.27631204749e-16,0.00348907189517,1.91289435431e-15
doe_0060,doe,M037,700,700,230,400,0.0015,0.0002,0.15,0.1,1,0.25,0,0,0,0,0,300,1,0.1,1,0.619703663668,4.30414984683,0.0266729742906,4.30424492386,8.34887714518e-16,698.279352497,701.72344139,-1.72064750279,1.7234413896,20,6.08493003969,0,1.02431271131e-13,-0.281575406205,0.0817392891853,True,True,True,data/doe_001.npz,False,4.30414984683,1.02123899306e-15,0.0042809804479,2.99671982381e-15,0.00585870502534,6.24333172025e-15,0.00677472756682,6.82043446014e-15,0.00724243116129,1.09070298629e-15,0.00743415200566,1.45561637105e-15,0.00745321656847,2.56816408745e-15,0.00735981551885,1.56996345636e-15,0.0071904264784,5.84229699038e-16,0.00696855788504,6.00775218659e-16,0.00671035737656,1.25395718243e-15,0.00642755117813,4.4787595279e-16,0.00612902536047,1.00487363448e-15,0.00582170917583,7.7003962771e-16,0.00551109296832,3.13612482165e-16,0.00520155070188,4.97093766205e-16,0.00489655557323,8.25183310839e-16,0.00459883536639,2.8092954236e-16,0.00431049236137,1.65216057416e-16,0.0040331010468,1.74910756794e-15
doe_0061,doe,M040,1400,-700,230,400,0.0015,0.0002,0.15,0.1,1,0.25,0,0,0,0,0,300,1,0.1,1,0.339235216814,6.8054584345,0.0230865116755,6.8055084219,2.23820961764e-15,1401.72483574,-696.557303545,1.72483573855,3.44269645479,31.304951685,9.62436804994,0,1.04959083888e-13,-0.281575406205,0.0745258073141,True,True,True,data/doe_001.npz,False,6.8054584345,5.9881191411e-15,0.00801493086348,2.01617761532e-15,0.00730127389709,8.18042814386e-15,0.00670556458378,6.12623372841e-15,0.00624778539041,1.84751355167e-15,0.00590052245044,1.82097334032e-15,0.00562946538084,2.57356782248e-15,0.0054081996388,1.37812105864e-15,0.00521882284015,3.16570078457e-16,0.00504968223585,7.45536663226e-16,0.00489328452598,1.29122863441e-15,0.00474483365365,2.12400160487e-16,0.00460128194715,9.08654769713e-16,0.00446072519617,1.02984626791e-15,0.00432201524385,4.87304198957e-16,0.00418450837392,5.73251428608e-16,0.0040478989503,4.85623407154e-16,0.00391210734931,9.86976292975e-17,0.00377720311759,1.35834501226e-16,0.00364335146338,1.98160226474e-15
doe_0062,doe,M041,1400,0,230,400,0.0015,0.0002,0.15,0.1,1,0.25,0,0,0,0,0,300,1,0.1,1,0.373112315896,6.086987079,0.0227112984587,6.08704110326,2.80664380625e-15,1400.00279184,3.44409230737,0.00279183744215,3.44409230737,28,8.6078179389,0,1.08810727042e-13,-0.281575406205,0.0732729217876,True,True,True,data/doe_001.npz,False,6.086987079,3.43916944617e-15,0.00652393752568,2.14175865389e-15,0.00629999282122,7.28616936566e-15,0.00612304672843,6.40972990345e-15,0.00597292416517,1.45073506541e-15,0.00583858786742,1.27143043998e-15,0.00571090342993,2.26467525399e-15,0.00558400934101,1.86514627175e-15,0.00545459075275,2.79913349672e-16,0.00532098829433,3.99370366886e-16,0.00518256784837,1.25027854319e-15,0.00503932356237,6.83254287863e-17,0.00489163248606,7.12235966645e-16,0.00474010066184,6.25792518348e-16,0.00458546394788,8.03882015869e-17,0.00442852225413,2.28665375435e-16,0.00427009487188,7.00572923833e-16,0.00411098966438,2.35164644244e-16,0.00395198175272,1.29843182169e-16,0.00379379896126,2.06397379925e-15
doe_0063,doe,M042,1400,700,230,400,0.0015,0.0002,0.15,0.1,1,0.25,0,0,0,0,0,300,1,0.1,1,0.33923701641,6.80545845073,0.0230866342013,6.8055084463,2.77111666946e-15,1398.28074811,703.445487144,-1.71925188596,3.44548714381,31.304951685,9.62431234715,0,1.10367606362e-13,-0.281575406205,0.0745319085208,True,True,True,data/doe_001.npz,False,6.80545845073,2.61057366178e-15,0.00801686209859,2.57379141717e-15,0.00729617787931,6.66329205058e-15,0.00670229865216,6.29014883105e-15,0.00624593608114,1.33104422209e-15,0.00589970579128,1.00842617354e-15,0.00562938241886,2.20136143783e-15,0.00540863051555,1.6027365077e-15,0.00521960815056,6.58420634645e-16,0.00505070607174,5.57947362758e-16,0.00489446183299,1.14486314755e-15,0.00474610138287,2.21469656444e-16,0.00460259297367,7.64763104828e-16,0.00446204413212,6.99473168443e-16,0.00432331552165,4.13831600543e-16,0.00418577017891,5.02631923888e-16,0.00404910772498,6.99061382691e-16,0.00391325268673,2.01330654609e-16,0.00377827792385,2.1466235729e-16,0.00364435130936,2.04911054419e-15
doe_0064,doe,M030,350,-700,230,400,0.0015,0.0002,0.15,0.1,1,0.25,0,0,0,0,0,300,1,0.3,1,0.898168593977,3.40272922314,0.0305622452203,3.40286651425,-2.0783375021e-15,351.722741994,-699.140374279,1.72274199399,0.859625721384,20,4.81613627123,0,1.07768163451e-13,-0.281575406205,0.0873345802008,True,True,True,data/doe_001.npz,False,3.40272922314,3.89515793019e-15,0.018226753539,7.97513871651e-16,0.015012819445,7.30948754263e-15,0.0120370921142,5.91741090165e-15,0.00954099706771,1.10442658349e-15,0.00751665605102,1.23177542863e-15,0.00588604726389,2.4137255063e-15,0.00457303834082,1.65666876594e-15,0.00351736743015,3.26789623244e-16,0.00267301729688,6.05146305305e-16,0.00200425943217,1.23360216187e-15,0.00148251525247,3.66942038621e-16,0.00108435706741,8.08124073076e-16,0.000790263537279,7.0844661168e-16,0.000583484670128,3.6162089216e-16,0.000448213651888,5.22492663032e-16,0.00036713373414,6.76075864257e-16,0.000321102161317,2.58617531429e-16,0.000293006249335,2.32201175827e-16,0.000271538852042,2.04621568858e-15
doe_0065,doe,M031,350,0,230,400,0.0015,0.0002,0.15,0.1,1,0.25,0,0,0,0,0,300,1,0.3,1,1.8973970745,1.52174676204,0.0288735785443,1.52202066096,0,350.000696184,0.861023995112,0.000696183939453,0.861023995112,20,2.16102894137,0,9.86523818236e-14,-0.281575406205,0.0824959923629,True,True,True,data/doe_002.npz,False,1.52174676204,2.18716806473e-15,0.0208457613362,2.64441610517e-15,0.0157235432574,5.35200908233e-15,0.0103604842474,5.06885999008e-15,0.00588576919558,2.13019967452e-15,0.00276854291215,1.39338572103e-15,0.00097432305682,2.68987935604e-15,0.000464920063424,1.98637634835e-15,0.000595808271343,4.7543115087e-16,0.000578295619898,4.42130889136e-16,0.00045830602278,1.21153340997e-15,0.000322117171517,3.53254698183e-16,0.000213232163216,5.57225220602e-16,0.000143155617117,6.86868472805e-16,0.000104154252059,4.37553649059e-16,8.14686800008e-05,4.01226147684e-16,6.48012704299e-05,6.26290444447e-16,5.06323644413e-05,2.25136124745e-16,3.86314271441e-05,4.10535574251e-16,2.90124667671e-05,1.58724654342e-15
doe_0066,doe,M032,350,700,230,400,0.0015,0.0002,0.15,0.1,1,0.25,0,0,0,0,0,300,1,0.3,1,0.89437116472,3.40272922421,0.0304330289948,3.40286535657,3.73034936274e-15,348.278656365,700.862417375,-1.72134363533,0.862417374874,20,4.81608347972,0,1.07496324798e-13,-0.281575406205,0.0869652364916,True,True,True,data/doe_002.npz,False,3.40272922421,1.47398037005e-15,0.0181648230848,1.93005393329e-15,0.0149545226137,5.77060416139e-15,0.011985657315,6.82683448557e-15,0.00949551091213,6.62997865883e-16,0.00747642727358,1.37280168842e-15,0.00585064599902,1.93307835134e-15,0.00454218945836,1.3362714146e-15,0.00349084964177,4.79718266585e-16,0.00265060125947,6.27502058195e-16,0.00198568156857,1.35251969049e-15,0.0014674762487,2.00402149282e-16,0.00107253350216,7.80855830695e-16,0.000781319277036,9.62645396867e-16,0.000577060988299,2.16764855098e-16,0.000443876109018,3.12250260321e-16,0.000364316937632,7.90115016481e-16,0.000319183766415,2.16024282175e-16,0.000291488408604,1.07639378996e-16,0.000270133822851,1.79138224829e-15
doe_0067,doe,M035,700,-700,230,400,0.0015,0.0002,0.15,0.1,1,0.25,0,0,0,0,0,300,1,0.3,1,0.770747231854,4.30414983779,0.0331741157296,4.30427776803,1.43884903991e-15,701.723440954,-698.279349989,1.72344095377,1.72065001142,20,6.09061924701,0,1.0678271018e-13,-0.281575406205,0.0948157481421,True,True,True,data/doe_002.npz,False,4.30414983779,4.51964817444e-15,0.0189696505233,9.72661044858e-16,0.015804571288,6.28035830754e-15,0.0128988101162,5.4953582544e-15,0.0104788751805,6.94393879023e-16,0.0085251303069,7.18190437463e-16,0.00695025345411,2.33611119106e-15,0.00567157283961,1.95245446672e-15,0.00462507926394,7.97078854284e-16,0.00376358491898,6.45598292034e-16,0.00305231127245,9.97977440775e-16,0.00246511475401,4.09261415835e-16,0.00198178991012,9.75325774949e-16,0.00158625763609,7.06458020504e-16,0.00126537188148,1.19687875027e-16,0.00100812404906,8.15984059632e-16,0.000805079148673,6.5882410907e-16,0.000647924174281,2.60150690576e-16,0.000529063164152,3.14585660776e-16,0.000441281061735,1.61138090594e-15
doe_0068,doe,M036,700,0,230,400,0.0015,0.0002,0.15,0.1,1,0.25,0,0,0,0,0,300,1,0.3,1,0.99638934169,3.04349353435,0.0303250451913,3.04364463829,1.01252339846e-15,700.001394731,1.72204722081,0.00139473101603,1.72204722081,20,4.30837147223,0,1.03191180192e-13,-0.281575406205,0.0866515686774,True,True,True,data/doe_002.npz,False,3.04349353435,2.38759524054e-15,0.0185319918311,1.52237759429e-15,0.0151386049518,6.64011257932e-15,0.0119858339618,6.02108285119e-15,0.00933173155669,2.10259149186e-15,0.0071782904909,1.01555164122e-15,0.00545201412192,2.57888023641e-15,0.00407823184791,1.94161620488e-15,0.00299559461684,3.81424372046e-16,0.0021549423803,2.6433453554e-16,0.00151618368685,1.12652547155e-15,0.00104621542439,2.11170729982e-16,0.000717816913949,7.03013193548e-16,0.000507887231809,7.79428983532e-16,0.000391965379165,3.09495049781e-16,0.000337829957488,5.98072047523e-16,0.000312048067887,8.33179358012e-16,0.000293074908268,2.9780134946e-16,0.00027224328892,3.08202525831e-16,0.00024792035642,1.82408436768e-15
doe_0069,doe,M037,700,700,230,400,0.0015,0.0002,0.15,0.1,1,0.25,0,0,0,0,0,300,1,0.3,1,0.769057350541,4.30414984179,0.0331013807366,4.30427721157,2.41584530158e-15,698.279352716,701.723439538,-1.7206472843,1.72343953799,20,6.09060499308,0,1.00725294779e-13,-0.281575406205,0.0946078241999,True,True,True,data/doe_002.npz,False,4.30414984179,1.09738351349e-15,0.0189372351363,2.84345288875e-15,0.0157712900817,6.71094445585e-15,0.0128701714847,6.46338327334e-15,0.0104540509985,1.19110442372e-15,0.00850339882584,1.56824798582e-15,0.0069310883838,2.61959656561e-15,0.00565461148509,1.55497616693e-15,0.00461007216052,4.77402704449e-16,0.00375035399918,6.76235996081e-16,0.00304072022602,1.13280145554e-15,0.00245504964364,2.51273611519e-16,0.00197314732989,1.06328237067e-15,0.00157893799958,9.02151804616e-16,0.00125927581883,1.51141370926e-16,0.00100315015362,4.1453205358e-16,0.000801121497882,8.039483116e-16,0.000644868503337,3.11043538666e-16,0.000526782033006,6.83280389721e-17,0.000439631234169,1.81110716185e-15
doe_0070,doe,M040,1400,-700,230,400,0.0015,0.0002,0.15,0.1,1,0.25,0,0,0,0,0,300,1,0.3,1,0.594660827463,6.80545843524,0.0404693954436,6.805579491,9.94759830064e-16,1401.72483652,-696.557302349,1.7248365211,3.44269765115,31.304951685,9.62801524392,0,1.03051473056e-13,-0.281575406205,0.11597658262,True,True,True,data/doe_002.npz,False,6.80545843524,6.12538019767e-15,0.0215891352792,1.93345740134e-15,0.0182402936665,8.24353665753e-15,0.0152054105537,5.87338540581e-15,0.0127084306244,1.45551804932e-15,0.0107147271699,1.44542157755e-15,0.00912018291403,2.45132575155e-15,0.00782872289571,1.57480099884e-15,0.00676680499174,4.51120025497e-16,0.00588093532738,3.37091375312e-16,0.00513253301695,1.25523617187e-15,0.00449355303702,3.38788008777e-16,0.00394330678302,8.71647531563e-16,0.0034662608461,9.80670764446e-16,0.00305053100423,3.76353035102e-16,0.00268684934303,4.37285282212e-16,0.00236784991153,6.1245992553e-16,0.00208756938247,1.7450207073e-16,0.00184109403831,1.58878767203e-16,0.0016243073851,1.7824959286e-15
doe_0071,doe,M041,1400,0,230,400,0.0015,0.0002,0.15,0.1,1,0.25,0,0,0,0,0,300,1,0.3,1,0.632266469248,6.08698707409,0.038485978257,6.08710918612,7.81597009336e-16,1400.00279071,3.44409334407,0.00279070640704,3.44409334407,28,8.61192132355,0,1.08656791181e-13,-0.281575406205,0.110161422493,True,True,True,data/doe_002.npz,False,6.08698707409,3.6284911596e-15,0.0208370682727,2.06658599121e-15,0.0175567725703,7.57589766436e-15,0.0145812165687,6.35518814665e-15,0.0121264741816,1.66647893618e-15,0.0101610405384,1.19262698183e-15,0.0085851294845,2.28826685553e-15,0.007306310185,1.8536654399e-15,0.00625374457923,5.51229143053e-16,0.0053758580437,3.08206969189e-16,0.00463539820751,1.13818072387e-15,0.00400521283505,1.27625766656e-16,0.0034651831222,6.70773574611e-16,0.00300010358879,6.59448694278e-16,0.00259823555729,2.35440220869e-16,0.002250319149,3.40881213735e-16,0.00194889367359,5.6001025863e-16,0.00168782561052,2.36207687589e-16,0.00146197714795,6.11153122776e-17,0.00126697060608,2.08803198151e-15
doe_0072,doe,M042,1400,700,230,400,0.0015,0.0002,0.15,0.1,1,0.25,0,0,0,0,0,300,1,0.3,1,0.594315718316,6.8054584446,0.0404459092397,6.80557935945,2.84217094304e-15,1398.28074696,703.4454863,-1.71925303902,3.4454862998,31.304951685,9.62806027418,0,1.08062405318e-13,-0.281575406205,0.115909063297,True,True,True,data/doe_002.npz,False,6.8054584446,2.09276746015e-15,0.0215829131291,3.76895477598e-15,0.0182283123928,6.85355194808e-15,0.0151952894148,5.82333774498e-15,0.0126998255655,1.97695336723e-15,0.0107073213296,1.07111276591e-15,0.0091137290548,1.97495041559e-15,0.0078230371102,1.23752871182e-15,0.00676175158613,5.87317618038e-16,0.0058764134915,4.30235079404e-16,0.00512846687803,1.12601977674e-15,0.00448988457491,3.237553896e-16,0.00393999082791,8.5923688009e-16,0.00346326152863,8.34628671306e-16,0.00304781921206,2.85215641229e-16,0.00268440087979,3.43654068617e-16,0.00236564415253,5.88706834023e-16,0.00208558828669,2.717838035e-16,0.00183932141949,2.65528389346e-16,0.00162272837345,1.89263501987e-15
doe_0073,doe,M030,350,-700,230,400,0.0015,0.0002,0.15,0.1,1,0.25,0,0,0,0,0,300,1,0.6,1,3.19285854789,3.40272923776,0.10864433133,3.40446370735,-2.80664380625e-15,351.722746029,-699.140376014,1.72274602914,0.859623986412,20,4.83898174131,0,1.06977855613e-13,-0.281575406205,0.310455480266,True,True,True,data/doe_002.npz,False,3.40272923776,3.62279774979e-15,0.0591658897437,6.88329909076e-16,0.0547863338965,7.44612281517e-15,0.0472514340294,5.80543132594e-15,0.0380599203491,1.15990578936e-15,0.0288490662594,9.77582884939e-16,0.0206556145753,2.30521508092e-15,0.0139703723137,1.62123519851e-15,0.00892929148611,3.56632509358e-16,0.00549525641874,5.67784711642e-16,0.00357447672744,1.2551810384e-15,0.00288362796578,4.4832996283e-16,0.00276343686717,5.96923547538e-16,0.00268934826151,7.43432612813e-16,0.00250736414233,4.71004648661e-16,0.00222944526746,4.12427795891e-16,0.00190578242326,7.65727259624e-16,0.00158358824896,2.15803324304e-16,0.00129625150916,1.73501389821e-16,0.001061675838,2.01731991227e-15
doe_0074,doe,M031,350,0,230,400,0.0015,0.0002,0.15,0.1,1,0.25,0,0,0,0,0,300,1,0.6,1,9.92320732833,1.52174671616,0.151006081656,1.52922069514,-6.2172489379e-17,350.000685638,0.861021347113,0.000685637546098,0.861021347113,20,2.25051401253,0,9.43742817001e-14,-0.281575406205,0.43144622766,False,True,False,data/doe_002.npz,False,1.52174671616,2.41613238641e-15,0.12321238679,3.69554611914e-15,0.0802650628369,4.28783726665e-15,0.0314961544603,4.31778467928e-15,0.00548833460865,2.18810527429e-15,0.00824108719864,1.54520226633e-15,0.00747509648924,2.32171734462e-15,0.00427013438169,9.57405340092e-16,0.00228929393115,7.29298047699e-16,0.00196574912651,6.11618413285e-16,0.00166296660734,1.26031245364e-15,0.00117391305229,5.48669270271e-16,0.000809405779086,8.29984389619e-17,0.000634182310114,3.12832551422e-16,0.000512050821945,3.83569720347e-16,0.000390213667888,3.71168348854e-16,0.000291632290357,7.30527715062e-16,0.000226057200589,4.45705780301e-16,0.000178870929954,6.61650037793e-16,0.000139394594884,1.44655390863e-15
doe_0075,doe,M032,350,700,230,400,0.0015,0.0002,0.15,0.1,1,0.25,0,0,0,0,0,300,1,0.6,1,3.18594970471,3.4027292319,0.108409241916,3.40445620263,3.80140363632e-15,348.278660748,700.862417172,-1.72133925232,0.862417172098,20,4.83896421515,0,1.07230428799e-13,-0.281575406205,0.309783466191,True,True,True,data/doe_002.npz,False,3.4027292319,1.6775199241e-15,0.0590548925876,2.51936084261e-15,0.0546786451754,5.70145928505e-15,0.0471518785544,7.01966582923e-15,0.0379706980874,5.12507846527e-16,0.028771716576,1.13890810007e-15,0.0205909286109,1.82797710873e-15,0.0139184771424,1.55617739422e-15,0.0088898663652,4.74189139123e-16,0.00546791036199,5.71021167763e-16,0.00355870676162,1.23823952201e-15,0.00287612328995,2.99718357213e-16,0.0027583848662,7.89655921285e-16,0.00268370224189,8.88247002531e-16,0.00250060228569,3.77552259086e-16,0.0022219707522,2.26754009148e-16,0.00189820204911,6.40995607081e-16,0.00157644731405,3.93529319375e-16,0.00128993534596,1.04725409406e-16,0.00105637216091,1.7208520513e-15
doe_0076,doe,M035,700,-700,230,400,0.0015,0.0002,0.15,0.1,1,0.25,0,0,0,0,0,300,1,0.6,1,2.34630156276,4.30414984358,0.100988335043,4.30533543621,1.86517468137e-15,701.723444259,-698.279348555,1.72344425855,1.72065144543,20,6.1069440465,0,1.06310935968e-13,-0.281575406205,0.2886611221,True,True,True,data/doe_002.npz,False,4.30414984358,5.00214829906e-15,0.0529497807833,1.65565979932e-15,0.0475393058782,6.51591329048e-15,0.0415131358096,5.20120299915e-15,0.0352522026321,6.74347018389e-16,0.02913138312,1.11876501409e-15,0.0234349489046,2.06880763358e-15,0.0183552139948,1.95588329771e-15,0.0139967549172,7.02900169757e-16,0.0103924724311,5.62886182813e-16,0.00752545961717,1.11601555988e-15,0.00535055435758,4.07348353373e-16,0.00381020817442,9.74607870775e-16,0.00283418102473,6.85257197574e-16,0.00231155452465,1.73265702412e-16,0.00207398346299,7.24366981399e-16,0.00195524269333,5.64974587607e-16,0.00185501447282,2.73467470597e-16,0.00173508192206,2.93607970721e-16,0.00159039929463,1.59258260734e-15
doe_0077,doe,M036,700,0,230,400,0.0015,0.0002,0.15,0.1,1,0.25,0,0,0,0,0,300,1,0.6,1,3.72591583015,3.04349351329,0.113398006601,3.04560568787,7.28306304154e-16,700.001389885,1.72204796817,0.00138988514811,1.72204796817,20,4.33560782707,0,1.00796698301e-13,-0.281575406205,0.324021170627,True,True,True,data/doe_002.npz,False,3.04349351329,2.60749517157e-15,0.0639598906959,1.60475587631e-15,0.0595224171044,6.47130898374e-15,0.0500270740046,5.63491951836e-15,0.0383280598584,2.2464057547e-15,0.0270533845997,8.73096963099e-16,0.0176254133418,2.76751888519e-15,0.0105610103622,2.44823419921e-15,0.00592020952976,6.0748205385e-16,0.00364190477638,5.56943356307e-17,0.00316908420974,1.12790688793e-15,0.00319916952615,5.67486672985e-17,0.00307392942757,7.41368079414e-16,0.00274462959114,8.80594942952e-16,0.00230787531787,3.66245190197e-16,0.00186092892189,7.23821038337e-16,0.00147089598672,8.45412925091e-16,0.00117084860588,4.27506023196e-16,0.00096213871183,5.87570323403e-16,0.000822461586464,1.4723139868e-15
doe_0078,doe,M037,700,700,230,400,0.0015,0.0002,0.15,0.1,1,0.25,0,0,0,0,0,300,1,0.6,1,2.34325681884,4.30414983601,0.100857284526,4.30533235116,2.16715534407e-15,698.279354149,701.723436235,-1.72064585098,1.72343623548,20,6.10691987176,0,1.01194574571e-13,-0.281575406205,0.288286183412,True,True,True,data/doe_002.npz,False,4.30414983601,1.48360164728e-15,0.0528914309984,2.68090277756e-15,0.0474822898937,6.52663528921e-15,0.0414614265196,6.5531881723e-15,0.0352055170287,1.3311560849e-15,0.0290895421969,1.58712671305e-15,0.0233978616241,2.63299196921e-15,0.0183228099977,1.69294120921e-15,0.0139689368296,3.53586267925e-16,0.010369096814,6.30317036665e-16,0.00750634298549,1.12724501266e-15,0.00533549707319,1.31057670556e-16,0.00379900489255,7.84874529188e-16,0.0028265072208,9.20689821571e-16,0.00230665972254,2.87932360989e-16,0.00207068697297,4.5665522011e-16,0.00195251096257,7.80473895389e-16,0.0018522909222,1.23836401179e-16,0.00173218138619,1.07949404944e-16,0.00158733112173,1.73443754559e-15
doe_0079,doe,M040,1400,-700,230,400,0.0015,0.0002,0.15,0.1,1,0.25,0,0,0,0,0,300,1,0.6,1,1.34462270539,6.80545843471,0.0915077393189,6.80607525966,1.03028696685e-15,1401.72483758,-696.557299939,1.72483758332,3.44270006113,31.304951685,9.63717001461,0,1.01336113491e-13,-0.281575406205,0.261798077294,True,True,True,data/doe_002.npz,False,6.80545843471,5.38650851122e-15,0.0469861564536,1.7673868635e-15,0.040418254328,7.70059542739e-15,0.0344623987767,5.97126615862e-15,0.0294820091814,1.22168250586e-15,0.0253778032116,1.6566846922e-15,0.021943900429,1.98251009271e-15,0.0190098548716,1.67449973766e-15,0.0164589828936,1.85717694236e-16,0.0142161642351,3.80461893823e-16,0.0122333223273,8.75438594781e-16,0.0104785871363,4.65593482076e-16,0.00892927412961,1.19644859424e-15,0.0075676696869,9.5969559226e-16,0.00637865674742,4.41266838419e-16,0.00534847263973,3.16606056521e-16,0.00446412445294,6.98548405274e-16,0.00371315427887,4.25984017604e-16,0.00308355389261,3.40724988244e-16,0.00256369249983,1.76590732074e-15
doe_0080,doe,M041,1400,0,230,400,0.0015,0.0002,0.15,0.1,1,0.25,0,0,0,0,0,300,1,0.6,1,1.53211829978,6.08698706362,0.0932598427072,6.087702797,2.20268248086e-15,1400.0027883,3.44409482724,0.00278829517947,3.44409482724,28,8.62231037871,0,1.05168138726e-13,-0.281575406205,0.266708307924,True,True,True,data/doe_002.npz,False,6.08698706362,3.45636268999e-15,0.0480116860226,1.10267122997e-15,0.0415636395982,7.60773113321e-15,0.0356453340188,6.49826075585e-15,0.0305783114639,1.82762119195e-15,0.0262777324131,9.24560541025e-16,0.0225731086339,2.17175678684e-15,0.0193327901494,1.70934906191e-15,0.016473663635,1.9668193779e-16,0.0139458088966,2.0981471923e-16,0.0117177908176,1.46831980012e-15,0.00976701152142,2.88984295107e-16,0.00807435572002,6.80382632148e-16,0.00662164533988,5.8636243606e-16,0.00539071181939,1.92498291452e-16,0.0043632818055,3.14324758374e-16,0.00352115049997,5.89601928313e-16,0.00284626948387,1.69017567192e-16,0.00232045423125,1.04631158494e-16,0.00192456460411,1.97257973007e-15
doe_0081,doe,M042,1400,700,230,400,0.0015,0.0002,0.15,0.1,1,0.25,0,0,0,0,0,300,1,0.6,1,1.34403244342,6.80545843377,0.0914675692734,6.80607471554,1.95399252334e-15,1398.28074512,703.445484418,-1.7192548811,3.44548441837,31.304951685,9.63713213372,0,1.07255262638e-13,-0.281575406205,0.261682776126,True,True,True,data/doe_002.npz,False,6.80545843377,3.12974321831e-15,0.0469725425493,3.93118913254e-15,0.0404005136311,6.77521585116e-15,0.0344469330885,5.12866700687e-15,0.0294683825526,2.26515113298e-15,0.0253656371277,7.54129112294e-16,0.0219329176983,1.76683545541e-15,0.0189998634911,1.18389111803e-15,0.0164498515169,8.85583229227e-16,0.014207802146,2.85761689103e-16,0.0122256652259,1.24692324967e-15,0.0104715875223,3.81439245034e-16,0.00892289492968,9.26535162222e-16,0.00756188009519,9.87887454241e-16,0.00637342956654,1.94836875606e-16,0.00534378263765,2.86094168533e-16,0.00445994738847,4.31154145396e-16,0.00370946631381,8.5234361164e-17,0.00308033110804,3.02835248219e-16,0.0025609101857,1.89148760298e-15
doe_0082,doe,M030,350,-700,230,400,0.0015,0.0002,0.15,0.1,1,0.25,0,0,0,0,0,600,0,0.1,1,17.5344920098,3.40272930366,0.596651297866,3.45464341232,-3.5527136788e-17,351.722796204,-699.140367738,1.72279620386,0.85963226168,20,5.36342252948,0,8.74156007139e-14,-0.281575406205,1.7047218752,False,True,False,data/doe_002.npz,False,3.40272930366,4.21430133556e-15,0.547760752395,9.09776952246e-16,0.220937734391,5.24310418434e-15,0.0773712679172,3.63087936551e-15,0.012823097148,5.96335155352e-16,0.016880823903,5.45565998092e-16,0.0196825187219,2.41602131383e-15,0.0137956893804,1.5692972541e-15,0.00678781201561,3.18524557546e-16,0.0038818908511,5.68327445441e-16,0.00454775060212,9.38333059947e-16,0.00428411824887,6.44264104605e-16,0.00309681148927,6.81626815433e-16,0.0020257619919,8.6777935072e-16,0.00170288378265,4.36255831414e-16,0.00165137682784,4.66887059982e-16,0.00142183937474,7.93203744408e-16,0.0010905251785,2.48774654495e-16,0.000856075461898,1.21574932342e-16,0.000757268708905,2.08486265371e-15
doe_0083,doe,M031,350,0,230,400,0.0015,0.0002,0.15,0.1,1,0.25,0,0,0,0,0,600,0,0.1,1,26.5677746108,1.52174660217,0.404294207411,1.57453693355,-7.01660951563e-16,350.000659444,0.861011517755,0.000659443642519,0.861011517755,20,2.61483745545,0,6.95581579181e-14,-0.281575406205,1.15512640504,False,True,False,data/doe_002.npz,False,1.52174660217,6.91855194538e-16,0.397670709416,1.74508268074e-15,0.0621473645412,1.82243655202e-15,0.0274655795594,2.11392764736e-15,0.0241528335101,1.6805725319e-15,0.00486175331685,1.29506579842e-15,0.00709110300106,1.04747938871e-15,0.00482726078073,8.23705428815e-16,0.00199222288353,3.83517449574e-16,0.00240433050995,2.77457762749e-17,0.00145908177131,7.72365870169e-16,0.000989150643179,3.945988742e-16,0.000918769259574,4.2693634598e-16,0.000583688020645,4.1944129174e-16,0.000470890737418,5.39278005431e-16,0.000383789651629,2.6313236579e-16,0.000267842153265,3.79714438977e-16,0.000221595603875,3.39851727597e-16,0.000171758817728,8.27251180769e-16,0.000128591861605,1.20273030761e-15
doe_0084,doe,M032,350,700,230,400,0.0015,0.0002,0.15,0.1,1,0.25,0,0,0,0,0,600,0,0.1,1,17.5228302874,3.40272941599,0.596254500703,3.45457501247,3.10862446895e-15,348.278704785,700.862442568,-1.72129521533,0.862442567735,20,5.36336211562,0,8.55370117283e-14,-0.281575406205,1.70358814216,False,True,False,data/doe_002.npz,False,3.40272941599,4.86373633735e-16,0.547506605305,2.11109231313e-15,0.220611134752,4.24003160103e-15,0.0770667691008,4.43856315621e-15,0.012648169837,7.07416829278e-16,0.0169689298105,1.32498554279e-15,0.0196840574785,1.72091042897e-15,0.0137433981589,1.33391045341e-15,0.00673191185186,3.82599018951e-16,0.00388321840178,6.73484478818e-16,0.00455901960298,9.97829582219e-16,0.00427670751094,2.95024496423e-16,0.00307924089879,9.65868873751e-16,0.00201475567444,8.88653015309e-16,0.00170323718478,3.31417113733e-16,0.00165082023918,2.05706818178e-16,0.00141674598344,6.55639797836e-16,0.00108452825258,5.56942238927e-16,0.000853101246175,2.49124359614e-16,0.000756265287129,1.80091375059e-15
doe_0085,doe,M035,700,-700,230,400,0.0015,0.0002,0.15,0.1,1,0.25,0,0,0,0,0,600,0,0.1,1,15.0063374459,4.30414976607,0.645895238071,4.35234302742,5.15143483426e-16,701.723468199,-698.279299222,1.72346819855,1.72070077849,20,6.65380726905,0,8.48432544904e-14,-0.281575406205,1.84542372689,False,True,False,data/doe_002.npz,False,4.30414976607,5.35009830183e-15,0.5773084959,1.70907924638e-15,0.260249849361,4.57219508104e-15,0.116296224273,3.78043565185e-15,0.0417391501826,7.17197235031e-16,0.00915769064005,6.21465956079e-16,0.0144684753493,2.2323655678e-15,0.0165502998314,1.81927789526e-15,0.0132627175313,4.24037589559e-16,0.00841434581457,2.87393140676e-16,0.00468055436662,8.26003507148e-16,0.00362855133182,7.8274547134e-16,0.00385295791067,5.49822902927e-16,0.00364054291532,5.29001488768e-16,0.00293634689028,2.52640044354e-16,0.00215121918021,8.09006915332e-16,0.00165311668088,6.22020801857e-16,0.00148248354589,2.54872512863e-16,0.00139017933685,3.71321374086e-16,0.00122774672744,2.05434015584e-15
doe_0086,doe,M036,700,0,230,400,0.0015,0.0002,0.15,0.1,1,0.25,0,0,0,0,0,600,0,0.1,1,18.7807827064,3.04349331467,0.57159186611,3.09670305072,2.84217094304e-16,700.001344243,1.72203146665,0.00134424298915,1.72203146665,20,4.84648391041,0,7.88353698842e-14,-0.281575406205,1.63312203308,False,True,False,data/doe_002.npz,False,3.04349331467,1.88142615101e-15,0.531232711345,8.56589676154e-16,0.200057495916,3.05777607121e-15,0.0585521705283,3.24739851807e-15,0.00773943344641,1.91579148017e-15,0.0213844189794,1.70466981209e-15,0.0186961322107,2.07801898906e-15,0.0100641210373,6.88108326235e-16,0.00418931860002,5.17875050837e-16,0.00471059946465,6.07788917824e-16,0.00478058546122,1.36837186268e-15,0.0034084167944,6.09759509871e-16,0.00208805336341,1.63983816699e-16,0.00178904734869,2.38389986007e-16,0.0017478950737,2.34262862129e-16,0.00142718024499,4.85178432812e-16,0.00103949842431,7.71504022786e-16,0.000843446788731,5.07455278662e-16,0.000769556854497,7.3446614369e-16,0.000661137441835,1.53612240965e-15
doe_0087,doe,M037,700,700,230,400,0.0015,0.0002,0.15,0.1,1,0.25,0,0,0,0,0,600,0,0.1,1,15.0010542737,4.3041499135,0.645667864546,4.35230943419,3.57047724719e-15,698.279403473,701.723412297,-1.72059652675,1.72341229748,20,6.65374056926,0,8.30843938377e-14,-0.281575406205,1.84477404845,False,True,False,data/doe_002.npz,False,4.3041499135,1.08088306243e-15,0.577180591173,3.47299774682e-15,0.26007599327,3.81027811799e-15,0.116114620735,4.25090633769e-15,0.041586050948,1.57425492662e-15,0.00911473122284,8.04115640222e-16,0.0145126285496,1.84955869035e-15,0.0165577902417,1.27862605172e-15,0.0132423409361,1.03611896066e-15,0.00838345540013,1.20858038894e-16,0.00466007106917,1.2795427087e-15,0.00363063020686,2.70809250311e-16,0.00385730201608,1.09893601125e-15,0.00363796680219,1.06604939932e-15,0.00292858917937,1.94685305826e-16,0.00214342353499,2.69163511506e-16,0.00164963150132,7.3716719254e-16,0.00148214393866,2.91817501236e-16,0.00138941192111,4.61793679714e-16,0.00122542084478,1.50209574192e-15
doe_0088,doe,M040,1400,-700,230,400,0.0015,0.0002,0.15,0.1,1,0.25,0,0,0,0,0,600,0,0.1,1,10.6908603587,6.80545822127,0.727562035206,6.84424048071,-7.1054273576e-16,1401.72480894,-696.55724726,1.72480894155,3.44275273958,31.304951685,10.2113326593,0,8.05380040429e-14,-0.281575406205,2.07878723743,False,True,False,data/doe_002.npz,False,6.80545822127,3.96158024125e-15,0.617324285173,3.68065102583e-16,0.317494789035,3.56528533376e-15,0.180332560065,3.20970749271e-15,0.10241027487,6.59856197954e-16,0.0551083615169,2.12803160224e-15,0.0266463269734,1.06346290715e-15,0.0117430883783,1.89741585989e-15,0.00885834646427,6.69375169159e-16,0.0104023326959,6.00481759352e-16,0.0107633669636,9.97844029083e-16,0.00977118542531,3.59455825955e-16,0.00805459143208,8.66092237841e-16,0.00617771830194,9.09580109939e-16,0.00455445388813,4.96190157083e-16,0.00344667677288,5.99835765513e-16,0.00290066158741,3.22244267254e-16,0.0027014952753,3.48761131405e-16,0.00257726070139,4.66679913125e-16,0.00239238910338,1.80464462529e-15
doe_0089,doe,M041,1400,0,230,400,0.0015,0.0002,0.15,0.1,1,0.25,0,0,0,0,0,600,0,0.1,1,11.6567668904,6.08698682011,0.709545864271,6.1282033887,2.59348098552e-15,1400.00273233,3.44407620695,0.0027323326151,3.44407620695,28,9.19135639295,0,8.26950625529e-14,-0.281575406205,2.0272998531,False,True,False,data/doe_002.npz,False,6.08698682011,3.00801515648e-15,0.609490064837,2.03400839817e-15,0.305927499593,4.99619744094e-15,0.166736529483,4.50580021115e-15,0.0885375413574,2.23236404113e-15,0.0425119470692,1.46461011243e-15,0.0169479938292,2.48712503055e-15,0.00883667856181,2.01497177155e-15,0.0111445380755,9.45955330027e-16,0.0121028117796,2.39850979782e-16,0.0109545194043,1.35519302902e-15,0.00873812263611,3.27860127343e-16,0.00634921476707,8.41134383296e-16,0.00442524724284,1.01717192022e-15,0.00333754593199,5.20241726492e-16,0.00299221055838,3.43091466735e-16,0.00290173813735,5.54637553776e-16,0.00273395285358,1.36257006553e-16,0.00242803078985,3.96156240115e-16,0.00204767766306,1.69490433404e-15
doe_0090,doe,M042,1400,700,230,400,0.0015,0.0002,0.15,0.1,1,0.25,0,0,0,0,0,600,0,0.1,1,10.6898105958,6.80545834983,0.727490607774,6.84423301363,5.50670620214e-15,1398.28075338,703.445425031,-1.71924661635,3.44542503117,31.304951685,10.2112252106,0,8.39929147835e-14,-0.281575406205,2.07858309987,False,True,False,data/doe_002.npz,False,6.80545834983,2.21901944669e-15,0.61729335407,4.73536268799e-15,0.31745111324,4.10200816234e-15,0.180280604672,3.69727060392e-15,0.102356358437,2.42506364526e-15,0.055058116885,4.45774206842e-16,0.0266050180921,8.91321994797e-16,0.0117204478709,6.98844529545e-16,0.00886325248154,1.43380294811e-15,0.0104106669225,6.92213783113e-16,0.0107667641952,7.27763651567e-16,0.00976943992196,2.5022776679e-16,0.00804923964674,6.60535038041e-16,0.00617077887383,7.67615113452e-16,0.00454805302555,1.47591313213e-16,0.00344262442754,1.20912360864e-16,0.00289935419132,3.20571242608e-16,0.00270159123883,3.64563485651e-16,0.00257731334221,5.95748184958e-16,0.00239174758113,1.35887687282e-15
doe_0091,doe,M030,350,-700,230,400,0.0015,0.0002,0.15,0.1,1,0.25,0,0,0,0,0,600,0,0.3,1,17.5344920098,3.40272930366,0.596651297866,3.45464341232,-3.5527136788e-17,351.722796204,-699.140367738,1.72279620386,0.85963226168,20,5.36342252948,0,8.74156007139e-14,-0.281575406205,1.7047218752,False,True,False,data/doe_002.npz,False,3.40272930366,4.21430133556e-15,0.547760752395,9.09776952246e-16,0.220937734391,5.24310418434e-15,0.0773712679172,3.63087936551e-15,0.012823097148,5.96335155352e-16,0.016880823903,5.45565998092e-16,0.0196825187219,2.41602131383e-15,0.0137956893804,1.5692972541e-15,0.00678781201561,3.18524557546e-16,0.0038818908511,5.68327445441e-16,0.00454775060212,9.38333059947e-16,0.00428411824887,6.44264104605e-16,0.00309681148927,6.81626815433e-16,0.0020257619919,8.6777935072e-16,0.00170288378265,4.36255831414e-16,0.00165137682784,4.66887059982e-16,0.00142183937474,7.93203744408e-16,0.0010905251785,2.48774654495e-16,0.000856075461898,1.21574932342e-16,0.000757268708905,2.08486265371e-15
doe_0092,doe,M031,350,0,230,400,0.0015,0.0002,0.15,0.1,1,0.25,0,0,0,0,0,600,0,0.3,1,26.5677746108,1.52174660217,0.404294207411,1.57453693355,-7.01660951563e-16,350.000659444,0.861011517755,0.000659443642519,0.861011517755,20,2.61483745545,0,6.95581579181e-14,-0.281575406205,1.15512640504,False,True,False,data/doe_002.npz,False,1.52174660217,6.91855194538e-16,0.397670709416,1.74508268074e-15,0.0621473645412,1.82243655202e-15,0.0274655795594,2.11392764736e-15,0.0241528335101,1.6805725319e-15,0.00486175331685,1.29506579842e-15,0.00709110300106,1.04747938871e-15,0.00482726078073,8.23705428815e-16,0.00199222288353,3.83517449574e-16,0.00240433050995,2.77457762749e-17,0.00145908177131,7.72365870169e-16,0.000989150643179,3.945988742e-16,0.000918769259574,4.2693634598e-16,0.000583688020645,4.1944129174e-16,0.000470890737418,5.39278005431e-16,0.000383789651629,2.6313236579e-16,0.000267842153265,3.79714438977e-16,0.000221595603875,3.39851727597e-16,0.000171758817728,8.27251180769e-16,0.000128591861605,1.20273030761e-15
doe_0093,doe,M032,350,700,230,400,0.0015,0.0002,0.15,0.1,1,0.25,0,0,0,0,0,600,0,0.3,1,17.5228302874,3.40272941599,0.596254500703,3.45457501247,3.10862446895e-15,348.278704785,700.862442568,-1.72129521533,0.862442567735,20,5.36336211562,0,8.55370117283e-14,-0.281575406205,1.70358814216,False,True,False,data/doe_002.npz,False,3.40272941599,4.86373633735e-16,0.547506605305,2.11109231313e-15,0.220611134752,4.24003160103e-15,0.0770667691008,4.43856315621e-15,0.012648169837,7.07416829278e-16,0.0169689298105,1.32498554279e-15,0.0196840574785,1.72091042897e-15,0.0137433981589,1.33391045341e-15,0.00673191185186,3.82599018951e-16,0.00388321840178,6.73484478818e-16,0.00455901960298,9.97829582219e-16,0.00427670751094,2.95024496423e-16,0.00307924089879,9.65868873751e-16,0.00201475567444,8.88653015309e-16,0.00170323718478,3.31417113733e-16,0.00165082023918,2.05706818178e-16,0.00141674598344,6.55639797836e-16,0.00108452825258,5.56942238927e-16,0.000853101246175,2.49124359614e-16,0.000756265287129,1.80091375059e-15
doe_0094,doe,M035,700,-700,230,400,0.0015,0.0002,0.15,0.1,1,0.25,0,0,0,0,0,600,0,0.3,1,15.0063374459,4.30414976607,0.645895238071,4.35234302742,5.15143483426e-16,701.723468199,-698.279299222,1.72346819855,1.72070077849,20,6.65380726905,0,8.48432544904e-14,-0.281575406205,1.84542372689,False,True,False,data/doe_002.npz,False,4.30414976607,5.35009830183e-15,0.5773084959,1.70907924638e-15,0.260249849361,4.57219508104e-15,0.116296224273,3.78043565185e-15,0.0417391501826,7.17197235031e-16,0.00915769064005,6.21465956079e-16,0.0144684753493,2.2323655678e-15,0.0165502998314,1.81927789526e-15,0.0132627175313,4.24037589559e-16,0.00841434581457,2.87393140676e-16,0.00468055436662,8.26003507148e-16,0.00362855133182,7.8274547134e-16,0.00385295791067,5.49822902927e-16,0.00364054291532,5.29001488768e-16,0.00293634689028,2.52640044354e-16,0.00215121918021,8.09006915332e-16,0.00165311668088,6.22020801857e-16,0.00148248354589,2.54872512863e-16,0.00139017933685,3.71321374086e-16,0.00122774672744,2.05434015584e-15
doe_0095,doe,M036,700,0,230,400,0.0015,0.0002,0.15,0.1,1,0.25,0,0,0,0,0,600,0,0.3,1,18.7807827064,3.04349331467,0.57159186611,3.09670305072,2.84217094304e-16,700.001344243,1.72203146665,0.00134424298915,1.72203146665,20,4.84648391041,0,7.88353698842e-14,-0.281575406205,1.63312203308,False,True,False,data/doe_002.npz,False,3.04349331467,1.88142615101e-15,0.531232711345,8.56589676154e-16,0.200057495916,3.05777607121e-15,0.0585521705283,3.24739851807e-15,0.00773943344641,1.91579148017e-15,0.0213844189794,1.70466981209e-15,0.0186961322107,2.07801898906e-15,0.0100641210373,6.88108326235e-16,0.00418931860002,5.17875050837e-16,0.00471059946465,6.07788917824e-16,0.00478058546122,1.36837186268e-15,0.0034084167944,6.09759509871e-16,0.00208805336341,1.63983816699e-16,0.00178904734869,2.38389986007e-16,0.0017478950737,2.34262862129e-16,0.00142718024499,4.85178432812e-16,0.00103949842431,7.71504022786e-16,0.000843446788731,5.07455278662e-16,0.000769556854497,7.3446614369e-16,0.000661137441835,1.53612240965e-15
doe_0096,doe,M037,700,700,230,400,0.0015,0.0002,0.15,0.1,1,0.25,0,0,0,0,0,600,0,0.3,1,15.0010542737,4.3041499135,0.645667864546,4.35230943419,3.57047724719e-15,698.279403473,701.723412297,-1.72059652675,1.72341229748,20,6.65374056926,0,8.30843938377e-14,-0.281575406205,1.84477404845,False,True,False,data/doe_002.npz,False,4.3041499135,1.08088306243e-15,0.577180591173,3.47299774682e-15,0.26007599327,3.81027811799e-15,0.116114620735,4.25090633769e-15,0.041586050948,1.57425492662e-15,0.00911473122284,8.04115640222e-16,0.0145126285496,1.84955869035e-15,0.0165577902417,1.27862605172e-15,0.0132423409361,1.03611896066e-15,0.00838345540013,1.20858038894e-16,0.00466007106917,1.2795427087e-15,0.00363063020686,2.70809250311e-16,0.00385730201608,1.09893601125e-15,0.00363796680219,1.06604939932e-15,0.00292858917937,1.94685305826e-16,0.00214342353499,2.69163511506e-16,0.00164963150132,7.3716719254e-16,0.00148214393866,2.91817501236e-16,0.00138941192111,4.61793679714e-16,0.00122542084478,1.50209574192e-15
doe_0097,doe,M040,1400,-700,230,400,0.0015,0.0002,0.15,0.1,1,0.25,0,0,0,0,0,600,0,0.3,1,10.6908603587,6.80545822127,0.727562035206,6.84424048071,-7.1054273576e-16,1401.72480894,-696.55724726,1.72480894155,3.44275273958,31.304951685,10.2113326593,0,8.05380040429e-14,-0.281575406205,2.07878723743,False,True,False,data/doe_003.npz,False,6.80545822127,3.96158024125e-15,0.617324285173,3.68065102583e-16,0.317494789035,3.56528533376e-15,0.180332560065,3.20970749271e-15,0.10241027487,6.59856197954e-16,0.0551083615169,2.12803160224e-15,0.0266463269734,1.06346290715e-15,0.0117430883783,1.89741585989e-15,0.00885834646427,6.69375169159e-16,0.0104023326959,6.00481759352e-16,0.0107633669636,9.97844029083e-16,0.00977118542531,3.59455825955e-16,0.00805459143208,8.66092237841e-16,0.00617771830194,9.09580109939e-16,0.00455445388813,4.96190157083e-16,0.00344667677288,5.99835765513e-16,0.00290066158741,3.22244267254e-16,0.0027014952753,3.48761131405e-16,0.00257726070139,4.66679913125e-16,0.00239238910338,1.80464462529e-15
doe_0098,doe,M041,1400,0,230,400,0.0015,0.0002,0.15,0.1,1,0.25,0,0,0,0,0,600,0,0.3,1,11.6567668904,6.08698682011,0.709545864271,6.1282033887,2.59348098552e-15,1400.00273233,3.44407620695,0.0027323326151,3.44407620695,28,9.19135639295,0,8.26950625529e-14,-0.281575406205,2.0272998531,False,True,False,data/doe_003.npz,False,6.08698682011,3.00801515648e-15,0.609490064837,2.03400839817e-15,0.305927499593,4.99619744094e-15,0.166736529483,4.50580021115e-15,0.0885375413574,2.23236404113e-15,0.0425119470692,1.46461011243e-15,0.0169479938292,2.48712503055e-15,0.00883667856181,2.01497177155e-15,0.0111445380755,9.45955330027e-16,0.0121028117796,2.39850979782e-16,0.0109545194043,1.35519302902e-15,0.00873812263611,3.27860127343e-16,0.00634921476707,8.41134383296e-16,0.00442524724284,1.01717192022e-15,0.00333754593199,5.20241726492e-16,0.00299221055838,3.43091466735e-16,0.00290173813735,5.54637553776e-16,0.00273395285358,1.36257006553e-16,0.00242803078985,3.96156240115e-16,0.00204767766306,1.69490433404e-15
doe_0099,doe,M042,1400,700,230,400,0.0015,0.0002,0.15,0.1,1,0.25,0,0,0,0,0,600,0,0.3,1,10.6898105958,6.80545834983,0.727490607774,6.84423301363,5.50670620214e-15,1398.28075338,703.445425031,-1.71924661635,3.44542503117,31.304951685,10.2112252106,0,8.39929147835e-14,-0.281575406205,2.07858309987,False,True,False,data/doe_003.npz,False,6.80545834983,2.21901944669e-15,0.61729335407,4.73536268799e-15,0.31745111324,4.10200816234e-15,0.180280604672,3.69727060392e-15,0.102356358437,2.42506364526e-15,0.055058116885,4.45774206842e-16,0.0266050180921,8.91321994797e-16,0.0117204478709,6.98844529545e-16,0.00886325248154,1.43380294811e-15,0.0104106669225,6.92213783113e-16,0.0107667641952,7.27763651567e-16,0.00976943992196,2.5022776679e-16,0.00804923964674,6.60535038041e-16,0.00617077887383,7.67615113452e-16,0.00454805302555,1.47591313213e-16,0.00344262442754,1.20912360864e-16,0.00289935419132,3.20571242608e-16,0.00270159123883,3.64563485651e-16,0.00257731334221,5.95748184958e-16,0.00239174758113,1.35887687282e-15
doe_0100,doe,M030,350,-700,230,400,0.0015,0.0002,0.15,0.1,1,0.25,0,0,0,0,0,600,0,0.6,1,17.5344920098,3.40272930366,0.596651297866,3.45464341232,-3.5527136788e-17,351.722796204,-699.140367738,1.72279620386,0.85963226168,20,5.36342252948,0,8.74156007139e-14,-0.281575406205,1.7047218752,False,True,False,data/doe_003.npz,False,3.40272930366,4.21430133556e-15,0.547760752395,9.09776952246e-16,0.220937734391,5.24310418434e-15,0.0773712679172,3.63087936551e-15,0.012823097148,5.96335155352e-16,0.016880823903,5.45565998092e-16,0.0196825187219,2.41602131383e-15,0.0137956893804,1.5692972541e-15,0.00678781201561,3.18524557546e-16,0.0038818908511,5.68327445441e-16,0.00454775060212,9.38333059947e-16,0.00428411824887,6.44264104605e-16,0.00309681148927,6.81626815433e-16,0.0020257619919,8.6777935072e-16,0.00170288378265,4.36255831414e-16,0.00165137682784,4.66887059982e-16,0.00142183937474,7.93203744408e-16,0.0010905251785,2.48774654495e-16,0.000856075461898,1.21574932342e-16,0.000757268708905,2.08486265371e-15
doe_0101,doe,M031,350,0,230,400,0.0015,0.0002,0.15,0.1,1,0.25,0,0,0,0,0,600,0,0.6,1,26.5677746108,1.52174660217,0.404294207411,1.57453693355,-7.01660951563e-16,350.000659444,0.861011517755,0.000659443642519,0.861011517755,20,2.61483745545,0,6.95581579181e-14,-0.281575406205,1.15512640504,False,True,False,data/doe_003.npz,False,1.52174660217,6.91855194538e-16,0.397670709416,1.74508268074e-15,0.0621473645412,1.82243655202e-15,0.0274655795594,2.11392764736e-15,0.0241528335101,1.6805725319e-15,0.00486175331685,1.29506579842e-15,0.00709110300106,1.04747938871e-15,0.00482726078073,8.23705428815e-16,0.00199222288353,3.83517449574e-16,0.00240433050995,2.77457762749e-17,0.00145908177131,7.72365870169e-16,0.000989150643179,3.945988742e-16,0.000918769259574,4.2693634598e-16,0.000583688020645,4.1944129174e-16,0.000470890737418,5.39278005431e-16,0.000383789651629,2.6313236579e-16,0.000267842153265,3.79714438977e-16,0.000221595603875,3.39851727597e-16,0.000171758817728,8.27251180769e-16,0.000128591861605,1.20273030761e-15
doe_0102,doe,M032,350,700,230,400,0.0015,0.0002,0.15,0.1,1,0.25,0,0,0,0,0,600,0,0.6,1,17.5228302874,3.40272941599,0.596254500703,3.45457501247,3.10862446895e-15,348.278704785,700.862442568,-1.72129521533,0.862442567735,20,5.36336211562,0,8.55370117283e-14,-0.281575406205,1.70358814216,False,True,False,data/doe_003.npz,False,3.40272941599,4.86373633735e-16,0.547506605305,2.11109231313e-15,0.220611134752,4.24003160103e-15,0.0770667691008,4.43856315621e-15,0.012648169837,7.07416829278e-16,0.0169689298105,1.32498554279e-15,0.0196840574785,1.72091042897e-15,0.0137433981589,1.33391045341e-15,0.00673191185186,3.82599018951e-16,0.00388321840178,6.73484478818e-16,0.00455901960298,9.97829582219e-16,0.00427670751094,2.95024496423e-16,0.00307924089879,9.65868873751e-16,0.00201475567444,8.88653015309e-16,0.00170323718478,3.31417113733e-16,0.00165082023918,2.05706818178e-16,0.00141674598344,6.55639797836e-16,0.00108452825258,5.56942238927e-16,0.000853101246175,2.49124359614e-16,0.000756265287129,1.80091375059e-15
doe_0103,doe,M035,700,-700,230,400,0.0015,0.0002,0.15,0.1,1,0.25,0,0,0,0,0,600,0,0.6,1,15.0063374459,4.30414976607,0.645895238071,4.35234302742,5.15143483426e-16,701.723468199,-698.279299222,1.72346819855,1.72070077849,20,6.65380726905,0,8.48432544904e-14,-0.281575406205,1.84542372689,False,True,False,data/doe_003.npz,False,4.30414976607,5.35009830183e-15,0.5773084959,1.70907924638e-15,0.260249849361,4.57219508104e-15,0.116296224273,3.78043565185e-15,0.0417391501826,7.17197235031e-16,0.00915769064005,6.21465956079e-16,0.0144684753493,2.2323655678e-15,0.0165502998314,1.81927789526e-15,0.0132627175313,4.24037589559e-16,0.00841434581457,2.87393140676e-16,0.00468055436662,8.26003507148e-16,0.00362855133182,7.8274547134e-16,0.00385295791067,5.49822902927e-16,0.00364054291532,5.29001488768e-16,0.00293634689028,2.52640044354e-16,0.00215121918021,8.09006915332e-16,0.00165311668088,6.22020801857e-16,0.00148248354589,2.54872512863e-16,0.00139017933685,3.71321374086e-16,0.00122774672744,2.05434015584e-15
doe_0104,doe,M036,700,0,230,400,0.0015,0.0002,0.15,0.1,1,0.25,0,0,0,0,0,600,0,0.6,1,18.7807827064,3.04349331467,0.57159186611,3.09670305072,2.84217094304e-16,700.001344243,1.72203146665,0.00134424298915,1.72203146665,20,4.84648391041,0,7.88353698842e-14,-0.281575406205,1.63312203308,False,True,False,data/doe_003.npz,False,3.04349331467,1.88142615101e-15,0.531232711345,8.56589676154e-16,0.200057495916,3.05777607121e-15,0.0585521705283,3.24739851807e-15,0.00773943344641,1.91579148017e-15,0.0213844189794,1.70466981209e-15,0.0186961322107,2.07801898906e-15,0.0100641210373,6.88108326235e-16,0.00418931860002,5.17875050837e-16,0.00471059946465,6.07788917824e-16,0.00478058546122,1.36837186268e-15,0.0034084167944,6.09759509871e-16,0.00208805336341,1.63983816699e-16,0.00178904734869,2.38389986007e-16,0.0017478950737,2.34262862129e-16,0.00142718024499,4.85178432812e-16,0.00103949842431,7.71504022786e-16,0.000843446788731,5.07455278662e-16,0.000769556854497,7.3446614369e-16,0.000661137441835,1.53612240965e-15
doe_0105,doe,M037,700,700,230,400,0.0015,0.0002,0.15,0.1,1,0.25,0,0,0,0,0,600,0,0.6,1,15.0010542737,4.3041499135,0.645667864546,4.35230943419,3.57047724719e-15,698.279403473,701.723412297,-1.72059652675,1.72341229748,20,6.65374056926,0,8.30843938377e-14,-0.281575406205,1.84477404845,False,True,False,data/doe_003.npz,False,4.3041499135,1.08088306243e-15,0.577180591173,3.47299774682e-15,0.26007599327,3.81027811799e-15,0.116114620735,4.25090633769e-15,0.041586050948,1.57425492662e-15,0.00911473122284,8.04115640222e-16,0.0145126285496,1.84955869035e-15,0.0165577902417,1.27862605172e-15,0.0132423409361,1.03611896066e-15,0.00838345540013,1.20858038894e-16,0.00466007106917,1.2795427087e-15,0.00363063020686,2.70809250311e-16,0.00385730201608,1.09893601125e-15,0.00363796680219,1.06604939932e-15,0.00292858917937,1.94685305826e-16,0.00214342353499,2.69163511506e-16,0.00164963150132,7.3716719254e-16,0.00148214393866,2.91817501236e-16,0.00138941192111,4.61793679714e-16,0.00122542084478,1.50209574192e-15
doe_0106,doe,M040,1400,-700,230,400,0.0015,0.0002,0.15,0.1,1,0.25,0,0,0,0,0,600,0,0.6,1,10.6908603587,6.80545822127,0.727562035206,6.84424048071,-7.1054273576e-16,1401.72480894,-696.55724726,1.72480894155,3.44275273958,31.304951685,10.2113326593,0,8.05380040429e-14,-0.281575406205,2.07878723743,False,True,False,data/doe_003.npz,False,6.80545822127,3.96158024125e-15,0.617324285173,3.68065102583e-16,0.317494789035,3.56528533376e-15,0.180332560065,3.20970749271e-15,0.10241027487,6.59856197954e-16,0.0551083615169,2.12803160224e-15,0.0266463269734,1.06346290715e-15,0.0117430883783,1.89741585989e-15,0.00885834646427,6.69375169159e-16,0.0104023326959,6.00481759352e-16,0.0107633669636,9.97844029083e-16,0.00977118542531,3.59455825955e-16,0.00805459143208,8.66092237841e-16,0.00617771830194,9.09580109939e-16,0.00455445388813,4.96190157083e-16,0.00344667677288,5.99835765513e-16,0.00290066158741,3.22244267254e-16,0.0027014952753,3.48761131405e-16,0.00257726070139,4.66679913125e-16,0.00239238910338,1.80464462529e-15
doe_0107,doe,M041,1400,0,230,400,0.0015,0.0002,0.15,0.1,1,0.25,0,0,0,0,0,600,0,0.6,1,11.6567668904,6.08698682011,0.709545864271,6.1282033887,2.59348098552e-15,1400.00273233,3.44407620695,0.0027323326151,3.44407620695,28,9.19135639295,0,8.26950625529e-14,-0.281575406205,2.0272998531,False,True,False,data/doe_003.npz,False,6.08698682011,3.00801515648e-15,0.609490064837,2.03400839817e-15,0.305927499593,4.99619744094e-15,0.166736529483,4.50580021115e-15,0.0885375413574,2.23236404113e-15,0.0425119470692,1.46461011243e-15,0.0169479938292,2.48712503055e-15,0.00883667856181,2.01497177155e-15,0.0111445380755,9.45955330027e-16,0.0121028117796,2.39850979782e-16,0.0109545194043,1.35519302902e-15,0.00873812263611,3.27860127343e-16,0.00634921476707,8.41134383296e-16,0.00442524724284,1.01717192022e-15,0.00333754593199,5.20241726492e-16,0.00299221055838,3.43091466735e-16,0.00290173813735,5.54637553776e-16,0.00273395285358,1.36257006553e-16,0.00242803078985,3.96156240115e-16,0.00204767766306,1.69490433404e-15
doe_0108,doe,M042,1400,700,230,400,0.0015,0.0002,0.15,0.1,1,0.25,0,0,0,0,0,600,0,0.6,1,10.6898105958,6.80545834983,0.727490607774,6.84423301363,5.50670620214e-15,1398.28075338,703.445425031,-1.71924661635,3.44542503117,31.304951685,10.2112252106,0,8.39929147835e-14,-0.281575406205,2.07858309987,False,True,False,data/doe_003.npz,False,6.80545834983,2.21901944669e-15,0.61729335407,4.73536268799e-15,0.31745111324,4.10200816234e-15,0.180280604672,3.69727060392e-15,0.102356358437,2.42506364526e-15,0.055058116885,4.45774206842e-16,0.0266050180921,8.91321994797e-16,0.0117204478709,6.98844529545e-16,0.00886325248154,1.43380294811e-15,0.0104106669225,6.92213783113e-16,0.0107667641952,7.27763651567e-16,0.00976943992196,2.5022776679e-16,0.00804923964674,6.60535038041e-16,0.00617077887383,7.67615113452e-16,0.00454805302555,1.47591313213e-16,0.00344262442754,1.20912360864e-16,0.00289935419132,3.20571242608e-16,0.00270159123883,3.64563485651e-16,0.00257731334221,5.95748184958e-16,0.00239174758113,1.35887687282e-15
doe_0109,doe,M030,350,-700,230,400,0.0015,0.0002,0.15,0.1,1,0.25,0,0,0,0,0,600,0.5,0.1,1,9.88058201737,3.40272926358,0.336209455717,3.41930229188,-1.82964754458e-15,351.722770825,-699.140370187,1.72277082545,0.859629813104,20,5.09913934436,0,8.86841672232e-14,-0.281575406205,0.960704342109,False,True,False,data/doe_003.npz,False,3.40272926358,3.36171513034e-15,0.295552237694,6.99367189483e-16,0.13960838249,5.19544219449e-15,0.0680446227654,4.13216769782e-15,0.0292593163485,5.80285471093e-16,0.00952846850285,8.4141872001e-16,0.00802903397813,2.21109322101e-15,0.011210283294,1.46452448178e-15,0.0117806681741,2.50691392202e-16,0.0106137974182,6.50358507797e-16,0.00870551209234,1.19406466948e-15,0.00668802199944,5.54989514965e-16,0.00488816527639,7.73623482486e-16,0.00343486224504,7.68473448501e-16,0.00236758552975,4.06510872684e-16,0.00172349097924,4.44536438595e-16,0.00152208624399,7.50990527312e-16,0.0016191578682,2.17703217818e-16,0.00179331581012,1.33705200568e-16,0.00192132172469,2.12400920746e-15
doe_0110,doe,M031,350,0,230,400,0.0015,0.0002,0.15,0.1,1,0.25,0,0,0,0,0,600,0.5,0.1,1,15.5886522368,1.52174667336,0.237219796835,1.54012580449,1.7763568394e-16,350.000675806,0.861016596481,0.000675806247159,0.861016596481,20,2.40192561496,0,7.6206146274e-14,-0.281575406205,0.677778819911,False,True,False,data/doe_003.npz,False,1.52174667336,1.04471991378e-15,0.228214672701,1.83536102968e-15,0.0568537800626,2.68543703492e-15,0.00697030449497,2.76429767727e-15,0.0208204741767,1.46455932307e-15,0.0171959492019,1.33034613663e-15,0.0100259468452,1.76266137102e-15,0.00507731880424,9.0156502808e-16,0.00286704090938,4.62539793135e-16,0.00268622749797,3.39141822336e-16,0.0031014066096,1.02957087568e-15,0.00313286466531,4.10124172967e-16,0.00274313526531,3.64540055327e-16,0.00217581874427,4.58821636186e-16,0.00164622818006,3.62336598659e-16,0.00127268996069,3.89374098029e-16,0.0010697049847,6.36513188471e-16,0.000962973327701,3.2803069085e-16,0.000870699231477,6.85551141464e-16,0.000760484976358,1.56217553746e-15
doe_0111,doe,M032,350,700,230,400,0.0015,0.0002,0.15,0.1,1,0.25,0,0,0,0,0,600,0.5,0.1,1,9.87526697952,3.40272932804,0.336028605734,3.41928457861,3.23296944771e-15,348.278681908,700.862431348,-1.72131809225,0.862431348108,20,5.09908874433,0,8.74466566446e-14,-0.281575406205,0.960187692747,False,True,False,data/doe_003.npz,False,3.40272932804,9.82071809709e-16,0.295458303578,1.94908634479e-15,0.13947515521,3.90512778391e-15,0.0678971575316,4.90760701019e-15,0.0291228753784,7.25853470846e-16,0.00944482080011,1.24484302084e-15,0.00806978958586,1.69454132904e-15,0.0112455797829,1.23925426914e-15,0.011793223787,5.6169309681e-16,0.0106079731899,6.16641155494e-16,0.00868852040897,1.18117130556e-15,0.00666641283771,1.39924099468e-16,0.00486666490579,9.04701573558e-16,0.00341648421109,8.67317907376e-16,0.00235470671005,2.92596593687e-16,0.00171884914145,2.8937414504e-16,0.00152616907841,7.38041101926e-16,0.00162761639795,3.84755563973e-16,0.00180203912114,1.10372533488e-16,0.00192834086118,1.77238850467e-15
doe_0112,doe,M035,700,-700,230,400,0.0015,0.0002,0.15,0.1,1,0.25,0,0,0,0,0,600,0.5,0.1,1,8.31215103937,4.30414979724,0.357767432107,4.3189967587,1.11910480882e-15,701.7234546,-698.279323051,1.72345459964,1.72067694927,20,6.37907549361,0,8.72571603091e-14,-0.281575406205,1.02231240317,False,True,False,data/doe_003.npz,False,4.30414979724,4.4054273907e-15,0.305901128686,1.61217049783e-15,0.154604740858,4.6626869006e-15,0.0851703559149,3.97369864246e-15,0.0459462955845,8.08917826332e-16,0.0227079904151,6.62551946296e-16,0.0101560116485,2.21077337088e-15,0.00720781249435,1.68202265373e-15,0.00878580681077,4.03030665942e-16,0.00973100356609,3.29586681591e-16,0.00957392977466,8.42498285086e-16,0.00869190493494,5.98312691308e-16,0.00744976558888,1.06512761303e-15,0.00610470131083,5.6649301534e-16,0.00481577541092,9.23927132517e-17,0.00367056574051,7.57553494588e-16,0.00271362972572,4.29846737549e-16,0.00197363743535,1.32042401715e-16,0.00148463485976,1.36508558514e-16,0.00127318705869,1.86017072699e-15
doe_0113,doe,M036,700,0,230,400,0.0015,0.0002,0.15,0.1,1,0.25,0,0,0,0,0,600,0.5,0.1,1,10.6671713474,3.04349341696,0.324654657735,3.06076328625,1.22568621919e-15,700.001367754,1.72203819384,0.00136775389433,1.72203819384,20,4.58786211439,0,8.26684399537e-14,-0.281575406205,0.927668639648,False,True,False,data/doe_003.npz,False,3.04349341696,1.86860639169e-15,0.289334253185,7.5788211228e-16,0.130874340716,4.12762902398e-15,0.05858154683,3.87998709462e-15,0.0208543997421,1.84108170183e-15,0.00655306846662,1.32218726503e-15,0.0110142248968,2.46017538971e-15,0.0129735335769,1.72014353219e-15,0.0120059160304,6.02524274268e-16,0.00975929869498,5.81606021911e-16,0.00729400736831,1.37262581748e-15,0.00513588069436,2.9838001934e-16,0.00346659277373,6.82702502108e-16,0.00232307610615,6.59280920036e-16,0.00174369702899,3.48674748452e-16,0.00168559778569,2.82684374707e-16,0.00187197594832,8.11858622843e-16,0.00205434943999,3.59515789209e-16,0.00213610989882,4.74082450839e-16,0.00210299650859,1.74785229825e-15
doe_0114,doe,M037,700,700,230,400,0.0015,0.0002,0.15,0.1,1,0.25,0,0,0,0,0,600,0.5,0.1,1,8.30989745246,4.30414988234,0.357670441423,4.31898881629,3.01980662698e-15,698.279379651,701.723425891,-1.7206203492,1.72342589106,20,6.37905311194,0,8.50738013527e-14,-0.281575406205,1.02203552652,False,True,False,data/doe_003.npz,False,4.30414988234,4.21381926408e-16,0.305857520967,2.74330682474e-15,0.154542064185,4.09308059588e-15,0.0850964977547,4.54347551968e-15,0.045870777942,1.05226141631e-15,0.0226402034477,1.23284935386e-15,0.0101119936234,2.37204030239e-15,0.00721257567795,1.50943665602e-15,0.00880363995183,5.16589708334e-16,0.00974316178528,4.71814611939e-16,0.0095780626476,1.38095466059e-15,0.00868921069392,2.79586953932e-16,0.00744228353199,9.85236901797e-16,0.0060944709258,6.3199787859e-16,0.00480451170981,3.52653669076e-16,0.00365959632523,6.09793065744e-16,0.00270402421326,9.31545225006e-16,0.00196648407596,3.42580280851e-16,0.00148121644243,1.21320144257e-16,0.00127411420731,1.84257155088e-15
doe_0115,doe,M040,1400,-700,230,400,0.0015,0.0002,0.15,0.1,1,0.25,0,0,0,0,0,600,0.5,0.1,1,5.73047692692,6.80545832357,0.389985219004,6.8166274339,0,1401.72482156,-696.557274733,1.7248215641,3.4427252669,31.304951685,9.92240797466,0,8.31590471421e-14,-0.281575406205,1.11445631949,False,True,False,data/doe_003.npz,False,6.80545832357,4.32751056039e-15,0.318240994005,1.30092628213e-15,0.173244431951,4.44073485655e-15,0.107898141588,3.82028009715e-15,0.0703858165467,4.03709322942e-16,0.0465686810398,1.65820920258e-15,0.0307898685327,1.54010934004e-15,0.0202662994289,1.78494700192e-15,0.0134776376599,5.70847187084e-16,0.0095349775433,4.62351952408e-16,0.00772232249806,1.00580633324e-15,0.00716528632709,2.62472118227e-16,0.00706052709879,1.00991612171e-15,0.00697599385996,1.03347614748e-15,0.00676601244074,5.3728373306e-16,0.00641284052897,5.0546186184e-16,0.00594290126621,2.93994747007e-16,0.00539321004562,1.84346611075e-16,0.00479914679857,3.26407437651e-16,0.00419056162216,1.8516434905e-15
doe_0116,doe,M041,1400,0,230,400,0.0015,0.0002,0.15,0.1,1,0.25,0,0,0,0,0,600,0.5,0.1,1,6.29650568907,6.08698694505,0.383267479288,6.09904465064,2.9487523534e-15,1400.00276105,3.44408366678,0.00276104935028,3.44408366678,28,8.905331875,0,8.51766025447e-14,-0.281575406205,1.09520506439,False,True,False,data/doe_003.npz,False,6.08698694505,2.99287266755e-15,0.315984582498,2.13835944291e-15,0.169772457741,5.36974904795e-15,0.103548957282,4.81381586566e-15,0.0655292066361,1.951721703e-15,0.0415609564368,9.94595247541e-16,0.0259674641639,2.0382860812e-15,0.0159853839521,1.93397589454e-15,0.0101963991303,7.54038409633e-16,0.0077221806118,1.51705052926e-16,0.00727798295505,9.27299636649e-16,0.00743324191316,2.24330332502e-16,0.00749358840801,8.88036792017e-16,0.00729821623035,1.02382747722e-15,0.00687053419064,3.47181754283e-16,0.00627775971089,6.59153561748e-16,0.00558742115325,9.67808803174e-16,0.00485549275307,4.92873980095e-16,0.00412467537339,4.98652504011e-16,0.00342600464317,1.70447023164e-15
doe_0117,doe,M042,1400,700,230,400,0.0015,0.0002,0.15,0.1,1,0.25,0,0,0,0,0,600,0.5,0.1,1,5.73007719259,6.80545840042,0.389958019654,6.81662594925,5.08038056068e-15,1398.28075124,703.445455187,-1.71924876097,3.44545518658,31.304951685,9.9225306728,0,8.66473775833e-14,-0.281575406205,1.1143783557,False,True,False,data/doe_003.npz,False,6.80545840042,1.95699748511e-15,0.318231102516,4.17472179773e-15,0.173231518862,4.30166112665e-15,0.107881844856,3.92787795958e-15,0.0703674442831,1.99613480783e-15,0.0465494858215,6.86174859925e-16,0.0307710168597,1.56690211833e-15,0.0202489593316,1.01610948024e-15,0.0134631856629,9.46363395607e-16,0.00952502781985,3.22553418441e-16,0.00771760796512,1.09574686568e-15,0.00716441273599,2.30302601444e-16,0.00706137074434,9.12216207729e-16,0.00697712494931,9.55504315332e-16,0.00676672264723,2.44475305482e-16,0.00641284870455,3.14679161238e-16,0.00594215254067,5.37856716747e-16,0.00539176639294,2.83383538351e-16,0.00479712772778,2.71352783933e-16,0.00418811103844,1.91321665158e-15
doe_0118,doe,M030,350,-700,230,400,0.0015,0.0002,0.15,0.1,1,0.25,0,0,0,0,0,600,0.5,0.3,1,9.92684706615,3.40272926424,0.337783730136,3.41945395343,-1.22568621919e-15,351.722770923,-699.140370306,1.72277092336,0.859629694384,20,5.0995054222,0,8.8158894594e-14,-0.281575406205,0.965100793951,False,True,False,data/doe_003.npz,False,3.40272926424,3.7198048293e-15,0.296421433709,6.02840286445e-16,0.140990327248,5.19000251623e-15,0.0698655433864,4.02962645436e-15,0.0314165565854,6.97631794599e-16,0.0115032816437,8.73626970355e-16,0.00704664150556,2.05937896819e-15,0.00907960889922,1.3814000765e-15,0.0093398959832,3.12378858516e-16,0.00806872142186,6.41724861583e-16,0.00617768369052,1.21129819275e-15,0.00428953190926,5.59494514476e-16,0.00273280731891,6.73655685247e-16,0.00162310079779,6.96483348432e-16,0.000944688472481,4.8683668223e-16,0.000611159819551,3.88783294806e-16,0.000497931092721,8.13206441813e-16,0.000487574129342,1.94429754709e-16,0.000510150007121,1.44920564971e-17,0.000528334929948,2.14992159241e-15
doe_0119,doe,M031,350,0,230,400,0.0015,0.0002,0.15,0.1,1,0.25,0,0,0,0,0,600,0.5,0.3,1,15.8604528884,1.52174667148,0.24135591391,1.54076786443,-8.881784197e-18,350.000675372,0.861016631999,0.000675372149715,0.861016631999,20,2.40403866127,0,7.5744299718e-14,-0.281575406205,0.689588341673,False,True,False,data/doe_003.npz,False,1.52174667148,1.15161320101e-15,0.232253387878,1.86123704655e-15,0.0623273795622,2.64156791089e-15,0.0049948847266,2.89380400853e-15,0.01516870409,1.55176582465e-15,0.0117525793676,1.32894982777e-15,0.00511187710288,1.61002990826e-15,0.00168854087133,8.58130904431e-16,0.0014354941304,3.9773404319e-16,0.000918408155451,3.02726122015e-16,0.00063648711933,1.04729398739e-15,0.000652008441828,4.43052185576e-16,0.000512737928695,2.9655821197e-16,0.000321748073957,3.84779946057e-16,0.000211287183776,4.49723309621e-16,0.000156120234975,3.52281846709e-16,0.000110412548346,5.69325087088e-16,8.01248170023e-05,3.49614148696e-16,6.31488389441e-05,6.63962549943e-16,4.83149003744e-05,1.51440966622e-15
doe_0120,doe,M032,350,700,230,400,0.0015,0.0002,0.15,0.1,1,0.25,0,0,0,0,0,600,0.5,0.3,1,9.92134732682,3.402729328,0.337596595222,3.41943553564,3.57047724719e-15,348.278682041,700.862431272,-1.72131795915,0.862431271765,20,5.09946524806,0,8.73370089804e-14,-0.281575406205,0.964566108529,False,True,False,data/doe_003.npz,False,3.402729328,7.48631774417e-16,0.296325815951,1.94995966115e-15,0.140854592897,4.02389915786e-15,0.0697151908424,4.89443601546e-15,0.0312771821424,6.18231659177e-16,0.0114084814405,1.19460481267e-15,0.00706520374687,1.70361580613e-15,0.00911124839468,1.253548479e-15,0.00935202090504,5.51008473481e-16,0.00806340471429,7.19001600051e-16,0.00616185237385,1.24188240122e-15,0.00426996116093,1.71149616944e-16,0.00271447722447,8.42639361118e-16,0.00160871374981,8.70872313092e-16,0.00093487928455,3.99042135922e-16,0.000605259640565,2.45913358138e-16,0.000495037991185,6.46644748121e-16,0.000486992610787,4.23489520393e-16,0.0005109837104,1.79599961466e-16,0.000529539466238,1.77166648122e-15
doe_0121,doe,M035,700,-700,230,400,0.0015,0.0002,0.15,0.1,1,0.25,0,0,0,0,0,600,0.5,0.3,1,8.34465010019,4.30414979771,0.359166240407,4.31910960036,5.86197757002e-16,701.723454743,-698.279323061,1.72345474291,1.72067693931,20,6.37931368021,0,8.67039786348e-14,-0.281575406205,1.02619669847,False,True,False,data/doe_003.npz,False,4.30414979771,4.54949833157e-15,0.306531382304,1.70424553276e-15,0.155615451742,4.60912043891e-15,0.0865173136061,3.82739384791e-15,0.0475732732818,7.57240601668e-16,0.0245158813871,6.29813330209e-16,0.0117366724542,2.19227936954e-15,0.00719077916648,1.71295399426e-15,0.00747603586334,5.97863769771e-16,0.00794870652967,3.88215715691e-16,0.00759709076604,7.42077180685e-16,0.00664542654466,6.22069184497e-16,0.00541738336578,9.37325891233e-16,0.00415648584352,6.48222481079e-16,0.00301372685245,1.41701722615e-16,0.00206534953511,6.99269831983e-16,0.00133556318296,5.55083033857e-16,0.000819471095653,1.87299184778e-16,0.000506358761727,2.49169922779e-16,0.000386204508131,1.85667232833e-15
doe_0122,doe,M036,700,0,230,400,0.0015,0.0002,0.15,0.1,1,0.25,0,0,0,0,0,600,0.5,0.3,1,10.7238143555,3.04349341637,0.326378583894,3.06094359967,9.59232693276e-16,700.001367618,1.72203829033,0.00136761825092,1.72203829033,20,4.58833419739,0,8.25806196499e-14,-0.281575406205,0.932512712165,False,True,False,data/doe_003.npz,False,3.04349341637,1.83223286573e-15,0.290383077831,9.40781618325e-16,0.132527937879,4.29483736561e-15,0.0607354478714,3.86476906639e-15,0.02333753091,1.79109808543e-15,0.00729758940255,1.41605312659e-15,0.00883227630657,2.41595121121e-15,0.0102947760671,1.78625768919e-15,0.00917972477541,5.43793945754e-16,0.00693827368149,4.18520014217e-16,0.00461682755071,1.3972076842e-15,0.0027553000909,3.91191136599e-16,0.00153028682501,6.01099328655e-16,0.000889620574736,7.63311102455e-16,0.000632516258695,3.80231760203e-16,0.000544764839959,2.9440966594e-16,0.000532572326314,6.92430006214e-16,0.000550224030114,2.84370572124e-16,0.000554516139584,4.3010387484e-16,0.000524240995687,1.64889857617e-15
doe_0123,doe,M037,700,700,230,400,0.0015,0.0002,0.15,0.1,1,0.25,0,0,0,0,0,600,0.5,0.3,1,8.34230732116,4.30414988187,0.359065410709,4.31910130063,3.07309733216e-15,698.279379641,701.723425748,-1.7206203591,1.7234257481,20,6.37929094675,0,8.47120559128e-14,-0.281575406205,1.02590861473,False,True,False,data/doe_003.npz,False,4.30414988187,5.92184685389e-16,0.306486748335,2.5966004269e-15,0.155551182638,3.94066399841e-15,0.0864415452922,4.70007460823e-15,0.0474957690148,1.16752849325e-15,0.0244460529537,1.27705307356e-15,0.0116873590523,2.24136137949e-15,0.00718242166588,1.47946578169e-15,0.00748879982923,4.83460139201e-16,0.00795947413542,4.3090900519e-16,0.00760106383035,1.36131219844e-15,0.00664311104847,2.70144800182e-16,0.0054106398617,9.36629347318e-16,0.00414733981103,7.66380408995e-16,0.00300389646867,3.43865767681e-16,0.00205606145001,5.16146493385e-16,0.0013275424094,9.26038099145e-16,0.000813092993792,3.79973371425e-16,0.000502026085043,1.06242661503e-16,0.000384405462575,1.88678916431e-15
doe_0124,doe,M040,1400,-700,230,400,0.0015,0.0002,0.15,0.1,1,0.25,0,0,0,0,0,600,0.5,0.3,1,5.75286252582,6.80545832382,0.391508661622,6.8167117427,1.42108547152e-16,1401.72482168,-696.557274625,1.72482168305,3.44272537508,31.304951685,9.92256729673,0,8.30500749944e-14,-0.281575406205,1.11865803654,False,True,False,data/doe_003.npz,False,6.80545832382,4.25885990379e-15,0.318723627536,1.43034823447e-15,0.174012194352,4.1078226824e-15,0.108909197246,3.85030265419e-15,0.0715911532628,5.06161784638e-16,0.0479146238733,1.57640736025e-15,0.0322125792754,1.42299578614e-15,0.0216755206086,1.76402599414e-15,0.0147262045489,5.59714170169e-16,0.0103967995047,4.64933628399e-16,0.00798272476785,9.20769613558e-16,0.00681214959642,2.52067697116e-16,0.00625637838935,1.02379969954e-15,0.00589239383146,1.04501716134e-15,0.00552421655976,5.20871897259e-16,0.00509252274645,5.04721708317e-16,0.00459829169791,4.51396385496e-16,0.00406349420832,3.34595896201e-16,0.0035140498568,2.79616227751e-16,0.00297313232405,1.84309700875e-15
doe_0125,doe,M041,1400,0,230,400,0.0015,0.0002,0.15,0.1,1,0.25,0,0,0,0,0,600,0.5,0.3,1,6.3201661992,6.08698694468,0.384707691427,6.09913253495,2.62900812231e-15,1400.00276097,3.44408379502,0.00276096509856,3.44408379502,28,8.90549050027,0,8.51792326871e-14,-0.281575406205,1.09919307764,False,True,False,data/doe_003.npz,False,6.08698694468,3.14874553324e-15,0.316477226063,1.94038099925e-15,0.170559012673,5.24447702127e-15,0.104590299813,4.69680028501e-15,0.0667786626272,1.64216059815e-15,0.0429644163038,8.68361170709e-16,0.0274505183552,2.03585762678e-15,0.0174142234984,1.99979640192e-15,0.0112991338281,7.26369237776e-16,0.00811737874448,3.1479752751e-16,0.00687735372847,1.04845554672e-15,0.00648898532632,1.86053232581e-16,0.0062454945069,9.18404641064e-16,0.00589164896728,1.03474417896e-15,0.00539290799601,3.3520221897e-16,0.00478717651634,6.51266882384e-16,0.00412649800732,9.45243262383e-16,0.00345743304771,4.1777432027e-16,0.00281564804121,5.17536182046e-16,0.00222564228117,1.69260061076e-15
doe_0126,doe,M042,1400,700,230,400,0.0015,0.0002,0.15,0.1,1,0.25,0,0,0,0,0,600,0.5,0.3,1,5.75243506892,6.80545839972,0.391479575586,6.81671014489,3.69482222595e-15,1398.28075109,703.445455127,-1.71924891026,3.44545512727,31.304951685,9.9226846089,0,8.72461228946e-14,-0.281575406205,1.11857478231,False,True,False,data/doe_003.npz,False,6.80545839972,2.04322201566e-15,0.318713269485,3.94296927971e-15,0.17399849658,4.19177943288e-15,0.108891928962,4.05600190894e-15,0.0715717186575,2.17076724908e-15,0.0478943690806,6.01612779924e-16,0.0321927438163,1.41836535434e-15,0.0216572792778,1.02391124184e-15,0.0147107668488,1.14973480115e-15,0.01038539576,2.54320651352e-16,0.00797606080622,9.42285212445e-16,0.00680956052387,2.03518240762e-16,0.00625619484883,9.01767077697e-16,0.00589310209683,1.14898037817e-15,0.005524897211,1.55085127778e-16,0.0050927326873,3.22831949145e-16,0.00459787567377,5.52958477613e-16,0.00406245547682,2.27140492312e-16,0.00351247323778,1.61414471495e-16,0.00297113900749,1.93903531654e-15
doe_0127,doe,M030,350,-700,230,400,0.0015,0.0002,0.15,0.1,1,0.25,0,0,0,0,0,600,0.5,0.6,1,10.2180629282,3.40272926664,0.347693017742,3.42044700631,-9.23705556488e-16,351.722771497,-699.140370637,1.72277149675,0.859629362925,20,5.10221081501,0,8.7660835689e-14,-0.281575406205,0.99341201726,False,True,False,data/doe_003.npz,False,3.40272926664,3.37213690513e-15,0.30183719426,9.87443463546e-16,0.14821130669,5.36717853688e-15,0.0772107031121,4.03704217448e-15,0.0375850707343,7.93374628934e-16,0.015277495822,7.83502222393e-16,0.00566230765978,2.2232027934e-15,0.00635671419757,1.37091174044e-15,0.00716746575382,3.22701269989e-16,0.0063606768281,6.58880525799e-16,0.00479758762202,1.10468334139e-15,0.0032129250918,4.83460824116e-16,0.00206779749802,6.83774089604e-16,0.00153712227656,7.78701690179e-16,0.00138832995505,4.63581491633e-16,0.00127843798616,3.98244396307e-16,0.00109979854196,8.24722377045e-16,0.00088504250747,1.98853823777e-16,0.000691717072497,6.87857522157e-17,0.000554475564351,2.0377557479e-15
doe_0128,doe,M031,350,0,230,400,0.0015,0.0002,0.15,0.1,1,0.25,0,0,0,0,0,600,0.5,0.6,1,17.5357782082,1.52174666172,0.26685011949,1.54496663255,-2.48689957516e-16,350.000673129,0.8610162406,0.000673128715562,0.8610162406,20,2.42136373976,0,7.47608701825e-14,-0.281575406205,0.762428950142,False,True,False,data/doe_003.npz,False,1.52174666172,1.21134592107e-15,0.254682541854,1.83462673776e-15,0.0771877717044,2.51801834222e-15,0.00725406047266,2.63547545317e-15,0.0137681880422,1.59381816259e-15,0.0107614746127,1.30311897024e-15,0.00365663747872,1.46230493347e-15,0.00242083654772,7.98989295758e-16,0.00256176812435,4.86418438211e-16,0.00143325652334,2.25099634302e-16,0.000832001160227,9.42299565976e-16,0.000802394165794,4.06921106167e-16,0.00057504595159,3.55121598317e-16,0.000361273826702,3.83899761779e-16,0.00029564922188,4.97596101078e-16,0.000233523534993,3.61243280269e-16,0.000161935700752,4.78019581613e-16,0.000122122426024,3.55023108353e-16,9.72597394478e-05,7.30385642002e-16,7.20440766419e-05,1.42524828418e-15
doe_0129,doe,M032,350,700,230,400,0.0015,0.0002,0.15,0.1,1,0.25,0,0,0,0,0,600,0.5,0.6,1,10.2117423117,3.40272932884,0.347477950625,3.4204252119,3.71258579435e-15,348.278682693,700.862431164,-1.72131730722,0.862431163922,20,5.10220764916,0,8.77605332082e-14,-0.281575406205,0.992797510299,False,True,False,data/doe_004.npz,False,3.40272932884,8.53806594711e-16,0.301730708728,2.07638147504e-15,0.148060975494,4.0836282573e-15,0.0770456604811,4.87259185133e-15,0.0374329567534,6.07568111085e-16,0.0151624501038,1.25082766011e-15,0.00563595648699,1.65833647641e-15,0.00638499047566,1.36821699402e-15,0.00717733715492,5.90782926685e-16,0.00635184106385,6.8741618911e-16,0.00477857076938,1.15535978076e-15,0.00319272450047,2.69532251674e-16,0.00205407246419,9.13632808593e-16,0.00153251294293,8.04103683117e-16,0.00138721446059,3.70023261778e-16,0.00127609609852,3.45912548757e-16,0.0010956093439,5.85758279281e-16,0.000880175864819,5.19530993633e-16,0.000687560026258,1.49557951964e-16,0.000551705932193,1.74110382248e-15
doe_0130,doe,M035,700,-700,230,400,0.0015,0.0002,0.15,0.1,1,0.25,0,0,0,0,0,600,0.5,0.6,1,8.53004292193,4.30414979892,0.367145825272,4.31978055628,1.04805053525e-15,701.723455263,-698.279322933,1.72345526276,1.7206770671,20,6.3810509376,0,8.68265375011e-14,-0.281575406205,1.04899782246,False,True,False,data/doe_004.npz,False,4.30414979892,4.74938685349e-15,0.310249368671,1.70823888529e-15,0.160907141017,4.54220058887e-15,0.0924273324669,3.69982418447e-15,0.0532230329646,7.19419656574e-16,0.0291906538819,7.84536630168e-16,0.0146411015717,2.19327891266e-15,0.00703936910035,1.71333883234e-15,0.00524034107858,4.05035802651e-16,0.00567491721197,3.12501098091e-16,0.00569373389106,8.53378084841e-16,0.00509491792144,6.57960339156e-16,0.00416302061043,8.76088922848e-16,0.00317083637415,6.76975363513e-16,0.00231041318383,1.02907109463e-16,0.00169165155451,7.40060096629e-16,0.0013343939974,6.36108969642e-16,0.00116006739597,1.84047681484e-16,0.00105441841263,1.61165382761e-16,0.00094915643334,1.93484305794e-15
doe_0131,doe,M036,700,0,230,400,0.0015,0.0002,0.15,0.1,1,0.25,0,0,0,0,0,600,0.5,0.6,1,11.0905253481,3.04349341317,0.337539408456,3.06215373567,1.29674049276e-15,700.001366881,1.7220384805,0.00136688101088,1.7220384805,20,4.59181987562,0,8.20855872354e-14,-0.281575406205,0.964400394857,False,True,False,data/doe_004.npz,False,3.04349341317,1.79955551201e-15,0.296971048157,6.96751060568e-16,0.140923646539,3.96270644553e-15,0.0687451166163,4.02467955819e-15,0.0294347254489,1.81883812192e-15,0.00916337475444,1.27353706546e-15,0.00583503480108,2.43803349611e-15,0.00786504636353,1.68199001023e-15,0.0073454451149,5.25000843419e-16,0.00546571681532,5.01707461902e-16,0.0034522256985,1.43843216703e-15,0.00207130885538,4.23620623708e-16,0.00158540816429,5.72208622415e-16,0.00150293924449,7.02350297539e-16,0.00135279514855,3.73718564773e-16,0.00109453640415,2.33758685209e-16,0.000826584609412,6.50188780162e-16,0.000632204440722,2.0788353928e-16,0.000524565309268,4.58609867374e-16,0.000458486970933,1.66049682104e-15
doe_0132,doe,M037,700,700,230,400,0.0015,0.0002,0.15,0.1,1,0.25,0,0,0,0,0,600,0.5,0.6,1,8.52735060434,4.30414988066,0.36702995086,4.31977078917,2.70006239589e-15,698.279379769,701.723425229,-1.72062023137,1.72342522914,20,6.38102599199,0,8.43673612757e-14,-0.281575406205,1.04866669797,False,True,False,data/doe_004.npz,False,4.30414988066,3.93108634286e-16,0.310199645993,2.59222119427e-15,0.160835573734,4.05983622717e-15,0.0923435813655,4.73503486065e-15,0.0531380368518,1.14844480804e-15,0.029113897595,1.07429979564e-15,0.0145811750962,2.33500037825e-15,0.00700937181707,1.52932975877e-15,0.00524538126605,5.85242271735e-16,0.0056848433708,4.11342019738e-16,0.00569712756681,1.51439061747e-15,0.00509161825768,2.43728924604e-16,0.00415531535007,1.0200302691e-15,0.00316139855509,6.73906831915e-16,0.00230167177804,3.33751162855e-16,0.00168539570521,5.45752976983e-16,0.00133107201532,8.9938459502e-16,0.0011585230172,2.89438013359e-16,0.00105320479099,6.3859765133e-17,0.000947569556586,1.91153379969e-15
doe_0133,doe,M040,1400,-700,230,400,0.0015,0.0002,0.15,0.1,1,0.25,0,0,0,0,0,600,0.5,0.6,1,5.84138655743,6.8054583242,0.397533127721,6.81706027976,-5.68434188608e-16,1401.72482196,-696.55727427,1.72482195564,3.4427257303,31.304951685,9.92342648663,0,8.2146369907e-14,-0.281575406205,1.13586380164,False,True,False,data/doe_004.npz,False,6.8054583242,4.2897374429e-15,0.32082798867,1.18548596552e-15,0.177194245921,4.25146618414e-15,0.112794282169,3.94677054119e-15,0.0757805473601,1.67284444993e-16,0.0520430067274,1.63296190703e-15,0.0359686985478,1.32027816044e-15,0.024796744861,2.03819108891e-15,0.016981115116,5.365860688e-16,0.0115855027989,6.16791537067e-16,0.00801319148135,8.62388597248e-16,0.00584637635972,2.9860513396e-16,0.00470328264389,1.13859883063e-15,0.00416664869691,1.10755086501e-15,0.00387801534754,5.20106665207e-16,0.00363336518472,4.28046837883e-16,0.00335639591557,4.44406416537e-16,0.00303632588671,3.77172783538e-16,0.00268792686249,2.91980301215e-16,0.00233268349291,1.84777410202e-15
doe_0134,doe,M041,1400,0,230,400,0.0015,0.0002,0.15,0.1,1,0.25,0,0,0,0,0,600,0.5,0.6,1,6.424395619,6.08698694327,0.391052122512,6.09953611473,3.5527136788e-15,1400.00276064,3.44408411746,0.00276063882302,3.44408411746,28,8.90644097459,0,8.48681130659e-14,-0.281575406205,1.11732467422,False,True,False,data/doe_004.npz,False,6.08698694327,3.15240538404e-15,0.318845041314,2.13971601082e-15,0.174105560168,5.32070370544e-15,0.108859431859,4.77363934191e-15,0.0712941182218,2.01995770656e-15,0.0472986230902,7.70892989772e-16,0.0312407375345,2.33783674028e-15,0.0203367668435,1.83282860488e-15,0.013028857113,6.96208291599e-16,0.00839170532354,1.63835503664e-16,0.00582775493848,1.11651242288e-15,0.00474143754517,1.09177046423e-16,0.00438438026061,8.41437747118e-16,0.00418952879804,9.97050950888e-16,0.00392962225075,4.17136002597e-16,0.00356842860274,6.17026794799e-16,0.00313618584556,1.04429146935e-15,0.00267724802567,4.34450240175e-16,0.00223183139731,4.95064907536e-16,0.00183046966735,1.52490420303e-15
doe_0135,doe,M042,1400,700,230,400,0.0015,0.0002,0.15,0.1,1,0.25,0,0,0,0,0,600,0.5,0.6,1,5.84089187311,6.80545839779,0.397499466484,6.81705838789,4.1566750042e-15,1398.28075071,703.445454891,-1.71924929017,3.44545489087,31.304951685,9.92350822062,0,8.60990685598e-14,-0.281575406205,1.13576750969,False,True,False,data/doe_004.npz,False,6.80545839779,1.95362888374e-15,0.320816480472,4.03976958846e-15,0.177178658764,4.29690623662e-15,0.112774757797,3.72327843635e-15,0.0757587390182,2.20310345381e-15,0.0520204463475,5.86711049544e-16,0.0359467001275,1.32754942458e-15,0.0247763924473,8.4397963002e-16,0.0169633090399,1.29889996615e-15,0.0115710351077,3.84442230169e-16,0.00800277361978,1.17191130459e-15,0.00584038713333,2.79993251275e-16,0.00470113164204,9.74716201036e-16,0.00416673913481,1.21576156696e-15,0.00387877687613,2.77989024566e-16,0.00363388054179,2.41244721784e-16,0.00335630103222,5.44262106644e-16,0.00303557005969,1.01560760121e-16,0.00268661217674,3.93070952452e-16,0.00233097685947,1.88485937007e-15
doe_0136,doe,M030,350,-700,230,400,0.0015,0.0002,0.15,0.1,1,0.25,0,0,0,0,0,600,1,0.1,1,0.821587060453,3.40272921576,0.027956382939,3.40285413296,-1.45661260831e-15,351.722740795,-699.140372982,1.7227407948,0.859627017693,20,4.81062698678,0,8.94778560651e-14,-0.281575406205,0.0833058966157,True,True,True,data/doe_004.npz,False,3.40272921576,3.12391426496e-15,0.00383645225748,5.10213870346e-16,0.00523770602741,4.88043889873e-15,0.00643771466955,4.2018852682e-15,0.0073170784634,1.06103133967e-15,0.0078736249348,1.01379850451e-15,0.00814850084767,1.97866062573e-15,0.0081957342965,1.57683258197e-15,0.00806844403899,3.04069150345e-16,0.00781333827473,8.14869003499e-16,0.00746921562089,1.32305276785e-15,0.00706721053243,2.29086215764e-16,0.00663168768747,8.58917276625e-16,0.00618129713383,7.61750070799e-16,0.00572999069296,1.41168498935e-16,0.00528792784647,6.14467140206e-16,0.00486225285483,4.68752123442e-16,0.0044577463034,2.32328116146e-16,0.0040773624077,2.67046401795e-16,0.00372266608779,2.13407845591e-15
doe_0137,doe,M031,350,0,230,400,0.0015,0.0002,0.15,0.1,1,0.25,0,0,0,0,0,600,1,0.1,1,2.92349183892,1.52174677429,0.0444881427555,1.52239752475,4.61852778244e-16,350.000699003,0.861023499584,0.000699003122691,0.861023499584,20,2.14617220394,0,8.34798828854e-14,-0.281575406205,0.127166235524,True,True,True,data/doe_004.npz,False,1.52174677429,1.38743990805e-15,0.011536660265,1.27359151416e-15,0.0162862643996,3.9412272675e-15,0.0184000678205,3.902950307e-15,0.0182779173984,1.3140176525e-15,0.0167206030507,1.18855314852e-15,0.0144860662838,2.24943615852e-15,0.012109232237,1.65921521852e-15,0.00989342996409,5.57114210356e-16,0.00797155056601,4.27383406364e-16,0.00637398948546,1.22722143045e-15,0.00507939065182,2.52299687971e-16,0.00404574744622,7.55000834741e-16,0.0032269506856,7.64004581612e-16,0.00258044992801,2.31451860252e-16,0.00207008913391,5.38346387952e-16,0.00166653961168,7.61346782081e-16,0.00134665201498,3.58124375841e-16,0.00109242109751,3.31829509322e-16,0.00088991534865,1.90947770144e-15
doe_0138,doe,M032,350,700,230,400,0.0015,0.0002,0.15,0.1,1,0.25,0,0,0,0,0,600,1,0.1,1,0.823168618399,3.40272922424,0.028010199143,3.40285459126,2.70006239589e-15,348.278654791,700.862418164,-1.72134520925,0.862418163984,20,4.81066115737,0,8.91379501694e-14,-0.281575406205,0.0834557582241,True,True,True,data/doe_004.npz,False,3.40272922424,1.0329938944e-15,0.0038399654393,1.68614007496e-15,0.00524672831588,3.90523944322e-15,0.00645255207799,4.77362682945e-15,0.00733541252965,7.28780333219e-16,0.00789362329149,1.17658863264e-15,0.00816877431577,1.87141025895e-15,0.00821529062764,1.22806756888e-15,0.00808662755664,6.19794830351e-16,0.00782976369656,5.55619425242e-16,0.00748370441736,1.29434926408e-15,0.0070797346154,6.82691784863e-17,0.00664232237884,9.3390148112e-16,0.00619018363957,9.30007396963e-16,0.00573730736835,1.68066102059e-16,0.00529386908211,4.86517836549e-16,0.00486701425257,8.85329821973e-16,0.00446151483206,1.46525868171e-16,0.00408031035357,2.1360545976e-16,0.00372494779152,2.00630313008e-15
doe_0139,doe,M035,700,-700,230,400,0.0015,0.0002,0.15,0.1,1,0.25,0,0,0,0,0,600,1,0.1,1,0.563472752006,4.30414983292,0.024252711514,4.30423046245,-8.881784197e-17,701.723439254,-698.279350108,1.72343925436,1.72064989169,20,6.08590616976,0,8.97398540289e-14,-0.281575406205,0.0752730898954,True,True,True,data/doe_004.npz,False,4.30414983292,3.5983084833e-15,0.00385158978307,9.11555018756e-16,0.00455678246715,4.48607805253e-15,0.0052501682898,4.1567320852e-15,0.005814954121,7.87948590838e-16,0.00621919849678,7.08095220133e-16,0.00646938576187,2.16027779797e-15,0.00658647213907,1.67136313526e-15,0.00659463901759,6.9878638154e-16,0.00651662226381,6.0667012135e-16,0.00637216373046,8.20547584801e-16,0.0061777983469,4.20159663572e-16,0.00594713448112,1.11435726726e-15,0.00569126541807,6.49280808922e-16,0.00541917315573,8.57396230572e-18,0.00513808148466,8.27569398337e-16,0.00485375253872,7.15597571159e-16,0.00457073321676,2.53485732272e-16,0.00429256028823,2.62398763544e-16,0.00402193210116,1.87456565421e-15
doe_0140,doe,M036,700,0,230,400,0.0015,0.0002,0.15,0.1,1,0.25,0,0,0,0,0,600,1,0.1,1,0.991503856445,3.04349354093,0.0301763558289,3.04365155428,1.29674049276e-15,700.001396247,1.72204618087,0.00139624663279,1.72204618087,20,4.30233501664,0,8.64751486825e-14,-0.281575406205,0.0886105991384,True,True,True,data/doe_004.npz,False,3.04349354093,2.01700956101e-15,0.00430666348309,1.31952305035e-15,0.00603597324788,4.50067704953e-15,0.00745160169075,4.51604876211e-15,0.00843487512619,1.17372099744e-15,0.008999605932,1.14429471444e-15,0.00920931986004,2.29646736047e-15,0.00914115349054,1.61897064082e-15,0.00886882052092,6.54195903437e-16,0.00845571613696,5.02821386911e-16,0.00795316543961,9.81349722876e-16,0.0074010192752,2.34841298715e-16,0.00682916311721,8.62198794664e-16,0.00625925511524,8.30480193886e-16,0.00570638802527,1.32719653196e-16,0.00518055236565,5.98122823092e-16,0.00468786488895,8.58016935877e-16,0.00423156726657,3.55540870636e-16,0.00381281822804,2.50133394839e-16,0.00343130928122,2.0162428694e-15
doe_0141,doe,M037,700,700,230,400,0.0015,0.0002,0.15,0.1,1,0.25,0,0,0,0,0,600,1,0.1,1,0.564058387779,4.30414984666,0.0242779182326,4.30423062698,2.57571741713e-15,698.279352596,701.723441234,-1.72064740357,1.72344123442,20,6.08590238581,0,8.65733765837e-14,-0.281575406205,0.0753434455875,True,True,True,data/doe_004.npz,False,4.30414984666,4.15697247337e-16,0.00385367263694,2.41056966093e-15,0.00455634493101,4.37249609293e-15,0.00525324350898,4.92432128412e-15,0.00582056037042,7.88214323476e-16,0.00622646842013,1.28620182971e-15,0.00647762441688,2.26005167262e-15,0.00659514692747,1.26156957125e-15,0.00660335457242,6.24533965799e-16,0.0065250944434,4.92945834947e-16,0.00638019664274,1.18427889239e-15,0.0061852651394,3.82493485911e-16,0.0059539616139,1.02019743621e-15,0.00569741989071,7.23573315696e-16,0.00542465217665,2.45130745906e-16,0.00514290415501,5.59520892535e-16,0.00485795320568,8.91410148593e-16,0.00457435621592,3.10957779379e-16,0.00429565584153,1.2081314232e-16,0.00402455317223,1.78425224323e-15
doe_0142,doe,M040,1400,-700,230,400,0.0015,0.0002,0.15,0.1,1,0.25,0,0,0,0,0,600,1,0.1,1,0.311481043939,6.80545843427,0.0211977129759,6.80550263893,1.52766688188e-15,1401.72483558,-696.557303741,1.72483558092,3.44269625894,31.304951685,9.62383203539,0,8.61032662278e-14,-0.281575406205,0.0700826292665,True,True,True,data/doe_004.npz,False,6.80545843427,4.80908358322e-15,0.00577185663966,2.03804036695e-15,0.00569936095846,5.76758012263e-15,0.0056177375984,4.4601715752e-15,0.00552434521589,1.26320928527e-15,0.00542347741109,1.43279541135e-15,0.00531794548334,1.92196449923e-15,0.00520903427632,1.60385880203e-15,0.00509716242869,3.75061970944e-16,0.00498238219739,7.78754934813e-16,0.00486466387827,1.26740188245e-15,0.00474402969225,3.05831850802e-16,0.00462060164311,7.10271643273e-16,0.0044946061324,8.68258677897e-16,0.0043663595809,3.47661819877e-16,0.00423624756155,6.57289896124e-16,0.00410470339419,6.86655935301e-16,0.00397218875404,8.90023240287e-17,0.00383917717938,4.35432070151e-17,0.00370614059219,1.9819041959e-15
doe_0143,doe,M041,1400,0,230,400,0.0015,0.0002,0.15,0.1,1,0.25,0,0,0,0,0,600,1,0.1,1,0.349212845067,6.08698707933,0.0212565407586,6.08703612075,2.77111666946e-15,1400.00279191,3.44409217956,0.00279191427808,3.44409217956,28,8.60764880152,0,8.78640283503e-14,-0.281575406205,0.0698120751377,True,True,True,data/doe_004.npz,False,6.08698707933,3.59215721732e-15,0.00515161627208,2.35366547321e-15,0.00519556316918,4.94458537686e-15,0.00525574810126,4.61526765651e-15,0.00530305711157,1.23133952117e-15,0.0053273740907,1.45342832233e-15,0.00532524636854,2.19812681955e-15,0.005297011527,1.70680833074e-15,0.00524486423725,6.54600054022e-16,0.00517169493417,3.71420288183e-16,0.00508049568483,1.13141302453e-15,0.004974099435,1.22258526335e-16,0.004855088804,7.28976415389e-16,0.00472578145921,7.7235200988e-16,0.00458824536255,1.68591005878e-16,0.00444432258047,3.47227251169e-16,0.00429565298779,7.99954733797e-16,0.00414369501832,2.69964965009e-16,0.00398974306895,1.66644501085e-16,0.00383494204887,2.08527529913e-15
doe_0144,doe,M042,1400,700,230,400,0.0015,0.0002,0.15,0.1,1,0.25,0,0,0,0,0,600,1,0.1,1,0.311518826107,6.80545845181,0.0212002842803,6.80550267011,4.4408920985e-15,1398.28074833,703.445487271,-1.71925166982,3.44548727124,31.304951685,9.62376052054,0,8.85138505519e-14,-0.281575406205,0.0700934334624,True,True,True,data/doe_004.npz,False,6.80545845181,1.52635021206e-15,0.00577819361474,2.90697309693e-15,0.00569711708001,4.63413126671e-15,0.00561605042195,4.546664628e-15,0.00552322942655,1.18201723647e-15,0.00542288905816,8.50919838563e-16,0.00531781047325,1.97351528923e-15,0.0052092691653,1.25722068071e-15,0.00509768647174,8.05313249162e-16,0.00498312302324,6.88959187223e-16,0.00486555937917,1.08816563108e-15,0.00474502797208,1.07258218573e-16,0.00462166011433,7.6110470803e-16,0.00449569033584,8.18182004056e-16,0.00436744200008,5.13989729541e-16,0.00423730654359,4.81622906235e-16,0.00410572221071,8.27140510098e-16,0.00397315480069,3.29651083853e-16,0.00384008129886,2.51090081875e-16,0.00370697650261,2.10959765453e-15
doe_0145,doe,M030,350,-700,230,400,0.0015,0.0002,0.15,0.1,1,0.25,0,0,0,0,0,600,1,0.3,1,0.686846710296,3.40272922008,0.0233715337084,3.40280951295,-1.59872115546e-15,351.722741413,-699.140373783,1.72274141281,0.859626216891,20,4.8129352588,0,8.92971812673e-14,-0.281575406205,0.0667884995834,True,True,True,data/doe_004.npz,False,3.40272922008,3.15939036821e-15,0.0113443617856,5.83121254162e-16,0.0105136772493,4.92858964453e-15,0.00946613197123,4.14891099472e-15,0.00829777381326,8.64418057098e-16,0.00710584353076,1.01067826293e-15,0.00595936532337,2.00122645024e-15,0.00490134461876,1.53976739996e-15,0.00395520692675,4.3635699442e-16,0.00313072935637,6.76729732238e-16,0.00242852027401,1.22925866655e-15,0.00184323648772,4.15132667398e-16,0.00136592217543,9.08365820029e-16,0.000985780582471,7.43005117426e-16,0.000691605908274,3.87896852423e-16,0.000473058348393,5.56029748661e-16,0.000321783963549,7.25918902129e-16,0.000231128256146,2.97750788687e-16,0.000190634035877,1.68913733549e-16,0.000180075762971,2.15836773734e-15
doe_0146,doe,M031,350,0,230,400,0.0015,0.0002,0.15,0.1,1,0.25,0,0,0,0,0,600,1,0.3,1,1.4391826412,1.52174676538,0.0219007152904,1.52190435308,6.12843109593e-16,350.000696952,0.861023808536,0.000696952223279,0.861023808536,20,2.15583268449,0,8.18552918582e-14,-0.281575406205,0.0625735148553,True,True,True,data/doe_004.npz,False,1.52174676538,1.54795905253e-15,0.0135709098101,1.29641854071e-15,0.0120624164774,3.79494376209e-15,0.00947553631732,3.84119638052e-15,0.00647108649698,1.48212226558e-15,0.00377978243045,1.0281073618e-15,0.00178942366528,2.26015166073e-15,0.000552629629515,1.72368956732e-15,0.000170375862842,3.96046817195e-16,0.000378875123946,3.45172670539e-16,0.000397479716941,1.22265730158e-15,0.000320555878636,2.88377737818e-16,0.000221148246517,5.50011942513e-16,0.000136537139245,6.73643766105e-16,8.07069050199e-05,3.63872471664e-16,5.34266533201e-05,4.38590809087e-16,4.3093856943e-05,6.6566434383e-16,3.68335865213e-05,2.21478594349e-16,3.01663516012e-05,4.62081726498e-16,2.33218013493e-05,1.67781012009e-15
doe_0147,doe,M032,350,700,230,400,0.0015,0.0002,0.15,0.1,1,0.25,0,0,0,0,0,600,1,0.3,1,0.684312283064,3.40272922383,0.0232852940381,3.40280892501,3.33955085807e-15,348.27865565,700.862417633,-1.72134435014,0.862417633026,20,4.81290363086,0,8.91073335822e-14,-0.281575406205,0.0665419566654,True,True,True,data/doe_004.npz,False,3.40272922383,1.05118796323e-15,0.0113188386094,1.64703529643e-15,0.0104830663214,3.76130226572e-15,0.00943474154557,4.90240544388e-15,0.00826604870871,5.47464762695e-16,0.00707446514772,1.15219509943e-15,0.00592909066057,1.82818609543e-15,0.00487287551334,1.2734251676e-15,0.00392910631484,5.3532037162e-16,0.00310738298986,5.07239491994e-16,0.00240813335224,1.3268529714e-15,0.00182585308011,1.68186805669e-16,0.00135145733783,7.97535707336e-16,0.000974058472152,8.88103530663e-16,0.000682401072564,2.35746100829e-16,0.00046614043248,3.05730580096e-16,0.000316956918566,8.04954046808e-16,0.000228183621495,2.79798043737e-16,0.000189095261603,1.53480120368e-16,0.000179194314345,1.9544006719e-15
doe_0148,doe,M035,700,-700,230,400,0.0015,0.0002,0.15,0.1,1,0.25,0,0,0,0,0,600,1,0.3,1,0.589927505583,4.30414983587,0.0253913637633,4.30422478887,1.95399252334e-16,701.723440157,-698.279350162,1.72344015713,1.72064983794,20,6.08747636529,0,8.88493241602e-14,-0.281575406205,0.0725750005993,True,True,True,data/doe_004.npz,False,4.30414983587,3.87728063017e-15,0.0116126080807,1.24986120248e-15,0.0108576644978,4.39404335679e-15,0.0099123388365,3.7714345323e-15,0.00886122115801,6.53095848229e-16,0.00778940848079,8.63033851472e-16,0.00675454720527,2.09481771416e-15,0.00579015301686,1.76552748442e-15,0.00491283153831,6.34059400313e-16,0.00412853680888,6.78298191175e-16,0.00343692683021,8.68322151179e-16,0.0028341026694,5.14712894442e-16,0.00231425121293,1.06602359544e-15,0.00187061941464,5.84927281887e-16,0.00149610333677,1.28421086238e-16,0.00118362085931,7.9424596573e-16,0.000926362382316,4.6699585371e-16,0.000717967995687,3.33196215646e-16,0.000552646589155,3.92303003943e-16,0.000425213267779,1.72006826719e-15
doe_0149,doe,M036,700,0,230,400,0.0015,0.0002,0.15,0.1,1,0.25,0,0,0,0,0,600,1,0.3,1,0.762656514122,3.04349353725,0.0232114017187,3.04358207193,1.11910480882e-15,700.0013954,1.72204685273,0.00139540037253,1.72204685273,20,4.30507212387,0,8.49796774828e-14,-0.281575406205,0.0663274059393,True,True,True,data/doe_004.npz,False,3.04349353725,2.11586485401e-15,0.011655167883,1.26704971487e-15,0.0107338675704,4.50031027429e-15,0.00957130861045,4.3652904778e-15,0.00827206389355,1.35954199692e-15,0.00694823270232,1.01775196594e-15,0.00568240507958,2.12533215742e-15,0.00452784466176,1.70122258386e-15,0.0035139421498,3.86568535153e-16,0.00265219711064,3.62451733343e-16,0.00194150164671,1.22301910151e-15,0.00137255104145,1.82357854808e-16,0.000931505024173,7.56187661504e-16,0.000603191090107,8.8961843843e-16,0.000374435555461,3.57026954855e-16,0.000237597064079,5.51294878478e-16,0.000184756087702,7.8282234141e-16,0.000182628242537,2.92422636704e-16,0.000190684388883,2.97751058798e-16,0.000192297929116,1.86129657888e-15
doe_0150,doe,M037,700,700,230,400,0.0015,0.0002,0.15,0.1,1,0.25,0,0,0,0,0,600,1,0.3,1,0.588830666388,4.30414984371,0.0253441542071,4.304224518,2.54019028034e-15,698.279352543,701.723440333,-1.72064745717,1.7234403325,20,6.08747151334,0,8.60056054379e-14,-0.281575406205,0.0724399382437,True,True,True,data/doe_004.npz,False,4.30414984371,3.90590234901e-16,0.0116018698957,2.06137115682e-15,0.010840452558,4.42072650226e-15,0.00989542027454,4.6473627083e-15,0.00884469662267,8.95687253396e-16,0.00777339005605,1.13517998038e-15,0.00673915451557,2.1038624192e-15,0.00577550668729,1.54654253898e-15,0.00489904469632,6.19707800269e-16,0.00411570697742,5.29849202587e-16,0.00342512981287,1.16972306031e-15,0.00282338908522,2.72369008328e-16,0.00230464565523,9.86663590486e-16,0.00186212182933,8.8223151042e-16,0.00148869207037,1.77090630838e-16,0.00117725682373,5.22388812095e-16,0.000920993828855,8.52037897191e-16,0.000713535361768,3.81969747643e-16,0.000549086548373,1.06143353006e-16,0.000422460072965,1.83152060469e-15
doe_0151,doe,M040,1400,-700,230,400,0.0015,0.0002,0.15,0.1,1,0.25,0,0,0,0,0,600,1,0.3,1,0.450862430117,6.8054584353,0.030683255282,6.80552839326,1.88293824976e-15,1401.7248361,-696.557303237,1.72483609559,3.44269676304,31.304951685,9.6246104748,0,8.56210555731e-14,-0.281575406205,0.0881648230904,True,True,True,data/doe_004.npz,False,6.8054584353,4.79836715104e-15,0.0126261727322,2.31130499797e-15,0.0119510205196,5.32840595939e-15,0.0111152276212,4.39419609026e-15,0.010188284831,1.14339355283e-15,0.00924369680242,1.45334216645e-15,0.00832965688214,1.92919689992e-15,0.00747244670678,1.53640831722e-15,0.00668349782757,7.11440257659e-16,0.00596540265248,6.01296656377e-16,0.00531601696715,1.10806408318e-15,0.00473095568439,5.82078623942e-16,0.00420499702087,7.98759348346e-16,0.00373281915128,9.23452316375e-16,0.00330935423469,1.04758427e-16,0.00292993381599,4.241796486e-16,0.00259032620226,9.41428888587e-16,0.00228672179145,3.01556982623e-16,0.00201569643883,2.77280301069e-16,0.00177416836136,1.95990368231e-15
doe_0152,doe,M041,1400,0,230,400,0.0015,0.0002,0.15,0.1,1,0.25,0,0,0,0,0,600,1,0.3,1,0.481302792383,6.08698707741,0.0292968387755,6.08705804346,3.23296944771e-15,1400.00279147,3.44409280321,0.00279147009542,3.44409280321,28,8.60858857544,0,8.78378286299e-14,-0.281575406205,0.0839797811074,True,True,True,data/doe_004.npz,False,6.08698707741,3.35454299257e-15,0.0123407659252,2.29645367438e-15,0.0116494037427,5.08291902571e-15,0.0107974887374,4.57481572726e-15,0.00985170265609,1.29623278256e-15,0.00888710691041,1.22054263413e-15,0.00795322512691,2.10074757865e-15,0.00707742774341,1.78069530214e-15,0.00627199565568,4.46486609956e-16,0.0055401513441,3.70635079186e-16,0.00488018723588,1.17242062501e-15,0.00428798717359,1.77454770656e-16,0.00375845454744,6.98831898747e-16,0.00328627110734,6.78295456428e-16,0.00286627168589,1.97034259756e-16,0.00249360908584,2.23573572949e-16,0.00216380979123,7.03238244795e-16,0.00187277637397,2.57383075495e-16,0.00161676647059,1.01385353477e-16,0.00139236356425,1.97792800005e-15
doe_0153,doe,M042,1400,700,230,400,0.0015,0.0002,0.15,0.1,1,0.25,0,0,0,0,0,600,1,0.3,1,0.450651935826,6.80545844869,0.0306689302408,6.80552834035,3.69482222595e-15,1398.28074767,703.445486981,-1.71925232865,3.44548698067,31.304951685,9.62458594176,0,8.89103768677e-14,-0.281575406205,0.0881230360422,True,True,True,data/doe_004.npz,False,6.80545844869,1.683505593e-15,0.0126283070654,3.43210045736e-15,0.0119448057036,4.57515300697e-15,0.0111093285278,4.42075564612e-15,0.01018273393,1.66525470206e-15,0.00923849935583,8.0259437048e-16,0.00832480144538,1.82125637485e-15,0.00746791389156,1.04516863321e-15,0.0066792659609,7.06350849404e-16,0.00596145087239,5.00218915969e-16,0.00531232661654,1.11593568099e-15,0.0047275107092,1.93644932409e-16,0.00420178384523,7.24676653458e-16,0.00372982631518,8.97926240669e-16,0.00330657195463,3.37775919103e-16,0.00292735355327,3.83072015259e-16,0.00258794027937,7.38104136214e-16,0.00228452307245,3.05743076266e-16,0.00201367807579,1.93096361788e-16,0.00177232360223,2.06189709793e-15
doe_0154,doe,M030,350,-700,230,400,0.0015,0.0002,0.15,0.1,1,0.25,0,0,0,0,0,600,1,0.6,1,2.31693033567,3.40272922789,0.0788388657215,3.40364282008,-1.86517468137e-15,351.722743485,-699.140374751,1.72274348516,0.859625249031,20,4.82270822759,0,8.78292914218e-14,-0.281575406205,0.225302488293,True,True,True,data/doe_004.npz,False,3.40272922789,3.04148932795e-15,0.0315034748389,5.77571287474e-16,0.0348804663864,5.07807252064e-15,0.035220723819,4.15880613336e-15,0.0323923788119,8.98901385242e-16,0.0274912205465,9.89283033084e-16,0.0217620823037,2.03745080083e-15,0.0161542189234,1.63926905323e-15,0.0112383543129,2.69858910141e-16,0.00728031980989,6.08751003626e-16,0.00436000225789,1.06836829661e-15,0.00250434140235,4.86041321475e-16,0.0017560529162,6.33672098755e-16,0.00176458632643,7.95008906131e-16,0.00188846236415,3.96091680433e-16,0.00189031082976,3.71101651952e-16,0.00176534759488,8.26160993781e-16,0.00155908379125,1.77186550284e-16,0.00131813058384,4.94317172731e-17,0.001079049561,2.08154823593e-15
doe_0155,doe,M031,350,0,230,400,0.0015,0.0002,0.15,0.1,1,0.25,0,0,0,0,0,600,1,0.6,1,7.31132505987,1.52174673507,0.111259850389,1.52580860389,5.06261699229e-16,350.000689984,0.861022362881,0.000689984472558,0.861022362881,20,2.20559849749,0,7.99220587074e-14,-0.281575406205,0.317885488593,False,True,False,data/doe_004.npz,False,1.52174673507,1.42791967378e-15,0.0794185057607,1.56099928403e-15,0.0665759553234,3.23505070554e-15,0.037461181267,3.54215805786e-15,0.0130288822268,1.68259233889e-15,0.0019427497079,1.23289097553e-15,0.00530154999057,2.04533739922e-15,0.00473296822149,1.2084080315e-15,0.00270147822716,5.14737363456e-16,0.00118857150662,5.01552941796e-16,0.000980720538868,1.30918768931e-15,0.000982860959133,3.64942847736e-16,0.000750750233154,1.42581378967e-16,0.000479007313615,3.92734852703e-16,0.00032719576151,4.05259569601e-16,0.000276310269833,3.5098869436e-16,0.000231081087116,7.1808707842e-16,0.000174184081395,3.81868705463e-16,0.000125830607425,6.07576116407e-16,9.6372254031e-05,1.54440656904e-15
doe_0156,doe,M032,350,700,230,400,0.0015,0.0002,0.15,0.1,1,0.25,0,0,0,0,0,600,1,0.6,1,2.31213068241,3.40272922756,0.0786755465098,3.40363903626,3.41060513165e-15,348.278657928,700.862417457,-1.72134207177,0.862417457156,20,4.82272561011,0,8.8577219694e-14,-0.281575406205,0.224835415391,True,True,True,data/doe_004.npz,False,3.40272922756,1.20400642244e-15,0.0314542090388,1.93423648559e-15,0.0348212022219,3.6687551469e-15,0.0351562921708,5.16065734381e-15,0.0323262901339,5.98247873538e-16,0.027427097846,1.0912707123e-15,0.0217029276875,1.76654083241e-15,0.0161021547045,1.29569235632e-15,0.0111946266128,5.02494531738e-16,0.00724546458664,4.76608987448e-16,0.00433421198635,1.21240174338e-15,0.0024882614435,3.09986858706e-16,0.0017499921074,8.30725195115e-16,0.00176281722964,8.86673322091e-16,0.00188611026866,3.32920961182e-16,0.00188635153244,2.75129622031e-16,0.00176007435774,7.03298924553e-16,0.00155308776593,4.03730432915e-16,0.00131199732406,1.1415286152e-16,0.00107326166531,1.79611873078e-15
doe_0157,doe,M035,700,-700,230,400,0.0015,0.0002,0.15,0.1,1,0.25,0,0,0,0,0,600,1,0.6,1,1.69274192392,4.30414983923,0.0728581487969,4.30476736587,4.79616346638e-16,701.723441835,-698.279349571,1.72344183473,1.72065042868,20,6.09370786476,0,8.84032793346e-14,-0.281575406205,0.208321489611,True,True,True,data/doe_004.npz,False,4.30414983923,4.2575781201e-15,0.0276460059401,1.74246262984e-15,0.0289649532197,4.46853164927e-15,0.0292659569603,3.57124708182e-15,0.0280961179409,3.54719872326e-16,0.025658056848,8.37326153614e-16,0.0224061020765,1.9466973869e-15,0.0188056201747,1.80997114974e-15,0.0152256001269,5.59773173905e-16,0.0119142806451,4.83720503153e-16,0.00901384819774,9.89741134628e-16,0.00658795167288,4.98469797469e-16,0.00464992565274,8.98196107098e-16,0.00318789130179,6.83752989556e-16,0.00218474174081,2.18017176811e-16,0.00161738633595,8.21303586099e-16,0.00140191214257,4.24600961107e-16,0.00136839469294,3.58205460041e-16,0.00137160860617,4.36474442983e-16,0.00134861015762,1.66864709074e-15
doe_0158,doe,M036,700,0,230,400,0.0015,0.0002,0.15,0.1,1,0.25,0,0,0,0,0,600,1,0.6,1,2.71000066383,3.04349352596,0.0824786947572,3.04461115364,1.79412040779e-15,700.001392801,1.72204730733,0.00139280127269,1.72204730733,20,4.31725505037,0,8.3355421485e-14,-0.281575406205,0.235679379241,True,True,True,data/doe_004.npz,False,3.04349352596,2.07692327482e-15,0.0347363653622,1.34115855639e-15,0.038972105231,4.2935677739e-15,0.0385355936809,4.40218640205e-15,0.0339726221855,1.67095048785e-15,0.027194672238,7.97294886877e-16,0.019971440293,2.21264749554e-15,0.01345882205,2.04972579359e-15,0.00822746655717,4.48684465655e-16,0.0044713374766,5.17929401828e-17,0.00230093368444,1.21310792998e-15,0.00183253988301,1.5956917487e-16,0.00209652343939,6.96407680228e-16,0.00222096963901,8.57550674507e-16,0.00211057332842,3.81049380826e-16,0.00184683387149,6.61132051161e-16,0.00151881212218,7.67433050417e-16,0.00119447621944,4.64424342915e-16,0.000918305427889,4.85545576396e-16,0.000713180049618,1.57635164798e-15
doe_0159,doe,M037,700,700,230,400,0.0015,0.0002,0.15,0.1,1,0.25,0,0,0,0,0,600,1,0.6,1,1.69064637474,4.30414984036,0.0727679532395,4.30476583672,2.87769807983e-15,698.279353133,701.723438656,-1.72064686659,1.72343865594,20,6.09370017257,0,8.58808200654e-14,-0.281575406205,0.208063192807,True,True,True,data/doe_004.npz,False,4.30414984036,3.69211424972e-16,0.0276227894736,2.20716185215e-15,0.0289347717393,4.29885819445e-15,0.0292341802431,4.8566958333e-15,0.0280635600896,1.02879806947e-15,0.025625710623,1.20369292627e-15,0.0223749068753,2.28247888441e-15,0.0187763534099,1.4774636397e-15,0.0151988423765,5.56225814355e-16,0.011890419307,5.0901995208e-16,0.00899310064174,1.28687705208e-15,0.00657040056306,3.60948268893e-17,0.0046355680586,8.94627898403e-16,0.00317670989523,9.12921556791e-16,0.0021767778483,2.24187290343e-16,0.00161257840708,4.97907746371e-16,0.0013994489475,8.0137390251e-16,0.00136689941979,3.73233607036e-16,0.00137015554492,1.3767969384e-16,0.00134685050521,1.88894059733e-15
doe_0160,doe,M040,1400,-700,230,400,0.0015,0.0002,0.15,0.1,1,0.25,0,0,0,0,0,600,1,0.6,1,0.962226668418,6.8054584359,0.0654839359784,6.80577513067,1.56319401867e-15,1401.72483678,-696.557302178,1.72483677652,3.44269782195,31.304951685,9.62731139318,0,8.48753081387e-14,-0.281575406205,0.187586311571,True,True,True,data/doe_004.npz,False,6.8054584359,4.55508366161e-15,0.0245570070462,2.10090381562e-15,0.0238797194273,5.29389033674e-15,0.0229783506069,4.18075390495e-15,0.0218264718044,1.03523944504e-15,0.0204677999444,1.15243149717e-15,0.0189579467761,1.52100535096e-15,0.0173545881684,1.94460579899e-15,0.0157118272691,7.14939170891e-16,0.0140767772493,6.52856847758e-16,0.0124879376546,1.00888093941e-15,0.0109748810987,8.56227739102e-16,0.00955878891521,1.00727943911e-15,0.00825346411242,9.96211408194e-16,0.00706655212346,3.02340946028e-16,0.00600079040672,3.96805787957e-16,0.00505517933344,8.9330372571e-16,0.00422601825271,4.13464672816e-16,0.00350778395906,4.26738942702e-16,0.00289384602763,1.90586867661e-15
doe_0161,doe,M041,1400,0,230,400,0.0015,0.0002,0.15,0.1,1,0.25,0,0,0,0,0,600,1,0.6,1,1.09827969606,6.08698707287,0.066852143123,6.08735531925,2.55795384874e-15,1400.00279043,3.44409366477,0.0027904253659,3.44409366477,28,8.61191797849,0,8.66807006317e-14,-0.281575406205,0.191303957531,True,True,True,data/doe_005.npz,False,6.08698707287,3.2168683829e-15,0.0250459465699,2.27309247672e-15,0.0246230897409,5.04038149208e-15,0.0239475091023,4.75202311287e-15,0.0229052452507,1.2395055964e-15,0.0215152479236,1.11515918243e-15,0.019850639712,1.91470378878e-15,0.0180066150969,1.70238713371e-15,0.0160781569299,4.36044099357e-16,0.0141476852572,3.54028619772e-16,0.0122801363242,1.34947114808e-15,0.0105225399152,1.55449400131e-16,0.00890590305765,7.91750060973e-16,0.00744802654921,7.72258842542e-16,0.00615648304523,2.93997195915e-16,0.00503137052349,2.7773714421e-16,0.00406768123805,6.65422830075e-16,0.00325724353834,2.22421476195e-16,0.00259022773149,7.23613933624e-17,0.00205615473872,2.09032048514e-15
doe_0162,doe,M042,1400,700,230,400,0.0015,0.0002,0.15,0.1,1,0.25,0,0,0,0,0,600,1,0.6,1,0.961831894133,6.8054584433,0.0654570698496,6.80577487591,3.30402372128e-15,1398.28074666,703.445486229,-1.7192533385,3.44548622936,31.304951685,9.62736596305,0,8.79750339174e-14,-0.281575406205,0.187508653427,True,True,True,data/doe_005.npz,False,6.8054584433,1.68229071145e-15,0.0245555696607,3.77329050964e-15,0.0238705354778,4.38621011251e-15,0.022969284492,3.83349977839e-15,0.0218175697816,2.01652900298e-15,0.0204591095966,6.05369264981e-16,0.0189495135976,1.68406981957e-15,0.0173464537296,1.01574226212e-15,0.0157040281762,1.01421002156e-15,0.0140693446214,3.65215328555e-16,0.0124808969288,1.09959835458e-15,0.0109682520467,2.28143844093e-16,0.00955258580513,9.63137138768e-16,0.00824769598408,8.66607919661e-16,0.00706122316127,3.13801798918e-16,0.00599590040422,2.82452191927e-16,0.00505072424832,6.27234415075e-16,0.00422199085187,2.30217174752e-16,0.00350417454671,3.50026807502e-16,0.00289064322329,2.00420316353e-15
doe_0163,doe,M030,350,-700,230,400,0.0015,0.0002,0.15,0.1,1,0.25,0,0,0,0,0,900,0,0.1,1,13.1719651116,3.40272928438,0.448206314179,3.43212125593,-4.97379915032e-16,351.722780984,-699.14037043,1.72278098382,0.859629569534,20,5.19593147011,0,7.90447460929e-14,-0.281575406205,1.28059212266,False,True,False,data/doe_005.npz,False,3.40272928438,3.50215446462e-15,0.3956344566,1.03820859988e-15,0.186326310826,3.90423165333e-15,0.0892262537284,2.88203559886e-15,0.0361338476796,5.13501148238e-16,0.00801900954785,6.82505593233e-16,0.00691577306892,1.90452577843e-15,0.0105345090641,1.31285726568e-15,0.0093620791957,1.39071333622e-16,0.00621284830879,5.59085050159e-16,0.00311828477019,9.86907102111e-16,0.00169354058731,6.16881599997e-16,0.00204712790935,6.13833415302e-16,0.0021768708725,7.61514719045e-16,0.00181179928308,4.9500447808e-16,0.00125187486987,3.44071783915e-16,0.000825121118898,7.03680525084e-16,0.000701721857217,2.10123974005e-16,0.000700893440565,7.70504432721e-17,0.000641492404017,2.16766759553e-15
doe_0164,doe,M031,350,0,230,400,0.0015,0.0002,0.15,0.1,1,0.25,0,0,0,0,0,900,0,0.1,1,20.9736953961,1.52174663865,0.31916650469,1.55485693751,4.4408920985e-17,350.000667826,0.861015132367,0.000667825633116,0.861015132367,20,2.48791099244,0,6.77235416791e-14,-0.281575406205,0.911904326735,False,True,False,data/doe_005.npz,False,1.52174663865,6.85016022168e-16,0.308205903265,1.05820939507e-15,0.0802717391101,1.83038330857e-15,0.00112921312097,1.93125194973e-15,0.0173904769671,1.41603338868e-15,0.0102645899673,1.07798560996e-15,0.00154470730725,1.05312117668e-15,0.00344945556348,7.23995058216e-16,0.00258623847178,3.01020852028e-16,0.000808334480389,2.36451427621e-16,0.000993571672669,7.79232912119e-16,0.000837177261718,3.99638716764e-16,0.000384313675958,4.14605883111e-16,0.000352812007758,3.98045770192e-16,0.00030992842707,4.7189806607e-16,0.000178095826695,2.70723241158e-16,0.000142493612445,4.14380983967e-16,0.00012436315415,3.14566313343e-16,8.18128299828e-05,7.77325160315e-16,6.18900883e-05,1.34707489118e-15
doe_0165,doe,M032,350,700,230,400,0.0015,0.0002,0.15,0.1,1,0.25,0,0,0,0,0,900,0,0.1,1,13.1645926079,3.40272935963,0.447955457743,3.43208857844,2.9665159218e-15,348.278691498,700.862434695,-1.72130850218,0.862434695264,20,5.19586644814,0,7.81726792618e-14,-0.281575406205,1.27987536199,False,True,False,data/doe_005.npz,False,3.40272935963,7.55821568102e-16,0.395502447237,1.9012951979e-15,0.186139850997,3.07651394814e-15,0.0890233196505,3.41071809746e-15,0.0359517709486,6.80080977447e-16,0.00789408468165,1.13306728158e-15,0.00698233201528,1.45830809887e-15,0.0105558637458,1.13411872822e-15,0.00934533272783,4.64147800234e-16,0.00617672854049,6.25269996168e-16,0.00308411369249,9.66968244915e-16,0.00169118481021,2.46878153094e-16,0.00205632896723,8.83653136505e-16,0.00217693550636,8.01509006406e-16,0.00180367903594,3.62400733213e-16,0.00124136309185,2.57386504918e-16,0.000819187447096,6.27572751467e-16,0.000701810443907,4.55895896764e-16,0.000701174911431,1.29917580192e-16,0.000639562950909,1.98959456395e-15
doe_0166,doe,M035,700,-700,230,400,0.0015,0.0002,0.15,0.1,1,0.25,0,0,0,0,0,900,0,0.1,1,11.1252477145,4.30414979065,0.478847326213,4.33070461477,3.5527136788e-16,701.723460946,-698.279314525,1.72346094575,1.72068547547,20,6.47807807472,0,7.75676421504e-14,-0.281575406205,1.36814201466,False,True,False,data/doe_005.npz,False,4.30414979065,4.40487850016e-15,0.41054603916,1.87622239513e-15,0.207937729555,3.49573248847e-15,0.113689125997,2.92554762308e-15,0.0594866118151,6.86787064789e-16,0.0267523188842,6.13765496454e-16,0.00808475266378,1.99919062365e-15,0.00486155680313,1.45501987426e-15,0.00818305174283,2.60241081912e-16,0.00856120491174,2.83009924576e-16,0.00708596837847,6.42831365701e-16,0.00492917235716,5.68853067321e-16,0.0029425834746,8.10078402291e-16,0.00178549847247,4.49737876383e-16,0.00167573266462,1.52404701677e-16,0.00182328976161,8.07817815108e-16,0.0017577917462,6.96795025199e-16,0.00148775771163,1.85498686355e-16,0.00113922853329,2.23143187242e-16,0.000841831765502,2.05722152316e-15
doe_0167,doe,M036,700,0,230,400,0.0015,0.0002,0.15,0.1,1,0.25,0,0,0,0,0,900,0,0.1,1,14.2024499226,3.04349337441,0.432250622399,3.07403528964,1.66977542904e-15,700.001357972,1.72203662264,0.00135797190273,1.72203662264,20,4.68348505899,0,7.35210844442e-14,-0.281575406205,1.23500323667,False,True,False,data/doe_005.npz,False,3.04349337441,1.46988303183e-15,0.386938980945,6.84512138947e-16,0.174177659365,2.9641258684e-15,0.076299180028,3.0974735446e-15,0.024946539867,1.52772809476e-15,0.00312077361307,1.11831858996e-15,0.0105244167679,1.95286388629e-15,0.0110538293647,1.07602188765e-15,0.00772807498222,4.71202573533e-16,0.00380210901149,5.76288207323e-16,0.00170186824752,1.29395488003e-15,0.00219246314264,3.26708569127e-16,0.00234925892722,2.83610971902e-16,0.00184748217093,5.27706291957e-16,0.00116001729688,3.12808923281e-16,0.000760368447459,3.1460993171e-16,0.000740772274287,7.63335434373e-16,0.000730046810711,4.16971711014e-16,0.000606450566387,6.1270411945e-16,0.000442939561384,1.58306686177e-15
doe_0168,doe,M037,700,700,230,400,0.0015,0.0002,0.15,0.1,1,0.25,0,0,0,0,0,900,0,0.1,1,11.1220056388,4.30414988893,0.478707793351,4.33068928544,3.65929508916e-15,698.279388176,701.723419547,-1.72061182429,1.7234195466,20,6.47804667566,0,7.62187474474e-14,-0.281575406205,1.36774332435,False,True,False,data/doe_005.npz,False,4.30414988893,4.90022816824e-16,0.410482974514,2.5543902243e-15,0.207845644551,2.81226635975e-15,0.113581037879,3.62113013711e-15,0.0593777349725,1.11641422205e-15,0.0266563635705,8.68585910608e-16,0.00801747688878,1.84465810636e-15,0.0048916150285,1.24356498859e-15,0.00820367808919,5.95829164436e-16,0.0085629583918,4.27940842602e-16,0.00707405769859,1.2532030944e-15,0.00491067067003,2.0858755251e-16,0.00292527220538,8.84275069882e-16,0.00177871497273,8.01272579969e-16,0.00167871512437,3.27278739728e-16,0.00182570709441,5.17975532629e-16,0.00175665932227,8.52159310045e-16,0.00148375495985,3.75529745057e-16,0.00113423146138,2.25400362951e-16,0.000837971021241,1.85292635185e-15
doe_0169,doe,M040,1400,-700,230,400,0.0015,0.0002,0.15,0.1,1,0.25,0,0,0,0,0,900,0,0.1,1,7.75436360909,6.80545828959,0.527719981039,6.82588923889,-4.97379915032e-16,1401.7248182,-696.557263947,1.724818197,3.44273605263,31.304951685,10.0242863121,0,7.4402708336e-14,-0.281575406205,1.50780654378,False,True,False,data/doe_005.npz,False,6.80545828959,3.84692900493e-15,0.429323084234,1.11690253384e-15,0.236560584924,2.62651559162e-15,0.148808865297,2.70208946993e-15,0.0972548623295,2.9652174483e-16,0.0634298915679,1.68091702692e-15,0.0401804952855,7.82300012909e-16,0.0240524121831,2.06085472239e-15,0.0131293805597,8.44664176617e-16,0.00643811782217,6.69539330502e-16,0.00410209430173,8.21520508025e-16,0.00477911380718,3.76266292599e-16,0.00549636665979,1.05469556739e-15,0.00558916061093,1.19650512352e-15,0.00517579919198,5.35534427234e-16,0.00446227997169,5.85873288276e-16,0.00363087500702,3.36223744116e-16,0.00282440894219,5.74577157581e-16,0.00214898605731,5.12906238711e-16,0.00167436333374,1.81459053212e-15
doe_0170,doe,M041,1400,0,230,400,0.0015,0.0002,0.15,0.1,1,0.25,0,0,0,0,0,900,0,0.1,1,8.49562881787,6.08698689689,0.517127812952,6.10891485808,2.91322521662e-15,1400.00274998,3.44408223858,0.00274997719862,3.44408223858,28,9.00655437244,0,7.53130231086e-14,-0.281575406205,1.47753589791,False,True,False,data/doe_005.npz,False,6.08698689689,2.94908352219e-15,0.425785902967,2.7930697567e-15,0.231046190377,3.95394605003e-15,0.141811687119,3.75073472565e-15,0.0893701325815,1.64949751895e-15,0.0552756918995,7.72053222442e-16,0.0323378895841,1.62131288666e-15,0.0170482700793,1.80029605685e-15,0.00759382303334,7.28749493345e-16,0.00409128514454,1.11921243188e-16,0.00521563226811,1.14320297742e-15,0.00618136136054,1.47567827057e-16,0.00619877782388,7.06171726498e-16,0.00554556308201,9.76080730909e-16,0.00454978214104,4.49191636059e-16,0.00347765193281,4.7631913192e-16,0.00252936270358,7.26373734155e-16,0.00184949042174,5.55236461949e-16,0.00150264250251,6.36741618209e-16,0.00140428318257,1.52306868334e-15
doe_0171,doe,M042,1400,700,230,400,0.0015,0.0002,0.15,0.1,1,0.25,0,0,0,0,0,900,0,0.1,1,7.75374711935,6.80545837588,0.527678032778,6.82588608089,4.36983782492e-15,1398.28075059,703.445443906,-1.71924940567,3.44544390639,31.304951685,10.024196223,0,7.70489178379e-14,-0.281575406205,1.50768665499,False,True,False,data/doe_005.npz,False,6.80545837588,1.82295652634e-15,0.429308857922,3.91935186042e-15,0.236540007067,3.26304042329e-15,0.148782536941,3.03215243585e-15,0.0972248776888,1.79628004751e-15,0.0633984430494,4.80727770481e-16,0.040149676685,1.30762034571e-15,0.024024118798,5.14334646628e-16,0.0131055128304,1.04014304099e-15,0.00642219821969,5.19637646156e-16,0.00410131362137,9.71119428983e-16,0.00478485060689,1.26501184691e-16,0.00550068603479,8.98555823089e-16,0.0055907200407,1.20563189121e-15,0.00517481886395,2.94366676235e-16,0.00445940854758,2.64975153973e-16,0.00362689877758,4.43131419843e-16,0.00282015065941,1.65832007854e-16,0.00214525857214,4.33159251851e-16,0.00167185016634,1.68077759592e-15
doe_0172,doe,M030,350,-700,230,400,0.0015,0.0002,0.15,0.1,1,0.25,0,0,0,0,0,900,0,0.3,1,13.1719651116,3.40272928438,0.448206314179,3.43212125593,-4.97379915032e-16,351.722780984,-699.14037043,1.72278098382,0.859629569534,20,5.19593147011,0,7.90447460929e-14,-0.281575406205,1.28059212266,False,True,False,data/doe_005.npz,False,3.40272928438,3.50215446462e-15,0.3956344566,1.03820859988e-15,0.186326310826,3.90423165333e-15,0.0892262537284,2.88203559886e-15,0.0361338476796,5.13501148238e-16,0.00801900954785,6.82505593233e-16,0.00691577306892,1.90452577843e-15,0.0105345090641,1.31285726568e-15,0.0093620791957,1.39071333622e-16,0.00621284830879,5.59085050159e-16,0.00311828477019,9.86907102111e-16,0.00169354058731,6.16881599997e-16,0.00204712790935,6.13833415302e-16,0.0021768708725,7.61514719045e-16,0.00181179928308,4.9500447808e-16,0.00125187486987,3.44071783915e-16,0.000825121118898,7.03680525084e-16,0.000701721857217,2.10123974005e-16,0.000700893440565,7.70504432721e-17,0.000641492404017,2.16766759553e-15
doe_0173,doe,M031,350,0,230,400,0.0015,0.0002,0.15,0.1,1,0.25,0,0,0,0,0,900,0,0.3,1,20.9736953961,1.52174663865,0.31916650469,1.55485693751,4.4408920985e-17,350.000667826,0.861015132367,0.000667825633116,0.861015132367,20,2.48791099244,0,6.77235416791e-14,-0.281575406205,0.911904326735,False,True,False,data/doe_005.npz,False,1.52174663865,6.85016022168e-16,0.308205903265,1.05820939507e-15,0.0802717391101,1.83038330857e-15,0.00112921312097,1.93125194973e-15,0.0173904769671,1.41603338868e-15,0.0102645899673,1.07798560996e-15,0.00154470730725,1.05312117668e-15,0.00344945556348,7.23995058216e-16,0.00258623847178,3.01020852028e-16,0.000808334480389,2.36451427621e-16,0.000993571672669,7.79232912119e-16,0.000837177261718,3.99638716764e-16,0.000384313675958,4.14605883111e-16,0.000352812007758,3.98045770192e-16,0.00030992842707,4.7189806607e-16,0.000178095826695,2.70723241158e-16,0.000142493612445,4.14380983967e-16,0.00012436315415,3.14566313343e-16,8.18128299828e-05,7.77325160315e-16,6.18900883e-05,1.34707489118e-15
doe_0174,doe,M032,350,700,230,400,0.0015,0.0002,0.15,0.1,1,0.25,0,0,0,0,0,900,0,0.3,1,13.1645926079,3.40272935963,0.447955457743,3.43208857844,2.9665159218e-15,348.278691498,700.862434695,-1.72130850218,0.862434695264,20,5.19586644814,0,7.81726792618e-14,-0.281575406205,1.27987536199,False,True,False,data/doe_005.npz,False,3.40272935963,7.55821568102e-16,0.395502447237,1.9012951979e-15,0.186139850997,3.07651394814e-15,0.0890233196505,3.41071809746e-15,0.0359517709486,6.80080977447e-16,0.00789408468165,1.13306728158e-15,0.00698233201528,1.45830809887e-15,0.0105558637458,1.13411872822e-15,0.00934533272783,4.64147800234e-16,0.00617672854049,6.25269996168e-16,0.00308411369249,9.66968244915e-16,0.00169118481021,2.46878153094e-16,0.00205632896723,8.83653136505e-16,0.00217693550636,8.01509006406e-16,0.00180367903594,3.62400733213e-16,0.00124136309185,2.57386504918e-16,0.000819187447096,6.27572751467e-16,0.000701810443907,4.55895896764e-16,0.000701174911431,1.29917580192e-16,0.000639562950909,1.98959456395e-15
doe_0175,doe,M035,700,-700,230,400,0.0015,0.0002,0.15,0.1,1,0.25,0,0,0,0,0,900,0,0.3,1,11.1252477145,4.30414979065,0.478847326213,4.33070461477,3.5527136788e-16,701.723460946,-698.279314525,1.72346094575,1.72068547547,20,6.47807807472,0,7.75676421504e-14,-0.281575406205,1.36814201466,False,True,False,data/doe_005.npz,False,4.30414979065,4.40487850016e-15,0.41054603916,1.87622239513e-15,0.207937729555,3.49573248847e-15,0.113689125997,2.92554762308e-15,0.0594866118151,6.86787064789e-16,0.0267523188842,6.13765496454e-16,0.00808475266378,1.99919062365e-15,0.00486155680313,1.45501987426e-15,0.00818305174283,2.60241081912e-16,0.00856120491174,2.83009924576e-16,0.00708596837847,6.42831365701e-16,0.00492917235716,5.68853067321e-16,0.0029425834746,8.10078402291e-16,0.00178549847247,4.49737876383e-16,0.00167573266462,1.52404701677e-16,0.00182328976161,8.07817815108e-16,0.0017577917462,6.96795025199e-16,0.00148775771163,1.85498686355e-16,0.00113922853329,2.23143187242e-16,0.000841831765502,2.05722152316e-15
doe_0176,doe,M036,700,0,230,400,0.0015,0.0002,0.15,0.1,1,0.25,0,0,0,0,0,900,0,0.3,1,14.2024499226,3.04349337441,0.432250622399,3.07403528964,1.66977542904e-15,700.001357972,1.72203662264,0.00135797190273,1.72203662264,20,4.68348505899,0,7.35210844442e-14,-0.281575406205,1.23500323667,False,True,False,data/doe_005.npz,False,3.04349337441,1.46988303183e-15,0.386938980945,6.84512138947e-16,0.174177659365,2.9641258684e-15,0.076299180028,3.0974735446e-15,0.024946539867,1.52772809476e-15,0.00312077361307,1.11831858996e-15,0.0105244167679,1.95286388629e-15,0.0110538293647,1.07602188765e-15,0.00772807498222,4.71202573533e-16,0.00380210901149,5.76288207323e-16,0.00170186824752,1.29395488003e-15,0.00219246314264,3.26708569127e-16,0.00234925892722,2.83610971902e-16,0.00184748217093,5.27706291957e-16,0.00116001729688,3.12808923281e-16,0.000760368447459,3.1460993171e-16,0.000740772274287,7.63335434373e-16,0.000730046810711,4.16971711014e-16,0.000606450566387,6.1270411945e-16,0.000442939561384,1.58306686177e-15
doe_0177,doe,M037,700,700,230,400,0.0015,0.0002,0.15,0.1,1,0.25,0,0,0,0,0,900,0,0.3,1,11.1220056388,4.30414988893,0.478707793351,4.33068928544,3.65929508916e-15,698.279388176,701.723419547,-1.72061182429,1.7234195466,20,6.47804667566,0,7.62187474474e-14,-0.281575406205,1.36774332435,False,True,False,data/doe_005.npz,False,4.30414988893,4.90022816824e-16,0.410482974514,2.5543902243e-15,0.207845644551,2.81226635975e-15,0.113581037879,3.62113013711e-15,0.0593777349725,1.11641422205e-15,0.0266563635705,8.68585910608e-16,0.00801747688878,1.84465810636e-15,0.0048916150285,1.24356498859e-15,0.00820367808919,5.95829164436e-16,0.0085629583918,4.27940842602e-16,0.00707405769859,1.2532030944e-15,0.00491067067003,2.0858755251e-16,0.00292527220538,8.84275069882e-16,0.00177871497273,8.01272579969e-16,0.00167871512437,3.27278739728e-16,0.00182570709441,5.17975532629e-16,0.00175665932227,8.52159310045e-16,0.00148375495985,3.75529745057e-16,0.00113423146138,2.25400362951e-16,0.000837971021241,1.85292635185e-15
doe_0178,doe,M040,1400,-700,230,400,0.0015,0.0002,0.15,0.1,1,0.25,0,0,0,0,0,900,0,0.3,1,7.75436360909,6.80545828959,0.527719981039,6.82588923889,-4.97379915032e-16,1401.7248182,-696.557263947,1.724818197,3.44273605263,31.304951685,10.0242863121,0,7.4402708336e-14,-0.281575406205,1.50780654378,False,True,False,data/doe_005.npz,False,6.80545828959,3.84692900493e-15,0.429323084234,1.11690253384e-15,0.236560584924,2.62651559162e-15,0.148808865297,2.70208946993e-15,0.0972548623295,2.9652174483e-16,0.0634298915679,1.68091702692e-15,0.0401804952855,7.82300012909e-16,0.0240524121831,2.06085472239e-15,0.0131293805597,8.44664176617e-16,0.00643811782217,6.69539330502e-16,0.00410209430173,8.21520508025e-16,0.00477911380718,3.76266292599e-16,0.00549636665979,1.05469556739e-15,0.00558916061093,1.19650512352e-15,0.00517579919198,5.35534427234e-16,0.00446227997169,5.85873288276e-16,0.00363087500702,3.36223744116e-16,0.00282440894219,5.74577157581e-16,0.00214898605731,5.12906238711e-16,0.00167436333374,1.81459053212e-15
doe_0179,doe,M041,1400,0,230,400,0.0015,0.0002,0.15,0.1,1,0.25,0,0,0,0,0,900,0,0.3,1,8.49562881787,6.08698689689,0.517127812952,6.10891485808,2.91322521662e-15,1400.00274998,3.44408223858,0.00274997719862,3.44408223858,28,9.00655437244,0,7.53130231086e-14,-0.281575406205,1.47753589791,False,True,False,data/doe_005.npz,False,6.08698689689,2.94908352219e-15,0.425785902967,2.7930697567e-15,0.231046190377,3.95394605003e-15,0.141811687119,3.75073472565e-15,0.0893701325815,1.64949751895e-15,0.0552756918995,7.72053222442e-16,0.0323378895841,1.62131288666e-15,0.0170482700793,1.80029605685e-15,0.00759382303334,7.28749493345e-16,0.00409128514454,1.11921243188e-16,0.00521563226811,1.14320297742e-15,0.00618136136054,1.47567827057e-16,0.00619877782388,7.06171726498e-16,0.00554556308201,9.76080730909e-16,0.00454978214104,4.49191636059e-16,0.00347765193281,4.7631913192e-16,0.00252936270358,7.26373734155e-16,0.00184949042174,5.55236461949e-16,0.00150264250251,6.36741618209e-16,0.00140428318257,1.52306868334e-15
doe_0180,doe,M042,1400,700,230,400,0.0015,0.0002,0.15,0.1,1,0.25,0,0,0,0,0,900,0,0.3,1,7.75374711935,6.80545837588,0.527678032778,6.82588608089,4.36983782492e-15,1398.28075059,703.445443906,-1.71924940567,3.44544390639,31.304951685,10.024196223,0,7.70489178379e-14,-0.281575406205,1.50768665499,False,True,False,data/doe_005.npz,False,6.80545837588,1.82295652634e-15,0.429308857922,3.91935186042e-15,0.236540007067,3.26304042329e-15,0.148782536941,3.03215243585e-15,0.0972248776888,1.79628004751e-15,0.0633984430494,4.80727770481e-16,0.040149676685,1.30762034571e-15,0.024024118798,5.14334646628e-16,0.0131055128304,1.04014304099e-15,0.00642219821969,5.19637646156e-16,0.00410131362137,9.71119428983e-16,0.00478485060689,1.26501184691e-16,0.00550068603479,8.98555823089e-16,0.0055907200407,1.20563189121e-15,0.00517481886395,2.94366676235e-16,0.00445940854758,2.64975153973e-16,0.00362689877758,4.43131419843e-16,0.00282015065941,1.65832007854e-16,0.00214525857214,4.33159251851e-16,0.00167185016634,1.68077759592e-15
doe_0181,doe,M030,350,-700,230,400,0.0015,0.0002,0.15,0.1,1,0.25,0,0,0,0,0,900,0,0.6,1,13.1719651116,3.40272928438,0.448206314179,3.43212125593,-4.97379915032e-16,351.722780984,-699.14037043,1.72278098382,0.859629569534,20,5.19593147011,0,7.90447460929e-14,-0.281575406205,1.28059212266,False,True,False,data/doe_005.npz,False,3.40272928438,3.50215446462e-15,0.3956344566,1.03820859988e-15,0.186326310826,3.90423165333e-15,0.0892262537284,2.88203559886e-15,0.0361338476796,5.13501148238e-16,0.00801900954785,6.82505593233e-16,0.00691577306892,1.90452577843e-15,0.0105345090641,1.31285726568e-15,0.0093620791957,1.39071333622e-16,0.00621284830879,5.59085050159e-16,0.00311828477019,9.86907102111e-16,0.00169354058731,6.16881599997e-16,0.00204712790935,6.13833415302e-16,0.0021768708725,7.61514719045e-16,0.00181179928308,4.9500447808e-16,0.00125187486987,3.44071783915e-16,0.000825121118898,7.03680525084e-16,0.000701721857217,2.10123974005e-16,0.000700893440565,7.70504432721e-17,0.000641492404017,2.16766759553e-15
doe_0182,doe,M031,350,0,230,400,0.0015,0.0002,0.15,0.1,1,0.25,0,0,0,0,0,900,0,0.6,1,20.9736953961,1.52174663865,0.31916650469,1.55485693751,4.4408920985e-17,350.000667826,0.861015132367,0.000667825633116,0.861015132367,20,2.48791099244,0,6.77235416791e-14,-0.281575406205,0.911904326735,False,True,False,data/doe_005.npz,False,1.52174663865,6.85016022168e-16,0.308205903265,1.05820939507e-15,0.0802717391101,1.83038330857e-15,0.00112921312097,1.93125194973e-15,0.0173904769671,1.41603338868e-15,0.0102645899673,1.07798560996e-15,0.00154470730725,1.05312117668e-15,0.00344945556348,7.23995058216e-16,0.00258623847178,3.01020852028e-16,0.000808334480389,2.36451427621e-16,0.000993571672669,7.79232912119e-16,0.000837177261718,3.99638716764e-16,0.000384313675958,4.14605883111e-16,0.000352812007758,3.98045770192e-16,0.00030992842707,4.7189806607e-16,0.000178095826695,2.70723241158e-16,0.000142493612445,4.14380983967e-16,0.00012436315415,3.14566313343e-16,8.18128299828e-05,7.77325160315e-16,6.18900883e-05,1.34707489118e-15
doe_0183,doe,M032,350,700,230,400,0.0015,0.0002,0.15,0.1,1,0.25,0,0,0,0,0,900,0,0.6,1,13.1645926079,3.40272935963,0.447955457743,3.43208857844,2.9665159218e-15,348.278691498,700.862434695,-1.72130850218,0.862434695264,20,5.19586644814,0,7.81726792618e-14,-0.281575406205,1.27987536199,False,True,False,data/doe_005.npz,False,3.40272935963,7.55821568102e-16,0.395502447237,1.9012951979e-15,0.186139850997,3.07651394814e-15,0.0890233196505,3.41071809746e-15,0.0359517709486,6.80080977447e-16,0.00789408468165,1.13306728158e-15,0.00698233201528,1.45830809887e-15,0.0105558637458,1.13411872822e-15,0.00934533272783,4.64147800234e-16,0.00617672854049,6.25269996168e-16,0.00308411369249,9.66968244915e-16,0.00169118481021,2.46878153094e-16,0.00205632896723,8.83653136505e-16,0.00217693550636,8.01509006406e-16,0.00180367903594,3.62400733213e-16,0.00124136309185,2.57386504918e-16,0.000819187447096,6.27572751467e-16,0.000701810443907,4.55895896764e-16,0.000701174911431,1.29917580192e-16,0.000639562950909,1.98959456395e-15
doe_0184,doe,M035,700,-700,230,400,0.0015,0.0002,0.15,0.1,1,0.25,0,0,0,0,0,900,0,0.6,1,11.1252477145,4.30414979065,0.478847326213,4.33070461477,3.5527136788e-16,701.723460946,-698.279314525,1.72346094575,1.72068547547,20,6.47807807472,0,7.75676421504e-14,-0.281575406205,1.36814201466,False,True,False,data/doe_005.npz,False,4.30414979065,4.40487850016e-15,0.41054603916,1.87622239513e-15,0.207937729555,3.49573248847e-15,0.113689125997,2.92554762308e-15,0.0594866118151,6.86787064789e-16,0.0267523188842,6.13765496454e-16,0.00808475266378,1.99919062365e-15,0.00486155680313,1.45501987426e-15,0.00818305174283,2.60241081912e-16,0.00856120491174,2.83009924576e-16,0.00708596837847,6.42831365701e-16,0.00492917235716,5.68853067321e-16,0.0029425834746,8.10078402291e-16,0.00178549847247,4.49737876383e-16,0.00167573266462,1.52404701677e-16,0.00182328976161,8.07817815108e-16,0.0017577917462,6.96795025199e-16,0.00148775771163,1.85498686355e-16,0.00113922853329,2.23143187242e-16,0.000841831765502,2.05722152316e-15
doe_0185,doe,M036,700,0,230,400,0.0015,0.0002,0.15,0.1,1,0.25,0,0,0,0,0,900,0,0.6,1,14.2024499226,3.04349337441,0.432250622399,3.07403528964,1.66977542904e-15,700.001357972,1.72203662264,0.00135797190273,1.72203662264,20,4.68348505899,0,7.35210844442e-14,-0.281575406205,1.23500323667,False,True,False,data/doe_005.npz,False,3.04349337441,1.46988303183e-15,0.386938980945,6.84512138947e-16,0.174177659365,2.9641258684e-15,0.076299180028,3.0974735446e-15,0.024946539867,1.52772809476e-15,0.00312077361307,1.11831858996e-15,0.0105244167679,1.95286388629e-15,0.0110538293647,1.07602188765e-15,0.00772807498222,4.71202573533e-16,0.00380210901149,5.76288207323e-16,0.00170186824752,1.29395488003e-15,0.00219246314264,3.26708569127e-16,0.00234925892722,2.83610971902e-16,0.00184748217093,5.27706291957e-16,0.00116001729688,3.12808923281e-16,0.000760368447459,3.1460993171e-16,0.000740772274287,7.63335434373e-16,0.000730046810711,4.16971711014e-16,0.000606450566387,6.1270411945e-16,0.000442939561384,1.58306686177e-15
doe_0186,doe,M037,700,700,230,400,0.0015,0.0002,0.15,0.1,1,0.25,0,0,0,0,0,900,0,0.6,1,11.1220056388,4.30414988893,0.478707793351,4.33068928544,3.65929508916e-15,698.279388176,701.723419547,-1.72061182429,1.7234195466,20,6.47804667566,0,7.62187474474e-14,-0.281575406205,1.36774332435,False,True,False,data/doe_005.npz,False,4.30414988893,4.90022816824e-16,0.410482974514,2.5543902243e-15,0.207845644551,2.81226635975e-15,0.113581037879,3.62113013711e-15,0.0593777349725,1.11641422205e-15,0.0266563635705,8.68585910608e-16,0.00801747688878,1.84465810636e-15,0.0048916150285,1.24356498859e-15,0.00820367808919,5.95829164436e-16,0.0085629583918,4.27940842602e-16,0.00707405769859,1.2532030944e-15,0.00491067067003,2.0858755251e-16,0.00292527220538,8.84275069882e-16,0.00177871497273,8.01272579969e-16,0.00167871512437,3.27278739728e-16,0.00182570709441,5.17975532629e-16,0.00175665932227,8.52159310045e-16,0.00148375495985,3.75529745057e-16,0.00113423146138,2.25400362951e-16,0.000837971021241,1.85292635185e-15
doe_0187,doe,M040,1400,-700,230,400,0.0015,0.0002,0.15,0.1,1,0.25,0,0,0,0,0,900,0,0.6,1,7.75436360909,6.80545828959,0.527719981039,6.82588923889,-4.97379915032e-16,1401.7248182,-696.557263947,1.724818197,3.44273605263,31.304951685,10.0242863121,0,7.4402708336e-14,-0.281575406205,1.50780654378,False,True,False,data/doe_005.npz,False,6.80545828959,3.84692900493e-15,0.429323084234,1.11690253384e-15,0.236560584924,2.62651559162e-15,0.148808865297,2.70208946993e-15,0.0972548623295,2.9652174483e-16,0.0634298915679,1.68091702692e-15,0.0401804952855,7.82300012909e-16,0.0240524121831,2.06085472239e-15,0.0131293805597,8.44664176617e-16,0.00643811782217,6.69539330502e-16,0.00410209430173,8.21520508025e-16,0.00477911380718,3.76266292599e-16,0.00549636665979,1.05469556739e-15,0.00558916061093,1.19650512352e-15,0.00517579919198,5.35534427234e-16,0.00446227997169,5.85873288276e-16,0.00363087500702,3.36223744116e-16,0.00282440894219,5.74577157581e-16,0.00214898605731,5.12906238711e-16,0.00167436333374,1.81459053212e-15
doe_0188,doe,M041,1400,0,230,400,0.0015,0.0002,0.15,0.1,1,0.25,0,0,0,0,0,900,0,0.6,1,8.49562881787,6.08698689689,0.517127812952,6.10891485808,2.91322521662e-15,1400.00274998,3.44408223858,0.00274997719862,3.44408223858,28,9.00655437244,0,7.53130231086e-14,-0.281575406205,1.47753589791,False,True,False,data/doe_005.npz,False,6.08698689689,2.94908352219e-15,0.425785902967,2.7930697567e-15,0.231046190377,3.95394605003e-15,0.141811687119,3.75073472565e-15,0.0893701325815,1.64949751895e-15,0.0552756918995,7.72053222442e-16,0.0323378895841,1.62131288666e-15,0.0170482700793,1.80029605685e-15,0.00759382303334,7.28749493345e-16,0.00409128514454,1.11921243188e-16,0.00521563226811,1.14320297742e-15,0.00618136136054,1.47567827057e-16,0.00619877782388,7.06171726498e-16,0.00554556308201,9.76080730909e-16,0.00454978214104,4.49191636059e-16,0.00347765193281,4.7631913192e-16,0.00252936270358,7.26373734155e-16,0.00184949042174,5.55236461949e-16,0.00150264250251,6.36741618209e-16,0.00140428318257,1.52306868334e-15
doe_0189,doe,M042,1400,700,230,400,0.0015,0.0002,0.15,0.1,1,0.25,0,0,0,0,0,900,0,0.6,1,7.75374711935,6.80545837588,0.527678032778,6.82588608089,4.36983782492e-15,1398.28075059,703.445443906,-1.71924940567,3.44544390639,31.304951685,10.024196223,0,7.70489178379e-14,-0.281575406205,1.50768665499,False,True,False,data/doe_005.npz,False,6.80545837588,1.82295652634e-15,0.429308857922,3.91935186042e-15,0.236540007067,3.26304042329e-15,0.148782536941,3.03215243585e-15,0.0972248776888,1.79628004751e-15,0.0633984430494,4.80727770481e-16,0.040149676685,1.30762034571e-15,0.024024118798,5.14334646628e-16,0.0131055128304,1.04014304099e-15,0.00642219821969,5.19637646156e-16,0.00410131362137,9.71119428983e-16,0.00478485060689,1.26501184691e-16,0.00550068603479,8.98555823089e-16,0.0055907200407,1.20563189121e-15,0.00517481886395,2.94366676235e-16,0.00445940854758,2.64975153973e-16,0.00362689877758,4.43131419843e-16,0.00282015065941,1.65832007854e-16,0.00214525857214,4.33159251851e-16,0.00167185016634,1.68077759592e-15
doe_0190,doe,M030,350,-700,230,400,0.0015,0.0002,0.15,0.1,1,0.25,0,0,0,0,0,900,0.5,0.1,1,7.16042755663,3.4027292524,0.243649963067,3.41144411421,-8.881784197e-16,351.722761958,-699.14037177,1.72276195758,0.859628230394,20,5.00841635793,0,7.90004905556e-14,-0.281575406205,0.6962557543,False,True,False,data/doe_005.npz,False,3.4027292524,3.26712850927e-15,0.206987607867,8.18646209962e-16,0.106466955838,3.85343086946e-15,0.059674155006,2.99211638942e-15,0.0324198784168,7.59629856472e-16,0.0155141442629,7.20727526887e-16,0.00565428222354,1.69202234668e-15,0.00400972280308,1.3996336388e-15,0.00629140424725,1.9054355978e-16,0.0073856282801,6.51272482991e-16,0.00737634802325,1.16271776034e-15,0.00671161645627,4.78111053563e-16,0.00574701233153,6.83794632068e-16,0.00472054032923,7.95423997066e-16,0.00377166538384,4.64332666336e-16,0.00296877841142,5.36919874721e-16,0.00233645077215,7.64706750956e-16,0.00187683973668,1.78017962006e-16,0.00157975696236,1.24175370549e-16,0.00142047914074,2.13942610899e-15
doe_0191,doe,M031,350,0,230,400,0.0015,0.0002,0.15,0.1,1,0.25,0,0,0,0,0,900,0.5,0.1,1,11.741759794,1.52174669787,0.178679841937,1.53220128306,4.79616346638e-16,350.000681438,0.861018961728,0.000681437927483,0.861018961728,20,2.32820738952,0,7.18416453526e-14,-0.281575406205,0.510524015073,False,True,False,data/doe_005.npz,False,1.52174669787,1.00605403021e-15,0.168381488175,8.94118750304e-16,0.0547964937127,2.24899367858e-15,0.00795136758217,2.46797045208e-15,0.0104204559238,1.26399424591e-15,0.0134823516782,1.15848304133e-15,0.0106994364236,1.55091668958e-15,0.00695528738256,9.58338413683e-16,0.00426216693301,4.23341682768e-16,0.0028807759016,3.85210132293e-16,0.00241146113904,1.03302881641e-15,0.00232409485792,2.86531233454e-16,0.00223568560456,3.15532182964e-16,0.00202554726229,3.95714502068e-16,0.00172883967365,3.01775572728e-16,0.00141840410962,3.96216429003e-16,0.00114784651629,6.58386108782e-16,0.000939255522229,4.17704207946e-16,0.000788970304694,6.18853201005e-16,0.000679043603826,1.60325318559e-15
doe_0192,doe,M032,350,700,230,400,0.0015,0.0002,0.15,0.1,1,0.25,0,0,0,0,0,900,0.5,0.1,1,7.15707728606,3.40272929515,0.243535965489,3.41143602321,2.84217094304e-15,348.278674169,700.862426747,-1.72132583119,0.862426746854,20,5.00841508084,0,7.90956904651e-14,-0.281575406205,0.695930352878,False,True,False,data/doe_005.npz,False,3.40272929515,9.189182581e-16,0.206938495618,1.87332794629e-15,0.106393183179,2.8540579218e-15,0.0595852938449,3.7569818702e-15,0.0323268430677,6.82444654603e-16,0.0154278150692,9.24850831208e-16,0.00559368442233,1.48967685215e-15,0.0040347950571,9.97507431713e-16,0.00632262342838,5.05542289715e-16,0.00740409483484,5.53552755328e-16,0.007382314906,1.19786059881e-15,0.00670813726911,7.97886639614e-17,0.00573762852266,8.5198922938e-16,0.00470842853452,8.71745180523e-16,0.0037592775238,3.18643915073e-16,0.00295780524804,2.69256016987e-16,0.00232798962621,6.93901001854e-16,0.00187157768271,3.64159752988e-16,0.00157793798196,9.76026383155e-17,0.00142167449689,1.86486085223e-15
doe_0193,doe,M035,700,-700,230,400,0.0015,0.0002,0.15,0.1,1,0.25,0,0,0,0,0,900,0.5,0.1,1,5.97345104859,4.30414981126,0.257106282034,4.3118249659,4.61852778244e-16,701.723450569,-698.279331674,1.72345056898,1.72066832589,20,6.28567969758,0,7.88529364486e-14,-0.281575406205,0.734729931373,False,True,False,data/doe_006.npz,False,4.30414981126,3.93441616664e-15,0.212283534579,1.58559751422e-15,0.114556547726,3.37760936813e-15,0.0696370494022,3.04338222356e-15,0.0431885822993,7.24089332477e-16,0.0260072652305,5.26517815725e-16,0.0145463918419,1.76292650349e-15,0.00724418224061,1.43667231111e-15,0.0039807524618,3.88647971747e-16,0.00447391186736,3.30382665709e-16,0.00557041457086,7.7281376632e-16,0.00611972611592,6.05971685273e-16,0.00613654926504,9.3896034322e-16,0.00578580598883,7.04705369812e-16,0.00522095954981,1.9432555447e-16,0.00455953377019,7.25069753502e-16,0.00388349705223,5.55258934645e-16,0.0032455353582,2.16506055213e-16,0.00267661541651,3.44182854737e-16,0.00219317946834,1.89409973049e-15
doe_0194,doe,M036,700,0,230,400,0.0015,0.0002,0.15,0.1,1,0.25,0,0,0,0,0,900,0.5,0.1,1,7.76587187206,3.04349345245,0.236353801951,3.05265989024,1.91846538655e-15,700.001375909,1.72204125489,0.00137590885834,1.72204125489,20,4.49877233581,0,7.51708758446e-14,-0.281575406205,0.675398660007,False,True,False,data/doe_006.npz,False,3.04349345245,1.64256019103e-15,0.203717718695,1.15590648617e-15,0.101582305409,3.28271976942e-15,0.0538827850974,3.35200734307e-15,0.0264971208879,1.35610046857e-15,0.0102515948409,8.78946241547e-16,0.00342292635527,1.95750570192e-15,0.00617584491867,1.50719886947e-15,0.00797053014739,5.487975187e-16,0.00812612556419,2.29631527191e-16,0.00733315390934,1.13638197147e-15,0.00613755260878,2.28019713329e-16,0.00489024350691,5.77143451388e-16,0.00378214164915,8.19144954289e-16,0.00289357953676,2.44753382589e-16,0.00224219257864,4.44399926751e-16,0.00181652691993,7.19654325807e-16,0.00158535849611,3.52762143922e-16,0.00149342430826,4.17190667e-16,0.00147331812799,1.71381050698e-15
doe_0195,doe,M037,700,700,230,400,0.0015,0.0002,0.15,0.1,1,0.25,0,0,0,0,0,900,0.5,0.1,1,5.97205165182,4.30414986832,0.257046053307,4.311821432,3.21520587931e-15,698.279371029,701.72342992,-1.7206289708,1.72342992049,20,6.28566837243,0,7.71874777485e-14,-0.281575406205,0.734557884497,False,True,False,data/doe_006.npz,False,4.30414986832,3.4878782479e-16,0.212261395427,2.26312981934e-15,0.114523438696,3.05012632098e-15,0.0695953164352,3.71823994336e-15,0.0431419987594,8.33214798365e-16,0.0259597474869,8.99926917137e-16,0.0145019373145,1.88756689081e-15,0.00720873935286,1.2115680471e-15,0.0039711454565,5.82341657797e-16,0.00448624807246,2.81571398921e-16,0.00558349577227,1.18074916881e-15,0.00612858961294,1.34555157252e-16,0.00614070149446,8.87011761806e-16,0.00578590450735,7.3228460392e-16,0.00521800677055,2.39905376593e-16,0.0045545724706,4.14341212018e-16,0.00387746744649,8.94878776434e-16,0.00323921568403,3.70506935124e-16,0.00267061733189,1.45029056373e-16,0.00218797682971,1.894429637e-15
doe_0196,doe,M040,1400,-700,230,400,0.0015,0.0002,0.15,0.1,1,0.25,0,0,0,0,0,900,0.5,0.1,1,4.06888622036,6.80545836031,0.276906357455,6.81109554823,6.03961325396e-16,1401.72482662,-696.557283543,1.72482662242,3.44271645682,31.304951685,9.82577259633,0,7.67208180279e-14,-0.281575406205,0.791583652685,True,True,True,data/doe_006.npz,False,6.80545836031,4.27935360106e-15,0.21832715835,1.78462029589e-15,0.124074231994,3.21102620651e-15,0.0819257936443,2.80122067463e-15,0.0573772717964,1.90495666339e-16,0.0411592281115,1.01651074632e-15,0.0297099902514,9.83839190848e-16,0.0213528529293,1.87693699439e-15,0.0151850251658,8.0005021074e-16,0.0106790424758,5.74744431005e-16,0.00752126366511,1.08986941883e-15,0.00552739291483,4.26114776902e-16,0.00452999550988,9.12216613068e-16,0.00423223596435,1.06417643206e-15,0.00425970044406,4.13871335173e-16,0.00435110171259,4.38123542762e-16,0.0043902782739,5.85645500587e-16,0.00434379926033,2.26187550603e-16,0.00421359348193,2.15494528405e-16,0.00401435591227,2.03191834913e-15
doe_0197,doe,M041,1400,0,230,400,0.0015,0.0002,0.15,0.1,1,0.25,0,0,0,0,0,900,0.5,0.1,1,4.48156708527,6.0869869862,0.272792405259,6.09310176739,3.16191517413e-15,1400.00277051,3.44408703145,0.00277050740328,3.44408703145,28,8.80929404049,0,7.71715500938e-14,-0.281575406205,0.779736101567,True,True,True,data/doe_006.npz,False,6.0869869862,2.85721427837e-15,0.217247392223,2.57204932546e-15,0.122348209558,3.96532343149e-15,0.0796528875369,3.83960245119e-15,0.0546819032957,1.43316846217e-15,0.0381794373969,8.81214182681e-16,0.0265883902137,1.50194225806e-15,0.0182327503874,1.57191636538e-15,0.0122161768432,6.77767939965e-16,0.00804175796212,1.98576333103e-16,0.00546989218934,9.44766278784e-16,0.00434502965474,8.19565209952e-17,0.00421867896313,9.07397992036e-16,0.00444645553834,8.9290953842e-16,0.00465474408079,2.59716296118e-16,0.00472799637787,5.43669082641e-16,0.00465761351338,8.53377110828e-16,0.00446857534485,4.31094883945e-16,0.0041930175085,4.03713406414e-16,0.00386119257556,1.86592198547e-15
doe_0198,doe,M042,1400,700,230,400,0.0015,0.0002,0.15,0.1,1,0.25,0,0,0,0,0,900,0.5,0.1,1,4.06864048697,6.80545841367,0.276889636342,6.81109491675,4.29878355135e-15,1398.28074961,703.445465213,-1.71925039439,3.44546521288,31.304951685,9.82589001234,0,7.84629729899e-14,-0.281575406205,0.791535551567,True,True,True,data/doe_006.npz,False,6.80545841367,1.30873213096e-15,0.218322211895,3.7456750567e-15,0.12406784152,3.0068655994e-15,0.0819173281225,3.08368430938e-15,0.0573671648649,1.61435599701e-15,0.0411479565827,5.9075448074e-16,0.0296980478508,1.50351189329e-15,0.0213407337977,7.99825728614e-16,0.015173231396,9.82892317633e-16,0.0106681329523,2.70492739943e-16,0.0075119580334,1.02999116525e-15,0.00552062153823,1.21356229972e-16,0.00452641858661,7.84294367575e-16,0.00423137553974,1.04701518259e-15,0.00426033857673,3.02718797219e-16,0.00435224073355,2.53863213674e-16,0.00439135092994,6.0381563072e-16,0.00434453253107,3.02255680164e-16,0.00421388101143,3.07199320767e-16,0.00401418304137,2.14534928846e-15
doe_0199,doe,M030,350,-700,230,400,0.0015,0.0002,0.15,0.1,1,0.25,0,0,0,0,0,900,0.5,0.3,1,7.21293517979,3.40272925292,0.245436655357,3.41156940696,-8.52651282912e-16,351.722762043,-699.14037186,1.72276204278,0.85962813993,20,5.00873959657,0,7.90629257301e-14,-0.281575406205,0.70124932123,False,True,False,data/doe_006.npz,False,3.40272925292,3.09806689837e-15,0.207792168637,9.99975487271e-16,0.107753557251,3.86829194525e-15,0.0613745746111,2.98737157734e-15,0.0344474733087,7.9749909226e-16,0.0177519807574,8.58998615501e-16,0.00772126745691,1.62276746101e-15,0.00350998178195,1.36207392967e-15,0.00424101382395,1.4333442472e-16,0.00504659002606,6.03592745335e-16,0.00497637463188,1.1415013944e-15,0.00433297013422,4.17323059598e-16,0.00344029360887,7.2047374754e-16,0.00252710141961,7.90617310873e-16,0.00172879357611,4.01624810666e-16,0.00110799365114,4.18612995814e-16,0.000677271841904,9.1571518604e-16,0.000417620568503,2.15940083541e-16,0.000287179341377,7.37309955128e-17,0.000229645503769,2.14644156742e-15
doe_0200,doe,M031,350,0,230,400,0.0015,0.0002,0.15,0.1,1,0.25,0,0,0,0,0,900,0.5,0.3,1,12.0422524935,1.52174669615,0.183252579462,1.53274085085,5.95079541199e-16,350.000681041,0.861018963606,0.000681041361815,0.861018963606,20,2.33016334853,0,7.13513271111e-14,-0.281575406205,0.52357880433,False,True,False,data/doe_006.npz,False,1.52174669615,8.7116313687e-16,0.172195357741,9.18756033819e-16,0.0600675657006,2.17316078516e-15,0.0136027523736,2.52907175711e-15,0.00496916338784,1.22880689437e-15,0.00825704237418,1.08703698114e-15,0.00594514701267,1.50553827953e-15,0.00273242509867,9.61402248713e-16,0.000777554196895,3.80649573659e-16,0.000604428856145,3.28343240841e-16,0.000502138010772,1.118908047e-15,0.000264814247259,2.85634440785e-16,0.000216664558814,2.59267955861e-16,0.00022373798647,3.78073189979e-16,0.000170008777038,3.78301249412e-16,0.000102661811868,3.76528699565e-16,6.41420940021e-05,6.86572110131e-16,4.91114382814e-05,3.49630033163e-16,3.62138391873e-05,6.55747977173e-16,2.45177317053e-05,1.55970325649e-15
doe_0201,doe,M032,350,700,230,400,0.0015,0.0002,0.15,0.1,1,0.25,0,0,0,0,0,900,0.5,0.3,1,7.20939318898,3.40272929515,0.245316134044,3.41156078039,2.84217094304e-15,348.27867428,700.862426692,-1.72132571985,0.862426692419,20,5.00874623851,0,7.91050240719e-14,-0.281575406205,0.700904967151,False,True,False,data/doe_006.npz,False,3.40272929515,8.54843813548e-16,0.207741771261,1.78768030651e-15,0.10767777513,2.86806890659e-15,0.0612832257343,3.7506326984e-15,0.0343517334855,5.64404259042e-16,0.0176627420992,9.49809824307e-16,0.00765136840441,1.49612651325e-15,0.0034978156003,9.72259994424e-16,0.00426564563074,3.81286866939e-16,0.0050641913936,4.89417553347e-16,0.00498262763023,1.13596974494e-15,0.004330085762,1.6829454386e-16,0.0034316674067,8.67088880669e-16,0.00251595666486,7.70636247353e-16,0.00171764163751,3.88625052586e-16,0.00109844837175,2.18425073881e-16,0.000670066719339,6.90535312853e-16,0.000412716234412,3.52141872459e-16,0.000283933367797,1.88843353954e-16,0.000227348054833,1.88450522301e-15
doe_0202,doe,M035,700,-700,230,400,0.0015,0.0002,0.15,0.1,1,0.25,0,0,0,0,0,900,0.5,0.3,1,6.00879973421,4.30414981162,0.25862774244,4.31191311457,9.05941988094e-16,701.72345068,-698.279331679,1.72345068046,1.72066832125,20,6.28587349934,0,7.85252528465e-14,-0.281575406205,0.738940812852,False,True,False,data/doe_006.npz,False,4.30414981162,3.98036318854e-15,0.212838990133,1.6527867564e-15,0.115455082774,3.5773830711e-15,0.0708441970661,3.00376080859e-15,0.0446588383777,6.72714057945e-16,0.0276843354888,5.82740165839e-16,0.0163475196133,1.84560468343e-15,0.00896229701348,1.42524545582e-15,0.00479861423704,4.3035950738e-16,0.00363529712271,4.9798051381e-16,0.00398789011538,7.63166082583e-16,0.00428864110982,6.13016781478e-16,0.0042196202678,8.83299208801e-16,0.00385520133281,7.03093849961e-16,0.00332001736669,1.53888151342e-16,0.00272002633303,7.27795062831e-16,0.00213102100179,5.57861735541e-16,0.0016006149238,3.02725572107e-16,0.00115370709795,2.54547278993e-16,0.000798571734783,1.84197228026e-15
doe_0203,doe,M036,700,0,230,400,0.0015,0.0002,0.15,0.1,1,0.25,0,0,0,0,0,900,0.5,0.3,1,7.83091064326,3.04349345194,0.238333252655,3.05281105743,1.50990331349e-15,700.001375791,1.72204132537,0.00137579116188,1.72204132537,20,4.49919518789,0,7.51056727513e-14,-0.281575406205,0.680953475359,False,True,False,data/doe_006.npz,False,3.04349345194,1.7283911156e-15,0.20470013004,1.11122189673e-15,0.103139910459,3.26063549639e-15,0.0559164418671,3.23239963471e-15,0.0288825846402,1.40656608824e-15,0.01278518105,9.59595717702e-16,0.00436319811114,1.89717782403e-15,0.00399573753251,1.60866539447e-15,0.00535670851305,4.49942878487e-16,0.00544867400028,1.86407485977e-16,0.00469351093852,1.13533949178e-15,0.00359419110162,2.55730734711e-16,0.00249199502775,6.2827230789e-16,0.00157554413546,8.22988431048e-16,0.000920266959986,3.5488344936e-16,0.000528025702742,4.39533445489e-16,0.00034583909645,7.28544370763e-16,0.000272865981614,2.90118812613e-16,0.000232059073781,4.18573010386e-16,0.000207108309354,1.67485684294e-15
doe_0204,doe,M037,700,700,230,400,0.0015,0.0002,0.15,0.1,1,0.25,0,0,0,0,0,900,0.5,0.3,1,6.00731342607,4.30414986796,0.258563772896,4.31190933344,3.65929508916e-15,698.279371025,701.723429809,-1.72062897538,1.72342980923,20,6.28586200595,0,7.70492173122e-14,-0.281575406205,0.738757997717,False,True,False,data/doe_006.npz,False,4.30414986796,4.73451869602e-16,0.212816175914,2.16928655082e-15,0.115420861321,2.82255823624e-15,0.0708010432104,3.74298943308e-15,0.0446106437349,7.91534718757e-16,0.0276351308593,9.32082887331e-16,0.0163012661027,1.91785763749e-15,0.00892352269593,1.15581404763e-15,0.00477575758652,5.57485358436e-16,0.003636092152,3.17251279007e-16,0.00399736639286,1.26782018181e-15,0.00429657895886,2.32069692473e-16,0.00422373636152,8.48822905907e-16,0.00385560464689,7.66542215506e-16,0.00331752902704,3.14549076507e-16,0.00271563361132,4.16226629477e-16,0.0021256470607,8.21228051956e-16,0.001595011697,3.70791157035e-16,0.00114841377116,9.74769142661e-17,0.000793915406347,1.95295403014e-15
doe_0205,doe,M040,1400,-700,230,400,0.0015,0.0002,0.15,0.1,1,0.25,0,0,0,0,0,900,0.5,0.3,1,4.0900055734,6.80545836051,0.27834362624,6.81114993763,4.61852778244e-16,1401.72482671,-696.55728347,1.72482671008,3.4427165303,31.304951685,9.82585173982,0,7.57823133907e-14,-0.281575406205,0.795394786975,True,True,True,data/doe_006.npz,False,6.80545836051,4.16727710432e-15,0.218671341332,1.61475313804e-15,0.124634737528,3.24254621608e-15,0.0826860615663,2.93908369889e-15,0.0583149103163,3.60633931838e-16,0.0422473981419,1.22829735276e-15,0.0309174753134,7.67787822553e-16,0.0226424395758,1.85941836583e-15,0.0165088381907,7.20990242302e-16,0.0119683660605,7.51299882475e-16,0.00866844897426,8.98714356518e-16,0.00636978555267,4.32284753691e-16,0.0048899326923,9.14811035759e-16,0.00404625046413,9.43254889707e-16,0.00362379360333,4.29098880442e-16,0.00341381039265,4.75318356092e-16,0.00327166149167,4.95662410152e-16,0.00312425009556,1.29952168656e-16,0.00294532986872,2.77263659917e-16,0.00273230056765,1.93630303233e-15
doe_0206,doe,M041,1400,0,230,400,0.0015,0.0002,0.15,0.1,1,0.25,0,0,0,0,0,900,0.5,0.3,1,4.5048312104,6.08698698595,0.274208489516,6.09316138219,4.40536496171e-15,1400.00277045,3.44408712632,0.00277044856398,3.44408712632,28,8.80939049541,0,7.67727735366e-14,-0.281575406205,0.783529754667,True,True,True,data/doe_006.npz,False,6.08698698595,2.62087310894e-15,0.217620973572,2.48025252574e-15,0.122956400333,4.04677013699e-15,0.0804775476377,3.86709570374e-15,0.0556984456722,1.50979014239e-15,0.0393581464658,8.59819039613e-16,0.0278937513167,1.59523563716e-15,0.0196194274122,1.44747758988e-15,0.0136173620411,6.33154170661e-16,0.00934040658425,1.96872420326e-16,0.00644822534098,1.18214883654e-15,0.00470989975162,5.41782086581e-17,0.00387665234816,7.72522597629e-16,0.00358862695714,1.02518276081e-15,0.00349961410898,2.69748013274e-16,0.00341552507601,4.79875737829e-16,0.00326872240107,7.22354812589e-16,0.00305225733592,4.23195299439e-16,0.0027814485129,4.21088759926e-16,0.00247711838764,1.81732601562e-15
doe_0207,doe,M042,1400,700,230,400,0.0015,0.0002,0.15,0.1,1,0.25,0,0,0,0,0,900,0.5,0.3,1,4.08973742799,6.80545841317,0.27832537987,6.81114924254,4.93827201353e-15,1398.2807495,703.445465175,-1.71925050222,3.44546517499,31.304951685,9.82597225686,0,7.80788579307e-14,-0.281575406205,0.795342517684,True,True,True,data/doe_006.npz,False,6.80545841317,1.65547180714e-15,0.218666162926,3.77794922867e-15,0.12462790224,3.1868611187e-15,0.0826770118132,2.99270809696e-15,0.058304114354,1.74779285438e-15,0.0422353723656,4.74444303427e-16,0.030904754386,1.33248046607e-15,0.0226295536347,6.90706944715e-16,0.0164963057577,1.039373902e-15,0.0119567064185,2.68238447925e-16,0.00865821172021,9.43639334677e-16,0.00636156407355,8.28846532162e-17,0.00488424735666,9.14721495474e-16,0.00404320183907,1.02128503018e-15,0.00362283110905,2.76122326097e-16,0.00341405986558,2.5868305699e-16,0.00327238062499,6.6608336514e-16,0.00312497099403,1.05272613054e-16,0.00294580704481,3.38889129271e-16,0.00273243112657,2.09697196094e-15
doe_0208,doe,M030,350,-700,230,400,0.0015,0.0002,0.15,0.1,1,0.25,0,0,0,0,0,900,0.5,0.6,1,7.51177849468,3.40272925472,0.255605484388,3.41231610181,-3.90798504668e-16,351.722762522,-699.140372081,1.72276252213,0.859627918633,20,5.01096318631,0,7.90689617072e-14,-0.281575406205,0.730304928164,False,True,False,data/doe_006.npz,False,3.40272925472,3.37961527397e-15,0.212456685522,9.24869910894e-16,0.114295692712,3.98878075278e-15,0.0685215735819,3.07616033826e-15,0.0411073300848,5.93761326343e-16,0.0231958319608,7.82947972566e-16,0.0114566100965,1.70961417515e-15,0.00437425431406,1.4365219019e-15,0.00234075066085,1.7177317348e-16,0.00344588581128,6.12857786518e-16,0.00383705611687,1.04173527978e-15,0.0034795316726,4.19524335673e-16,0.00274532095475,6.96640371039e-16,0.00193496667638,7.99097197393e-16,0.00125375285639,3.60081743163e-16,0.000831707659023,3.88570273199e-16,0.000686826469459,8.33398029704e-16,0.000666789633241,1.63607860122e-16,0.000634783908142,4.06602177796e-17,0.000560887852754,2.08102809026e-15
doe_0209,doe,M031,350,0,230,400,0.0015,0.0002,0.15,0.1,1,0.25,0,0,0,0,0,900,0.5,0.6,1,13.6328087961,1.52174668767,0.207456816291,1.53582268335,4.70734562441e-16,350.000679091,0.86101859078,0.000679091367374,0.86101859078,20,2.34413149126,0,7.06434724346e-14,-0.281575406205,0.592733779113,False,True,False,data/doe_006.npz,False,1.52174668767,8.49546181568e-16,0.191820681706,1.03591113237e-15,0.0754476095242,2.23222693138e-15,0.0209935905629,2.34304842078e-15,0.00268638729649,1.24632819922e-15,0.00798471972467,1.00261258189e-15,0.00559933774666,1.41710412907e-15,0.00191673936096,8.41266669491e-16,0.000991290971096,4.46078077316e-16,0.00135476203669,3.13813277015e-16,0.000905974285724,1.05883192756e-15,0.00039135314125,3.91473867967e-16,0.000328934975192,3.39249415382e-16,0.0003193594258,3.25133362061e-16,0.000209835045759,3.89001919521e-16,0.000122713984241,3.52200915306e-16,0.000104609136689,6.00510543847e-16,8.76827096381e-05,3.66654071441e-16,5.98551169486e-05,7.24943724892e-16,4.11370405464e-05,1.50517635972e-15
doe_0210,doe,M032,350,700,230,400,0.0015,0.0002,0.15,0.1,1,0.25,0,0,0,0,0,900,0.5,0.6,1,7.5075143366,3.40272929602,0.255460389734,3.41230527624,3.14415160574e-15,348.278674806,700.862426654,-1.7213251942,0.862426654348,20,5.01099415489,0,7.86416588361e-14,-0.281575406205,0.729890325676,False,True,False,data/doe_006.npz,False,3.40272929602,9.8512716719e-16,0.212399049375,1.81805863961e-15,0.114209373093,2.84824289466e-15,0.0684182795869,3.73876041793e-15,0.0409999827137,6.92580166853e-16,0.0230962105461,9.11008534997e-16,0.0113742650109,1.65453339321e-15,0.00432073545182,9.61174036495e-16,0.00235177774697,4.72040101845e-16,0.00346198119006,5.14106066452e-16,0.00384048768067,1.06985111361e-15,0.00347279006098,1.89056919508e-16,0.002732839295,9.03820973332e-16,0.00192105093969,8.11753868334e-16,0.00124218983063,4.55530898582e-16,0.00082552214764,2.7255807944e-16,0.000685532022197,5.95602161124e-16,0.00066650046385,4.18982395948e-16,0.000633477393827,2.19143160023e-16,0.000558436391574,1.80851067365e-15
doe_0211,doe,M035,700,-700,230,400,0.0015,0.0002,0.15,0.1,1,0.25,0,0,0,0,0,900,0.5,0.6,1,6.19660252297,4.30414981241,0.266711055868,4.312405613,8.70414851306e-16,701.723451061,-698.279331555,1.7234510613,1.72066844541,20,6.28724743753,0,7.84681171746e-14,-0.281575406205,0.762041101183,False,True,False,data/doe_006.npz,False,4.30414981241,4.01051667744e-15,0.215923730925,1.64925870209e-15,0.120033389146,3.50574365072e-15,0.076262910812,2.84327756519e-15,0.0502517111982,6.96649032946e-16,0.0328917835326,6.60860631194e-16,0.0207559081104,1.87079234611e-15,0.0122466907959,1.47571018428e-15,0.00650538657452,3.7310981267e-16,0.00316607984164,3.14927961908e-16,0.00234395943107,7.80336791758e-16,0.00277598093322,4.77045456387e-16,0.0030303508113,9.18458876074e-16,0.00292795133321,6.38679175864e-16,0.00257940392291,1.37467324114e-16,0.00211290705981,7.08732263661e-16,0.00163100494349,5.2985246615e-16,0.00120647721293,1.85744323337e-16,0.000885716117565,2.99354608322e-16,0.000687310530882,1.87360159168e-15
doe_0212,doe,M036,700,0,230,400,0.0015,0.0002,0.15,0.1,1,0.25,0,0,0,0,0,900,0.5,0.6,1,8.20650896929,3.04349344926,0.249764562893,3.05372477697,1.40332190313e-15,700.001375176,1.72204142713,0.00137517626047,1.72204142713,20,4.50207554481,0,7.46937450301e-14,-0.281575406205,0.713614757918,False,True,False,data/doe_006.npz,False,3.04349344926,1.81292555805e-15,0.210430454167,1.12540519797e-15,0.110872289804,3.2988783135e-15,0.0639226896514,3.23433301401e-15,0.0358473874321,1.36124922335e-15,0.0179573723572,9.15217687532e-16,0.0069549814068,1.86137797715e-15,0.00220244896609,1.55665650131e-15,0.00360732649911,5.94401860538e-16,0.00428325826937,1.84044753337e-16,0.00385086871757,1.18592118545e-15,0.00290013005693,1.4658656828e-16,0.00188641233664,6.57227771732e-16,0.00111133280134,7.42972003734e-16,0.000758224136199,2.99410978106e-16,0.000727118387344,3.70285872843e-16,0.000722358623074,6.77248116801e-16,0.000646186208942,1.41680078156e-16,0.000521344382575,4.29566212611e-16,0.000391862677934,1.65396455197e-15
doe_0213,doe,M037,700,700,230,400,0.0015,0.0002,0.15,0.1,1,0.25,0,0,0,0,0,900,0.5,0.6,1,6.194816679,4.30414986717,0.26663419386,4.31240091363,3.2684965845e-15,698.279371149,701.723429429,-1.72062885125,1.72342942892,20,6.28723482618,0,7.69220369929e-14,-0.281575406205,0.761821452493,False,True,False,data/doe_006.npz,False,4.30414986717,3.99194177399e-16,0.215897756862,2.2842731239e-15,0.119994297691,3.03183326673e-15,0.076213912927,3.69204855106e-15,0.050197372057,8.16428734721e-16,0.0328366630163,1.01649073249e-15,0.0207040902312,1.88054727884e-15,0.0122015989686,1.06751182756e-15,0.00647031161239,6.35817790298e-16,0.00314744377512,3.67028368194e-16,0.00234742405422,1.29628478385e-15,0.00278321458752,1.47503961951e-16,0.00303374649812,8.43009351055e-16,0.00292712597597,7.63926416647e-16,0.00257541900396,2.90174792874e-16,0.00210709180072,4.51200954789e-16,0.00162463229408,8.98589273619e-16,0.00120065668086,2.52371112327e-16,0.000881325210582,1.07943193088e-16,0.000684751506206,1.91270524242e-15
doe_0214,doe,M040,1400,-700,230,400,0.0015,0.0002,0.15,0.1,1,0.25,0,0,0,0,0,900,0.5,0.6,1,4.17278597982,6.80545836076,0.28397721234,6.81138180294,-4.61852778244e-16,1401.7248269,-696.557283229,1.72482689564,3.44271677093,31.304951685,9.82640667857,0,7.54857547404e-14,-0.281575406205,0.811441475045,True,True,True,data/doe_006.npz,False,6.80545836076,4.05050293677e-15,0.220200430509,1.82811847604e-15,0.127031928731,3.2975801028e-15,0.0857589611136,2.75068475669e-15,0.0618327117756,1.73372466193e-16,0.0459716939944,1.2046276215e-15,0.0346250714691,8.71229727339e-16,0.0261392114602,2.10655050133e-15,0.0196343857555,7.79923920039e-16,0.0145928064852,6.056972783e-16,0.0106842073466,8.87842781234e-16,0.00768495430265,5.34876483208e-16,0.00543891511484,1.02728182418e-15,0.00383792994544,9.56794818453e-16,0.00280483055914,5.69953515514e-16,0.00225370993349,3.76125249263e-16,0.00203677756999,6.23123849413e-16,0.00197429435224,3.89586506433e-16,0.00194088342648,2.73284538464e-16,0.00188184187524,1.86475299634e-15
doe_0215,doe,M041,1400,0,230,400,0.0015,0.0002,0.15,0.1,1,0.25,0,0,0,0,0,900,0.5,0.6,1,4.60471501239,6.08698698495,0.280288403499,6.0934376469,2.87769807983e-15,1400.00277022,3.44408734566,0.0027702192881,3.44408734566,28,8.81004416067,0,7.67619004007e-14,-0.281575406205,0.800876059247,True,True,True,data/doe_006.npz,False,6.08698698495,2.96227554369e-15,0.219408228907,2.61241261744e-15,0.125733385665,4.00964198119e-15,0.083990822266,3.61649961708e-15,0.0596515674578,1.43299977141e-15,0.043454477145,8.21970505273e-16,0.0318659758581,1.53668756059e-15,0.0232440973178,1.51103628784e-15,0.0167142387599,5.5146098183e-16,0.0117583733468,2.22425895231e-16,0.00804436493547,1.10356209e-15,0.00535232742976,1.05512569771e-16,0.00354552235609,8.20002972563e-16,0.00253895174173,1.02707109889e-15,0.00217562182531,2.44634689181e-16,0.00213854026191,6.21715279719e-16,0.00215751713024,7.56770496726e-16,0.00212252190228,3.91994201032e-16,0.00201497334555,3.62905070728e-16,0.00184879489841,1.82241928802e-15
doe_0216,doe,M042,1400,700,230,400,0.0015,0.0002,0.15,0.1,1,0.25,0,0,0,0,0,900,0.5,0.6,1,4.17246465789,6.80545841186,0.283955347043,6.81138094075,5.29354338141e-15,1398.28074924,703.445465015,-1.71925076044,3.44546501515,31.304951685,9.82650422081,0,7.81743174732e-14,-0.281575406205,0.811378894088,True,True,True,data/doe_006.npz,False,6.80545841186,1.66542037793e-15,0.220194665839,3.85140898347e-15,0.127024004241,3.07800922732e-15,0.0857485240514,2.74576953384e-15,0.0618203367751,1.79244668786e-15,0.0459579990588,3.63054891094e-16,0.0346106724791,1.26063768111e-15,0.0261246851174,5.00775755669e-16,0.0196202466601,1.15581182694e-15,0.014579498296,3.05724369426e-16,0.0106721077819,9.74276864804e-16,0.00767439525133,1.93288406743e-16,0.00543021951866,9.38226310223e-16,0.00383145020111,1.10503603369e-15,0.00280088328705,2.9387521804e-16,0.002252198345,1.56097860766e-16,0.00203687308125,5.61285751909e-16,0.00197497025611,2.31059779917e-16,0.0019414844263,3.32992655234e-16,0.00188208509794,1.98069018554e-15
doe_0217,doe,M030,350,-700,230,400,0.0015,0.0002,0.15,0.1,1,0.25,0,0,0,0,0,900,1,0.1,1,0.745173981047,3.40272921616,0.0253562527643,3.402833651,-1.13686837722e-15,351.722740878,-699.140373043,1.72274087815,0.85962695682,20,4.81099152074,0,7.99944655909e-14,-0.281575406205,0.0761704794768,True,True,True,data/doe_006.npz,False,3.40272921616,2.75128181281e-15,0.0038687982584,7.31544260919e-16,0.00458917741732,3.68136692724e-15,0.0053578781508,3.18592281957e-15,0.00604253629222,8.3269008147e-16,0.00657999317904,9.19391431575e-16,0.00694714458462,1.61604559531e-15,0.00714515425266,1.33990612305e-15,0.00718945888792,3.22115165017e-16,0.00710293479723,7.64057956262e-16,0.00691120810517,1.14247156008e-15,0.00663958521735,3.18629876977e-16,0.0063112144533,9.11982179713e-16,0.00594614479112,8.41570511858e-16,0.00556100014262,2.5346513473e-16,0.00516904581373,6.62724733366e-16,0.00478048089047,5.84932453495e-16,0.00440284008008,2.9031766399e-16,0.00404142837011,2.55369941995e-16,0.00369974170308,2.15289674615e-15
doe_0218,doe,M031,350,0,230,400,0.0015,0.0002,0.15,0.1,1,0.25,0,0,0,0,0,900,1,0.1,1,2.53307369734,1.52174677308,0.0385469672489,1.52223540343,7.28306304154e-16,350.000698723,0.861023519133,0.00069872337059,0.861023519133,20,2.14756051845,0,7.55387877676e-14,-0.281575406205,0.110190265617,True,True,True,data/doe_006.npz,False,1.52174677308,1.20950720548e-15,0.00936774896026,9.12796355312e-16,0.0130062211209,2.91884727528e-15,0.0150268018441,2.91522692152e-15,0.0154277549144,9.48388488625e-16,0.0146087181481,9.40319912505e-16,0.0130648819035,1.8942480424e-15,0.0112215322799,1.45348270766e-15,0.00937248537109,4.09333367073e-16,0.00768413641796,3.25435864843e-16,0.00622765022221,1.07358430828e-15,0.00501476908459,2.11130421682e-16,0.00402616887744,6.88190264777e-16,0.00323004596802,7.31115063205e-16,0.00259260467852,2.25698102117e-16,0.00208308037091,5.14920463948e-16,0.00167555190496,8.46634854276e-16,0.00134908697942,2.73109484679e-16,0.00108715192,3.94389175609e-16,0.000876796970232,1.92874124948e-15
doe_0219,doe,M032,350,700,230,400,0.0015,0.0002,0.15,0.1,1,0.25,0,0,0,0,0,900,1,0.1,1,0.746455338285,3.40272922432,0.0253998539424,3.40283399124,3.28626015289e-15,348.278654891,700.862418136,-1.72134510924,0.862418136025,20,4.81102113192,0,7.96004088937e-14,-0.281575406205,0.0762914853875,True,True,True,data/doe_006.npz,False,3.40272922432,9.85362494203e-16,0.00387124552015,1.64035754528e-15,0.00459319905448,2.75070132815e-15,0.00536675656919,3.62664232377e-15,0.0060550458511,5.77023211794e-16,0.00659485387676,1.02198110781e-15,0.00696319637038,1.60360108203e-15,0.00716142885491,9.91398063624e-16,0.00720520648348,6.19187546968e-16,0.00711762210772,4.89346453012e-16,0.00692449754712,1.22788780545e-15,0.00665130330061,3.14911388586e-17,0.00632131617461,8.54259224968e-16,0.00595467890538,9.55521027228e-16,0.00556807832646,2.07632247738e-16,0.00517481718087,4.36739372281e-16,0.00478511219459,8.41246968354e-16,0.00440650123046,1.05092151148e-16,0.00404428251081,1.96382128129e-16,0.00370193896987,2.12695646867e-15
doe_0220,doe,M035,700,-700,230,400,0.0015,0.0002,0.15,0.1,1,0.25,0,0,0,0,0,900,1,0.1,1,0.52137303557,4.30414983297,0.0224406766397,4.30422070771,1.7763568394e-17,701.723439298,-698.279350081,1.72343929778,1.72064991938,20,6.08612397356,0,7.97553102763e-14,-0.281575406205,0.0705729338806,True,True,True,data/doe_006.npz,False,4.30414983297,3.56158906769e-15,0.00388096382531,1.25668366461e-15,0.0042112983991,3.42758540519e-15,0.00460718515429,3.04306049292e-15,0.00499976307859,7.54318938695e-16,0.00534454489887,5.31584615117e-16,0.00561677940075,1.80004952217e-15,0.00580617301386,1.53141157215e-15,0.00591217008811,4.86209965366e-16,0.00594026390604,4.84434639578e-16,0.00589931669229,8.00764006859e-16,0.00579971019127,5.58446067027e-16,0.00565213070941,1.11704513913e-15,0.0054668160046,7.53276066374e-16,0.00525312563671,2.80239842721e-17,0.00501933011645,8.01968969387e-16,0.00477254290052,6.0588003448e-16,0.00451874177733,1.65521301809e-16,0.00426284291264,3.27441939755e-16,0.00400880284534,1.88672562999e-15
doe_0221,doe,M036,700,0,230,400,0.0015,0.0002,0.15,0.1,1,0.25,0,0,0,0,0,900,1,0.1,1,0.892950182584,3.04349354045,0.0271768811264,3.04362312625,1.35003119794e-15,700.001396136,1.72204623155,0.00139613645729,1.72204623155,20,4.30277021199,0,7.76212469961e-14,-0.281575406205,0.0802447232682,True,True,True,data/doe_006.npz,False,3.04349354045,1.84291581405e-15,0.00422666585644,1.23368343407e-15,0.00516802547564,3.24882341489e-15,0.00612192329136,3.26218097353e-15,0.00692624228009,9.67836979512e-16,0.00751294273066,1.08122208131e-15,0.00786526682362,1.89258928105e-15,0.00799648773399,1.45307351136e-15,0.00793649173493,6.73768264407e-16,0.0077225193227,3.91251514754e-16,0.00739290582559,9.26168420505e-16,0.00698319626248,2.08830555174e-16,0.00652407665128,7.40971767155e-16,0.00604059376808,8.62523993154e-16,0.00555220726602,1.59820734808e-16,0.00507331785521,5.48843002986e-16,0.00461401736505,8.56673142223e-16,0.00418089468706,3.55756977341e-16,0.00377779964882,2.63400547623e-16,0.00340651501554,2.07746851791e-15
doe_0222,doe,M037,700,700,230,400,0.0015,0.0002,0.15,0.1,1,0.25,0,0,0,0,0,900,1,0.1,1,0.521852257019,4.30414984661,0.02246130312,4.30422083726,3.00204305859e-15,698.279352624,701.723441191,-1.72064737586,1.72344119056,20,6.08612130206,0,7.84176621249e-14,-0.281575406205,0.0706306232317,True,True,True,data/doe_006.npz,False,4.30414984661,5.37108083231e-16,0.0038848770806,2.05130355275e-15,0.00421028668352,3.0757565731e-15,0.00460833852277,3.7419480024e-15,0.00500286244828,5.62381108509e-16,0.00534921099843,1.01566160932e-15,0.00562259220177,1.75576168923e-15,0.00581273183246,9.99524316412e-16,0.00591912190234,7.03934861903e-16,0.00594731485772,2.78219051038e-16,0.00590623422074,1.16930958148e-15,0.0058063198078,2.61154947419e-16,0.00565830982791,1.04923721455e-15,0.00547248639217,6.81283790078e-16,0.00525824551232,2.55910348924e-16,0.00502388655362,5.53374967899e-16,0.00477654492265,9.56654840075e-16,0.00452221434391,4.19123803872e-16,0.00426582186239,2.1812901988e-16,0.00401133077609,1.90052620686e-15
doe_0223,doe,M040,1400,-700,230,400,0.0015,0.0002,0.15,0.1,1,0.25,0,0,0,0,0,900,1,0.1,1,0.290712400225,6.80545843405,0.0197843115599,6.80549892195,1.4921397451e-15,1401.7248355,-696.557303794,1.72483549774,3.44269620578,31.304951685,9.6238217559,0,7.75517762212e-14,-0.281575406205,0.067071638147,True,True,True,data/doe_006.npz,False,6.80545843405,4.43628831817e-15,0.0048204781677,2.57688320247e-15,0.00482562828157,4.22338169577e-15,0.0048357615376,3.32424559215e-15,0.00484298084514,1.19219119985e-15,0.00484357878427,1.15601418715e-15,0.00483483011237,1.7158773296e-15,0.00481483608482,1.42243605111e-15,0.0047825353589,6.62248538496e-16,0.00473760299504,7.17879963006e-16,0.00468029197393,1.19076088943e-15,0.00461126910348,2.66609273283e-16,0.00453147242818,6.3400931716e-16,0.00444199906428,7.97940356556e-16,0.00434402252657,2.14231781964e-16,0.0042387345859,5.19180801545e-16,0.00412730589759,6.07421213757e-16,0.00401086028332,1.1009651925e-16,0.0038904586336,1.10296175765e-16,0.00376708946087,2.12324263197e-15
doe_0224,doe,M041,1400,0,230,400,0.0015,0.0002,0.15,0.1,1,0.25,0,0,0,0,0,900,1,0.1,1,0.327912949936,6.0869870794,0.0199600188943,6.08703216234,3.16191517413e-15,1400.00279193,3.44409211658,0.00279192965036,3.44409211658,28,8.60768853701,0,7.88823715875e-14,-0.281575406205,0.0669352765989,True,True,True,data/doe_006.npz,False,6.0869870794,3.1558856919e-15,0.00451583278938,2.60931499245e-15,0.00456226328187,3.66433905671e-15,0.00463195752244,3.33757208368e-15,0.00470590796959,1.18272513273e-15,0.00477387351637,1.27774439993e-15,0.00482808508345,1.78952951556e-15,0.00486332565445,1.50257386092e-15,0.00487675334554,7.5601924795e-16,0.00486744638474,2.91899205362e-16,0.00483587832177,1.05838624811e-15,0.0047834464268,6.89322450827e-17,0.00471209902685,7.15925115222e-16,0.00462406399784,7.72601968551e-16,0.00452166228924,1.27121222659e-16,0.00440718607237,2.77391308053e-16,0.00428282308533,7.45377924887e-16,0.00415061268837,3.39238661233e-16,0.00401242307001,2.31886382506e-16,0.00386994225012,2.17041416618e-15
doe_0225,doe,M042,1400,700,230,400,0.0015,0.0002,0.15,0.1,1,0.25,0,0,0,0,0,900,1,0.1,1,0.290760376739,6.80545845223,0.0197875766345,6.80549895277,3.97903932026e-15,1398.28074843,703.445487292,-1.7192515734,3.44548729163,31.304951685,9.62374435817,0,7.94862402562e-14,-0.281575406205,0.0670821102958,True,True,True,data/doe_007.npz,False,6.80545845223,1.43759753641e-15,0.0048283364154,2.70644854192e-15,0.00482465916669,3.32353193265e-15,0.00483500765077,3.52795875392e-15,0.00484247343574,1.10900811433e-15,0.00484332651639,8.21167348372e-16,0.00483482311638,1.74591321e-15,0.00481505126127,1.13505747321e-15,0.00478294153911,7.17643450156e-16,0.00473816522244,3.90319211356e-16,0.00468097467995,1.06988879814e-15,0.00461203825118,8.62770324745e-17,0.00453229682213,7.47103536014e-16,0.00444285104591,8.28115897374e-16,0.00434487824561,3.68554911824e-16,0.0042395739954,5.37556602027e-16,0.00412811257902,7.93304608023e-16,0.00401162117465,3.62687139559e-16,0.00389116370903,3.5117105802e-16,0.00376773139329,2.17586996972e-15
doe_0226,doe,M030,350,-700,230,400,0.0015,0.0002,0.15,0.1,1,0.25,0,0,0,0,0,900,1,0.3,1,0.581806879126,3.40272921884,0.0197973126733,3.40278682955,-1.26121335597e-15,351.722741259,-699.140373541,1.72274125917,0.859626458589,20,4.81235835557,0,8.014519005e-14,-0.281575406205,0.0565736376716,True,True,True,data/doe_007.npz,False,3.40272921884,2.78101276972e-15,0.00862601421024,6.27828211239e-16,0.00824653438775,3.65566668244e-15,0.0077262166848,2.96916363401e-15,0.00708430021736,8.21263330474e-16,0.00635795807792,9.59743439689e-16,0.00558631352654,1.58103932779e-15,0.0048061132472,1.53558571366e-15,0.00404889666901,2.36146261701e-16,0.0033393239264,5.82246593564e-16,0.0026946287564,1.04192593171e-15,0.00212498497957,3.68595768022e-16,0.00163448176663,7.42947501358e-16,0.00122240982723,8.03119668981e-16,0.000884629628062,3.9729066986e-16,0.000614893493471,6.13711407024e-16,0.00040613253672,6.98451420984e-16,0.000252001332108,2.23333180673e-16,0.000149667189803,1.9975079147e-16,0.000102897970265,2.24020587896e-15
doe_0227,doe,M031,350,0,230,400,0.0015,0.0002,0.15,0.1,1,0.25,0,0,0,0,0,900,1,0.3,1,1.20372770747,1.52174676663,0.0183176874674,1.52185701032,8.08242361927e-16,350.000697239,0.861023663704,0.000697239456031,0.861023663704,20,2.1544511102,0,7.45599083891e-14,-0.281575406205,0.0523362839655,True,True,True,data/doe_007.npz,False,1.52174676663,1.22044002894e-15,0.0105089101152,9.06919863546e-16,0.00981863787932,2.85067143001e-15,0.00825568157285,2.96024389276e-15,0.00615139678972,1.11192317904e-15,0.0040281829642,8.5248350161e-16,0.00226394133607,1.79912912774e-15,0.00100969781514,1.52420433957e-15,0.000243067647081,2.89596433407e-16,0.000145741517887,2.38580294316e-16,0.000285038707424,1.16901603369e-15,0.000285226623238,2.84509150226e-16,0.000224579380143,5.64853448768e-16,0.000150657188285,6.1891581246e-16,8.76190544608e-05,3.42154990936e-16,4.50049518895e-05,3.97211548219e-16,2.53400204359e-05,7.08693713085e-16,2.2160909969e-05,2.65510544012e-16,2.13659129959e-05,4.66904106689e-16,1.85547553573e-05,1.72687170651e-15
doe_0228,doe,M032,350,700,230,400,0.0015,0.0002,0.15,0.1,1,0.25,0,0,0,0,0,900,1,0.3,1,0.579861885554,3.40272922406,0.0197311298389,3.40278645009,2.75335310107e-15,348.278655422,700.862417805,-1.72134457795,0.862417804512,20,4.81234948315,0,7.95705410645e-14,-0.281575406205,0.0563844418846,True,True,True,data/doe_007.npz,False,3.40272922406,1.00846739159e-15,0.0086130262557,1.51820254596e-15,0.00822765057539,2.75185436533e-15,0.00770548753083,3.7727635871e-15,0.00706182428882,5.23988430808e-16,0.00633417919786,9.49243196892e-16,0.00556190126187,1.63925027933e-15,0.0047818281433,1.06010392014e-15,0.00402547279075,5.61964575142e-16,0.0033173859226,4.21610376975e-16,0.00267464651133,1.27639568618e-15,0.00210726025682,2.00437508426e-16,0.00161915781034,7.53293626194e-16,0.00120949493923,8.59104955379e-16,0.000874027659806,2.67087269711e-16,0.000606437185769,3.46604553893e-16,0.00039962065705,7.1423925375e-16,0.000247253798814,2.19142082913e-16,0.000146644099447,5.06998719755e-17,0.000101688694692,2.03596703683e-15
doe_0229,doe,M035,700,-700,230,400,0.0015,0.0002,0.15,0.1,1,0.25,0,0,0,0,0,900,1,0.3,1,0.501087903332,4.30414983486,0.0215675741637,4.30420391999,4.79616346638e-16,701.723439857,-698.279350135,1.72343985657,1.72064986545,20,6.08696461722,0,7.95233848193e-14,-0.281575406205,0.0616496987303,True,True,True,data/doe_007.npz,False,4.30414983486,3.48570770495e-15,0.0087429896373,1.46450607543e-15,0.00842188419714,3.55079308404e-15,0.00798514101437,2.71743381707e-15,0.00744746299738,6.78647987646e-16,0.00683831557918,6.41011267253e-16,0.00618722767574,1.71246804183e-15,0.00552079911488,1.60009827e-15,0.00486137228999,4.32965128574e-16,0.00422655873106,5.88163475593e-16,0.00362933765514,8.87494621454e-16,0.00307849657591,4.63680259001e-16,0.00257923961442,9.31254519001e-16,0.00213384697918,6.58092847189e-16,0.00174231571857,8.97568134271e-17,0.00140294450524,7.91056836384e-16,0.0011128465822,4.72829616103e-16,0.000868389008191,3.03543357503e-16,0.000665566515062,4.22203325536e-16,0.000500327447773,1.71589571954e-15
doe_0230,doe,M036,700,0,230,400,0.0015,0.0002,0.15,0.1,1,0.25,0,0,0,0,0,900,1,0.3,1,0.645697984581,3.04349353813,0.0196517764366,3.04355700234,1.27897692437e-15,700.001395602,1.72204664595,0.00139560229934,1.72204664595,20,4.30445508958,0,7.64431746157e-14,-0.281575406205,0.0561564748794,True,True,True,data/doe_007.npz,False,3.04349353813,1.85478291174e-15,0.00891488953482,1.31906351056e-15,0.00847670090911,3.30410562219e-15,0.00787667334657,3.26416906605e-15,0.00713469611834,1.0538282798e-15,0.00629660142466,9.19454518585e-16,0.00541245915891,1.74362605007e-15,0.00452996576355,1.4422685117e-15,0.0036895038353,3.96131610221e-16,0.00292121349929,3.83689587494e-16,0.0022441884999,1.17567849035e-15,0.00166735334471,1.53185538503e-16,0.00119135868762,7.80703248153e-16,0.000810897169061,8.65392651805e-16,0.000517076816465,3.76491005939e-16,0.00029994741607,5.65782537935e-16,0.000152958132269,7.40419516853e-16,8.68508346767e-05,3.192627526e-16,0.000101278716453,3.03285502472e-16,0.000128214246925,1.92615763517e-15
doe_0231,doe,M037,700,700,230,400,0.0015,0.0002,0.15,0.1,1,0.25,0,0,0,0,0,900,1,0.3,1,0.500263115262,4.30414984472,0.0215320740987,4.30420375152,2.87769807983e-15,698.27935257,701.723440632,-1.72064742966,1.72344063231,20,6.08696151248,0,7.795772823e-14,-0.281575406205,0.0615479754931,True,True,True,data/doe_007.npz,False,4.30414984472,2.49217028174e-16,0.00873972574363,2.00587036649e-15,0.00841143998628,3.12637102095e-15,0.0079742930133,3.71334594989e-15,0.00743620181749,8.3803977859e-16,0.0068267047537,9.05237385451e-16,0.0061753909552,1.93562271414e-15,0.00550890163173,1.01338852441e-15,0.00484959963646,5.19142077403e-16,0.0042150975996,2.29614811015e-16,0.00361836028491,1.16016976982e-15,0.00306814991027,1.58580234287e-16,0.00256963909753,1.00356837192e-15,0.00212507434609,8.13985891151e-16,0.00173441989067,1.87332713462e-16,0.00139594468964,4.43920338886e-16,0.0011067368008,9.39245084008e-16,0.000863143489648,3.73963859079e-16,0.000661145646025,1.40121119292e-16,0.000496684290776,1.88519014906e-15
doe_0232,doe,M040,1400,-700,230,400,0.0015,0.0002,0.15,0.1,1,0.25,0,0,0,0,0,900,1,0.3,1,0.381500046155,6.80545843484,0.02596282707,6.80550890898,2.13162820728e-15,1401.72483585,-696.557303496,1.72483585046,3.44269650432,31.304951685,9.62413657713,0,7.77489423509e-14,-0.281575406205,0.0748877713318,True,True,True,data/doe_007.npz,False,6.80545843484,4.62137993032e-15,0.00922006933964,2.29872742439e-15,0.00898134154179,4.26196524106e-15,0.00866082235044,3.16322850198e-15,0.00826377892592,8.45230354236e-16,0.00780978581393,1.00305843311e-15,0.00731843932512,1.32900071901e-15,0.0068071437824,1.62990078089e-15,0.0062903586583,7.92384995945e-16,0.00577946169294,7.45724980315e-16,0.00528297539508,1.12634647286e-15,0.00480697211715,5.04001082481e-16,0.00435552952077,7.43265370016e-16,0.00393116174487,7.52082482766e-16,0.00353519166629,1.03732105534e-16,0.00316805473927,4.41754466472e-16,0.00282953821145,8.99041314362e-16,0.00251896514611,2.45743867901e-16,0.00223533397269,3.143749993e-16,0.00197742347012,1.93882541545e-15
doe_0233,doe,M041,1400,0,230,400,0.0015,0.0002,0.15,0.1,1,0.25,0,0,0,0,0,900,1,0.3,1,0.408248415361,6.08698707829,0.0248500282904,6.08703836119,2.73558953268e-15,1400.00279167,3.44409253097,0.00279167443455,3.44409253097,28,8.60810382418,0,7.86270676128e-14,-0.281575406205,0.0713896668786,True,True,True,data/doe_007.npz,False,6.08698707829,3.21535771194e-15,0.00909193974209,2.5200795165e-15,0.0088329016111,3.67149248312e-15,0.0084904109883,3.30034679263e-15,0.008066565139,1.0560097883e-15,0.00758263220148,1.26697986809e-15,0.00705988688257,1.78971412831e-15,0.00651727937925,1.37186964187e-15,0.00597060324289,7.65793912139e-16,0.00543232076804,2.88954340611e-16,0.00491178255372,9.84044699769e-16,0.00441564521113,1.25628133238e-16,0.00394835031515,7.93042886112e-16,0.0035125840693,7.64170360408e-16,0.00310967953928,7.33929300783e-17,0.00273994995651,3.17893858521e-16,0.00240295583022,5.49042084504e-16,0.0020977147485,4.00183666094e-16,0.00182286430978,1.03784835296e-16,0.00157678795606,2.10703113044e-15
doe_0234,doe,M042,1400,700,230,400,0.0015,0.0002,0.15,0.1,1,0.25,0,0,0,0,0,900,1,0.3,1,0.381350731006,6.80545845024,0.0259526655483,6.80550888337,4.08562073062e-15,1398.28074799,703.445487136,-1.71925200838,3.44548713641,31.304951685,9.62408867829,0,7.93607289494e-14,-0.281575406205,0.0748573454868,True,True,True,data/doe_007.npz,False,6.80545845024,1.45079886815e-15,0.00922504908198,3.19445226483e-15,0.00897756927635,3.3798292056e-15,0.00865708867523,3.35783439546e-15,0.00826009530119,1.40221742354e-15,0.00780616271117,7.24760579927e-16,0.00731488626584,1.4741580901e-15,0.00680366959489,1.02409578863e-15,0.00628697170018,9.25602810468e-16,0.00577616998956,3.62328682658e-16,0.00527978668442,1.02201143908e-15,0.0048038938129,3.31935187319e-16,0.00435256861644,9.178169214e-16,0.00392832468452,8.8155383045e-16,0.00353248420567,3.40346779362e-16,0.00316548181593,3.88211685145e-16,0.00282710383694,6.01032172086e-16,0.00251667232825,4.27100433624e-16,0.0022331846711,2.62520739402e-16,0.00197541858509,2.08232637149e-15
doe_0235,doe,M030,350,-700,230,400,0.0015,0.0002,0.15,0.1,1,0.25,0,0,0,0,0,900,1,0.6,1,1.87805735818,3.40272922388,0.063905206568,3.40332960689,-1.63424829225e-15,351.722742683,-699.140374123,1.72274268275,0.859625877411,20,4.81893146747,0,7.93683009062e-14,-0.281575406205,0.182639202891,True,True,True,data/doe_007.npz,False,3.40272922388,2.94976999281e-15,0.0214320064037,8.06975431617e-16,0.0253381281426,3.80474782207e-15,0.0272128906824,3.0953474952e-15,0.026629490752,7.93312657091e-16,0.0240848878621,8.69061119412e-16,0.0203614457921,1.53789324429e-15,0.0161952466801,1.57578583047e-15,0.0121384949508,2.5688165888e-16,0.00853784394652,5.4548735831e-16,0.00556906342564,1.03066419545e-15,0.00329398476519,5.03058568638e-16,0.00173965513664,6.39907717971e-16,0.00103786434327,8.28906895649e-16,0.00112307382802,4.93636917234e-16,0.00133722943981,4.16031661729e-16,0.00142299993773,8.2809523496e-16,0.00137989288616,1.53323902163e-16,0.00124939662607,1.60816210093e-16,0.00107264776497,2.13138904923e-15
doe_0236,doe,M031,350,0,230,400,0.0015,0.0002,0.15,0.1,1,0.25,0,0,0,0,0,900,1,0.6,1,5.93687480834,1.5217467437,0.0903441990736,1.52442619815,8.17124146124e-16,350.000691969,0.861022619381,0.000691969328614,0.861022619381,20,2.19004932726,0,7.32100987203e-14,-0.281575406205,0.25812639918,False,True,False,data/doe_007.npz,False,1.5217467437,1.18363120423e-15,0.0596671036605,8.32871827897e-16,0.0548221140781,2.5732636972e-15,0.0356469775531,2.84113742583e-15,0.0166711782223,1.26105702044e-15,0.00402935358489,8.11440086248e-16,0.00226919915109,1.72922571267e-15,0.00372063989768,1.22271739707e-15,0.00294928807896,3.88421432371e-16,0.00158432638426,3.47676639296e-16,0.000597764033873,1.15788073279e-15,0.000522910377241,2.68021577242e-16,0.000590812943406,3.00710206232e-16,0.000473210509504,4.58229175605e-16,0.000295613853108,3.80562357381e-16,0.000174011090409,3.10709917555e-16,0.000141838219363,7.20218872428e-16,0.000130638538504,3.89341084661e-16,0.000105058911142,5.25021920077e-16,7.43094817637e-05,1.65691755173e-15
doe_0237,doe,M032,350,700,230,400,0.0015,0.0002,0.15,0.1,1,0.25,0,0,0,0,0,900,1,0.6,1,1.87428303664,3.40272922687,0.0637767766818,3.40332719645,2.89546164822e-15,348.278656958,700.862417762,-1.7213430421,0.862417761963,20,4.81887489032,0,7.92248210001e-14,-0.281575406205,0.182271712382,True,True,True,data/doe_007.npz,False,3.40272922687,1.13784282904e-15,0.0214037267365,1.75528062797e-15,0.0252996206876,2.49428980236e-15,0.0271679535214,3.86017566321e-15,0.0265802843933,5.32246767325e-16,0.0240340510325,8.04250048385e-16,0.0203115742576,1.71452314782e-15,0.0161485763953,1.09665486817e-15,0.0120967319675,4.49595256355e-16,0.00850211095645,3.36670341564e-16,0.00553994790997,1.23270266289e-15,0.00327173246549,2.43746378058e-16,0.0017248856971,7.47890774545e-16,0.00103298279103,8.96246302033e-16,0.00112354294475,3.67780396112e-16,0.00133688161945,2.8269505832e-16,0.00142081073806,6.73475562456e-16,0.0013761783116,4.46925175062e-16,0.00124471787021,1.1003359834e-16,0.00106755579209,1.96435996351e-15
doe_0238,doe,M035,700,-700,230,400,0.0015,0.0002,0.15,0.1,1,0.25,0,0,0,0,0,900,1,0.6,1,1.37012617336,4.30414983684,0.0589722834549,4.30455456644,8.52651282912e-16,701.723440917,-698.279349714,1.72344091679,1.72065028604,20,6.09098811919,0,7.94946575446e-14,-0.281575406205,0.168648832369,True,True,True,data/doe_007.npz,False,4.30414983684,3.70958381916e-15,0.0185003950973,1.60086012812e-15,0.0204607217096,3.50488339733e-15,0.0218887444657,2.63754526028e-15,0.0222501270681,2.81547820029e-16,0.0214885302332,8.00554343264e-16,0.0198075709799,1.55729021636e-15,0.0175126312457,1.69293166854e-15,0.0149098302389,3.26299597836e-16,0.0122539078898,5.38875572198e-16,0.00973052887515,9.99876784533e-16,0.00745879084369,5.24941592876e-16,0.00550332040742,7.96397533371e-16,0.0038896292291,6.30365369315e-16,0.00262028520201,2.43391622396e-16,0.00169302346317,8.07857919975e-16,0.00112069604534,4.28352264692e-16,0.000906883304418,3.41548797563e-16,0.000925222686868,4.48478725474e-16,0.000994819175261,1.68866033026e-15
doe_0239,doe,M036,700,0,230,400,0.0015,0.0002,0.15,0.1,1,0.25,0,0,0,0,0,900,1,0.6,1,2.19762896756,3.0434935303,0.0668846954477,3.04422855081,1.68753899743e-15,700.001393802,1.72204687635,0.00139380207952,1.72204687635,20,4.31269877844,0,7.5782147229e-14,-0.281575406205,0.191121300445,True,True,True,data/doe_007.npz,False,3.0434935303,1.87262900928e-15,0.0239628443417,1.1997929931e-15,0.0287635899567,3.2638322646e-15,0.0303010875114,3.33928831415e-15,0.0285379426518,1.30361663111e-15,0.0245208166721,7.39761979362e-16,0.0194557673043,1.73889237513e-15,0.0143090587317,1.60783242177e-15,0.0097014275887,4.26102527252e-16,0.00594853144718,1.98970513941e-16,0.00316125385252,1.09951783762e-15,0.00141767558264,1.68432087963e-16,0.00106075340371,6.92138718373e-16,0.00142313744334,8.86708040498e-16,0.00162719151709,3.40489963836e-16,0.00161095847274,5.8583200179e-16,0.00144714774403,8.27914542945e-16,0.00120913205752,3.95179124387e-16,0.000953637406728,4.95922348223e-16,0.00072022782037,1.76661954521e-15
doe_0240,doe,M037,700,700,230,400,0.0015,0.0002,0.15,0.1,1,0.25,0,0,0,0,0,900,1,0.6,1,1.36848320135,4.30414984274,0.058901567559,4.30455360072,3.10862446895e-15,698.279352991,701.723439573,-1.72064700915,1.72343957268,20,6.09098347883,0,7.7509544405e-14,-0.281575406205,0.168446265594,True,True,True,data/doe_007.npz,False,4.30414984274,2.48257663493e-16,0.0184891887754,1.94170251261e-15,0.0204418236947,2.94702564473e-15,0.0218674550458,3.64676541802e-15,0.0222268711481,7.48186332389e-16,0.0214640019688,9.16309868422e-16,0.0197825631405,1.85704791562e-15,0.017487922553,1.14073460707e-15,0.0148861147262,5.19889678327e-16,0.0122317554242,3.80039667478e-16,0.00971036883338,1.09471870318e-15,0.0074409129671,1.36784598627e-16,0.00548788924062,9.38651926862e-16,0.00387671289147,8.40924725491e-16,0.00260991005159,1.52134912684e-16,0.00168529026552,5.29356682014e-16,0.00111592769232,9.08623909359e-16,0.000904990933799,3.41239041405e-16,0.000924683421157,1.07308536437e-16,0.000994325596474,1.96532089161e-15
doe_0241,doe,M040,1400,-700,230,400,0.0015,0.0002,0.15,0.1,1,0.25,0,0,0,0,0,900,1,0.6,1,0.777107605998,6.80545843527,0.0528857351236,6.8056657039,1.42108547152e-15,1401.72483628,-696.557302854,1.72483628006,3.4426971463,31.304951685,9.62566871804,0,7.64988251161e-14,-0.281575406205,0.151755954153,True,True,True,data/doe_007.npz,False,6.80545843527,4.66640432543e-15,0.0163916685426,2.19635302416e-15,0.0164931580522,4.00275720807e-15,0.0165661277478,3.13285196913e-15,0.0164964100464,8.32118456187e-16,0.0162245281995,1.21185254579e-15,0.0157286456379,1.27840882586e-15,0.0150191055645,1.70180058564e-15,0.0141286006786,8.37588160365e-16,0.013101726775,7.68753079067e-16,0.0119864165317,9.81484763546e-16,0.010828043878,7.59220280581e-16,0.00966601678008,1.0164538886e-15,0.00853228948704,8.27553115632e-16,0.00745117317343,2.25324126436e-16,0.00643992132077,2.56661907878e-16,0.00550970565012,9.60594037912e-16,0.00466672855464,5.98792422291e-16,0.00391332038129,4.51159895347e-16,0.00324894255729,1.95180867892e-15
doe_0242,doe,M041,1400,0,230,400,0.0015,0.0002,0.15,0.1,1,0.25,0,0,0,0,0,900,1,0.6,1,0.88774672673,6.08698707551,0.0540370285193,6.08722796813,3.05533376377e-15,1400.00279103,3.44409306386,0.00279103294656,3.44409306386,28,8.61006675621,0,7.79124674513e-14,-0.281575406205,0.154726315711,True,True,True,data/doe_007.npz,False,6.08698707551,3.01790007939e-15,0.016703809236,2.50320759554e-15,0.0170431057746,3.74688050251e-15,0.0173549476624,3.55977633144e-15,0.0174462618457,1.10885313944e-15,0.0172218925379,9.53010394406e-16,0.0166584340421,1.58873178033e-15,0.0157866043132,1.21189197985e-15,0.0146693362974,4.3393847581e-16,0.0133825490088,3.52552690606e-16,0.0120014444308,1.22299532154e-15,0.0105923660239,2.01769347185e-16,0.00920905323546,8.29681425862e-16,0.00789187617342,8.04983747568e-16,0.00666882667145,2.68398384371e-16,0.00555737195791,2.89197168012e-16,0.00456659467484,5.85270230862e-16,0.00369929255891,2.65614943812e-16,0.00295388556941,1.2382631307e-16,0.00232608739233,2.11910266048e-15
doe_0243,doe,M042,1400,700,230,400,0.0015,0.0002,0.15,0.1,1,0.25,0,0,0,0,0,900,1,0.6,1,0.776804092914,6.80545844692,0.0528650797572,6.80566555073,4.22772927777e-15,1398.28074736,703.445486687,-1.71925263632,3.44548668681,31.304951685,9.6256673222,0,7.96081242588e-14,-0.281575406205,0.151695605042,True,True,True,data/doe_007.npz,False,6.80545844692,1.45008301521e-15,0.0163944154026,3.55614999282e-15,0.016487574124,3.1589707356e-15,0.0165603337554,2.82261938283e-15,0.0164904049739,1.59739172441e-15,0.0162183420705,4.50830800055e-16,0.0157223298222,1.19510169063e-15,0.0150127234568,8.66099953892e-16,0.0141222201225,1.05380472654e-15,0.0130954145789,2.0001333249e-16,0.0119802348544,9.68872231752e-16,0.010822048076,5.46338252734e-17,0.00966025431089,8.19224218694e-16,0.0085267995389,9.7668649375e-16,0.00744598677787,2.10271921289e-16,0.00643506177981,2.9908165314e-16,0.00550518916897,7.32670105313e-16,0.0046625650148,3.45480451188e-16,0.00390951422314,4.76794803929e-16,0.00324549376872,2.16287340736e-15
